Date,Open,High,Low,Close,Volume
1992-06-01,0.9808738652397605,1.0081203614964205,0.9127576245981105,0.9263808727264404,77576000.0
1992-06-08,0.9536273387762217,0.9536273387762217,0.8582646048985996,0.8855111002922058,33377600.0
1992-06-15,0.8582646695234007,0.8855111669685881,0.7629019284652452,0.8037716746330261,27310400.0
1992-06-22,0.8173948242550805,0.8718878125387526,0.7901483301132445,0.8582645654678345,11852800.0
1992-06-29,0.8718877999296912,0.9536272811730998,0.8718877999296912,0.8786998391151428,7024000.0
1992-07-06,0.871887890260611,0.912757635116577,0.8242069370105276,0.9127576351165771,7752000.0
1992-07-13,0.912757635116577,0.9536273799725432,0.871887890260611,0.9127576351165771,5203200.0
1992-07-20,0.885511317723234,0.9672508239746095,0.885511317723234,0.9672508239746094,5060800.0
1992-07-27,0.9672505213664129,1.1171062359443078,0.926380781026987,1.0626132488250732,22782400.0
1992-08-03,1.0898597519119064,1.0898597519119064,1.021743517417412,1.04899001121521,6108800.0
1992-08-10,1.04899008921635,1.1307295766877539,1.04899008921635,1.1034830808639526,12324800.0
1992-08-17,1.1171061740202064,1.2124688961926628,1.089859681970933,1.1579759120941162,22353600.0
1992-08-24,1.1579759120941162,1.1579759120941162,1.0762364359462964,1.1579759120941162,7350400.0
1992-08-31,1.1443528299746306,1.3010205974458824,1.1307295819987422,1.2533388137817383,7182400.0
1992-09-07,1.2533388882875443,1.3350783810019493,1.2124691419303417,1.307831883430481,4040000.0
1992-09-14,1.3078317447584502,1.3759479814646196,1.2805852500759827,1.335078239440918,8750400.0
1992-09-21,1.362324797588846,1.362324797588846,1.157976077950519,1.2533388137817383,14624000.0
1992-09-28,1.212469069854073,1.3214550536611807,1.212469069854073,1.2533388137817383,4584000.0
1992-10-05,1.2533388882875443,1.307831883430481,1.157976146787405,1.307831883430481,5276800.0
1992-10-12,1.2942086346447468,1.307831883430481,1.2533388882875443,1.307831883430481,3337600.0
1992-10-19,1.2805850753244363,1.4440640211105344,1.2805850753244363,1.4440640211105347,7059200.0
1992-10-26,1.444064168096746,1.444064168096746,1.37594793375256,1.4031944274902344,4489600.0
1992-11-02,1.403194391838858,1.4576873779296875,1.3487014057480287,1.4576873779296875,5584000.0
1992-11-09,1.4576873115871263,1.5939197706139605,1.4304408197817593,1.5666732788085938,12008000.0
1992-11-16,1.5666732788085935,1.580296524711277,1.4985570492951765,1.5666732788085938,4950400.0
1992-11-23,1.5802967511117458,1.7846454689279196,1.5530502554029226,1.743775725364685,9465600.0
1992-11-30,1.7437755969143653,1.8118918311688328,1.6892826095107916,1.7573988437652588,9406400.0
1992-12-07,1.8255152828582253,1.920878021514998,1.7846455377196082,1.8868203163146973,12910400.0
1992-12-14,1.920877456665039,1.9617471897855718,1.771021768556419,1.920877456665039,10236800.0
1992-12-21,1.9617476145426433,1.975370861865856,1.7573989046944514,1.839138388633728,7969600.0
1992-12-28,1.839138164713576,2.070733341010841,1.798268427719941,2.016240358352661,7936000.0
1993-01-04,2.0162406477309367,2.0434871429705437,1.7301524477150605,1.784645438194275,35632000.0
1993-01-11,1.730152350063472,1.8527615717215133,1.730152350063472,1.7573988437652588,10020800.0
1993-01-18,1.7301522665023803,1.8391382360458373,1.6756592817306517,1.7029057741165161,11566400.0
1993-01-25,1.7029057791533313,1.825514995252371,1.6892825329201047,1.7914572954177856,7846400.0
1993-02-01,1.7982684293187652,1.8663846577020518,1.7846451836421078,1.8118916749954224,7217600.0
1993-02-08,1.8527617062286486,1.8527617062286486,1.6484129886299006,1.6688482761383057,11294400.0
1993-02-15,1.6620362421561932,1.6892827379292454,1.4849340196313527,1.5802967548370361,13854400.0
1993-02-22,1.59391995303887,1.6892826852719647,1.4168177360345509,1.6484129428863525,8443200.0
1993-03-01,1.6620362908092896,1.8800082633744424,1.6075432976680015,1.8255152702331543,8518400.0
1993-03-08,1.8255151708920796,2.057110379139582,1.8255151708920796,1.961747646331787,12934400.0
1993-03-15,1.9617479700241645,1.975371219815999,1.8255154721058198,1.8663852214813232,8473600.0
1993-03-22,1.8663848832801537,1.8936313779265792,1.771022152017664,1.839138388633728,3384000.0
1993-03-29,1.8391386311629723,2.043487367958858,1.811892132923521,1.9753711223602295,5985600.0
1993-04-05,2.002617186108547,2.0571101707645623,1.9345009552885286,1.9958059787750244,7363200.0
1993-04-12,1.9889942496570188,2.070733739368951,1.825515270233154,1.8255152702331543,12028800.0
1993-04-19,1.8255150498765886,1.880008036440069,1.6892825834678882,1.7982685565948486,6249600.0
1993-04-26,1.771022152017664,1.9889941091890688,1.7573989046944514,1.839138388633728,26240000.0
1993-05-03,1.8391380593602862,1.9889937530859392,1.8118915695919855,1.9004430770874023,6828800.0
1993-05-10,1.9208776387008462,2.0979798323399312,1.8936311473717562,2.016240358352661,8692800.0
1993-05-17,2.016240350352038,2.057110087183498,1.988993859131064,2.0298635959625244,4564800.0
1993-05-24,1.9889937458616316,2.2887051322243432,1.9617472561922942,2.247835397720337,14401600.0
1993-05-31,2.261458642555006,2.2750818873896743,2.206965663216331,2.247835397720337,3979200.0
1993-06-07,2.261458815866812,2.411314520532685,2.152472848837086,2.3568215370178223,8958400.0
1993-06-14,2.3568215884134442,2.3568215884134442,2.2342123728312417,2.2750821113586426,3113600.0
1993-06-21,2.2750826230863246,2.2750826230863246,2.0434873860056806,2.234212875366211,15702400.0
1993-06-28,2.2614590922991433,2.356821825106939,2.220589349667231,2.288705587387085,9587200.0
1993-07-05,2.329575149302787,2.5884168325586523,2.3023286563284855,2.5611703395843506,13783200.0
1993-07-09,,,,,
1993-07-12,2.6156636113705845,2.724649595177692,2.452184635659923,2.5066776275634766,17743200.0
1993-07-19,2.5066779136657713,2.5339244127273557,2.31595242023468,2.4521849155426025,4610400.0
1993-07-26,2.3976913900936347,2.6156633346476017,2.1797194455396682,2.5475471019744873,8188000.0
1993-08-02,2.4521849155426025,2.5339244127273557,2.3840686678886414,2.4521849155426025,5232000.0
1993-08-09,2.397691694717833,2.5339241773722554,2.397691694717833,2.43856143951416,3504800.0
1993-08-16,2.3976913900936347,2.588416841578356,2.3159519108858975,2.5475471019744873,22314400.0
1993-08-23,2.5611706677049693,2.997114611144113,2.533924171240023,2.7518961429595947,13064000.0
1993-08-30,2.7518958899652075,3.160593299365981,2.642909914125001,3.1197235584259033,15385600.0
1993-09-06,3.1605935096740723,3.215086501220177,2.751896073078287,3.1605935096740723,9215200.0
1993-09-13,3.215086587837764,3.215086587837764,2.860882133245468,3.051607608795166,6704800.0
1993-09-20,3.051607519388199,3.6237839292734857,2.9971145279705524,3.48755145072937,24248800.0
1993-09-27,3.4875514103816108,3.6237838873496426,3.405811924200792,3.5420444011688232,11696000.0
1993-10-04,3.4875514103816108,3.596537391956036,3.4603049149880043,3.5420444011688232,6746400.0
1993-10-11,3.5147978859093354,3.787262838305408,3.4875513906697284,3.56929087638855,4340000.0
1993-10-18,3.514798170429165,3.5692911653195396,3.1333472061965426,3.2150866985321045,30178400.0
1993-10-25,3.160593447794441,3.678276857346979,3.160593447794441,3.56929087638855,14279200.0
1993-11-01,3.6237835923996933,3.6237835923996933,3.1333467152328174,3.255955934524536,7046400.0
1993-11-08,3.296825578689575,3.4603045330047606,3.0516071472167967,3.4058115482330322,9434400.0
1993-11-15,3.4875517728035907,3.4875517728035907,2.997114804753086,3.1061007976531982,10633600.0
1993-11-22,3.1333468884837874,3.351318845943529,2.8336354469766425,3.337695598602295,12456800.0
1993-11-29,3.4058119636029,3.8690023906528945,3.3513189721852537,3.48755145072937,15897600.0
1993-12-06,3.378565055847168,3.65102997970581,3.378565055847168,3.4058115482330322,7516800.0
1993-12-13,3.460305024595822,3.732769987162422,3.2968260470558617,3.7055234909057617,8453600.0
1993-12-20,3.6510298413441595,3.8690017721706766,3.5147973845775864,3.6237833499908447,16521600.0
1993-12-27,3.6782771867254507,3.7872631774432417,3.569291196007659,3.760016679763794,10959200.0
1994-01-03,3.760016364317674,3.760016364317674,3.5147979057752172,3.5420444011688232,10283200.0
1994-01-10,3.514797824328063,3.5420443190902957,3.187839887181266,3.3240723609924316,12753600.0
1994-01-17,3.296826000288715,3.5965374548604165,3.296826000288715,3.4603049755096436,13364000.0
1994-01-24,3.4603048348035967,3.4603048348035967,3.2150863819434994,3.3240723609924316,5938400.0
1994-01-31,3.3240726210854272,3.35131911797957,2.9698681614615703,2.997114658355713,7788000.0
1994-02-07,2.9153754210271754,3.24233341217041,2.8881289217652393,3.24233341217041,22953600.0
1994-02-14,3.242332810849215,3.324072293475666,3.0243608571786798,3.0788538455963135,9584800.0
1994-02-21,3.0788541715079494,3.1333471656939307,2.8881286918570144,2.9698681831359863,5274400.0
1994-02-28,2.9426213044386644,3.2150862400348372,2.7791423430809608,3.1878397464752197,13476000.0
1994-03-07,3.1878394341804612,3.242332415961324,2.888128034385717,2.9017512798309326,8508000.0
1994-03-14,2.915375186999639,3.2695796489715576,2.888128689924876,3.2695796489715576,6722400.0
1994-03-21,3.215086033033288,3.4058114756708555,3.1061000658118205,3.1333465576171875,7483200.0
1994-03-28,3.1333470139010196,3.1878400054471245,2.7110263294187082,3.1605935096740723,12502400.0
1994-04-04,3.0516073780675086,3.569290772561104,2.9698678947264145,3.3785653114318848,12736000.0
1994-04-11,3.405812111767856,3.405812111767856,2.9426216645674272,2.997114658355713,9109600.0
1994-04-18,2.99711431114419,2.99711431114419,2.697402880029771,2.8063888549804688,11367200.0
1994-04-25,2.8336359232413666,3.3513194092181546,2.8063894239794305,3.24233341217041,6778400.0
1994-05-02,3.242332340360762,3.3785647916364243,2.9698674378094374,3.024360418319702,7868000.0
1994-05-09,2.9698678174065156,3.0243608048818644,2.75189586750512,2.8063888549804688,8556000.0
1994-05-16,2.6156637018377134,3.187840136614713,2.5066777142611416,2.997114658355713,21439200.0
1994-05-23,2.9971145221165245,2.9971145221165245,2.833635548182896,2.860882043838501,5553600.0
1994-05-30,2.9153754210271754,3.4058124077420273,2.8063894239794305,3.24233341217041,14892800.0
1994-06-06,3.1878398224315814,3.269579305058032,2.969867868761046,3.0788538455963135,4736000.0
1994-06-13,3.051607801203142,3.187840292328282,3.024361302978114,3.1061007976531982,8940800.0
1994-06-20,3.0243611122880663,3.242333084344864,2.860882133245468,3.051607608795166,16592000.0
1994-06-27,2.997114804753086,3.1605937941032543,2.9426218083030298,3.1061007976531982,13361600.0
1994-07-04,3.0788535740064535,3.215086033033288,2.997114098590353,3.1333465576171875,6964000.0
1994-07-11,3.160593520937942,3.5965374548604165,3.1061005291976325,3.4603049755096436,13318400.0
1994-07-18,3.5147977540217545,3.5420442482389776,3.2695793060667486,3.4194350242614746,7222400.0
1994-07-25,3.3785653705439294,3.4330583603914118,3.215086401001481,3.296825885772705,7463200.0
1994-08-01,3.2968259885393336,3.4875514589507004,3.1333470139010196,3.1605935096740723,10984000.0
1994-08-08,2.9971147025073015,3.0788541943938643,2.7246497295520924,2.9426217079162598,33656000.0
1994-08-15,2.997114262874658,3.051607249472379,2.8336353030814947,2.874505043029785,8728800.0
1994-08-22,2.860882133245468,3.1333470983164653,2.8063891402312686,3.051607608795166,13032800.0
1994-08-29,3.0516069880071672,3.269578915721965,2.8336350602923694,2.8881280422210693,15687200.0
1994-09-05,2.88812796704404,3.0516069085748345,2.833634986533775,3.024360418319702,6097600.0
1994-09-12,3.0516069797283047,3.0992887545350167,2.8336350526048544,2.9017512798309326,12074400.0
1994-09-19,2.888128501490543,2.997114482678865,2.5611705579255757,2.5884170532226562,35476000.0
1994-09-26,2.588416905079073,2.8336353487181434,2.4794309301283755,2.8063888549804688,44868800.0
1994-10-03,2.80638923787011,2.83363573532516,2.533924263319614,2.7042152881622314,13136800.0
1994-10-10,2.6974031710624695,2.7791426610946655,2.6156636810302736,2.724649667739868,13349600.0
1994-10-17,2.72464958521036,2.860882064470878,2.697403089358257,2.8336355686187744,9144800.0
1994-10-24,2.779142383925259,3.160593299365981,2.7246493960051557,3.1197235584259033,19251200.0
1994-10-31,3.1605936627869213,3.3513191424378563,2.915375188950005,2.9698681831359863,21197600.0
1994-11-07,2.915374984297641,3.078853955379752,2.915374984297641,2.9289982318878174,7412000.0
1994-11-14,2.915375047716601,3.1878400054471245,2.915375047716601,3.1605935096740723,11207200.0
1994-11-21,3.1878400913306644,3.1878400913306644,2.8063891402312686,3.051607608795166,8175200.0
1994-11-28,2.997114098590353,3.187839541227921,2.997114098590353,3.1333465576171875,6885600.0
1994-12-05,3.1571880354830766,3.2423331304029985,2.860882173884999,2.997114658355713,10827200.0
1994-12-12,3.0243606548309323,3.433058040618896,3.0243606548309323,3.4058115482330322,21648000.0
1994-12-19,3.2968258565785935,3.378565340625997,3.051607404436384,3.337695598602295,23136800.0
1994-12-26,3.3785656372706097,3.3785656372706097,3.0788541694482165,3.2695796489715576,10162400.0
1995-01-02,3.242332340360762,3.2695788306158944,2.88812796704404,3.024360418319702,33342400.0
1995-01-09,3.0516072210864484,3.0788537141318635,2.915374755859375,2.915374755859375,7621600.0
1995-01-16,2.918780333216129,3.051607193485383,2.9153747294905,2.956244468688965,12764000.0
1995-01-23,2.915374782978076,3.0788537427712392,2.806388809782634,2.874505043029785,10992000.0
1995-01-30,2.915374853725517,3.133346805405929,2.8132009171238272,3.1197235584259033,14224800.0
1995-02-06,3.1061003398051303,3.269579305058032,3.0243608571786798,3.0788538455963135,8212000.0
1995-02-13,3.024360665368818,3.106100142811218,2.9971141728880175,3.010737419128418,5115200.0
1995-02-20,2.997114006078468,3.0243604970428177,2.8608815512567194,2.8881280422210693,6082400.0
1995-02-27,2.8608819416591103,2.888128436341578,2.588416994834433,2.670156478881836,28227200.0
1995-03-06,2.670156539113898,2.724649529708059,2.5884170532226562,2.5884170532226562,15414400.0
1995-03-13,2.588417370291005,2.6974033648295737,2.3159523839445835,2.5679829120635986,42069600.0
1995-03-20,2.5611700641058888,2.6974025143242875,2.5066770840185297,2.629286289215088,15793600.0
1995-03-27,2.6156634706439394,2.7655191903162484,2.4794309982145672,2.6974029541015625,31810400.0
1995-04-03,2.697402569555467,2.7246490601570375,2.506677135344474,2.533923625946045,15700800.0
1995-04-10,2.533924065440534,2.533924065440534,2.2069661215127234,2.2614591121673584,26391200.0
1995-04-17,2.2750827358615013,2.3159524856075167,1.9617479878087198,2.1116037368774414,55692000.0
1995-04-24,2.070733418721639,2.3295750960618435,1.961747449315237,2.2750821113586426,41464800.0
1995-05-01,2.2750826230863246,2.3840686170066276,2.1729086695346136,2.234212875366211,18779200.0
1995-05-08,2.206966069279885,2.6974029735643037,2.1252265852324816,2.670156478881836,27452000.0
1995-05-15,2.670156603274138,2.683779851250027,2.397691643756369,2.5066776275634766,25253600.0
1995-05-22,2.5066776591769897,2.629286892506299,2.4385614184384847,2.4658079147338867,13724000.0
1995-05-29,2.4658080375114007,2.602040525771699,2.384068544555222,2.390880584716797,15142400.0
1995-06-05,2.3840680204588796,2.438561003783654,2.2478355621469435,2.3704447746276855,26048000.0
1995-06-12,2.3704450817008293,2.60204029083252,2.356821834104848,2.6020402908325195,23636000.0
1995-06-19,2.5884171818079573,2.6974031684103976,2.295517758562444,2.424938201904297,26599200.0
1995-06-26,2.424937825842002,2.6701562576687214,2.3431983485664287,2.6429097652435303,31884800.0
1995-07-03,2.6565333378726037,3.2014632533336504,2.615663594213025,3.1605935096740723,41849600.0
1995-07-10,3.1605937100152004,3.174216958765266,2.9698682275142834,2.9903035163879395,21517600.0
1995-07-17,2.9834910193576087,3.2695791992960097,2.9698677726938754,3.2287094593048096,27929600.0
1995-07-24,3.2150863447496967,3.5556675253375882,3.160593355855634,3.3785653114318848,35992800.0
1995-07-31,3.364942026516748,3.460304756013174,3.324072285303994,3.433058261871338,15576000.0
1995-08-07,3.405811777152863,3.596537236673423,3.399000569347065,3.4194350242614746,20444000.0
1995-08-14,3.4058118709846688,3.433058365952546,2.860881971627122,3.0447962284088135,44462400.0
1995-08-21,3.0379843701900646,3.0652308667836974,2.792765900847369,2.8132011890411377,17225600.0
1995-08-28,2.833635913726946,3.0788544062610086,2.72464991704514,2.9834916591644287,21731200.0
1995-09-04,3.0107375126850755,3.242332705968543,2.9834910193576087,3.2287094593048096,19912000.0
1995-09-11,3.228709903359413,3.446681879957517,3.1469704121351243,3.2695796489715576,31798400.0
1995-09-18,3.2559560864202437,3.48755128922001,3.228709591973212,3.3785653114318848,24775200.0
1995-09-25,3.364942103135781,3.4466815874224803,3.2423328767057322,3.3240723609924316,12084800.0
1995-10-02,3.2968254168498565,3.3921881355190675,3.0311725448769433,3.2832021713256836,22953600.0
1995-10-09,3.283202262546705,3.3649417379628055,3.02436059039572,3.1333465576171875,20555200.0
1995-10-16,3.106100450560104,3.11972369815028,2.8881284891172894,2.9289982318878174,13221600.0
1995-10-23,2.8881284533214178,3.351318865646551,2.8472587110574357,3.3104491233825684,30634400.0
1995-10-30,3.3240723468639235,3.7463930138835204,3.215086368278221,3.678276777267456,28490400.0
1995-11-06,3.596537505879122,3.8690024684457223,3.582914257750792,3.7055234909057617,24824800.0
1995-11-13,3.664654530269999,4.018859057359293,3.6510312792281034,3.8690032958984375,22956000.0
1995-11-20,3.8690023222169674,3.9098720650572876,3.596537369948167,3.8962488174438477,15426400.0
1995-11-27,3.923494148254395,3.95074063539505,3.337694674730301,3.8145081996917725,33591200.0
1995-12-04,3.8008864234475532,3.814509672277114,3.433058705049403,3.473928451538086,13644000.0
1995-12-11,3.5147981755000606,3.610160916695799,3.337695941850833,3.5011749267578125,18497600.0
1995-12-18,3.514797884267527,3.9234953126707275,3.2695794272256062,3.8962488174438477,29806400.0
1995-12-25,3.909871894984159,4.318569305609681,3.8281324128590546,4.230018615722656,18472800.0
1996-01-01,4.127844897106351,4.168714648562849,3.7872636349688626,3.8485686779022217,14364000.0
1996-01-08,3.8553790746035275,3.9507418078976078,3.569290874721287,3.8962488174438477,22018400.0
1996-01-15,3.896248383029924,4.1142203205420875,3.691899691612271,3.828132152557373,32446400.0
1996-01-22,3.814509879085337,4.345816612243652,3.6510308842673944,4.345816612243652,35756000.0
1996-01-29,4.386684836763324,4.618279998952692,4.2913221229206435,4.495670795440674,30517600.0
1996-02-05,4.454802077621129,4.659150796778062,4.318569598183174,4.400309085845947,29845600.0
1996-02-12,4.400308081597993,4.5774102644486865,4.264075633251306,4.495670795440674,19424000.0
1996-02-19,4.454800978041532,4.890744804638868,4.413931244298031,4.659149646759033,33982400.0
1996-02-26,4.631903527488171,4.931614932207994,4.2913223857611,4.836252212524414,35705600.0
1996-03-04,4.849876210530598,5.1359644139607745,4.849876210530598,5.108717918395996,26684000.0
1996-03-11,5.1223401282117775,5.422051518692254,5.081470393146258,5.258572578430176,27385600.0
1996-03-18,5.258573335277361,5.6808939917374595,5.258573335277361,5.544661521911621,24245600.0
1996-03-25,5.585531126266408,5.898865799203303,5.326689439927232,5.74901008605957,36211200.0
1996-04-01,5.762633098873136,5.817126083259643,5.353935715974332,5.45611047744751,26177600.0
1996-04-08,5.381183673048873,5.462923171879995,5.12234192675032,5.326690673828125,27218400.0
1996-04-15,5.326689759582204,5.381182749450053,5.190457284912583,5.2721967697143555,14016800.0
1996-04-22,5.2994431817129755,6.116838016938627,5.2721966872054535,6.062345027923584,36382400.0
1996-04-29,6.062344647772301,6.471042039756951,5.66727050218714,5.91248893737793,28607600.0
1996-05-01,,,,,
1996-05-06,5.912489225160708,6.348433131163341,5.6672707780342275,6.1849541664123535,11119600.0
1996-05-13,6.212201810862919,6.402927305056079,5.912490319987954,5.966983318328857,9232400.0
1996-05-20,5.966982283899861,6.866116600651894,5.857996306111735,6.7571306228637695,15698000.0
1996-05-27,6.729884090423584,6.757130584716798,6.103214721679688,6.1304612159729,19220400.0
1996-06-03,6.130460450347041,6.293939395689629,5.531037650757552,5.803502559661865,9198400.0
1996-06-10,5.803503166124659,6.0759681035014035,5.6127777099609375,5.6127777099609375,6214800.0
1996-06-17,5.6400237574296845,5.749009723756828,4.795382518394321,5.558284282684326,16187200.0
1996-06-24,5.585531074310017,5.857996004764165,5.231326664719626,5.83074951171875,16337200.0
1996-07-01,5.803503064851504,5.912489037900358,4.931615280460667,5.0406012535095215,12979600.0
1996-07-08,5.013354199487458,5.040600689702064,3.9779875713324397,4.3321919441223145,44811600.0
1996-07-15,4.332192428691967,5.149587226558376,4.059727496069831,5.0406012535095215,23608000.0
1996-07-22,5.013355361682742,5.067848354744511,4.359439444941515,4.87712287902832,16010000.0
1996-07-29,4.877121817681097,5.122340233095231,4.631903402266963,5.06784725189209,8532800.0
1996-08-05,5.067848445347377,5.122341439383371,4.604657996041435,4.768136978149414,8567600.0
1996-08-12,4.713643057592984,4.822629024242533,4.577410599281048,4.740889549255371,4195200.0
1996-08-19,4.768135692134048,4.795382181803386,4.468424305771337,4.495670795440674,6682400.0
1996-08-26,4.550164881332145,5.013355318353979,4.441178896150536,4.931615829467773,17925600.0
1996-09-02,4.795383287512738,5.231327222741169,4.7408902956091845,5.013355255126953,11617200.0
1996-09-09,5.067847753588058,5.830749565956152,4.9043687937948945,5.74901008605957,18832800.0
1996-09-16,5.721764324897498,5.994229292749759,5.367559866689557,5.42205286026001,19917200.0
1996-09-23,5.422052881934427,6.048722310499712,5.367559888146141,5.994229316711426,13598800.0
1996-09-30,5.994229316711426,6.212201291864569,5.803503838452426,5.994229316711426,7052400.0
1996-10-07,5.966981365874007,6.184953287915067,5.939734875618875,6.048720836639404,6245200.0
1996-10-14,6.021474486785316,6.484664831922648,5.776256068771434,5.803502559661865,6583600.0
1996-10-21,5.776257078988211,6.103215026855469,5.394806139809744,5.721764087677002,13653600.0
1996-10-28,5.776257437509063,5.939736421589508,5.2858204852677275,5.871620178222656,14361200.0
1996-11-04,5.885241768576882,6.457418051632968,5.749009320230195,6.293939113616943,10405600.0
1996-11-11,6.4301735811066205,6.484666577556677,5.912490114831088,6.2122015953063965,8866000.0
1996-11-18,6.239446778103237,6.239446778103237,5.885242375852835,6.021474838256836,6360000.0
1996-11-25,5.994228554227187,6.048721541083798,5.612777646230912,5.7081403732299805,6485200.0
1996-12-02,5.749009593477789,5.939735030228237,5.531037665762991,5.776256084442139,8046400.0
1996-12-09,5.830749819977115,5.939735797920612,5.340312919231376,5.394805908203125,6422000.0
1996-12-16,5.449299335479736,5.694517805576324,5.258573858737946,5.449299335479736,10971200.0
1996-12-23,5.5037921822589375,5.694517653921376,5.449299190355384,5.640024662017822,3162000.0
1996-12-30,5.612778280462537,6.23944770012583,5.285820322377341,6.103215217590332,9547600.0
1997-01-06,6.103214386970766,6.157707372568719,5.531038038192257,5.91248893737793,5889600.0
1997-01-13,5.939735959459852,6.048721940367372,5.749010492871691,5.8443732261657715,5328800.0
1997-01-20,5.8579960654053504,6.920609305176553,5.830749572077884,6.457418918609619,15593600.0
1997-01-27,6.4574197639118545,6.620898745276712,5.939736322923141,5.994229316711426,14222800.0
1997-02-03,5.994229817499308,6.157708812522017,5.803504323306148,5.966983318328857,7659600.0
1997-02-10,5.91248908339505,6.021475057282516,5.503791681317051,5.694517135620117,6767200.0
1997-02-17,5.694516723911937,5.721763215413907,5.394805317390256,5.585530757904053,7280400.0
1997-02-24,5.531038657977032,5.74901062479386,5.367559682864409,5.667271137237549,5102400.0
1997-03-03,5.66727186758307,5.6945183669464505,4.986109383498566,5.381183624267578,23729600.0
1997-03-10,5.408428869514822,6.021474963036653,5.3403126369012845,5.83074951171875,12280000.0
1997-03-17,5.8035031095075835,5.939735576866917,5.6400241486763845,5.694517135620117,6842400.0
1997-03-24,5.6945183669464505,5.72176486630983,5.340313875222508,5.381183624267578,12390400.0
1997-03-31,5.340313187012306,5.667271137237549,5.149587716047581,5.667271137237549,16881200.0
1997-04-07,5.667271376866374,5.912489849903862,5.367559909820557,5.367559909820557,14398000.0
1997-04-14,5.394806835749377,6.184955311692469,5.176834842385767,5.966983318328857,23456800.0
1997-04-21,5.994228525749316,6.103214498944758,5.72176359276071,5.74901008605957,6527200.0
1997-04-28,5.803503284454346,6.21220069885254,5.749010295867921,6.1304612159729,9115600.0
1997-05-05,6.157707372568719,6.375679314960532,5.776256473383047,5.91248893737793,9766400.0
1997-05-12,5.939735014114022,5.994227995894884,5.749009577881003,5.803502559661865,8649200.0
1997-05-19,5.776256754534885,6.430172613538835,5.6672707780342275,6.1849541664123535,12244800.0
1997-05-26,6.157707672287189,6.307563389975594,5.776256754534885,6.1849541664123535,7934400.0
1997-06-02,6.266693115234374,6.56640452509341,6.04872118079144,6.266693115234375,8687200.0
1997-06-09,6.212200418579355,6.648144307602468,6.130460939387522,6.552781581878662,6483600.0
1997-06-16,6.5391594807621045,6.975103446146244,6.402926991579561,6.893363952636719,8467600.0
1997-06-23,6.906987112319887,7.247568330876094,6.675391883701666,7.002349853515625,14290400.0
1997-06-30,7.029595892876386,7.029595892876386,6.566405465826391,6.97510290145874,9854800.0
1997-07-07,6.9478559922828955,7.874236791253948,6.866116510020744,7.574525356292725,16969200.0
1997-07-14,7.6017706640835465,7.84698907260237,6.702636499514525,7.111333847045898,33050000.0
1997-07-21,7.084087751861802,7.329306174041633,6.811622838328656,7.2475666999816895,7130800.0
1997-07-28,7.2748147938652705,7.520033270062976,7.029596317667565,7.043219566345215,9651200.0
1997-08-04,7.043219059247237,7.383800251667316,6.9478563253696155,7.0840888023376465,5885200.0
1997-08-11,7.029595375061036,7.274813818377118,6.838869919148527,7.029595375061035,5608800.0
1997-08-18,7.029594567220215,7.1249572842173885,6.675390189802142,6.770752906799316,8675200.0
1997-08-25,6.811623611757832,7.056842061781114,6.702637633969706,6.7571306228637695,4719200.0
1997-09-01,6.784376243968587,7.547277990278307,6.648143789270422,7.438292026519775,11035600.0
1997-09-08,7.492785889004905,7.492785889004905,6.7843770413171685,6.866116523742676,5768800.0
1997-09-15,6.92061086055804,7.547280347931406,6.92061086055804,7.506410598754883,7235600.0
1997-09-22,7.520031664308032,7.75162684237549,7.084087799710465,7.16582727432251,11502000.0
1997-09-29,7.193076550121039,7.901485604299626,7.111337043869664,7.738006591796875,14726800.0
1997-10-06,7.765250088144164,7.765250088144164,7.111334291247814,7.16582727432251,7955200.0
1997-10-13,7.22032012781167,7.329306092005053,6.280316186643735,6.566404342651367,11828800.0
1997-10-20,6.702636956710961,7.4110457407535835,6.648143973323068,7.097711086273193,15032000.0
1997-10-27,6.947856446889442,7.220321405590988,6.375680033616193,6.920609951019287,12070000.0
1997-11-03,7.138581793124859,7.506409480938545,6.866116839188797,7.0840888023376465,10901200.0
1997-11-10,7.193073909737038,7.220320401819375,6.757130036419642,6.934232234954834,9070400.0
1997-11-17,7.0568419686324315,7.656264838554877,6.934232745239203,7.574525356292725,10403600.0
1997-11-24,7.5200330755683815,7.6017725655202115,7.124958874134536,7.274814605712891,5125600.0
1997-12-01,7.383802064707582,7.95597860846721,7.35655556262379,7.738006591796875,7464800.0
1997-12-08,7.819743942950485,7.928729921249446,7.220321062306197,7.383800029754639,5928000.0
1997-12-15,7.397423630587031,7.7380048290486805,6.975102944494585,7.547279357910156,9572800.0
1997-12-22,7.520031786551584,7.928729166255475,7.520031786551584,7.751626968383789,5848400.0
1997-12-29,7.738005240231949,8.555400159974761,7.738005240231949,8.228442192077637,8161600.0
1998-01-05,8.228442948864354,8.786996195393224,8.173949949203,8.446414947509766,16193200.0
1998-01-12,8.310179573715113,8.746123420205086,8.228440102498242,8.555397987365723,13348800.0
1998-01-19,8.528154229669362,8.746126222759951,8.419168233124067,8.691633224487305,9510000.0
1998-01-26,8.637138366699219,9.113951998930247,8.446412913806807,8.637138366699219,27803600.0
1998-02-02,8.746123467227655,8.800616448331876,8.337426108945987,8.473658561706543,8570000.0
1998-02-09,8.500906697026005,8.909604134383024,8.310181226259395,8.827864646911621,7055200.0
1998-02-16,8.936848465391543,9.35916904835974,8.909601976167789,9.277429580688477,5913600.0
1998-02-23,9.318302077253371,9.78149253138585,9.073083601536178,9.413664817810059,6928800.0
1998-03-02,9.372793282027793,9.631634956967513,8.99134239264294,9.236560821533203,6440400.0
1998-03-09,9.209312287243929,9.781488494439559,8.895977697589181,9.590763092041016,9547200.0
1998-03-16,9.618013756059078,9.672506751844114,9.100330296101223,9.16844654083252,5927200.0
1998-03-23,9.168442558158528,9.726995522325689,8.718875538219105,9.590763092041016,12494000.0
1998-03-30,9.590765740753797,11.60700626579863,9.48177976642705,11.320918083190918,25409200.0
1998-04-06,11.307295819987422,11.389035307842752,10.78961239690366,11.280049324035645,13901200.0
1998-04-13,11.17106126507683,11.715991082885456,11.17106126507683,11.60700511932373,7023200.0
1998-04-20,11.607006127107228,12.097443005717393,11.416280674314386,11.525266647338867,9371200.0
1998-04-27,11.525267250683843,11.525267250683843,10.217435505925392,10.680625915527344,20420400.0
1998-05-04,10.789611467108669,11.416280819996294,10.326421075843903,11.307294845581055,10452800.0
1998-05-11,11.334542617797851,11.933965544700623,10.898598670959473,10.898598670959473,33256400.0
1998-05-18,10.953091217041015,11.089323694864909,10.190189341227214,10.217435836791992,5926000.0
1998-05-25,10.299173020188272,11.007581746444608,10.053954614945694,10.939465522766113,7643600.0
1998-06-01,10.925845733935311,11.525268691906826,10.84410623966647,11.36178970336914,10098000.0
1998-06-08,11.28004890030205,12.124690243078291,11.211932662981386,11.865848541259766,12673600.0
1998-06-15,11.797733176542035,12.628751333319245,11.634254194880945,11.961212158203125,10536800.0
1998-06-22,11.961209760658923,12.615125556230254,10.762364135444816,11.184684753417969,44172800.0
1998-06-29,11.293673203734283,11.838603153251015,11.062077975189672,11.675124168395996,10885600.0
1998-07-06,11.770487831681585,11.87947383012308,10.489902349994004,10.65338134765625,16962400.0
1998-07-13,10.762365900951883,11.443528299746307,10.680626413096553,11.280049324035645,13052400.0
1998-07-20,11.280048955711495,11.280048955711495,10.435407608786237,10.476277351379395,17201200.0
1998-07-27,10.476277162026667,10.517146903881128,9.400040626525879,9.400040626525879,18944400.0
1998-08-03,9.536272098420334,9.863229998937602,8.255686988061031,9.454532623291016,32846600.0
1998-08-10,9.645259261131287,9.972217202186584,8.882357398668924,9.15482234954834,11236800.0
1998-08-17,9.209315642598627,9.754245562279019,8.28293477914196,8.759748458862305,11585600.0
1998-08-24,8.936849033871892,9.100327979613452,7.955975359422538,8.25568675994873,11767600.0
1998-08-31,8.419165754318236,8.555398209889729,7.4655385653177895,8.17394733428955,12151000.0
1998-09-07,8.827864973808484,10.026710834449142,8.664385992812031,9.618013381958008,15343400.0
1998-09-14,9.808738045070482,10.135695979906165,9.045836197120556,9.400040626525879,9548800.0
1998-09-21,8.800619177687494,11.116571592868414,8.718879680681109,10.925846099853516,18919200.0
1998-09-28,10.898596664954876,11.74323790648888,9.263807165211645,9.481779098510742,14697200.0
1998-10-05,9.536273785809565,10.24468269561256,8.66438589682126,9.75424575805664,12396200.0
1998-10-12,10.026709970801768,10.953090783321496,9.808738014914772,10.78961181640625,14303000.0
1998-10-19,10.735119365728819,12.47889510026345,10.735119365728819,11.334542274475098,15306200.0
1998-10-26,11.389035681207703,12.151937592867549,10.353668801097912,12.015705108642578,13444400.0
1998-11-02,12.124689498973513,12.206428978741874,11.062076261984823,11.525266647338867,11499400.0
1998-11-09,11.552512396835699,12.206428192883003,10.326420279247005,11.171061515808105,12777600.0
1998-11-16,11.525266665418002,11.743238611808886,10.626132386555605,11.49802017211914,21346400.0
1998-11-23,11.525267701792858,14.031945310693432,11.525267701792858,13.922959327697754,12687600.0
1998-11-30,14.086440118421026,14.386151610302322,12.696868656062279,12.96933364868164,13638800.0
1998-12-07,12.860346794128418,14.113685676607036,12.478895829895796,12.860346794128418,9563000.0
1998-12-14,12.642373916950632,13.350782800228039,11.988458024694564,12.805852890014648,12549200.0
1998-12-21,12.996577741615326,14.195423487173132,12.260922397750306,13.677740097045898,9939200.0
1998-12-28,13.950203361092033,15.33977439901331,13.214548105721946,14.87658405303955,10669800.0
1999-01-04,14.876586338600577,15.094558299605714,13.786726533574894,14.358902931213379,10152400.0
1999-01-11,14.52238007287375,14.822091481507167,13.187301979870346,14.195422172546387,7657400.0
1999-01-18,14.2771635055542,14.358902991273021,13.18730369596991,14.2771635055542,9836800.0
1999-01-25,14.358903238549827,14.98557263985276,13.895712811499832,13.95020580291748,11436400.0
1999-02-01,14.11368343603872,14.11368343603872,12.86034475252949,13.064693450927734,14914800.0
1999-02-08,13.105563163757324,14.22266937937905,12.58787979554238,13.105563163757324,16291600.0
1999-02-15,13.35078235564193,13.568754312468737,12.751359474368211,13.405275344848633,8580400.0
1999-02-22,13.514261751924098,14.168177643146231,12.42440193322054,12.833099365234375,10559000.0
1999-03-01,12.805852709051779,14.38614942633902,12.69686672854921,14.358902931213379,15057400.0
1999-03-08,14.46788930705213,14.985572728585069,13.813973406168419,13.841219902038574,15634000.0
1999-03-15,13.95020419034091,14.249915608492765,13.29628836891868,13.487013816833496,8400200.0
1999-03-22,13.623247413991768,14.903832670906993,12.860345558808229,14.576874732971191,15091000.0
1999-03-29,14.713105173206014,16.78383849387945,14.27716131622213,16.402387619018555,18745800.0
1999-04-05,16.020938873291016,16.83833371376505,15.530501969006597,16.020938873291016,28786800.0
1999-04-12,15.966445883926081,16.34789680948063,14.931079085992307,16.020938873291016,10961000.0
1999-04-19,16.020938551721496,16.51137544616195,14.903832292162683,16.484128952026367,10373400.0
1999-04-26,16.62036414739338,16.78384313900709,15.285285715881455,15.557750701904297,10187800.0
1999-05-03,15.748471925722672,17.165289469213292,15.149049118861257,16.238908767700195,10545000.0
1999-05-10,16.402394254442672,17.056310304453678,15.421520179426167,15.47601318359375,7391400.0
1999-05-17,15.503254055552636,16.45688128216835,14.985570703961248,15.312528610229492,6527600.0
1999-05-24,15.42151681596662,15.42151681596662,13.568755078359322,14.903833389282227,11415600.0
1999-05-31,14.903832430815578,16.266157150268555,14.004698115976613,16.266157150268555,8106600.0
1999-06-07,16.238907307545205,16.266153796316253,14.685857447595412,15.339773178100586,6730200.0
1999-06-14,15.421519304798768,16.211667820415666,14.767603291874437,15.394272804260254,8010400.0
1999-06-21,15.421513379238883,16.83833086284387,15.421513379238883,15.7484712600708,10658800.0
1999-06-28,15.91195225600829,16.974565505981445,15.748473294473957,16.974565505981445,9508200.0
1999-07-05,16.974567833325718,16.974567833325718,15.966447432309586,16.456884384155273,6689800.0
1999-07-12,16.456880506716274,16.838331379388507,16.102676124949202,16.565866470336914,5916000.0
1999-07-19,16.64760608704938,16.838331525035215,15.966443808528538,16.320648193359375,7000800.0
1999-07-26,16.129923727411374,16.18441671297695,14.71310610270632,14.794845581054688,8020800.0
1999-08-02,14.931077509341032,15.312528394616168,12.478893246858016,12.53338623046875,17808200.0
1999-08-09,12.587880925929293,13.405275791249377,11.280049141417159,12.805852890014648,24003600.0
1999-08-16,12.833098198316112,13.350781565127166,12.778605212336002,13.160056114196777,10339800.0
1999-08-23,13.24179665765097,13.487015114274135,11.57976045164951,11.71599292755127,15997400.0
1999-08-30,11.906717969253,12.96933124339686,11.11656963719731,12.315415382385254,12106000.0
1999-09-06,12.26092297980126,13.023824854100004,12.042951015715904,12.805852890014648,6570600.0
1999-09-13,12.75135925057701,13.10556367420415,12.288168850449214,12.369908332824707,9541800.0
1999-09-20,12.478894115418427,14.304409193438154,12.36990814061128,14.05919075012207,30466800.0
1999-09-27,14.263536018133165,15.367018747329713,13.786722493171693,15.25803279876709,52041600.0
1999-10-04,15.176299813352985,15.693983289930555,14.767602331844378,15.44876480102539,13800000.0
1999-10-11,15.530501703817055,15.530501703817055,13.105563718484216,13.677740097045898,12199600.0
1999-10-18,13.704987333157835,15.66673502299355,13.323536393467556,15.230791091918945,10636800.0
1999-10-25,15.149050170440388,15.339775622226508,13.596000063039126,14.522380828857422,15258200.0
1999-11-01,14.658610081672668,16.129920387268065,14.631363594532013,15.25803279876709,19525600.0
1999-11-08,15.067311230323298,15.584994617983593,14.222669913614398,15.14905071258545,7284800.0
1999-11-15,15.040063111370701,15.503253460815088,14.549626270782527,14.685858726501465,9480200.0
1999-11-22,14.604119756132773,14.604119756132773,13.187302167851236,13.868464469909668,10180800.0
1999-11-29,14.086435921338138,15.312528022808577,13.487013116174813,14.685858726501465,24286200.0
1999-12-06,14.794845459677957,15.203542848066851,13.459767324274237,13.487013816833496,15242600.0
1999-12-13,13.514261871576307,14.713107682764528,12.696867000311613,13.95020580291748,27901000.0
1999-12-20,13.922957522326177,14.113682967837494,13.350781185792224,13.759478569030762,9516600.0
1999-12-27,13.922958478653175,15.693980594333128,13.514261067342416,15.14905071258545,10163600.0
2000-01-03,14.713106208673402,15.09455711037975,13.350781559722162,14.631366729736328,16012200.0
2000-01-10,14.808470590764825,15.421516751376064,14.168177934126419,14.985572814941406,15533200.0
2000-01-17,14.726730188441968,14.876585907288277,12.206429462390382,12.233675956726074,18076400.0
2000-01-24,12.233677083402533,12.424402561317494,11.280049693827726,12.015705108642578,24219000.0
2000-01-31,12.042951085646482,14.00469877380609,11.661500146282114,13.977452278137207,17403200.0
2000-02-07,13.977454044127015,14.004700543238373,12.914840578784025,13.05107307434082,11474600.0
2000-02-14,12.942085820849579,13.70498772186808,10.898598585978592,11.007584571838379,22690000.0
2000-02-21,11.307295483023939,11.79773239554064,9.781491755194203,10.435407638549805,22158200.0
2000-02-28,10.353668168533678,12.533387782961823,10.299175178172975,11.71599292755127,23030400.0
2000-03-06,11.579759474153871,11.607005967034233,9.590765493887442,10.299174308776855,24747000.0
2000-03-13,10.190189410095813,13.950205823446675,9.808738469610942,13.922959327697754,41058400.0
2000-03-20,13.677740746356072,14.222670656569461,12.369908961843938,12.805852890014648,22953000.0
2000-03-27,12.942084357852027,19.835447184244792,12.615126437232608,17.16529083251953,75883000.0
2000-04-03,17.110799065555437,18.364137850612046,15.857460280498827,18.091672897338867,24465600.0
2000-04-10,17.819205755089623,19.18153035410259,15.258035508945243,15.503253936767578,18789000.0
2000-04-17,15.2580380859375,17.219785839843748,15.2580380859375,17.02906036376953,15385000.0
2000-04-24,16.974567219995762,18.064427073607046,15.42151692859968,15.993693351745605,15388800.0
2000-05-01,15.939202815030528,15.966449315569042,13.97745477625754,15.394272804260254,21983800.0
2000-05-08,15.230789916281907,17.492248884173495,14.331655627843082,16.974565505981445,14311400.0
2000-05-15,16.83833396434784,18.200658718744915,15.258037249247232,15.693981170654297,9344000.0
2000-05-22,15.557748402176749,16.56586870144214,13.922958727692327,14.767600059509277,10797600.0
2000-05-29,15.040064176419596,17.478625306473138,14.876585217980253,17.465002059936523,9214400.0
2000-06-05,17.35601811549243,17.43775760426241,14.331657031003168,14.822093963623047,12568800.0
2000-06-12,14.822095239642623,15.993694679540846,13.786728292755823,15.557750701904297,12394400.0
2000-06-19,15.149051289856999,15.911953153374977,14.168177465333883,14.358902931213379,16855600.0
2000-06-26,14.358904572190909,16.129926957755252,14.1954255827542,15.802968978881836,16674600.0
2000-07-03,15.83021275813763,17.165290942558876,14.822092496431791,17.001811981201172,9488200.0
2000-07-10,16.78384353757843,18.037182503046953,16.78384353757843,17.30152702331543,15461000.0
2000-07-17,17.35602002181406,17.465006018811323,16.565871543583906,17.30152702331543,7578800.0
2000-07-24,17.35601508169858,17.369638327445596,15.857458049526802,15.96644401550293,10162800.0
2000-07-31,15.993690506996963,16.157169455961157,15.258035236658092,15.96644401550293,8600000.0
2000-08-07,15.966445563450334,17.27427728195821,15.748473610365687,16.484128952026367,10390400.0
2000-08-14,16.67485507885059,16.729348069304354,14.93107938433027,15.58499526977539,11272600.0
2000-08-21,15.857458049526802,17.00181069227616,15.258035236658092,15.96644401550293,8468900.0
2000-08-28,16.10267867908611,16.12992517431299,14.822093403422748,15.58499526977539,10760600.0
2000-09-04,15.748471054262666,18.854570881573988,15.693978074836151,17.928190231323242,12516500.0
2000-09-11,18.255147738763462,20.598345806724147,18.091668803789464,18.636598587036133,19056200.0
2000-09-18,18.636602129255024,21.96067443885899,17.655728332978445,21.74270248413086,20546600.0
2000-09-25,22.01517073578135,22.451114710747316,19.83545086095151,21.265892028808594,17214300.0
2000-10-02,21.197771720166475,21.688208598010945,19.290517195215763,20.21689796447754,15300600.0
2000-10-09,20.16240632144917,20.816322202144818,17.764714758898457,18.364137649536133,17389500.0
2000-10-16,18.5276172090029,21.57922474930926,18.20065925825579,20.107913970947266,19249000.0
2000-10-23,20.216901198029518,21.742705062031746,20.16240820288658,20.925310134887695,15248900.0
2000-10-30,20.870811373458626,23.813432298176032,20.76182541328391,21.034290313720703,19963500.0
2000-11-06,21.252267065127036,22.23314092967136,19.617477290886495,19.780956268310547,10884400.0
2000-11-13,19.453999562352028,21.524733409325073,19.181534582487153,20.543859481811523,15081100.0
2000-11-20,20.32588091510081,20.870810698347483,17.655724977192126,18.636598587036133,13405200.0
2000-11-27,19.01805399678236,19.508490919335486,16.892827332385476,17.76471519470215,16194100.0
2000-12-04,17.71022081375122,20.761828092428356,16.62036107136653,19.835447311401367,26181100.0
2000-12-11,19.889940931111873,20.43487081963549,17.274277466198534,17.58761215209961,24957800.0
2000-12-18,17.6557259098176,20.816318819599765,17.6557259098176,20.27138900756836,21041900.0
2000-12-25,20.380379405101582,21.68821123858404,19.236026550804436,19.50849151611328,9989500.0
2001-01-01,19.290518937098117,21.68821055639845,17.437757231275135,20.325885772705078,23840100.0
2001-01-08,20.38037918553208,21.0342950952283,18.63660342634217,19.780956268310547,24738300.0
2001-01-15,19.971677610951083,21.96067142486572,19.399501308318104,20.27138900756836,14473300.0
2001-01-22,20.053420346743103,22.015167989359274,17.437756823254873,20.979801177978516,17196200.0
2001-01-29,21.197775178797105,24.03141093534582,20.598352230296417,23.159523010253906,25911100.0
2001-02-05,22.723576044153287,23.976914770809223,22.015167198652104,22.069660186767578,14626500.0
2001-02-12,22.233138673043136,23.758942307467667,22.178645686099404,22.77806854248047,12165000.0
2001-02-19,23.105028609675298,24.249381441758274,20.81632294550935,22.505605697631836,16593200.0
2001-02-26,22.66908747033228,23.540975449960445,20.54386051998863,21.524734497070312,19864700.0
2001-03-05,21.742703951322117,25.339241447029533,21.03429505065247,24.7943115234375,16931900.0
2001-03-12,24.73981805528913,24.79431104660034,21.797196524483816,22.887056350708008,20372700.0
2001-03-19,23.05053646552381,23.97691736366543,19.617477842998987,21.470239639282227,23422400.0
2001-03-26,22.09691108334762,22.56010157461385,19.671972629071497,21.415748596191406,17148200.0
2001-04-02,21.3067592674202,24.031408790108205,20.4893644106138,23.377492904663086,25562400.0
2001-04-09,23.7589446452402,25.37193755008469,22.930650496997465,23.63688087463379,15819900.0
2001-04-16,23.689193484965205,26.025853241711687,23.14862227406353,24.770334243774414,19367600.0
2001-04-23,25.092931507945668,25.28474622546098,23.758942573924543,24.47389030456543,16384700.0
2001-04-30,24.64826833298076,25.040616842444287,22.581893529694483,23.288122177124023,16256400.0
2001-05-07,23.227092717421904,23.994354987273354,22.25057921778536,23.471221923828125,14968100.0
2001-05-14,23.506093906407834,26.50538835513141,23.34915550188227,26.235103607177734,17850400.0
2001-05-21,26.17407546119013,27.81322400051513,25.764287079113224,27.150588989257812,14482900.0
2001-05-28,27.18546177971708,27.22905550437458,25.258588883364947,26.714641571044922,9515300.0
2001-06-04,27.00236592620963,27.551656199129173,25.50271943341813,26.45307731628418,11965000.0
2001-06-11,26.42691856770566,26.59257771418645,24.848802126370945,25.502717971801758,12161900.0
2001-06-18,25.764284654974073,28.43226260629681,25.502718971743555,26.191511154174805,26331400.0
2001-06-25,26.24382118341563,27.59524650887476,25.153961513531208,27.202898025512695,28093900.0
2001-07-02,27.32496792122938,27.32496792122938,25.415532884559216,25.63350486755371,7057900.0
2001-07-09,25.729410527884948,28.336354987142794,24.412859681230717,27.961442947387695,16651400.0
2001-07-16,28.07479111233964,29.60059494098866,27.83938097965804,27.987600326538086,16223700.0
2001-07-23,28.240447744402886,28.55432791162004,26.749520276109685,27.813222885131836,13617400.0
2001-07-30,28.005034368729177,28.859483988103953,27.20289921314841,27.804500579833984,8952500.0
2001-08-06,27.82193937048791,27.85681568048125,25.616062653228926,25.74684715270996,10725900.0
2001-08-13,25.738128715903535,27.220337004642836,24.979585584606117,25.54631233215332,9374700.0
2001-08-20,25.537594917431978,26.078164431833052,23.97691492925429,25.54631233215332,14262300.0
2001-08-27,25.54631159692513,26.12175740562626,24.439015366845066,25.153963088989258,10596700.0
2001-09-03,25.38937544986994,26.59257997608695,22.320329755150496,22.424955368041992,15273900.0
2001-09-10,22.05004376645382,22.102356570016475,20.515521003665537,21.23046875,7585300.0
2001-09-17,19.355909532924986,19.835447150486406,16.304302279004002,18.08295249938965,28498500.0
2001-09-24,19.042031817502632,22.756274461009404,19.00715550335981,22.198265075683594,35462700.0
2001-10-01,22.14594949720222,24.89239569861418,21.27406170862738,23.994352340698242,25113600.0
2001-10-08,23.610721484935997,25.41552895931166,22.843460955010777,24.988304138183594,15945700.0
2001-10-15,24.744178035550622,25.546314975427915,23.0178403811389,24.003074645996094,16402100.0
2001-10-22,23.532253175549727,24.09897995276272,22.49470615502513,23.427627563476562,16931500.0
2001-10-29,23.227092717421904,23.506096574460916,20.480646213077154,23.471221923828125,35864100.0
2001-11-05,23.645596547559173,26.65360829182235,23.636877470486684,26.034568786621094,21738200.0
2001-11-12,25.982259145560104,28.580484727517273,24.500050691065084,26.827991485595703,19590800.0
2001-11-19,26.95005416261788,28.223009665631412,26.810552235246377,28.03119659423828,10491200.0
2001-11-26,28.223003251967107,29.408771028153886,27.699871974702376,28.31019401550293,17684900.0
2001-12-03,28.353789493457608,31.1263927521565,27.682435539522317,29.66162109375,18010200.0
2001-12-10,29.609305563571247,29.61802630314488,27.11570786652802,28.7810115814209,21961300.0
2001-12-17,27.621406966126386,29.29543001813979,27.621406966126386,28.205570220947266,22072000.0
2001-12-24,28.510734627321202,30.298104134060942,28.4235438428532,30.12372589111328,7828300.0
2001-12-31,30.202194151884896,30.298102346145907,28.205570206232657,29.47852897644043,11283300.0
2002-01-07,29.574432923566825,30.472479629685697,28.37994755494795,28.89436149597168,13071600.0
2002-01-14,28.876924686441722,28.937956569917024,27.58653106641105,27.743471145629883,16758800.0
2002-01-21,27.891694721571827,28.68511426897666,26.671051950401264,28.249170303344727,14835200.0
2002-01-28,28.68510946365588,30.27194496665084,28.074787348814446,29.39133644104004,14110100.0
2002-02-04,29.55699882210745,29.949345685543214,28.563043900237542,29.40005874633789,15487700.0
2002-02-11,29.347741764862196,31.850058695943826,29.31286545634834,29.975502014160156,15038800.0
2002-02-18,30.019097061582347,30.420164649227644,28.00503505686063,28.632795333862305,10007500.0
2002-02-25,28.789738663982124,30.385291780764366,28.78101792248713,29.774972915649414,14307400.0
2002-03-04,29.90575184564889,30.02781560945343,27.10699271502839,28.510732650756836,29392700.0
2002-03-11,28.249167624795604,29.155928459580885,27.490624464802636,28.85076904296875,13290600.0
2002-03-18,29.086178764214456,29.20824252919328,27.464466855808606,27.909128189086914,11676600.0
2002-03-25,27.865534206555242,30.298102046825267,27.246494646425603,29.42621421813965,15253100.0
2002-04-01,29.199524065796712,30.202193046397277,27.351121186661985,29.731372833251953,20604100.0
2002-04-08,29.59187004991962,31.544900140163282,29.59187004991962,30.289382934570312,21201300.0
2002-04-15,30.402728548955253,31.457715380436742,29.90575273807038,31.056644439697266,12709500.0
2002-04-22,31.039205090805712,32.87017151012109,30.516073728708793,31.6931209564209,14980100.0
2002-04-29,31.876223424775198,32.69579686893397,31.431558724804162,31.998287200927734,13628100.0
2002-05-06,32.015725589473206,32.0941956355646,29.879599513419457,30.10628890991211,15719100.0
2002-05-13,30.219623909965645,32.338311031916014,29.818556414498527,31.300765991210938,13685000.0
2002-05-20,31.34436545454144,31.483867362288994,29.644183667251507,30.620697021484375,12809600.0
2002-05-27,31.292051981877627,31.47514761796617,28.94667504429999,29.905750274658203,11403000.0
2002-06-03,30.149886415385936,31.35308937203619,29.14721395885553,30.960739135742188,15520900.0
2002-06-10,31.25718469652065,31.25718469652065,28.650241336745857,29.809850692749023,16574500.0
2002-06-17,29.687775870120877,32.30343900098593,28.85948188014941,31.614646911621094,23161800.0
2002-06-24,31.483870267428838,33.04455029098127,30.95201815569402,32.90504837036133,21405200.0
2002-07-01,32.47782418880262,32.870174407958984,30.115008784310834,32.870174407958984,13701900.0
2002-07-08,32.69578848250803,32.800414074375524,27.917844324716036,28.275318145751953,27582900.0
2002-07-15,28.23172769800966,28.32763588749759,25.424247937310543,25.502717971801758,26623800.0
2002-07-22,25.206274902971227,27.560372510307467,24.125134284659403,27.246492385864258,28548000.0
2002-07-29,27.734753045598453,29.43493341677121,23.83741481386992,24.33439064025879,27097300.0
2002-08-05,24.377986410531367,25.8340393611228,23.2794090512536,24.953433990478516,25226900.0
2002-08-12,25.22371149968481,28.92923423535106,24.28207284749408,28.45841407775879,24152900.0
2002-08-19,28.345069109600043,30.23706724463462,28.345069109600043,29.330303192138672,18489600.0
2002-08-26,29.56571759638993,30.16731903050883,26.636173815311633,27.952726364135742,16888400.0
2002-09-02,27.71731400260365,29.12105389490738,26.732079855821056,28.711265563964844,14306400.0
2002-09-09,28.606636978465826,31.02176633563602,28.100940509908725,30.15859603881836,21438900.0
2002-09-16,30.167317086804317,31.16998940505444,28.685110461200573,29.59187126159668,19622700.0
2002-09-23,29.295431444765523,30.70789220542236,27.987599624445842,29.644187927246094,26368700.0
2002-09-30,29.356464302627057,29.365185044271485,26.566423991331668,27.394718170166016,29929900.0
2002-10-07,27.36856124890894,28.955396995621903,25.441689745898696,27.92656898498535,32829700.0
2002-10-14,27.84809975375302,31.100239530859636,27.63884685909981,30.690454483032227,16458400.0
2002-10-21,30.533516866559697,32.695798615906334,30.001664676916107,32.51270294189453,21264800.0
2002-10-28,32.32087683442509,32.34703240115882,29.9667793747479,31.431550979614258,19482500.0
2002-11-04,32.04187929830796,32.085473026713444,29.08617994417319,29.461091995239258,16883700.0
2002-11-11,29.635460817783613,31.353077118279643,27.935279342319003,31.300765991210938,18548500.0
2002-11-18,31.353086487303575,31.510026567381445,28.597920996808377,30.437604904174805,16281700.0
2002-11-25,30.603258602910905,31.34436518378308,29.2256776915521,30.245784759521484,12859700.0
2002-12-02,31.3530884323585,31.44899663457687,28.746145445093298,29.844722747802734,15589700.0
2002-12-09,29.705220467480785,29.705220467480785,27.787068086532607,27.88297462463379,13344900.0
2002-12-16,27.96143634566469,30.87354119598588,27.830653532277726,30.734039306640625,23911100.0
2002-12-23,30.577097462650272,30.742754907110065,29.992934374828476,30.51606559753418,8652300.0
2002-12-30,30.298103729372166,31.588497388367838,30.019099874777872,30.75148582458496,12468600.0
2003-01-06,30.856107123160868,32.34703438625737,30.803795986483134,31.919811248779297,14555200.0
2003-01-13,32.38191068553962,32.43422514819039,30.585824039038364,30.620697021484375,13697800.0
2003-01-20,30.638140497837163,31.300777169235197,29.234400436416287,29.57443618774414,14392100.0
2003-01-27,29.30415252381727,30.350418657327673,28.336356433469856,29.20824432373047,18500300.0
2003-02-03,29.23440435608475,29.6441927913403,28.135826910193703,28.257890701293945,13368600.0
2003-02-10,28.24916531787237,29.077456045603743,26.88030011045315,28.397384643554688,16131000.0
2003-02-17,28.597915150122777,30.245782328054872,28.449695841456418,29.984216690063477,12023000.0
2003-02-24,29.836006538360582,29.975508476503013,28.310202634807766,28.807178497314453,13612400.0
2003-03-03,28.99898924210829,29.321590150381223,26.48795289529402,27.516780853271484,18310700.0
2003-03-10,27.072116682941374,29.870875842434533,26.313575195767786,29.47852897644043,18383300.0
2003-03-17,29.295432007152492,32.28600775977291,28.772300599377346,32.27729034423828,20111300.0
2003-03-24,31.422842190719805,31.95469436686838,30.42016972821132,30.446325302124023,16448800.0
2003-03-31,29.94062790000695,32.06803298545265,29.53956030066678,31.6931209564209,21182400.0
2003-04-07,32.25985156285483,33.10558387084593,31.579780080710904,32.660919189453125,18110800.0
2003-04-14,32.60859982395638,34.64009634283857,32.59987908480084,34.457000732421875,16746400.0
2003-04-21,34.570349904410484,34.622661039698656,32.95735560460779,33.061981201171875,15708100.0
2003-04-28,33.3235550271946,35.11092447251241,33.24508498686415,34.8319206237793,18729600.0
2003-05-05,34.95398740648786,35.773560867077656,34.32622702970252,35.00630187988281,14156300.0
2003-05-12,35.10220520576983,36.37516406081952,34.526759327838796,34.866798400878906,12979100.0
2003-05-19,34.56162984976991,35.3288920004233,33.24508081177389,34.40468978881836,14474000.0
2003-05-26,34.744734392057424,36.86342243242913,33.9338783111256,36.43619918823242,10092200.0
2003-06-02,36.741359127715604,39.23495929507168,35.64278173088863,37.3952751159668,15691300.0
2003-06-09,37.273201523984056,38.2497148782481,36.505939368354106,37.2121696472168,11510800.0
2003-06-16,37.351659149200344,37.56091360432168,33.56766741648444,34.134395599365234,34209100.0
2003-06-23,34.177993991869286,35.52941908321117,33.71589131022004,34.06464767456055,23195900.0
2003-06-30,34.20416019202406,34.43957031226446,32.748109068967224,33.64615249633789,15075800.0
2003-07-07,33.925149762970406,35.0062919581205,33.619990402961854,34.657535552978516,13394600.0
2003-07-14,35.049886615052664,35.52070677679522,32.56500464540317,33.619991302490234,16423100.0
2003-07-21,33.65486123805741,34.204151377057315,31.71927295822715,34.09080505371094,19557100.0
2003-07-28,33.86412046063313,34.387251782054584,32.69579073853658,33.37586212158203,17333800.0
2003-08-04,33.59384381563214,34.87552024910309,32.782987703761385,34.74473571777344,18786200.0
2003-08-11,34.6575407192827,35.834587941617826,33.95131039028878,35.33761215209961,12272400.0
2003-08-18,35.45967502844214,37.996871705002775,35.328893854776574,37.13370132446289,13329700.0
2003-08-25,36.75007676640782,37.82249849745043,35.93922074337759,37.60452651977539,11684400.0
2003-09-01,37.43886334422224,38.11893813366393,35.56430644916793,35.64277648925781,13436200.0
2003-09-08,35.86074896506881,36.26181658636832,34.60522830571274,35.41608428955078,12210500.0
2003-09-15,35.52943419191491,36.636732294683405,35.0934902141,36.122318267822266,9963400.0
2003-09-22,35.74739598512219,36.18333983859929,33.82924236462542,33.83796310424805,20775400.0
2003-09-29,34.352381839196305,35.74740103707724,32.93120374473827,35.276580810546875,15451600.0
2003-10-06,35.1545254782488,36.01769610058483,34.70986404164406,35.102210998535156,9653100.0
2003-10-13,35.18067391408233,36.57569648938195,35.07604830188104,35.5294303894043,9641000.0
2003-10-20,35.5032687518332,36.122308230073,34.87550853390682,35.99152374267578,9391500.0
2003-10-27,35.93049900750418,38.18868876677206,35.7648415064108,36.81110763549805,16200600.0
2003-11-03,36.802395425520054,38.005601919194184,36.50595334232466,36.741363525390625,10629300.0
2003-11-10,36.64544425837235,37.517332084275004,35.81715348455531,35.982810974121094,11854200.0
2003-11-17,35.878185509738124,36.11359229680351,34.090812798700895,34.84935760498047,16123800.0
2003-11-24,35.11092810744747,36.872142163651375,34.99758174279389,36.828548431396484,11098400.0
2003-12-01,36.97675203417739,37.883515913147754,36.00895629085201,36.671592712402344,18208800.0
2003-12-08,36.479779798102854,36.70646912608606,34.66625187028728,35.163230895996094,15678600.0
2003-12-15,35.69509018055618,37.15114473374172,32.47782495914076,37.00292205810547,30422400.0
2003-12-22,36.57568938750911,37.75273644269502,36.57568938750911,37.19472885131836,9834700.0
2003-12-29,37.59580278278181,38.3630650143454,36.93316948687791,36.94188690185547,9686000.0
2004-01-05,37.316807274505436,37.491185546898095,36.08744527682113,36.28797912597656,16145800.0
2004-01-12,36.287964596144,36.383872773857426,34.02105794068383,34.657535552978516,25326500.0
2004-01-19,34.69241670195638,35.27657993723613,33.925154499122236,34.85807418823242,13372100.0
2004-01-26,35.09347439095512,35.65148189880244,34.003614937819876,35.38119888305664,15631100.0
2004-02-02,35.31145311131699,36.75006919809908,35.30273569744016,36.68903732299805,13212400.0
2004-02-09,36.68905036106876,37.186026278350354,35.773565257244734,36.07000732421875,11166600.0
2004-02-16,36.549537853478576,36.741354248877585,35.25914420713127,35.41608428955078,9486900.0
2004-02-23,35.44224330988486,36.25309929652789,34.265192687666776,35.686370849609375,18861800.0
2004-03-01,36.061287284433,37.30808735843649,35.58174956196751,36.21822738647461,13668000.0
2004-03-08,36.41875252464833,36.619286312479076,34.17800122351138,34.718570709228516,12789900.0
2004-03-15,34.68369893694999,34.86679792021308,33.29739706931987,33.358428955078125,16371300.0
2004-03-22,33.31483802184267,34.8493626879383,32.74811284567315,34.343666076660156,17391400.0
2004-03-29,34.91038485282198,36.65416028012392,34.308780201770695,34.53547286987305,26330600.0
2004-04-05,34.378538814937535,35.03245471429447,33.707184759145825,33.80309295654297,11458100.0
2004-04-12,33.97746666174543,34.343657920054966,33.24508081913854,33.593833923339844,11610500.0
2004-04-19,33.681037848029945,33.96004177075125,31.893667928724952,33.41075134277344,17587200.0
2004-04-26,33.31482611668756,33.611268049022385,31.16998330825837,32.355751037597656,15220800.0
2004-05-03,32.35576307495325,32.565014325045006,30.95202291213217,31.108963012695312,20131500.0
2004-05-10,30.664290599043905,32.16393859473024,29.88831103299294,31.649524688720703,16237500.0
2004-05-17,31.3705317710924,32.33832804279856,31.082810442903227,31.684412002563477,11546100.0
2004-05-24,31.902367212180128,33.00094411769129,31.64951901156684,32.48653030395508,11697300.0
2004-05-31,32.1726566478813,32.870166125068316,31.31820379659122,31.632083892822266,12114600.0
2004-06-07,31.91981497416308,33.349710527361104,31.649528541160734,33.157894134521484,10650600.0
2004-06-14,33.11430285455121,33.55896755700395,31.71928351075303,31.780315399169922,12175000.0
2004-06-21,31.74543054580195,34.67497370583437,31.727992392946092,34.657535552978516,21322200.0
2004-06-28,33.951318982383384,34.37854558418708,32.79170962204006,33.43690490722656,17366100.0
2004-07-05,33.61127975228076,33.69847054273117,31.858786439084554,31.980850219726562,10284700.0
2004-07-12,32.20753689046842,32.48654074426222,30.394011840808684,30.646860122680664,13638500.0
2004-07-19,30.93458191065713,31.422840325980083,30.080132178333223,30.420167922973633,14178000.0
2004-07-26,30.55095398751392,31.605937588792226,30.254511957089846,30.85611343383789,11176500.0
2004-08-02,30.838670441384057,31.065363131104192,29.539559486711877,29.548276901245117,11186500.0
2004-08-09,29.64418787957257,30.90842596904612,29.574435252793307,30.1324462890625,12237300.0
2004-08-16,30.367857355576305,31.562342855249007,30.298104726637668,31.248462677001953,15073800.0
2004-08-23,31.213585113464802,32.72195073102459,30.533513638469408,32.669639587402344,12239400.0
2004-08-30,32.556287185796364,33.550238641858556,31.99827958421673,33.13173294067383,9390500.0
2004-09-06,33.34970791823332,33.50664798628052,32.556290163544936,32.81785583496094,7524200.0
2004-09-13,32.98351302190541,34.317500127848696,32.65219476729651,34.22159194946289,10281600.0
2004-09-20,34.387256431427666,34.87551483649437,32.51269950455906,32.669639587402344,19207400.0
2004-09-27,32.495254265697206,33.576393127441406,31.82390035229736,33.576393127441406,14838200.0
2004-10-04,33.60256321957082,34.30007293156735,33.31483859250363,33.855411529541016,9652500.0
2004-10-11,33.96875007178367,34.64882486114088,33.070706644413,33.64615249633789,9369100.0
2004-10-18,33.36714397067957,34.61394369605654,33.06198126826575,34.03849792480469,8875100.0
2004-10-25,34.11696341014317,35.70379860819752,33.253793205229634,35.56429672241211,13429200.0
2004-11-01,35.44224120905469,36.61928843551531,35.26786297987843,36.09615707397461,13163700.0
2004-11-08,36.619296648443424,38.73798479203962,36.34029274958201,37.91841125488281,14445400.0
2004-11-15,37.866091915644546,38.092781307123005,36.723917564686815,36.959327697753906,11702700.0
2004-11-22,37.22089554735277,37.49118201036478,35.5294341144736,36.01769256591797,11409300.0
2004-11-29,36.14847349114268,36.40132179405722,34.00362993935884,34.77960968017578,18538900.0
2004-12-06,34.8319220868253,35.703809982235256,34.352384409547504,34.866798400878906,11300300.0
2004-12-13,34.87550935099142,35.921775296718714,34.00362161721663,34.03849792480469,19419800.0
2004-12-20,34.27390768889451,34.62266078352359,33.602553741099186,34.308780670166016,11134100.0
2004-12-27,34.483164060375934,35.07604806889216,34.038502716982876,34.727294921875,9477600.0
2005-01-03,34.73601385674868,35.19811337660825,34.51804188308082,34.70113754272461,13970600.0
2005-01-10,34.701136794742,35.921781151366346,34.52675855436876,35.89562225341797,16961600.0
2005-01-17,35.84331349827092,36.60185506956086,34.823202885994746,35.00630187988281,11741800.0
2005-01-24,35.01501228301116,35.20682865438731,34.12568636934153,34.56163024902344,12286700.0
2005-01-31,34.99757697097069,35.921779268309386,34.41341372122934,35.276580810546875,16598900.0
2005-02-07,35.302745115493614,35.53815193883492,33.5415310296089,34.39598083496094,13430900.0
2005-02-14,34.43085008810996,34.68369501797259,32.70450934719,33.03582763671875,12722000.0
2005-02-21,32.65220579472099,32.852739632712904,31.867505275632023,32.608612060546875,14608400.0
2005-02-28,32.66963454504528,34.35237814226407,32.47781817873399,33.33226776123047,13961000.0
2005-03-07,33.50665094042567,34.19544315247326,32.60860750319164,32.72195053100586,11196200.0
2005-03-14,32.71323179566992,33.34099209787303,30.952017979146394,31.553619384765625,15051700.0
2005-03-21,31.571055820900813,31.850059645352683,30.960733707666865,31.01304817199707,12398800.0
2005-03-28,31.126398840766388,32.40807179808828,31.126398840766388,31.73672103881836,13492500.0
2005-04-04,31.88493864704928,35.625338349779774,31.66696668291797,34.727294921875,29466500.0
2005-04-11,34.805762222307,35.04989308791838,33.00095459497731,33.09686279296875,15106600.0
2005-04-18,33.23637027180271,33.52409491384441,32.0244464605118,32.32088851928711,11949500.0
2005-04-25,32.434226158611935,33.23636132165227,31.632087669583655,32.44294357299805,11420100.0
2005-05-02,32.43423089599359,32.74811107554654,31.85878500880933,32.11163330078125,9672000.0
2005-05-09,32.111629816987445,32.80913940366087,31.85006081174535,32.59116744995117,12744500.0
2005-05-16,32.7655499594646,34.96270461308262,32.45166977295103,34.465728759765625,12139000.0
2005-05-23,34.195440341543296,35.538145016416856,34.02106211756331,35.241703033447266,6970200.0
2005-05-30,35.6602098647094,36.41003052661342,35.31145343862418,35.86946105957031,9666500.0
2005-06-06,35.8869021477829,36.83725999428443,35.729962075811045,35.93921661376953,9618400.0
2005-06-13,35.965369826217774,38.74669056208966,35.756115301976045,37.857364654541016,17377000.0
2005-06-20,37.62195912563714,39.16519757298742,35.57302084223862,35.9566535949707,21985900.0
2005-06-27,35.80842788887416,37.28191691751984,35.74739601541466,36.1048698425293,10815900.0
2005-07-04,36.18334092765019,37.92711639404297,35.92177527288882,37.92711639404297,11454800.0
2005-07-11,38.17997500325436,39.40933690787351,37.69171654271486,39.23495864868164,10059500.0
2005-07-18,39.18263970097557,40.3509695804273,38.99954404641682,40.106842041015625,11315500.0
2005-07-25,40.34225089091532,40.97001120213219,39.81039877457748,40.0196533203125,10715900.0
2005-08-01,40.42943322919481,40.516623998047045,37.81377003140714,38.24971389770508,12429900.0
2005-08-08,38.24972399231738,38.82516991465901,37.77018627803079,38.650794982910156,8801300.0
2005-08-15,37.98814149118675,38.450240843013866,36.41874451665321,36.671592712402344,12308100.0
2005-08-22,36.67160315482134,37.56964655118488,35.60789894290391,35.982810974121094,10470100.0
2005-08-29,36.000246794481406,36.000246794481406,34.64882141719463,34.718570709228516,13758300.0
2005-09-05,34.65754330763328,36.08743890187813,34.64882589224861,35.35505294799805,8990900.0
2005-09-12,35.31145570279155,35.87818410002167,34.12568776925578,34.919105529785156,15259300.0
2005-09-19,34.89295059477164,35.51199014233445,32.521414684574,34.96269989013672,21438600.0
2005-09-26,35.791000869415655,36.40132311985649,34.204165013862685,35.0324592590332,10788100.0
2005-10-03,35.08477067276232,35.83459147535407,33.0619876783192,33.67230987548828,12293300.0
2005-10-10,33.63743408314329,34.16928286569658,32.2685671299198,32.957359313964844,13374300.0
2005-10-17,33.157889971997236,34.59650608571913,31.92852838110296,33.97746658325195,12651300.0
2005-10-24,34.378530709959364,34.87550641022609,33.18404554668561,34.457000732421875,12603000.0
2005-10-31,34.51803955594512,36.837261066374374,34.422131361839064,36.56697463989258,12426900.0
2005-11-07,36.7500702142339,37.081385166518125,35.74739796529987,36.40131378173828,8088900.0
2005-11-14,36.68904215280882,37.14242090581788,35.74740168274035,36.88957595825195,7822200.0
2005-11-21,36.959321131099415,37.857364447843835,36.837257378453124,37.64811325073242,4150500.0
2005-11-28,37.65683511347987,38.23228096249988,36.776229846793264,37.69171142578125,6516600.0
2005-12-05,37.73530562997299,38.45025341124414,36.357724536543785,36.610572814941406,8659100.0
2005-12-12,36.70647503829669,37.40398793887221,36.16590553373986,36.59313201904297,9868400.0
2005-12-19,37.046506149018384,37.264478052322595,31.309484057577606,31.858774185180664,48783200.0
2005-12-26,32.07675502548084,32.381914444733155,31.51002658859715,31.518747329711914,19729600.0
2006-01-02,31.736714338213982,32.08546743061937,30.385285711431532,31.15254783630371,24652900.0
2006-01-09,31.00433716486602,33.04455513153812,30.795082590289223,32.51270294189453,23529800.0
2006-01-16,32.44294790856243,32.70451361294389,31.318211721134904,31.36180877685547,11801000.0
2006-01-23,31.405392544600222,33.41073341006928,31.1002298812977,32.74810028076172,16651500.0
2006-01-30,32.74811069592039,33.00095565897283,31.728000124198747,31.954692840576172,17292500.0
2006-02-06,31.823898098806833,32.04187000359318,30.995604195421247,31.231014251708984,11954500.0
2006-02-13,31.21358890706148,32.42551266276475,30.91714686188316,30.995616912841797,20771900.0
2006-02-20,31.039202329151067,31.361803188863178,30.829951133325267,31.143831253051758,12055100.0
2006-02-27,31.37925172019359,32.12035521664562,31.257184601940967,31.396686553955078,14895300.0
2006-03-06,31.640811927570162,32.259851523431244,31.039207162419604,32.06803512573242,12569800.0
2006-03-13,32.01572627181627,32.878893471229595,31.300778425963166,32.09419631958008,12151000.0
2006-03-20,32.259850672247715,34.047220111863794,32.1377869045649,33.64615249633789,18306900.0
2006-03-27,33.93387808360747,34.26519644238766,33.36715290057647,33.480499267578125,16864700.0
2006-04-03,33.593842309898264,35.92178491169767,32.92248817607562,35.198116302490234,35997600.0
2006-04-10,35.25914930352611,35.45968314316124,33.7769423735283,33.78565979003906,13905600.0
2006-04-17,33.776937040688914,34.33494473696246,33.07070667922433,33.157894134521484,17426900.0
2006-04-24,33.096869104764906,33.69847397926376,32.92249083206975,33.43690490722656,13201200.0
2006-05-01,33.57639320494658,33.90771145572413,32.844007418273215,33.419456481933594,8905100.0
2006-05-08,33.41945308987263,33.76820613204078,32.06802465776096,32.48653030395508,12952200.0
2006-05-15,32.251126249689925,32.92247682607631,31.047920338553123,31.475143432617188,18209300.0
2006-05-22,31.039202600150954,31.605930968603804,30.437601249414524,30.707887649536133,18244900.0
2006-05-29,30.72532860667756,31.701842045447194,30.210914653702925,31.553619384765625,15633700.0
2006-06-05,31.361807551894163,31.640811402468564,30.42888780291322,30.786361694335938,13148900.0
2006-06-12,30.638138053581898,32.190097338799475,29.975504761035964,31.79775047302246,14899300.0
2006-06-19,32.17266519605116,32.60860915087034,29.618033354731665,29.844722747802734,32688700.0
2006-06-26,29.818567603995547,30.036539584542314,28.589205766751316,28.920520782470703,26520000.0
2006-07-03,29.391338212450837,29.391338212450837,27.752189809190675,28.205570220947266,20315400.0
2006-07-10,28.240448107011105,28.55432827825849,27.603970349087607,27.673721313476562,19579000.0
2006-07-17,27.708594784456878,29.208241196463117,26.958770746956763,28.44097900390625,25221600.0
2006-07-24,28.475859944582435,29.69650438914413,28.458421786690007,29.452373504638672,22992300.0
2006-07-31,29.40005382808722,30.94329543099799,28.641509146766413,30.359128952026367,13515500.0
2006-08-07,30.437602260666427,30.673012360337847,29.69649897820998,30.289382934570312,11075100.0
2006-08-14,30.638135629631346,31.78902721709705,30.34169365552728,31.074079513549805,11085100.0
2006-08-21,30.995607142879162,31.030483449198417,28.728700447929647,28.7810115814209,15895100.0
2006-08-28,28.737427242650025,30.271951961755942,28.641519031957316,29.862163543701172,12660600.0
2006-09-04,29.766244982693028,30.176033258256265,29.208237397408016,29.740089416503906,9071300.0
2006-09-11,29.65290013363625,32.72194533198116,29.49596340267543,32.53013229370117,29022400.0
2006-09-18,32.49526493346234,33.62000120927684,31.980850899825455,33.480499267578125,27518200.0
2006-09-25,33.489213467982005,34.491885864276185,32.94864391155674,33.358428955078125,16780100.0
2006-10-02,33.32355770171607,35.07605097509885,33.2625258127816,34.465728759765625,15143900.0
2006-10-09,34.35239000737893,35.10221092578696,33.36715559374185,33.43690490722656,15401000.0
2006-10-16,33.375862435034016,34.34365838214188,33.035826740317816,33.91643524169922,12024900.0
2006-10-23,33.707180931610765,35.23298452351811,33.707180931610765,34.61394500732422,13759700.0
2006-10-30,34.57034903964273,35.32889041623618,33.14045040109263,33.619991302490234,10742500.0
2006-11-06,33.61999844436361,34.962703275543774,33.61999844436361,34.866798400878906,7562000.0
2006-11-13,34.93654455459159,36.200782554203286,33.358426408760366,35.33761215209961,13860200.0
2006-11-20,35.33760713216119,35.34632787164404,33.89027369485398,34.22159194946289,8178700.0
2006-11-27,34.24775468615613,34.439571083087046,33.64615324940229,33.96003341674805,12219000.0
2006-12-04,34.134409565324006,34.927827350388824,33.84668498755914,34.79704284667969,12086400.0
2006-12-11,34.63138376078196,36.37515932455164,34.44828479883531,35.4683952331543,13756000.0
2006-12-18,35.49455757234553,35.764844033638546,32.97480193425108,33.16661834716797,23310800.0
2006-12-25,33.13173041283036,33.742052427737875,33.00094593606896,33.21891784667969,10666400.0
2007-01-01,33.45433019682085,33.977464813650286,32.94863705913878,33.89027404785156,12250800.0
2007-01-08,34.83192230678509,36.33156723468821,34.35238462647906,36.261817932128906,18703900.0
2007-01-15,36.41003539165345,36.950608256914656,36.21822232506588,36.558258056640625,10634800.0
2007-01-22,36.46234948616714,36.54081952541667,35.267864067358296,35.485836029052734,11343700.0
2007-01-29,35.26786722686745,37.090113122920336,35.17195902297175,36.46235275268555,10904200.0
2007-02-05,36.38387655803254,36.915728634495956,35.91305635991858,36.497222900390625,9599800.0
2007-02-12,36.45362909278709,37.5609269668446,36.183342685013265,37.142417907714844,9283200.0
2007-02-19,37.011642539766996,37.770184092138656,36.7587942469803,37.116268157958984,6453100.0
2007-02-26,37.247056230819986,37.325526283451886,33.75078350642922,34.48316955566406,15281500.0
2007-03-05,34.300071176423465,35.032457168040594,33.637437815431056,34.95398712158203,12888200.0
2007-03-12,35.08477323951814,35.13708438888156,33.04455526462883,34.07338333129883,12158100.0
2007-03-19,34.186717739052476,36.06127772425944,34.04721583266413,35.921775817871094,9054800.0
2007-03-26,35.790997323088355,35.83459105251709,34.169285310827604,35.02373504638672,13191600.0
2007-04-02,34.936544634510184,36.07871887453552,34.910389064261416,35.93049621582031,8133900.0
2007-04-09,36.122311716961185,36.41875370115446,34.22159605230809,35.51198959350586,15796200.0
2007-04-16,35.62533670268577,36.51466267434321,35.511990355301215,36.31412887573242,14187300.0
2007-04-23,36.45362377511973,36.53209379651127,35.808425451901826,36.035118103027344,10029200.0
2007-04-30,36.01769044877373,36.183347952888965,35.12836438912628,35.346336364746094,11741700.0
2007-05-07,35.39864054472646,36.39259535179849,35.12835747677517,35.87818145751953,10908800.0
2007-05-14,35.947931902369106,36.0002463652617,34.579068386897426,35.37248611450195,13142500.0
2007-05-21,35.35504245185867,36.01767890797416,35.04116237538158,35.450950622558594,9703100.0
2007-05-28,35.39864604388734,35.921780759297285,35.11964219273068,35.311458587646484,12127200.0
2007-06-04,35.67765214358686,35.70381104289836,32.303446819388625,32.80042266845703,30884800.0
2007-06-11,32.60860771372255,33.306117345494464,32.347038691568336,33.09686279296875,16793100.0
2007-06-18,33.06198754324456,33.166616485866705,32.30344600217016,32.38191604614258,14032300.0
2007-06-25,32.35575726991055,32.79170117637447,31.08280186127302,31.379243850708008,36352300.0
2007-07-02,31.48386453778946,32.07674842402436,31.257171879294482,32.015716552734375,10671900.0
2007-07-09,31.945965172807217,32.09418781306982,30.847388121278463,31.614646911621094,20952700.0
2007-07-16,31.562342986563596,32.33832269379815,31.222307234044045,32.11163330078125,16179800.0
2007-07-23,32.12906216083927,32.43422486801762,30.036533562701624,30.245784759521484,22094300.0
2007-07-30,30.21091739936483,31.387964746981257,29.827284590491356,29.844722747802734,19933200.0
2007-08-06,29.992940774666277,32.251130243771556,29.522120578176086,30.829952239990234,23962400.0
2007-08-13,30.524796950140964,30.908429792911804,28.30148324931132,29.862163543701172,20250400.0
2007-08-20,29.766251924648746,30.768924324913087,29.277996836649418,30.742765426635742,11596200.0
2007-08-27,30.69044678656214,30.952012423535358,28.624073930689953,30.20218849182129,14356600.0
2007-09-03,30.088848930938735,30.228350857102328,28.423543232240984,28.571765899658203,10442800.0
2007-09-10,28.536892649802375,29.63547334650329,27.970167469049734,29.147214889526367,12378800.0
2007-09-17,28.990274789997667,31.20487101580168,28.43226702544612,29.147214889526367,18321200.0
2007-09-24,29.147208449834746,30.385287488147668,28.737420133159507,29.748809814453125,21127200.0
2007-10-01,29.774976856458228,31.64953408139305,29.626754165320897,31.440282821655273,13055400.0
2007-10-08,31.31821066628623,31.405401448802245,30.306820871018346,30.568389892578125,9827100.0
2007-10-15,30.376572208788186,30.524791543797157,28.850768502342717,28.911800384521484,15068000.0
2007-10-22,28.850769261122885,30.06269284767241,28.371231605968582,29.22568130493164,12370300.0
2007-10-29,29.2954296039175,29.86215802083963,28.074788643914,28.40610694885254,13321800.0
2007-11-05,28.005035111637213,28.074787731879603,26.348448629742354,26.714641571044922,19243500.0
2007-11-12,26.77567560005705,28.37123199330375,26.54898621804882,27.385997772216797,19611500.0
2007-11-19,27.39471219236689,27.447024989858807,25.8776277611504,26.697202682495117,12530700.0
2007-11-26,26.51410763233756,27.516778260941777,25.4242478918995,27.42087173461914,19575300.0
2007-12-03,27.14186295018275,28.284035353908095,26.2874134164949,28.196847915649414,13440800.0
2007-12-10,28.231722707348315,28.571758354704478,25.668372580757293,25.72940444946289,19352500.0
2007-12-17,25.598630397573945,26.252546351220463,24.377985953705025,25.4155330657959,20752600.0
2007-12-24,25.685816629385755,26.261264170957215,25.110370750808485,25.380657196044922,12553300.0
2007-12-31,25.066775953832696,25.729410926432436,21.352533473809842,22.83474349975586,38990500.0
2008-01-07,23.183495478641753,23.54968840131619,22.294169571718992,22.79114532470703,35057400.0
2008-01-14,23.261968537104497,24.212326444335098,22.041325856980848,23.584566116333008,34230700.0
2008-01-21,22.747550111939137,27.612683387016162,22.747550111939137,25.598623275756836,37489500.0
2008-01-28,25.380654124788713,28.632795185667142,25.162682177067733,28.231727600097656,28617400.0
2008-02-04,28.249169141013752,28.249169141013752,25.267310809267858,26.05200958251953,25832500.0
2008-02-11,26.156633817232574,27.39471455110134,25.25858879082975,25.502717971801758,23276200.0
2008-02-18,24.997024522352223,25.72069136543626,24.19488764036801,25.241153717041016,17477900.0
2008-02-25,25.284746824035714,27.23777534467781,24.59595464679898,24.709300994873047,21272100.0
2008-03-03,24.770331527122828,26.078163188166243,23.375310756077724,23.59328269958496,22604700.0
2008-03-10,23.584561730479887,25.502715344678904,23.24452605804219,25.16267967224121,32962900.0
2008-03-17,24.369266698342184,28.170698354096377,24.212326615233927,27.168025970458984,33045500.0
2008-03-24,27.24649676215946,28.022476457787622,24.65699030856173,25.380657196044922,28902300.0
2008-03-31,25.57246911033437,27.83937772318618,24.979585140189158,27.551654815673828,26344900.0
2008-04-07,27.80449982262268,27.80449982262268,24.761611773885157,26.357166290283203,56028000.0
2008-04-14,26.252542916048316,28.37994800951599,25.46784254395593,28.240446090698242,28546700.0
2008-04-21,28.196856876153067,29.452374346394052,26.984933138894803,29.147214889526367,23725100.0
2008-04-28,29.25183194541775,30.28065970719053,27.952721122730395,28.859481811523438,26071600.0
2008-05-05,28.815894689557922,29.748814484888484,27.65628383862459,28.066070556640625,20619200.0
2008-05-12,28.06607154908171,30.176042090226034,28.06607154908171,29.452373504638672,23147900.0
2008-05-19,29.373899273669753,29.373899273669753,26.56642110960786,26.89773941040039,22554400.0
2008-05-26,27.098272043278385,28.3363527531673,27.028521087636502,27.778345108032227,14281900.0
2008-06-02,27.865536172997007,28.100946302473346,26.191513020260853,26.566423416137695,25160100.0
2008-06-09,26.653611236547693,26.871583198459916,25.119088425126346,26.18279266357422,32563100.0
2008-06-16,25.903785911852562,26.671048112226448,24.918553423024612,25.11908721923828,28476700.0
2008-06-23,25.058053304524435,26.63616963924772,24.04666366495653,25.33705711364746,44733200.0
2008-06-30,25.214994717957165,25.598625807614578,24.325668781339782,24.779050827026367,22076100.0
2008-07-07,24.840086270178457,25.929946153898086,22.913214793999373,23.75894546508789,30497000.0
2008-07-14,23.837411870091103,26.45307519164029,23.026555974331824,25.511436462402344,31868800.0
2008-07-21,25.921225893937454,26.566422716136028,24.247201122316188,24.421579360961914,31504400.0
2008-07-28,24.569800747862743,25.2062785017499,23.575849095874908,24.037948608398438,29289300.0
2008-08-04,24.12513624388581,25.88635005385655,23.453782217858244,25.65093994140625,27836000.0
2008-08-11,25.53759557236908,27.11571209345586,24.874960615952833,26.130477905273438,34571100.0
2008-08-18,26.313570434393093,26.522823277921827,25.03189448116317,26.470510482788086,19438000.0
2008-08-25,26.35716843047482,27.072116177636484,25.77300352386814,26.732080459594727,17880100.0
2008-09-01,27.18546099403529,28.310197018028113,26.610015197618388,27.133148193359375,21974600.0
2008-09-08,27.638846198164742,28.937957264447927,27.211619677595706,27.952726364135742,32457500.0
2008-09-15,27.83066678737161,29.644193875594052,25.2847535997714,28.563051223754883,44642900.0
2008-09-22,28.44969677544569,28.89435804203032,25.912502021264213,28.109661102294922,32886700.0
2008-09-29,27.83065866086753,28.55432546882486,25.450405364416874,25.581188201904297,27121300.0
2008-10-06,24.901116794934232,25.450407077547098,20.410894652324764,22.83474349975586,44411800.0
2008-10-13,24.16872850925353,25.12780539375436,20.33242263424417,21.91925811767578,42362100.0
2008-10-20,22.102357285116838,23.296842705909167,19.835448547131556,20.4108943939209,25217500.0
2008-10-27,19.7918543623083,22.887055486746927,19.129219413418433,22.468549728393555,33862000.0
2008-11-03,22.128512612004265,22.363922727545415,19.678508251170665,20.035982131958008,29306800.0
2008-11-10,20.70733397757273,20.74221028566677,17.010530132293752,17.960887908935547,34415700.0
2008-11-17,17.891137672536637,18.422988088327692,14.150738292283764,15.292912483215332,31367400.0
2008-11-24,15.502161460073507,18.27476251193501,15.022622302897867,17.69059944152832,21576700.0
2008-12-01,16.984377700516777,21.553070583200245,15.798611161152529,21.439725875854492,42505000.0
2008-12-08,21.64897286737935,22.398796868049413,20.559113174774684,21.413562774658203,34277200.0
2008-12-15,21.771037051767873,23.087587786055742,20.166763419456426,22.67780113220215,30250200.0
2008-12-22,22.6952410967195,22.730115745597676,21.274062984812467,21.788476943969727,13416300.0
2008-12-29,21.701286933940395,23.31427970576307,20.94274547487933,23.0963077545166,16777300.0
2009-01-05,22.24186022782896,23.305562852768812,21.640257119324808,22.60805320739746,34135700.0
2009-01-12,22.285457136627326,23.105032334117475,21.37869446827188,22.616775512695312,39725100.0
2009-01-19,22.634208718587995,22.695242267513027,21.230470353195656,22.25929832458496,30020000.0
2009-01-26,21.788474665395025,22.738832445605414,20.079575474223923,20.253952026367188,34418800.0
2009-02-02,19.879043962945616,21.378692253595545,19.103064244268353,20.925310134887695,35538400.0
2009-02-09,20.872989942983974,21.14327463766226,18.745583699370663,19.19024658203125,28857500.0
2009-02-16,18.606087632542593,19.277441704323675,17.917295403911417,18.405553817749023,24982700.0
2009-02-23,18.292205131762856,19.120499183725805,17.908575707879812,18.571208953857422,28011800.0
2009-03-02,17.995762292953533,18.658397170181633,16.66177512459419,17.019248962402344,28434200.0
2009-03-09,16.90590412253778,20.140608765990997,16.75768312815323,19.992387771606445,28421300.0
2009-03-16,19.992389509027884,21.047373053746117,19.01587434416162,20.21036148071289,22408700.0
2009-03-23,20.707337474823,23.53225405077639,20.227799798498456,21.797197341918945,33669800.0
2009-03-30,21.57050504823892,24.18616857869141,20.77708724370786,24.08154296875,35904800.0
2009-04-06,23.881008771212382,27.638846773881326,22.1808283837744,27.10699462890625,68284600.0
2009-04-13,26.77567440589688,27.82194046493888,26.104322042055554,27.35112190246582,33487700.0
2009-04-20,26.74951427415973,27.987593182622952,25.616059292970213,26.470510482788086,32657700.0
2009-04-27,26.069445354117676,27.28137054865047,25.319622963529664,25.54631233215332,23951000.0
2009-05-04,25.71197524543516,26.58386318863606,24.351830519680156,24.848806381225586,24603700.0
2009-05-11,24.4128579833986,25.293464845930465,23.462500164576777,24.264636993408203,21920800.0
2009-05-18,24.604675287145167,26.23510634864605,23.227092508179446,23.63688087463379,23803900.0
2009-05-25,23.366590159878985,25.371932907588576,23.026554482269113,24.508764266967773,18070200.0
2009-06-01,24.857524307596233,26.862865818774736,24.761616106133143,25.45912742614746,22571200.0
2009-06-08,25.180122242498093,26.23510748394487,23.74150751597451,24.726741790771484,23877200.0
2009-06-15,24.386701572216438,25.10165097700176,23.776381099879643,24.87495994567871,26779200.0
2009-06-22,24.674424839009642,27.447028394960743,23.99435339826288,27.05467987060547,44806100.0
2009-06-29,27.028523093516288,27.3598397416549,25.642221292131893,25.860193252563477,17031300.0
2009-07-06,25.9561016843875,26.269980179439884,25.398092329749964,25.990976333618164,19716800.0
2009-07-13,25.97353862484355,28.650233932033448,25.54631213505644,28.467138290405273,23574100.0
2009-07-20,28.789735911611896,31.248459271978373,28.606640269581806,30.2981014251709,29172800.0
2009-07-27,30.237069544494204,31.335646722662784,29.66162372240818,30.2981014251709,16415900.0
2009-08-03,30.36786148203993,32.32088879386648,30.001666782329412,32.207542419433594,15623500.0
2009-08-10,31.710552523534407,32.03315334492336,30.12371728541335,30.411441802978516,15353300.0
2009-08-17,29.77497159099098,31.222305297851562,29.24311946706234,31.222305297851562,16583500.0
2009-08-24,31.231024285206114,33.332273989369185,30.603263933426813,32.38191604614258,20735900.0
2009-08-31,32.05930722531515,32.46037472025337,30.664285079548364,31.972116470336914,14132700.0
2009-09-07,32.2772902286221,32.6522022890471,31.562342421762413,32.00700378417969,10286500.0
2009-09-14,31.911086367244824,34.736003790798215,31.45770772026749,34.247745513916016,19399200.0
2009-09-21,34.169283529269876,35.07604768845857,31.85006198910644,32.085472106933594,28831800.0
2009-09-28,32.32960490336405,33.131740174266604,31.579780777788294,31.954692840576172,16281100.0
2009-10-05,31.963413824161567,33.32356029629203,31.78903555963375,32.599891662597656,13520300.0
2009-10-12,32.54758263910893,32.7045194288555,31.39668734838533,31.684412002563477,25911400.0
2009-10-19,31.823908919536773,32.11163352816047,30.87355095848915,31.536184310913086,17112100.0
2009-10-26,31.736713843490815,32.03315579670759,30.420161544268097,30.69916534423828,17851000.0
2009-11-02,30.69045471894526,32.774266266004645,30.69045471894526,32.38191604614258,18017800.0
2009-11-09,32.591165287977745,33.471770459114204,32.163938823612554,32.3470344543457,13152300.0
2009-11-16,32.39063472786346,33.01839171373328,31.911093752978502,32.4691047668457,10585500.0
2009-11-23,32.67836387856858,33.22765428409691,31.571065650403405,32.25114059448242,6777800.0
2009-11-30,32.050581763318256,34.831904906458476,31.82389248575798,34.134395599365234,17943800.0
2009-12-07,34.02978358058274,34.34366375589137,32.765548789795076,33.29739761352539,13730400.0
2009-12-14,33.48921569283525,33.89028334760249,32.30344756048991,32.68708038330078,11912500.0
2009-12-21,32.74811199541332,34.57907532625115,32.72195309572351,34.41341781616211,6942400.0
2009-12-28,34.54419471793322,34.69241737779448,33.646151321909024,33.66358947753906,5301500.0
2010-01-04,34.32622156078901,37.85736646564135,33.480492661239005,36.645442962646484,30696400.0
2010-01-11,36.619291132230714,36.96804761626634,35.407367505488835,35.459678649902344,15756000.0
2010-01-18,35.45094906753391,35.974080288057486,34.01233322211331,34.06464767456055,12128600.0
2010-01-25,34.23903744041974,34.67498138033954,33.707185301559456,33.742061614990234,14658300.0
2010-02-01,33.79436972384967,35.01501397638621,33.10558088839223,33.56768035888672,13740600.0
2010-02-08,33.628716971443275,34.80576433875738,33.184055593521286,34.68370056152344,12428000.0
2010-02-15,34.8057556946321,36.20949543617592,34.70113010098548,36.1048698425293,12322100.0
2010-02-22,36.00024348943852,36.54953033898653,35.51198518607493,36.27924728393555,10608000.0
2010-03-01,36.40131632695866,36.65416459189802,35.73868305007032,36.31412887573242,11982000.0
2010-03-08,36.3228452648908,36.97676110858853,35.381208179479806,36.8634147644043,15926600.0
2010-03-15,36.89828744675398,38.79900291165095,36.71519182675626,38.26715087890625,17392300.0
2010-03-22,38.17123604200738,38.921059870452154,38.07532787892904,38.36305236816406,11726700.0
2010-03-29,38.380502353870284,38.75541438370543,38.092777775908765,38.52000427246094,8572500.0
2010-04-05,38.842603473904106,40.786913001389266,38.607193352730356,39.67961502075195,27781100.0
2010-04-12,39.72320451625142,40.106833904065205,39.36573069492861,39.52267074584961,16997500.0
2010-04-19,39.557556255891086,41.78086991353396,38.86876728754675,41.71112060546875,17060300.0
2010-04-26,41.65879986409281,42.303998328093165,40.02837053718354,40.071964263916016,20564600.0
2010-05-03,40.298666540790464,41.04849079232922,35.94794372885673,37.412715911865234,21215300.0
2010-05-10,38.92107353423203,41.22285695223677,38.354348420883355,38.76413345336914,19342300.0
2010-05-17,38.93850829880282,39.60114155118094,37.116262697278074,38.598472595214844,21280700.0
2010-05-24,38.38922277272176,39.59242899346278,36.715199618637165,39.12160873413086,15211400.0
2010-05-31,38.93850980500234,39.853991348379374,37.36911239835769,37.65683364868164,10711600.0
2010-06-07,37.6829918025159,38.903632727642204,36.5146620167881,38.7466926574707,16190400.0
2010-06-14,39.00826409199904,40.071965013314276,35.974091430051104,37.04651641845703,31094800.0
2010-06-21,37.386547508351846,37.656830581186384,33.864120213580634,34.30006408691406,30622600.0
2010-06-28,34.282629225189574,34.587788635433796,31.335647427166005,31.553619384765625,21170200.0
2010-07-05,32.14650227077712,32.82657701678859,31.15255071043883,32.652198791503906,13077300.0
2010-07-12,32.58245322937864,33.60256390638989,31.361812039932605,31.42284393310547,18143900.0
2010-07-19,31.54490266027441,33.82924789463596,31.344368854012536,33.759498596191406,17128100.0
2010-07-26,33.69846506383368,34.709854786700724,31.998283175344874,33.0271110534668,17226100.0
2010-08-02,33.71590626115305,34.28263477301885,33.04455544997359,33.855411529541016,13234600.0
2010-08-09,34.13440877152357,34.43956817176425,32.08547044166124,32.3296012878418,15302000.0
2010-08-16,32.172667044614926,34.422136251217005,32.06803809473493,33.428184509277344,18015800.0
2010-08-23,33.654864759296906,33.87283668992962,31.28333241568455,32.25984573364258,17998700.0
2010-08-30,32.17265620812868,34.50059468004354,30.9956058633508,34.02105712890625,14845000.0
2010-09-06,33.80308702063909,35.36376682461567,33.41945762440505,35.180667877197266,12315500.0
2010-09-13,35.29401759474414,36.75007194406399,35.215547560038424,35.83458709716797,18093400.0
2010-09-20,36.10487628455847,38.4502534393722,35.97409177467417,38.11893844604492,25875200.0
2010-09-27,37.90095572567367,38.5112743959846,37.43885302759744,37.83992385864258,13329000.0
2010-10-04,37.63068261592374,38.41538307685822,37.09011303505137,37.37783432006836,13987400.0
2010-10-11,37.395270793870516,38.22356494845329,37.18601956436879,38.04918670654297,10702400.0
2010-10-18,38.0055812239961,38.74668436543677,36.968036160781715,38.3804931640625,10594000.0
2010-10-25,38.624628209956846,38.99954022358253,37.29064096323492,38.275875091552734,8976600.0
2010-11-01,38.467696042298144,39.88015693875954,37.6742781280586,39.348304748535156,12591200.0
2010-11-08,39.14776511873984,39.3482989216551,38.07534015490671,38.4589729309082,8677900.0
2010-11-15,38.66822207771678,38.80772399079446,36.94188465613495,37.569644927978516,13005400.0
2010-11-22,37.49988222644606,38.72924354429547,36.889563599560375,38.36305236816406,8043900.0
2010-11-29,38.127662835261404,40.13300462236352,37.595810609232345,40.063255310058594,11132800.0
2010-12-06,39.9237488200156,40.856668632191656,39.766808727687994,40.76947784423828,7993600.0
2010-12-13,40.83051140053391,42.68763020767254,40.717165043792136,41.60649108886719,18199000.0
2010-12-20,41.824453574531574,44.42267849291238,41.2402870924259,43.68157196044922,16645100.0
2010-12-27,43.36770839969532,43.79493163562918,42.6178842252938,42.853294372558594,6754800.0
2011-01-03,43.20204136659968,44.030335471357496,42.05114969560562,42.399906158447266,12879400.0
2011-01-10,42.120904863803155,43.306669591942914,41.98140293543446,43.16716766357422,9194400.0
2011-01-17,43.158441319950256,43.725169657576984,41.43210406627077,41.94651794433594,12256100.0
2011-01-24,42.1121755034931,44.35292664017879,41.89420357715412,42.373741149902344,13395200.0
2011-01-31,42.38246668579505,42.77481686280374,41.39723253597058,42.147056579589844,11237400.0
2011-02-07,42.20809052487071,43.66414495834471,41.8854929528748,43.629268646240234,9028500.0
2011-02-14,43.55951732788022,44.32677958723907,42.78353765322801,44.30934143066406,11075200.0
2011-02-21,43.829799747630425,44.422683712873734,40.78690988701437,41.71982955932617,10323500.0
2011-02-28,41.80702086817832,42.8968806232091,40.97872678915732,42.147056579589844,10050400.0
2011-03-07,42.434788761682285,42.56557329638693,39.513965195841436,39.94990921020508,16716500.0
2011-03-14,39.69704931278484,40.490467054622584,39.05185422214117,39.74064636230469,21071700.0
2011-03-21,40.839221395814064,41.95523662561309,39.90630179103124,41.22285079956055,13551900.0
2011-03-28,41.327479477919795,42.80096853519115,41.10950754676196,42.46965026855469,10947400.0
2011-04-04,42.52197360338637,48.10205420995271,41.65008569679896,46.92500686645508,26604900.0
2011-04-11,46.7419123943432,48.69493949226893,46.69831866310163,48.686222076416016,19718800.0
2011-04-18,48.28515196832516,50.46487167927896,47.57892158462033,49.95917510986328,14180900.0
2011-04-25,49.95045375903818,50.48230585876634,48.694933175814214,48.939064025878906,16235300.0
2011-05-02,48.91290607591344,49.37500888883927,48.10205012555869,48.546714782714844,10085300.0
2011-05-09,48.468246748789646,49.54938916929464,48.28515109461979,48.52056121826172,7825700.0
2011-05-16,48.28514891998239,48.4682445659061,46.9162852940017,46.93372344970703,10926300.0
2011-05-23,46.55009024993193,47.491730693468526,46.253648257632044,46.611122131347656,9243200.0
2011-05-30,47.06450000489493,47.49172646273428,44.77143430773181,44.99812698364258,11636500.0
2011-06-06,44.780158719168234,47.32606954298348,44.6842505273417,46.13158416748047,17175400.0
2011-06-13,46.07927330043055,47.857925380538795,45.320731773262274,45.32945251464844,18491000.0
2011-06-20,45.33817530471908,50.24690560071839,45.1899559434667,49.34014129638672,24699600.0
2011-06-27,49.16576159284982,51.90348925846651,49.02625965211739,51.78142547607422,12181300.0
2011-07-04,51.868608161419075,52.79280712708596,51.380349782169404,52.435333251953125,8406300.0
2011-07-11,51.86861564751474,52.531249026572624,50.62181561200828,51.14494705200195,9660000.0
2011-07-18,50.79618751858217,52.487652170817775,50.5694981283383,52.05170822143555,9446200.0
2011-07-25,51.64191061284712,52.15632451419762,49.54938202547985,50.9967155456543,9531000.0
2011-08-01,51.31058478592465,51.415213694381606,44.46626834209512,46.12285614013672,20479700.0
2011-08-08,44.68424137915567,47.500438046469824,42.50452228748954,47.456844329833984,22600300.0
2011-08-15,47.90150984914608,48.189234391476475,43.829795817896056,44.15239334106445,11302800.0
2011-08-22,45.07659675463963,48.19795312957865,44.396522056802276,47.86663818359375,10215400.0
2011-08-29,48.346183450165995,50.83106256949403,48.18052262488526,49.2093505859375,14889100.0
2011-09-05,47.96255253157434,50.83106455765341,47.76201871111738,49.07857131958008,10751200.0
2011-09-12,48.30258755391552,53.106688077693676,48.293866812982465,52.260955810546875,16386300.0
2011-09-19,52.12145411665857,52.67074438824998,49.24422490401718,49.88942337036133,22340800.0
2011-09-26,50.48230948910137,52.531244672919506,49.95917476647516,49.9678955078125,16437200.0
2011-10-03,49.55810297121297,50.55205453679446,46.34083816799054,49.810951232910156,15897200.0
2011-10-10,50.543339397229225,53.38569230614731,50.35152300717141,53.333377838134766,11297100.0
2011-10-17,53.24618948217994,54.057045429704566,51.42394378546167,53.891387939453125,13106500.0
2011-10-24,54.0570480319968,55.19050159972811,52.19992593445954,53.31594467163086,12471800.0
2011-10-31,52.80152575778298,54.60633321693652,52.60099196520903,54.08319854736328,12153800.0
2011-11-07,54.23142026736999,55.652598271822505,51.62447435682124,53.98728942871094,11616900.0
2011-11-14,53.81291565382542,54.17038951595276,51.842447378888956,52.30455017089844,9349500.0
2011-11-21,51.61576096464938,52.025545989138614,50.47358669309969,50.48230743408203,5142800.0
2011-11-28,51.76397639018869,53.50775194422154,51.598318909911214,53.01949691772461,11504800.0
2011-12-05,53.795473062526554,55.260244700202215,53.47287553696338,55.12074279785156,9000400.0
2011-12-12,54.85918271882675,54.85918271882675,52.444056266272,53.376976013183594,9783500.0
2011-12-19,53.29851301143938,54.41452855864939,49.45348716257942,50.09868240356445,19794500.0
2011-12-26,50.20330305270551,51.301880259552966,49.76735913592684,50.543338775634766,9463600.0
2012-01-02,51.22341048071869,52.53124223767321,50.48230714883972,52.260955810546875,11496200.0
2012-01-09,52.31325838679156,53.429273501393816,51.197243272189304,51.45880889892578,12594600.0
2012-01-16,52.008108331415244,55.4520624628131,51.86860641717625,53.81291580200195,11850400.0
2012-01-23,53.83035299016142,55.207933952779676,53.446720238403785,54.527862548828125,10222300.0
2012-01-30,54.17911424788152,55.12947220374441,52.461493999196406,55.059722900390625,12544900.0
2012-02-06,54.850465989596195,54.920218615951526,50.447432893558585,51.423946380615234,17215300.0
2012-02-13,51.964520253850175,52.348153078742385,50.203309529710445,51.85117721557617,19812200.0
2012-02-20,52.042973917038005,52.96717604622895,51.43265520774801,52.6184196472168,10440900.0
2012-02-27,52.191215905112266,53.193885103620204,51.63320812055328,53.0456657409668,15231200.0
2012-03-05,53.39441292583911,54.92021664986275,53.054373873512354,54.63249206542969,12630400.0
2012-03-12,54.501702079987616,57.806160794351236,53.79547512735008,57.57074737548828,15162300.0
2012-03-19,56.67271069119244,58.172358869183306,56.00135996833565,57.640506744384766,11983900.0
2012-03-26,58.10260765369426,59.46275061464652,57.152253059689556,57.34406280517578,11726000.0
2012-04-02,57.72768755782003,63.42983428338854,57.43996300170988,62.64513397216797,19545900.0
2012-04-09,61.75580580397332,63.00260544908273,60.17768458409527,60.51772689819336,13128000.0
2012-04-16,60.87520321375293,61.30242635413754,59.23605661760077,59.7766227722168,9031300.0
2012-04-23,59.401713659547575,62.479483193655916,58.69548666732346,62.06097412109375,9640500.0
2012-04-30,61.88659787498839,62.549227801831876,59.20990264246605,59.331966400146484,11506200.0
2012-05-07,58.85243074845263,63.14211743764327,58.146203708103684,62.38357925415039,16376600.0
2012-05-14,61.747104468312905,63.21187649312933,59.44532080816954,60.0207633972168,13703500.0
2012-05-21,60.09922776250066,63.73499837928734,59.37555927465789,63.12467956542969,10606000.0
2012-05-28,63.900667443273996,65.10387039677008,61.511696368081616,61.71222686767578,10340600.0
2012-06-04,61.93020066211839,63.52575722352852,61.032157128684105,61.73838424682617,12342200.0
2012-06-11,62.13072620045892,64.41506796852846,60.256166108816224,63.360084533691406,13998600.0
2012-06-18,63.27289427007155,66.12396430907262,52.53123736810076,53.35953140258789,34342200.0
2012-06-25,52.96717848011966,53.996006245894826,51.2408412102565,53.882659912109375,18725400.0
2012-07-02,54.22270773796676,55.364882093471365,53.21131789890509,53.926265716552734,8629500.0
2012-07-09,53.88267095001742,54.31861489512434,52.104018855743995,53.13284683227539,9563900.0
2012-07-16,53.05437664991454,54.75455869656832,52.600997875062646,53.5164794921875,10203300.0
2012-07-23,52.740498674034846,55.71363617511908,52.33942772643129,55.469505310058594,9728400.0
2012-07-30,55.47822634127879,55.513099328479754,51.79885844951937,54.440677642822266,11699600.0
2012-08-06,54.571464077526514,56.541929278327764,53.891392576309975,54.73712158203125,8452500.0
2012-08-13,55.495662031859425,58.47751683128469,54.64120902663268,58.03285217285156,11579400.0
2012-08-20,57.971823039169266,58.64318042910285,57.221998933308605,57.89335632324219,7412600.0
2012-08-27,58.076438482246296,59.06166915889994,57.74512356092318,58.564693450927734,7171700.0
2012-09-03,58.34673908241701,60.86649468537534,57.74514092990314,60.30848693847656,6440500.0
2012-09-10,60.308478336672636,62.43588672577743,59.907410741542016,62.42716598510742,12435900.0
2012-09-17,62.305107141525156,62.43589165399387,53.577510921262544,53.68213653564453,32786400.0
2012-09-24,53.76060238809996,55.138186728385456,53.359534792569264,54.928932189941406,18864100.0
2012-10-01,55.20793434158615,55.670033803834485,53.490314338907716,53.70828628540039,15678900.0
2012-10-08,53.58622443377809,54.70224310119322,53.254909458034476,53.57750701904297,12266700.0
2012-10-15,53.62981653992215,54.32732943323871,52.03426361253226,52.52252197265625,15583600.0
2012-10-22,52.444052082667426,52.81024335927639,49.61041675523792,50.0899543762207,15700100.0
2012-10-29,50.22945081288901,50.97055402577849,49.531941319701104,49.784786224365234,6759300.0
2012-11-05,49.776078102428386,51.51985382389935,49.36628974356647,49.76736068725586,14880000.0
2012-11-12,50.13355193892806,51.022877955050234,48.45952884457211,49.174476623535156,11182900.0
2012-11-19,49.90686306772683,52.5225266738218,49.34013462267761,52.45277404785156,7016800.0
2012-11-26,52.14760427278624,52.32197915112148,50.839772729346244,51.19724655151367,8936800.0
2012-12-03,51.43266108797304,51.95579242031263,49.418599139088606,50.752586364746094,10747400.0
2012-12-10,50.69156176390429,51.362915843242504,50.246900400180735,50.761314392089844,14282700.0
2012-12-17,51.02287789941571,53.00206373813912,47.36966896816168,48.58159255981445,33084000.0
2012-12-24,48.546716449475475,48.764688415097766,47.509171090469145,47.875362396240234,7547100.0
2012-12-31,47.66611105079531,50.1248380482445,47.66611105079531,49.61042404174805,9470800.0
2013-01-07,49.41860057251576,49.93301450549878,48.60774465567832,49.061126708984375,12720200.0
2013-01-14,49.23550528465197,49.697604755784326,47.622510854003,48.30258560180664,13450000.0
2013-01-21,48.53799289244307,52.26967498908111,48.32874168013847,52.12145233154297,13689300.0
2013-01-28,50.621804305902245,51.790134031870664,49.88941845789237,51.63319396972656,12590500.0
2013-02-04,51.118781419895456,52.59227056921839,50.75258682315983,51.825008392333984,15438600.0
2013-02-11,51.61576212977165,52.077861632621364,50.037643901151036,50.29920959472656,11235600.0
2013-02-18,50.56949391814057,51.005437831227994,49.86326358158323,50.22073745727539,9231100.0
2013-02-25,50.78746154312108,51.07518609769361,49.244219823293115,49.63656997680664,13161400.0
2013-03-04,49.54067115791847,51.85117546743376,49.148320930228714,51.76398468017578,12144100.0
2013-03-11,52.83640185023456,53.464162160261225,51.87732655523886,53.12412643432617,15647300.0
2013-03-18,52.801534938440746,56.32395969460594,52.61843594296111,56.31523895263672,14745900.0
2013-03-25,56.41114261534444,57.00402663393929,55.11203154959121,56.167015075683594,8217100.0
2013-04-01,55.73978300781617,56.890674548699344,54.885333429038525,55.59156036376953,9560200.0
2013-04-08,55.54796924461939,59.54993758351985,55.242809854327064,58.20722961425781,22758400.0
2013-04-15,57.692811061031364,58.60829586313009,56.74245660252614,58.2159423828125,13056700.0
2013-04-22,58.29441126857829,59.27964195990006,57.37892653669577,58.49494171142578,8816900.0
2013-04-29,58.59957528970268,60.89263769355239,58.39032409079023,59.785343170166016,11796500.0
2013-05-06,59.61097474260926,61.38090601508158,59.61097474260926,60.88393020629883,9317800.0
2013-05-13,60.62236349488887,60.88393252081346,59.2011886390395,60.25617218017578,9826300.0
2013-05-20,59.28837356676853,60.72698984400451,58.625736940821845,59.916133880615234,10709200.0
2013-05-27,60.39565874955868,61.09317157840341,59.5063362121582,59.5063362121582,6435100.0
2013-06-03,59.89869856569814,60.665964206941766,57.71026463491074,60.47414779663086,13099500.0
2013-06-10,60.439253927592105,62.7846339238089,59.60224255003679,61.965057373046875,8152200.0
2013-06-17,62.427173769283264,63.08981045133061,60.360803655232324,61.023433685302734,10683000.0
2013-06-24,60.89263576042999,62.41843928517816,58.922174283606125,61.86043167114258,14704100.0
2013-07-01,62.6538601070532,63.60421465048973,61.90403603976554,63.438560485839844,4346300.0
2013-07-08,63.67397280943084,67.08305772011697,63.630382405249456,66.90867614746094,8904400.0
2013-07-15,66.96971243807265,67.13537327999367,65.48750555891564,66.42042541503906,6371200.0
2013-07-22,67.19639090886996,67.19639090886996,64.92948401226543,65.65315246582031,7458400.0
2013-07-29,65.19977547740754,67.8154391525235,64.85101899033008,67.58003234863281,7206400.0
2013-08-05,67.41436311346885,68.22521901771368,66.21116036767609,66.28962707519531,6521800.0
2013-08-12,65.88855795487697,67.10048141275635,63.787311905997726,64.04015350341797,8256500.0
2013-08-19,64.02272140674985,65.40030572693729,63.708841266657124,64.8771743774414,5896100.0
2013-08-26,65.1038628471629,65.63571495707136,64.06632084997739,64.29300689697266,5759900.0
2013-09-02,64.88588559468083,65.60955403298055,62.470759422927465,62.63641357421875,6966400.0
2013-09-09,62.71489114542405,64.47610161458229,62.313823546545954,64.19709777832031,9131900.0
2013-09-16,65.04283152733508,67.39693268629395,64.33660450563558,65.80137634277344,10056500.0
2013-09-23,62.82822714360387,68.77450114392299,62.67128708750262,67.33589172363281,12836100.0
2013-09-30,66.65582863007889,68.32113774540271,66.62967305687098,67.9811019897461,5849400.0
2013-10-07,67.28356759955777,67.6148891601065,65.25206780136354,67.4230728149414,6032600.0
2013-10-14,67.17893640316903,67.55384830466944,66.20241998131416,66.56861114501953,5969000.0
2013-10-21,66.58608153703052,67.47540427108996,66.54248448109621,66.91739654541016,4959500.0
2013-10-28,66.89122397753634,68.10314732245571,66.50759126911004,67.056884765625,5921100.0
2013-11-04,66.96970031290476,67.92006148136176,65.4264618217099,66.0542221069336,8378500.0
2013-11-11,66.04551347013663,68.82683821223122,65.86241779538739,68.14676666259766,6451000.0
2013-11-18,68.25137811177025,68.25137811177025,66.31578606928706,67.53643035888672,5673600.0
2013-11-25,68.26881491178145,68.77450476184276,67.51899089896116,68.03340148925781,4577800.0
2013-12-02,68.20779958831407,68.6263020935211,66.76046234886107,68.12060546875,7432200.0
2013-12-09,68.11188384516205,68.53910704546985,66.46401627771252,66.71685791015625,6381000.0
2013-12-16,66.73429878161711,68.5303856763157,66.35066598780709,67.49284362792969,10210000.0
2013-12-23,68.0682898165448,69.74231303060752,67.61491102389417,69.15814971923828,3502700.0
2013-12-30,69.47203498513149,70.46598675693564,68.93146203914185,70.16954803466797,4475500.0
2014-01-06,69.92540839273323,70.36135235191979,60.01204701809612,60.97984313964844,31905600.0
2014-01-13,60.60491896840572,60.94495465652221,57.43124811133483,57.58818817138672,21614100.0
2014-01-20,58.00670368790256,58.05030074577157,56.306524862644594,56.31523895263672,14162700.0
2014-01-27,56.45474442603114,56.93428545646395,55.155629924838856,55.6700439453125,12906700.0
2014-02-03,56.15830518677835,56.28036896573858,54.161677687830185,55.89673614501953,14103700.0
2014-02-10,55.896728710915404,57.63178361135891,55.80082051849116,57.50971984863281,13148300.0
2014-02-17,57.60562274755188,57.76256280691762,56.201882953218174,56.66398239135742,9182300.0
2014-02-24,56.908114981812425,59.672004421725546,56.68142893844443,59.131431579589844,18041700.0
2014-03-03,58.739090216032025,60.75314913634187,58.58215012795744,60.29977035522461,13044500.0
2014-03-10,60.430547814968016,60.77930430302373,59.50634877580059,59.54994583129883,13398800.0
2014-03-17,59.750465234543384,59.92484677220135,58.669326308965985,58.896018981933594,12059100.0
2014-03-24,59.05296925897505,59.680722947250224,58.40776743595142,59.66328811645508,7727700.0
2014-03-31,59.968444705040206,61.88660194851714,59.59353266692243,60.35207748413086,10168100.0
2014-04-07,60.11665956477537,60.35207298967738,55.016117399600425,55.55669021606445,26705700.0
2014-04-14,56.18445552593772,56.794774363876414,55.20793873325938,55.53925704956055,11094100.0
2014-04-21,55.70491332119475,55.89672970946991,54.3360496844758,54.47555160522461,13753000.0
2014-04-28,54.57145365664736,54.97252121790637,53.79547410195429,54.18782424926758,13912400.0
2014-05-05,54.07449161800429,54.23143171670833,52.7928152539175,53.45545196533203,15589700.0
2014-05-12,53.90883172914136,54.9550945731088,53.708294580526186,54.510433197021484,15140400.0
2014-05-19,54.2401459016145,54.49299419290681,52.618433862275445,53.49904251098633,10670100.0
2014-05-26,53.83907509543639,53.90010697926309,52.566119624210614,53.05437469482422,10160200.0
2014-06-02,53.27234253951693,54.17910663766743,52.71433488711291,53.978572845458984,9087900.0
2014-06-09,53.961139103433474,54.745839507540715,52.260957111859945,52.5138053894043,11454400.0
2014-06-16,52.59227386885087,53.769321114088164,52.217361834237,52.37430191040039,16884000.0
2014-06-23,52.49636322161843,53.67341373783578,47.91895230807846,50.0899543762207,40119800.0
2014-06-30,50.06380002486521,52.182487820374,49.793516913117784,51.746543884277344,14353900.0
2014-07-07,51.7465471749421,52.84512782632001,50.45615344115593,51.97323989868164,22087000.0
2014-07-14,52.45277016872932,53.75188446044922,51.79885431556565,53.75188446044922,26258100.0
2014-07-21,53.560064321993906,54.56273655690314,53.403124262164845,54.50170135498047,12349500.0
2014-07-28,54.3970858137396,55.91416890457385,53.69957615554061,53.71701431274414,15712300.0
2014-08-04,53.75189378605535,54.344777861864344,53.21132085894276,54.10064697265625,12899600.0
2014-08-11,54.370923015426804,54.85917804828633,53.50775264149761,53.978572845458984,8159500.0
2014-08-18,54.397077547898746,55.98391302642147,54.06575926335364,55.82697296142578,8520800.0
2014-08-25,56.19316575446712,56.41113770332382,55.06843302611741,56.02751159667969,8918900.0
2014-09-01,56.11469832324404,57.17840248428369,55.71363074074933,57.11737060546875,7371600.0
2014-09-08,56.95171136413659,57.544595339776976,56.271639938073584,56.76861572265625,10405400.0
2014-09-15,56.80350093434799,57.19584784871875,55.347446337011974,55.6700439453125,15364000.0
2014-09-22,55.68747040530417,58.91345578860646,54.47554694876882,58.154911041259766,28552000.0
2014-09-29,58.041571951357774,58.041571951357774,56.25419925833438,57.50971984863281,11721100.0
2014-10-06,57.64921043309744,58.573409159285475,56.838354700053856,56.847068786621094,14944600.0
2014-10-13,56.66398445326284,56.8558008274648,54.196543787427125,55.016117095947266,23282200.0
2014-10-20,55.00740124005021,57.823598424948834,54.85046117052748,56.8819580078125,8995600.0
2014-10-27,56.74245582123743,59.12270563075932,56.48088683796058,58.71291732788086,8439800.0
2014-11-03,58.6344544229364,61.0234251272061,58.477514353197456,60.92751693725586,11052900.0
2014-11-10,60.892645825032,62.57538968510738,60.430546316903666,62.36613845825195,8922300.0
2014-11-17,62.55794479709249,64.17093577157016,61.34602138126505,63.046199798583984,11417100.0
2014-11-24,63.124680938990814,64.58945277609804,62.98517569165854,63.97041320800781,9409500.0
2014-12-01,63.639083722670286,64.22325355885532,62.61025593240215,63.046199798583984,9330200.0
2014-12-08,62.435877455821405,63.56061336412023,61.90402543751014,62.9938850402832,9378000.0
2014-12-15,63.342649509205366,64.88588797636889,62.95029601106226,64.12734985351562,14411700.0
2014-12-22,64.41507149923056,66.87379495243842,64.27557290326327,66.76917266845703,7339000.0
2014-12-29,66.49889666352092,68.38217798830772,65.94088886031989,66.89997100830078,8937400.0
2015-01-05,66.77790281154606,69.43716403499177,63.107254905266814,64.59818267822266,29891200.0
2015-01-12,64.76382456345674,65.17361289278439,62.20919304954013,64.1186294555664,16583600.0
2015-01-19,64.06631943002992,67.10920603503283,63.04620563325566,66.80404663085938,10584100.0
2015-01-26,67.32716100396237,68.5129286627445,65.12128645772006,65.19103240966797,11907400.0
2015-02-02,65.33926121878267,69.19300295268592,64.15349350804709,68.18161010742188,11254200.0
2015-02-09,67.91134574891616,68.66989059149695,66.8650829643699,67.92878723144531,8157700.0
2015-02-16,67.48412391429635,67.86775006197179,66.03678682613726,67.03945922851562,7659500.0
2015-02-23,67.1266554276359,67.38822448909008,63.604227100468,65.09516143798828,10900900.0
2015-03-02,65.24337385912116,66.15885217283655,64.06632651178603,64.2232666015625,7596000.0
2015-03-09,63.90938449789186,65.80137960791828,63.90938449789186,65.43518829345703,5652900.0
2015-03-16,65.82752326139841,67.23998377112237,65.130010420355,65.27823638916016,8980300.0
2015-03-23,65.36541002403182,66.55989169813846,64.17964243591533,65.79263305664062,8386100.0
2015-03-30,66.17629803435808,67.83288650227038,65.330565641941,66.96099853515625,7477600.0
2015-04-06,66.49016436564298,68.09443469755274,63.3688044979773,64.02272033691406,21036000.0
2015-04-13,63.918086624203134,64.2494082150655,62.16559709643543,62.30509567260742,10200900.0
2015-04-20,62.77592616201792,63.70012516854848,62.523077883405946,63.2380256652832,8616000.0
2015-04-27,63.246747478633424,63.464719448168836,61.10190409664212,62.26151657104492,10131200.0
2015-05-04,62.44460256596676,63.054921325448504,61.19780282704642,62.287662506103516,7707700.0
2015-05-11,62.02609366397887,64.12734632294755,59.94228248502127,63.952964782714844,20686300.0
2015-05-18,63.551904143578284,64.70279582662766,61.90403665766612,62.566673278808594,10819200.0
2015-05-25,62.523064838411464,62.80206863039588,61.459360802728675,62.18302917480469,6597100.0
2015-06-01,62.39229316621343,63.5955026709195,60.60492704344691,60.86648941040039,7908900.0
2015-06-08,60.82288997665207,61.87787333291701,60.02946894849985,60.99726486206055,8008600.0
2015-06-15,60.70083888547912,62.496925857262795,60.2910505021358,61.67734909057617,9107700.0
2015-06-22,61.956353352225236,62.23535722003125,58.85243449138622,61.99995040893555,17946300.0
2015-06-29,61.30242741576308,61.755812784491866,59.92484978487381,60.203853607177734,6877800.0
2015-07-06,59.767925445183124,60.44799702524054,58.599592058640766,59.218631744384766,8553900.0
2015-07-13,59.43658359887866,60.76185664328859,59.26220871765514,59.5063362121582,5792300.0
2015-07-20,59.802777328164844,59.802777328164844,57.1173681249547,57.370216369628906,6386100.0
2015-07-27,57.265588255169334,57.352775700640656,56.201884125282426,56.87324142456055,8262000.0
2015-08-03,57.12609099965608,57.12609099965608,54.0047341171895,55.19050216674805,10712400.0
2015-08-10,55.6351588125571,56.341389091064784,54.74583290383966,55.199214935302734,7094500.0
2015-08-17,54.911491019292214,55.914159953060754,53.90010134532385,53.943695068359375,11033500.0
2015-08-24,52.12145594682435,55.077155302049405,51.27572697228349,54.33605194091797,18605900.0
2015-08-31,54.17910703020123,54.7981465661977,52.879996078658664,54.13551330566406,8718500.0
2015-09-07,54.64120854086969,55.949040281830534,53.185157465740915,53.62110137939453,6742300.0
2015-09-14,53.64725996274755,54.737119808088515,52.191208805846394,52.28711700439453,13216600.0
2015-09-21,52.269678470346314,53.969860482000016,51.441384328670075,52.13017654418945,17228900.0
2015-09-28,52.086581886081206,52.17376934112724,48.834437262250226,50.03764343261719,13951500.0
2015-10-05,50.69156043382568,52.77537191936107,50.42127732166948,51.423946380615234,15523700.0
2015-10-12,51.406497445850455,51.49368821051372,49.55809647282804,50.82233428955078,8116800.0
2015-10-19,50.82234218291622,51.85988749864625,50.30792823246444,51.62447738647461,9165400.0
2015-10-26,51.62447844121854,52.077860519183886,49.90686165033641,51.99067306518555,8822400.0
2015-11-02,52.11273598859363,53.612384120232846,51.441381960499044,53.40312957763672,9234300.0
2015-11-09,53.2549178142331,53.41185458600658,46.61112921160841,46.67216110229492,12795800.0
2015-11-16,46.38442673999847,47.34350188859365,45.71307280558678,46.75061798095703,11145400.0
2015-11-23,47.00347678215802,48.49440430009568,45.58229856704205,48.3287467956543,9470000.0
2015-11-30,48.337459542612805,48.4595266312407,45.73051682341097,47.42197799682617,12887100.0
2015-12-07,47.43941417721387,47.849202499861555,45.78282605781885,45.887454986572266,9827100.0
2015-12-14,46.67214732436602,47.081935605993486,43.57694666731768,43.73388671875,14251100.0
2015-12-21,44.126242944748725,44.87606699942861,41.8331770550624,42.67890930175781,13786300.0
2015-12-28,42.50452446814028,43.14972281580914,41.61519863399607,42.068580627441406,8063200.0
2016-01-04,41.501859855844735,42.896882395512925,39.618582254382616,40.66484832763672,21619200.0
2016-01-11,40.95257845480558,41.40596059211996,37.43886772211626,38.70310592651367,14306800.0
2016-01-18,38.502565587543195,39.02569694356893,36.36643978612666,38.092777252197266,10124400.0
2016-01-25,38.16253523772432,38.68566666728238,36.532105733812784,37.639400482177734,11223400.0
2016-02-01,37.31679517873263,38.24099739465288,35.974087240316756,37.857364654541016,10788600.0
2016-02-08,37.813777729035984,39.74065253807129,36.12231638083022,37.438865661621094,13243900.0
2016-02-15,37.43015052937032,41.24029999759462,37.43015052937032,40.53407287597656,9236000.0
2016-02-22,40.752046702519394,43.01023676215775,40.62997958833213,42.71379470825195,9356100.0
2016-02-29,42.68763277674809,45.24226470897724,41.693681056547526,44.74528884887695,8563900.0
2016-03-07,44.59706712218062,45.957210108605445,42.7748212901219,44.187278747558594,10294000.0
2016-03-14,44.08265275792201,44.16112280078059,42.36503255645552,44.030338287353516,9842600.0
2016-03-21,43.82107925725578,44.42268396641489,42.50453014591448,43.071258544921875,4278600.0
2016-03-28,43.09741836238403,43.585676774668634,42.120904863803155,43.16716766357422,9253300.0
2016-04-04,43.04511142612556,45.62590254164118,40.89155023787328,40.97002029418945,23585600.0
2016-04-11,40.813065113067594,42.242960432688406,40.30736864218392,41.8854866027832,11532800.0
2016-04-18,41.85061477643266,43.114852763001664,41.4757027529814,42.844566345214844,8848500.0
2016-04-25,42.89688114448256,44.091366519234775,40.83050795511074,41.1705436706543,11622900.0
2016-05-02,41.37979318281769,41.52801583472457,38.90363175803364,39.461639404296875,6914800.0
2016-05-09,39.46163961766979,40.03708542173873,36.505940563770764,36.872135162353516,10642300.0
2016-05-16,36.811098642255814,37.953269365994736,36.4361866765436,37.20344543457031,9972400.0
2016-05-23,37.27320915249811,39.08673765042748,36.74135698097097,38.82516860961914,9355600.0
2016-05-30,38.964671933727814,39.269834716877035,38.179974761319755,38.75542068481445,6326300.0
2016-06-06,38.79900597907586,40.002212039591235,37.40398686977392,37.95327377319336,9340900.0
2016-06-13,37.77890197797887,38.76413284962094,36.41003499933071,38.23228073120117,14279700.0
2016-06-15,,,,,
2016-06-20,38.61532106785784,39.3760839346945,35.98325467289998,37.872047424316406,30348900.0
2016-06-27,37.583482932278365,38.47541336977419,36.29805328180961,38.099403381347656,15565700.0
2016-07-04,38.08190993251347,38.9738402710707,36.60410564741868,38.87765121459961,10104300.0
2016-07-11,38.92137524082246,40.32922606662514,38.790211065978156,38.798954010009766,10393800.0
2016-07-18,38.90388024988145,39.13123343451829,38.36172444638326,38.89513397216797,6799400.0
2016-07-25,38.9301157246516,39.341104083244694,37.99446407333666,39.30612564086914,10063000.0
2016-08-01,39.3061294152601,39.85702826052788,36.64782758255479,39.18370819091797,11004700.0
2016-08-08,39.32361542561241,40.69648761911312,38.51038497522945,40.33796691894531,9562400.0
2016-08-15,40.32048050127354,40.932589951270835,39.096261601278975,39.77832794189453,8678600.0
2016-08-22,39.62092214934087,40.713973378332234,39.07876633803726,39.743343353271484,9181800.0
2016-08-29,39.8745138692062,40.836401105815185,39.515993142253,40.39043426513672,9952800.0
2016-09-05,40.39043312278057,40.61778967630782,38.02069854736328,38.02069854736328,10003700.0
2016-09-12,37.90700869721487,38.61530697132965,37.050057082949046,37.77584457397461,11524200.0
2016-09-14,,,,,
2016-09-19,38.11331193984336,39.349845882586806,37.21879752556628,38.14839172363281,15528800.0
2016-09-26,38.06945761109037,38.07822588289706,36.753996044231144,37.806365966796875,10666900.0
2016-10-03,37.77128994058107,39.75325410493541,37.47311848866016,38.885047912597656,15132700.0
2016-10-10,39.025360282378365,39.15690777879029,36.08749741950211,36.12257385253906,10019900.0
2016-10-17,36.04365282111253,36.11381239120118,34.95620624787793,35.4736213684082,9611600.0
2016-10-24,35.67532861366766,36.04365635658452,35.04390580250416,35.403465270996094,6692700.0
2016-10-31,35.552546154092894,35.72794171883585,33.85121352509606,33.912601470947266,8203900.0
2016-11-07,34.46509876243607,39.104294883210954,33.94768364987753,38.499183654785156,11821500.0
2016-11-14,38.55179656024139,40.79685238809544,38.157157383123604,38.955204010009766,12359300.0
2016-11-21,39.113065365829755,40.41099070264294,38.841205384050596,39.919883728027344,6206400.0
2016-11-28,39.797104805283176,40.42852418721174,38.91135866330334,39.262149810791016,10715200.0
2016-12-05,39.42878031886151,42.41926380660245,39.35862408493955,42.16494369506836,11089200.0
2016-12-12,42.48064461332786,42.82266748681188,40.92839930896431,41.454586029052734,19321500.0
2016-12-14,,,,,
2016-12-19,41.32605621593076,41.827244288938616,35.39972242316935,35.8481559753418,28448500.0
2016-12-26,35.91849610124235,36.73622470793428,35.45247994949394,35.733848571777344,11255700.0
2017-01-02,35.936084518313685,37.246209980735436,35.619543958041106,35.70747375488281,9664400.0
2017-01-09,35.87452912016145,36.235032839286205,35.32058323568939,35.98004150390625,8048600.0
2017-01-16,36.041593553983795,36.9120765782389,35.35575468321941,35.76901626586914,8001500.0
2017-01-23,35.67229599981879,35.8569435117081,34.88094472860996,34.94249725341797,9308000.0
2017-01-30,34.88094595242471,35.67229725139848,34.643543916910936,35.23265838623047,9592700.0
2017-02-06,35.250242067480336,35.90090902175852,34.370964393913034,35.390926361083984,12731800.0
2017-02-13,35.61074384372389,36.46364421405867,35.10076121077131,36.17348098754883,8089500.0
2017-02-20,36.32297292074412,36.745025929580194,35.346973870357324,36.085567474365234,6805400.0
2017-02-27,36.235042228363774,36.89450066745684,35.16232544828083,35.382144927978516,10450000.0
2017-03-06,35.25903963941837,35.38214135312184,33.92254028956806,34.96887969970703,9418500.0
2017-03-13,35.00405085951895,35.16232113381563,34.2742486664644,34.88974380493164,10445500.0
2017-03-15,,,,,
2017-03-20,35.06230098369174,35.23871574965781,33.33344367985425,33.774478912353516,8777800.0
2017-03-27,33.5186810930413,35.28282220320137,33.324624494177414,34.80650329589844,9288200.0
2017-04-03,34.780040408996314,35.95319243523975,32.88358747035263,34.83296585083008,31068900.0
2017-04-10,34.92999066098952,35.45041239366573,33.562782050856676,33.86268615722656,10349200.0
2017-04-17,34.065563648867844,35.49452036045047,33.61570914955397,35.106407165527344,10622700.0
2017-04-24,35.47687775619749,35.57390605276901,33.97735718380127,34.180233001708984,11177600.0
2017-05-01,34.224342019656014,34.224342019656014,32.645434680658184,32.936519622802734,11488100.0
2017-05-08,32.9718013451373,33.236421863206,31.648695389961368,31.842748641967773,11096200.0
2017-05-15,31.886850798637692,32.230857764733585,30.810723682270424,31.16355323791504,10922000.0
2017-05-22,31.313503355729676,31.481095542632094,30.307943504651192,30.740156173706055,10131700.0
2017-05-29,30.643131800443733,31.36642936839973,30.14034850093086,31.04888343811035,8424700.0
2017-06-05,31.01359355647106,31.551657011554813,29.664026989663963,31.436986923217773,12934000.0
2017-06-12,31.534021242993074,33.06882543576554,30.66959253297898,31.16355323791504,19030900.0
2017-06-14,,,,,
2017-06-19,31.009815780304546,31.532403524356194,26.049663555856316,26.26224136352539,36780700.0
2017-06-26,26.26224357310965,27.608571491039196,25.792801508542254,26.926549911499023,24848400.0
2017-07-03,27.174556376196183,27.71485936871982,26.014235190213906,26.297672271728516,11196600.0
2017-07-10,26.30653148840244,26.377390763081966,25.093064508919973,25.845945358276367,13783600.0
2017-07-17,25.872515259599492,26.359674227334207,25.349929190392665,25.91680335998535,10207700.0
2017-07-24,25.819371437443944,27.280844973635432,24.791911152035485,25.952232360839844,58205200.0
2017-07-31,25.92566017983941,27.236557501269402,25.863658530631245,26.660825729370117,15065000.0
2017-08-07,26.687395713242392,27.590852620054164,25.022202120762206,25.49164581298828,13666100.0
2017-08-14,25.62450578441183,25.996517338885344,24.021313897250838,24.1541748046875,11641200.0
2017-08-21,24.15417644008264,25.243638320012273,23.87959529811543,24.747623443603516,10637100.0
2017-08-28,24.72990734604373,24.969058000973504,24.30475175244735,24.659048080444336,9758800.0
2017-09-04,24.667909287258066,25.349930873724524,24.207323149170193,25.066492080688477,11393200.0
2017-09-11,25.172779204921596,26.244525851994773,24.402183181862938,25.394214630126953,19297000.0
2017-09-14,,,,,
2017-09-18,25.666442661669162,25.76437274719842,19.674935626602075,20.039945602416992,57945200.0
2017-09-25,19.977626321256558,21.2061961475184,19.942014764933262,20.894601821899414,23553600.0
2017-10-02,20.84118955934465,21.126075263839912,20.3248337954338,20.396055221557617,16436000.0
2017-10-09,20.396049480017773,20.458367998076696,18.72234558823364,18.90039825439453,17861500.0
2017-10-16,18.87369395214341,19.265410891813808,18.63332103594623,19.114065170288086,20420600.0
2017-10-23,19.1941898512729,19.22980140905932,18.036841392054864,18.08135414123535,16417300.0
2017-10-30,18.08135185426548,18.21489178296905,17.2534019190301,17.413650512695312,16954600.0
2017-11-06,17.369140159137018,18.14367287102474,16.977421509394084,17.823177337646484,17497000.0
2017-11-13,17.76975976096495,18.757958412527802,17.253404060645693,18.71344566345215,18526400.0
2017-11-20,18.766861010440756,19.096261121862522,17.82317682066469,18.392948150634766,11937600.0
2017-11-27,18.44636266783327,21.23290401756904,18.241601320819495,19.959819793701172,40995300.0
2017-12-04,20.449463735289285,21.838283607459203,19.879692524995257,20.547393798828125,27886200.0
2017-12-11,20.66313146613467,21.2863201073048,19.746155980305904,20.137874603271484,23356500.0
2017-12-14,,,,,
2017-12-18,20.410260972127137,22.16636683750883,18.931904486943218,20.096670150756836,53995600.0
2017-12-25,20.284828089704654,20.938889675803313,19.675566178781448,19.70244598388672,17538100.0
2018-01-01,19.73828365556164,20.293785898060673,19.01254437416868,19.12006187438965,19245000.0
2018-01-08,19.120062606144387,20.48194188009018,18.896069371966437,20.446102142333984,20918700.0
2018-01-15,20.652175704205998,21.27039751492269,20.401304373255808,21.252477645874023,17391900.0
2018-01-22,21.288316001042002,21.575027051464225,19.173819440779116,20.186269760131836,16210800.0
2018-01-29,20.17730752247783,20.84928711103247,19.24549500606114,19.42469024658203,20862600.0
2018-02-05,19.227577422860172,20.060832485018548,17.77610229626976,19.496370315551758,20931300.0
2018-02-12,19.594929255090673,20.98368665015946,18.905029670395663,20.517780303955078,14465000.0
2018-02-19,20.33858409908499,20.47297968295164,19.209658118526516,19.68452262878418,10677000.0
2018-02-26,19.702445197619337,20.078753909411407,18.48392142440067,19.55908966064453,15405900.0
2018-03-05,19.55909009658504,20.30274760206658,19.388854751783388,20.123552322387695,12760500.0
2018-03-12,20.12354967533153,20.858248858226187,19.505329630519146,19.935396194458008,14475300.0
2018-03-15,,,,,
2018-03-19,20.025117802092687,20.29572680462499,19.204268544522616,19.213287353515625,12435600.0
2018-03-26,19.44781675809572,19.628223914193757,18.175951297026007,18.933658599853516,13555800.0
2018-04-02,18.96071951060003,19.61018215241919,18.0677077329149,18.942678451538086,16289300.0
2018-04-09,19.150146904371216,19.51095951019854,15.505937004779918,15.587120056152344,67657700.0
2018-04-16,15.6412397384714,16.786821137147765,15.433772728771277,15.460832595825195,36953800.0
2018-04-23,15.514954626562215,16.543270790525074,15.451810926950376,16.435026168823242,17810700.0
2018-04-30,16.426005579574984,16.43502610805761,15.054917939523829,15.415730476379395,17875200.0
2018-05-07,15.433772949280968,15.523974801402808,14.901573763409898,15.163162231445312,13569800.0
2018-05-14,15.163161302222447,16.407966742904684,15.100019321410583,16.281681060791016,18597300.0
2018-05-21,16.3358039893792,16.462087949117024,15.812625372692613,16.23657989501953,13116200.0
2018-05-28,16.173440273224525,16.633476977115162,15.974992055571603,16.083236694335938,11644600.0
2018-06-04,16.128336619032307,17.7159136589276,16.029114236875767,17.64375114440918,18497900.0
2018-06-11,17.625709830948324,18.70814742742287,17.625709830948324,18.2120304107666,22242100.0
2018-06-14,,,,,
2018-06-18,18.149395977773185,18.876827752249017,17.867517054007937,18.249418258666992,31631500.0
2018-06-25,18.013002625672257,18.504019191623325,16.467213394226636,18.12211799621582,45790800.0
2018-07-02,18.14030641537975,19.495146083212763,17.412874568901028,19.158708572387695,19134000.0
2018-07-09,19.267820535003768,19.504235713054538,17.96753792288948,18.06756019592285,18103000.0
2018-07-16,18.06756352203319,18.131213440470148,16.74000139078869,17.076438903808594,18505200.0
2018-07-23,17.040063322198343,17.74930885336862,16.912763509294653,17.11280632019043,16847200.0
2018-07-30,17.140087394219414,17.72203143925004,16.239892049188892,16.8491153717041,14399400.0
2018-08-06,16.88548783238559,17.067346233278467,16.367193644470206,16.49449348449707,9906500.0
2018-08-13,16.485399889023352,17.085531899963165,16.28535704159688,16.72181510925293,12745900.0
2018-08-20,16.749091766973923,17.25829276619631,16.330818216865232,17.2401065826416,15110300.0
2018-08-27,17.303762002931773,17.431061846947664,15.976199797206323,16.312637329101562,14840500.0
2018-09-03,16.212613774909588,16.812744042064836,16.058034661592014,16.503585815429688,8666700.0
2018-09-10,16.603610585869685,17.1855547538719,15.68522886178467,16.430845260620117,19046400.0
2018-09-13,,,,,
2018-09-17,17.158660794826854,17.96569663479147,16.755144624045496,17.54383659362793,29862600.0
2018-09-24,17.332908776441524,17.708913543477685,12.985925427690868,13.756277084350586,82154400.0
2018-10-01,13.627885033728237,13.83881507332365,12.637433140272918,12.747483253479004,33715900.0
2018-10-08,12.747483525274811,13.233539295549164,12.298112001451871,12.408162117004395,23949100.0
2018-10-15,12.435673177778805,13.022607027141536,12.0504974018343,12.059667587280273,20499100.0
2018-10-22,12.068840403842678,12.793337635544463,11.94961922968915,12.142207145690918,21454500.0
2018-10-29,12.224744545969939,13.563688852467045,12.224744545969939,13.49032211303711,22134000.0
2018-11-05,13.471980663314127,13.471980663314127,12.729142170858172,12.857534408569336,15327500.0
2018-11-12,12.875875011581815,13.187684091392,11.261804995270577,11.637809753417969,25713900.0
2018-11-19,11.646981374810375,12.059669522518508,10.99585087523512,11.692835807800293,15865500.0
2018-11-26,11.857910972715814,11.986302330759417,11.197609436346813,11.812056541442871,23129800.0
2018-12-03,11.986302009153054,12.233915406622874,10.977508921218046,11.417709350585938,20760600.0
2018-12-10,11.417708667568029,11.839567824443174,10.436427946519508,10.757407188415527,22594700.0
2018-12-13,,,,,
2018-12-17,10.833681408827713,11.326121231204556,9.98817124090668,10.043919563293457,31389400.0
2018-12-24,10.034628393024079,10.926595380983764,9.718723288900296,10.6292724609375,21050800.0
2018-12-31,10.750059051753919,11.298247180375991,10.257619243877098,11.103129386901855,26693300.0
2019-01-07,11.075256225436759,14.46658850221789,10.79651637989965,14.150683403015137,115953900.0
2019-01-14,13.927691762049115,14.513045166850018,13.342338357248211,13.686117172241211,51205700.0
2019-01-21,13.59320426125771,13.816195777726948,13.286590704590129,13.7511568069458,26217600.0
2019-01-28,13.741866723221078,14.308637108947236,13.202970058474337,13.797615051269531,28640000.0
2019-02-04,13.779031770949844,14.615250476369251,13.760449585941876,14.32721996307373,19707100.0
2019-02-11,13.936984560734343,15.943910195705751,13.890527768313973,15.720918655395508,33912800.0
2019-02-18,15.693043161845203,15.823122882146192,15.293516010123346,15.637295722961426,11319900.0
2019-02-25,15.748791999568356,15.93461738216883,15.07052412514832,15.507217407226562,15204700.0
2019-03-04,15.014775907001276,15.126272548508368,13.844069145982294,13.89981746673584,21089700.0
2019-03-11,13.946275232838587,14.56879390889022,13.240134512826353,13.2680082321167,24029200.0
2019-03-14,,,,,
2019-03-18,13.424364407190872,13.602729691824319,12.635800211384641,12.861104011535645,22548400.0
2019-03-25,12.851716479759332,16.98229073819689,12.776615210994809,15.949646949768066,87026800.0
2019-04-01,16.27821524539153,17.245145622125946,15.630465700178942,17.226369857788086,36106500.0
2019-04-08,17.170043555874447,18.371663768661612,16.0341349340993,16.888412475585938,83028700.0
2019-04-15,16.803926753343532,16.803926753343532,15.592918412154487,16.343931198120117,26951800.0
2019-04-22,16.419030824168363,16.456582354965004,15.386387004482724,15.771281242370605,20451000.0
2019-04-29,15.771281641163169,15.99658725052902,14.945167638858868,15.44271469116211,17549600.0
2019-05-06,15.142307499113251,15.395774961548293,14.306805630963169,14.794964790344238,18707500.0
2019-05-13,15.085981219726909,15.179858251803251,13.762320260061312,14.090888977050781,24502600.0
2019-05-20,13.931298638289904,14.043950540250476,12.889266978418593,13.011306762695312,17881600.0
2019-05-27,13.020694604123019,13.189672904172104,11.781522791170337,11.912949562072754,20956300.0
2019-06-03,11.847237181768584,13.020695708828995,11.312140379917933,11.668871879577637,21922200.0
2019-06-10,11.697034036153772,11.988052129923998,11.28397704964655,11.349690437316895,16189300.0
2019-06-13,,,,,
2019-06-17,11.510076918113837,11.757605668766214,10.891255041482893,11.015019416809082,25157400.0
2019-06-24,11.081662208598415,11.186385490591984,10.481881430789635,11.062621116638184,24934200.0
2019-07-01,11.167343844854594,11.376791306384685,10.558043459209518,10.919816017150879,18534700.0
2019-07-08,10.824612947558816,11.253027530742507,9.929702505084647,10.367637634277344,66145500.0
2019-07-15,10.396198040787779,10.586604415395223,9.196636518867063,9.425124168395996,38562900.0
2019-07-22,9.425123012476295,9.634570452821952,8.692058333160142,9.501285552978516,47828900.0
2019-07-29,9.58696972749643,9.701213551232517,8.47309131115807,8.75870132446289,37806800.0
2019-08-05,8.56829598804097,8.749181837188493,8.006596439111817,8.054198265075684,27441800.0
2019-08-12,8.035156934142279,8.482612632296915,6.9593601479938885,7.121205806732178,33635500.0
2019-08-19,7.187848335512314,8.435010884243253,6.96888075769769,7.949474811553955,32029000.0
2019-08-26,8.082758636622687,9.272799692942726,7.663864584286913,9.206157684326172,40709200.0
2019-09-02,9.13951577869451,9.939222614892156,8.282685663731677,9.853540420532227,32355900.0
2019-09-09,9.929702529314914,10.510442218342872,9.729775602284104,10.015385627746582,29611100.0
2019-09-12,,,,,
2019-09-16,10.135083212605819,10.280146986235296,9.18733728295654,9.496805191040039,32562000.0
2019-09-23,9.438781138259015,9.661210983562121,9.197009086084064,9.564502716064453,16166900.0
2019-09-30,10.251135477626187,10.618628188778578,9.30338854458995,9.757920265197754,61831100.0
2019-10-07,9.670882426500215,12.717210021932894,9.419439262062276,12.552804946899414,88765400.0
2019-10-14,12.407742363667058,12.407742363667058,11.363287111460478,12.117615699768066,42884900.0
2019-10-21,12.14662835521284,14.15817176349718,12.14662835521284,13.800349235534668,40704700.0
2019-10-28,13.984095212732136,14.496651693301933,12.929968941952751,12.939640045166016,39315400.0
2019-11-04,13.210425383968023,14.158172351178415,12.881615230492729,13.394172668457031,24920400.0
2019-11-11,13.278120938418677,13.78100726008089,12.726880943147348,13.73265266418457,25877100.0
2019-11-18,13.655286188374207,13.761665565479367,11.95321062096821,12.117615699768066,24198800.0
2019-11-25,12.204652503969557,14.380600870288816,12.185311220302701,14.10014533996582,24099000.0
2019-12-02,14.177513289749948,14.719083103803037,13.403842522082908,14.283893585205078,22740000.0
2019-12-09,14.283893454498408,15.396044538770436,14.216196651931735,14.825462341308594,33990400.0
2019-12-12,,,,,
2019-12-16,15.126222679635639,17.394667787608988,14.774222078278937,16.328889846801758,43179500.0
2019-12-23,16.31911242023722,17.28711224312031,15.98666781056466,16.7004451751709,17674800.0
2019-12-30,16.671110522424136,17.27733357095007,15.507555366181878,15.72266674041748,17866600.0
2020-01-06,16.113776898413228,16.72977792628664,13.014222283794183,14.236444473266602,89933300.0
2020-01-13,14.246221923828125,15.419556003146702,13.992000410291883,15.04800033569336,35041200.0
2020-01-20,15.243555361222464,16.055110823890207,15.077333068147718,15.986666679382324,22421800.0
2020-01-27,15.52711129385965,16.0159992524978,13.786667102568332,13.933333396911621,27791900.0
2020-02-03,13.923555213490253,15.6542223130474,13.845333066530992,14.969778060913086,17787500.0
2020-02-10,14.96977804296179,15.116444335214142,10.589333156088292,10.93155574798584,127454600.0
2020-02-17,11.127111242380275,12.681778060950537,11.058667096210772,12.173333168029785,54183500.0
2020-02-24,11.733333615642094,12.036445144338074,9.474666484339096,10.569778442382812,54986400.0
2020-03-02,10.550221694415496,10.618665837283695,8.878221734851895,9.572443962097168,46581300.0
2020-03-09,8.897777925906167,9.347555729616442,5.729777763522517,7.127999782562256,61850400.0
2020-03-12,,,,,
2020-03-16,6.190000057220459,6.610000133514404,4.099999904632568,5.0,63190300.0
2020-03-23,4.949999809265137,6.050000190734863,4.21999979019165,4.650000095367432,51667600.0
2020-03-30,4.539999961853027,4.599999904632568,3.430000066757202,3.940000057220459,56303900.0
2020-04-06,4.150000095367432,6.449999809265137,4.099999904632568,5.579999923706055,73599200.0
2020-04-13,5.699999809265137,5.75,4.349999904632568,4.789999961853027,103435500.0
2020-04-20,4.610000133514404,5.269999980926514,4.320000171661377,5.230000019073486,56338000.0
2020-04-27,5.460000038146973,7.690000057220459,5.440000057220459,5.639999866485596,114517700.0
2020-05-04,5.46999979019165,6.480000019073486,5.360000133514404,6.460000038146973,37227200.0
2020-05-11,6.309999942779541,6.389999866485596,5.099999904632568,5.789999961853027,42821000.0
2020-05-18,6.210000038146973,7.130000114440918,5.78000020980835,6.699999809265137,61510900.0
2020-05-25,7.079999923706055,7.880000114440918,6.940000057220459,7.269999980926514,44011600.0
2020-06-01,7.25,10.180000305175781,7.190000057220459,9.319999694824219,67520900.0
2020-06-08,9.739999771118164,10.180000305175781,7.300000190734863,8.100000381469727,56240500.0
2020-06-15,7.739999771118164,10.649999618530273,7.639999866485596,9.84000015258789,98412200.0
2020-06-22,10.010000228881836,10.5600004196167,9.010000228881836,10.050000190734863,56890800.0
2020-06-29,10.109999656677246,11.449999809265137,9.789999961853027,10.8100004196167,38444800.0
2020-07-06,11.199999809265137,11.329999923706055,7.699999809265137,8.199999809265137,131090700.0
2020-07-13,8.170000076293945,9.6899995803833,7.389999866485596,9.220000267028809,77999700.0
2020-07-20,9.199999809265137,10.539999961853027,8.59000015258789,10.140000343322754,47784400.0
2020-07-27,10.140000343322754,11.539999961853027,10.09000015258789,10.819999694824219,45656300.0
2020-08-03,10.850000381469727,12.210000038146973,10.699999809265137,12.109999656677246,31153800.0
2020-08-10,12.239999771118164,12.890000343322754,11.6899995803833,12.350000381469727,35051500.0
2020-08-17,12.449999809265137,12.949999809265137,11.34000015258789,11.670000076293945,31996200.0
2020-08-24,11.859999656677246,12.609999656677246,11.569999694824219,12.09000015258789,30214300.0
2020-08-31,12.140000343322754,13.260000228881836,11.300000190734863,11.75,34431300.0
2020-09-07,11.520000457763672,12.649999618530273,11.050000190734863,12.039999961853027,31254200.0
2020-09-14,12.119999885559082,13.130000114440918,12.119999885559082,12.5600004196167,31671800.0
2020-09-21,12.25,14.739999771118164,12.069999694824219,14.529999732971191,56155100.0
2020-09-28,14.760000228881836,20.899999618530273,14.170000076293945,20.600000381469727,145501300.0
2020-10-05,21.209999084472656,22.1200008392334,19.700000762939453,21.459999084472656,66070900.0
2020-10-12,21.459999084472656,25.760000228881836,21.040000915527344,24.84000015258789,62842900.0
2020-10-19,25.040000915527344,26.15999984741211,24.09000015258789,25.360000610351562,32807800.0
2020-10-26,24.799999237060547,25.559999465942383,19.530000686645508,19.799999237060547,47670000.0
2020-11-02,20.0,22.219999313354492,19.579999923706055,21.440000534057617,27114200.0
2020-11-09,21.729999542236328,21.850000381469727,17.989999771118164,20.229999542236328,46352900.0
2020-11-16,20.31999969482422,21.200000762939453,19.690000534057617,20.239999771118164,32181400.0
2020-11-23,20.3700008392334,22.799999237060547,20.31999969482422,21.799999237060547,33364600.0
2020-11-30,21.68000030517578,21.860000610351562,19.360000610351562,19.700000762939453,34958100.0
2020-12-07,19.790000915527344,19.809999465942383,17.959999084472656,19.170000076293945,38928400.0
2020-12-14,19.479999542236328,20.440000534057617,18.579999923706055,18.719999313354492,38417900.0
2020-12-21,18.450000762939453,19.479999542236328,18.270000457763672,18.600000381469727,20314800.0
2020-12-28,18.899999618530273,19.3799991607666,17.610000610351562,17.760000228881836,30153600.0
2021-01-04,17.969999313354492,21.56999969482422,17.700000762939453,18.940000534057617,95364600.0
2021-01-11,18.719999313354492,27.739999771118164,18.610000610351562,25.600000381469727,86848300.0
2021-01-18,26.100000381469727,31.450000762939453,24.329999923706055,30.209999084472656,71591800.0
2021-01-25,34.84000015258789,53.900001525878906,28.780000686645508,35.33000183105469,323576100.0
2021-02-01,34.0099983215332,34.68000030517578,24.59000015258789,26.540000915527344,56944500.0
2021-02-08,26.6200008392334,30.950000762939453,25.709999084472656,28.149999618530273,26578000.0
2021-02-15,28.06999969482422,28.43000030517578,25.729999542236328,26.469999313354492,12482700.0
2021-02-22,26.43000030517578,29.389999389648438,24.049999237060547,26.860000610351562,24896700.0
2021-03-01,27.06999969482422,31.979999542236328,26.540000915527344,28.09000015258789,25618700.0
2021-03-08,28.299999237060547,33.119998931884766,27.81999969482422,30.15999984741211,22564800.0
2021-03-15,30.200000762939453,33.33000183105469,30.079999923706055,31.579999923706055,18752300.0
2021-03-22,31.709999084472656,32.20000076293945,27.040000915527344,29.260000228881836,16351200.0
2021-03-29,29.3799991607666,30.139999389648438,28.219999313354492,28.920000076293945,8041400.0
2021-04-05,28.709999084472656,30.5,27.700000762939453,30.030000686645508,15952400.0
2021-04-12,30.020000457763672,30.84000015258789,23.34000015258789,25.520000457763672,45769600.0
2021-04-19,25.399999618530273,26.989999771118164,24.450000762939453,26.520000457763672,20965800.0
2021-04-26,26.75,27.239999771118164,24.979999542236328,25.31999969482422,13595500.0
2021-05-03,25.280000686645508,25.729999542236328,24.059999465942383,25.399999618530273,17291700.0
2021-05-10,25.260000228881836,25.989999771118164,22.850000381469727,25.1200008392334,17299400.0
2021-05-17,25.1299991607666,25.8799991607666,23.18000030517578,24.149999618530273,16258000.0
2021-05-24,24.34000015258789,30.219999313354492,23.729999542236328,27.989999771118164,36399000.0
2021-05-31,28.950000762939453,44.5099983215332,27.020000457763672,31.709999084472656,167697700.0
2021-06-07,31.940000534057617,40.0,30.84000015258789,31.90999984741211,44708600.0
2021-06-14,31.950000762939453,32.189998626708984,27.299999237060547,27.3799991607666,25377700.0
2021-06-21,27.389999389648438,32.150001525878906,27.049999237060547,28.93000030517578,27620400.0
2021-06-28,30.350000381469727,39.29999923706055,29.649999618530273,31.299999237060547,80685300.0
2021-07-05,31.270000457763672,31.31999969482422,27.43000030517578,29.600000381469727,13701800.0
2021-07-12,29.670000076293945,31.700000762939453,26.84000015258789,27.15999984741211,13772800.0
2021-07-19,26.270000457763672,30.350000381469727,26.15999984741211,28.719999313354492,14876300.0
2021-07-26,28.90999984741211,30.030000686645508,28.18000030517578,28.540000915527344,8487200.0
2021-08-02,28.65999984741211,29.219999313354492,26.59000015258789,27.239999771118164,9840300.0
2021-08-09,27.1200008392334,30.1200008392334,26.8799991607666,27.850000381469727,9373300.0
2021-08-16,27.700000762939453,28.40999984741211,25.219999313354492,26.579999923706055,8542000.0
2021-08-23,26.770000457763672,30.139999389648438,26.25,28.329999923706055,14041800.0
2021-08-30,28.40999984741211,28.950000762939453,26.709999084472656,27.020000457763672,8518800.0
2021-09-06,26.420000076293945,26.6200008392334,23.719999313354492,24.440000534057617,17288000.0
2021-09-13,24.450000762939453,24.639999389648438,23.309999465942383,24.139999389648438,13257500.0
2021-09-20,23.600000381469727,24.350000381469727,22.329999923706055,22.950000762939453,12050200.0
2021-09-27,22.899999618530273,24.469999313354492,15.699999809265137,16.579999923706055,80046700.0
2021-10-04,16.25,16.799999237060547,14.229999542236328,14.850000381469727,44456300.0
2021-10-11,14.890000343322754,15.15999984741211,13.920000076293945,13.989999771118164,23826000.0
2021-10-18,14.050000190734863,15.130000114440918,13.760000228881836,14.3100004196167,25226000.0
2021-10-25,14.239999771118164,14.800000190734863,13.380000114440918,14.039999961853027,28302000.0
2021-11-01,14.170000076293945,25.719999313354492,14.119999885559082,22.56999969482422,235297400.0
2021-11-08,21.610000610351562,23.920000076293945,20.809999465942383,22.540000915527344,42158900.0
2021-11-15,22.579999923706055,24.549999237060547,20.90999984741211,23.25,34405900.0
2021-11-22,23.40999984741211,24.739999771118164,20.260000228881836,20.899999618530273,23379400.0
2021-11-29,21.100000381469727,21.209999084472656,16.899999618530273,17.860000610351562,25850900.0
2021-12-06,17.979999542236328,20.1200008392334,17.40999984741211,17.709999084472656,15205200.0
2021-12-13,17.540000915527344,18.030000686645508,15.170000076293945,15.979999542236328,23415100.0
2021-12-20,15.609999656677246,16.299999237060547,14.680000305175781,15.979999542236328,16222700.0
2021-12-27,16.100000381469727,16.3799991607666,14.460000038146973,14.579999923706055,21792500.0
2022-01-03,14.550000190734863,16.3799991607666,13.319999694824219,13.800000190734863,76762000.0
2022-01-10,13.430000305175781,16.260000228881836,12.510000228881836,15.460000038146973,55314000.0
2022-01-17,15.140000343322754,15.369999885559082,12.390000343322754,12.960000038146973,25628200.0
2022-01-24,12.600000381469727,16.1299991607666,12.420000076293945,15.529999732971191,48078800.0
2022-01-31,15.300000190734863,18.040000915527344,15.270000457763672,16.190000534057617,39376200.0
2022-02-07,16.190000534057617,17.299999237060547,15.520000457763672,15.6899995803833,20187800.0
2022-02-14,15.680000305175781,16.899999618530273,14.9399995803833,15.010000228881836,17718900.0
2022-02-18,15.0,15.739999771118164,14.9399995803833,15.010000228881836,3141909.0
