Datetime,Open,High,Low,Close,Volume
2022-01-21 09:30:00-05:00,133.75,133.75,133.75,133.75,0
2022-01-21 09:40:00-05:00,135.58790588378906,135.58790588378906,135.58790588378906,135.58790588378906,806
2022-01-21 09:55:00-05:00,135.63999938964844,135.63999938964844,135.63999938964844,135.63999938964844,536
2022-01-21 10:10:00-05:00,134.9499969482422,134.9499969482422,134.9499969482422,134.9499969482422,611
2022-01-21 10:15:00-05:00,135.07000732421875,135.25999450683594,135.07000732421875,135.25,1021
2022-01-21 10:20:00-05:00,135.64999389648438,135.64999389648438,135.64999389648438,135.64999389648438,525
2022-01-21 10:30:00-05:00,135.8699951171875,136.07000732421875,135.8699951171875,136.07000732421875,1426
2022-01-21 10:40:00-05:00,135.61000061035156,135.61000061035156,135.47999572753906,135.47999572753906,896
2022-01-21 10:50:00-05:00,135.83999633789062,135.83999633789062,135.83999633789062,135.83999633789062,902
2022-01-21 11:10:00-05:00,135.35000610351562,135.7008056640625,135.35000610351562,135.7008056640625,1258
2022-01-21 11:20:00-05:00,135.42999267578125,135.44000244140625,135.41000366210938,135.44000244140625,701
2022-01-21 11:30:00-05:00,135.11000061035156,135.16000366210938,134.99000549316406,134.99000549316406,774
2022-01-21 11:35:00-05:00,134.97000122070312,135.36000061035156,134.9199981689453,135.36000061035156,2804
2022-01-21 12:35:00-05:00,134.32000732421875,134.47500610351562,134.19000244140625,134.19000244140625,1152
2022-01-21 12:40:00-05:00,134.02000427246094,134.02000427246094,134.02000427246094,134.02000427246094,445
2022-01-21 13:00:00-05:00,133.50999450683594,133.58999633789062,133.50999450683594,133.58999633789062,904
2022-01-21 13:15:00-05:00,133.7100067138672,133.7100067138672,133.7100067138672,133.7100067138672,202
2022-01-21 13:20:00-05:00,133.92999267578125,133.92999267578125,133.92999267578125,133.92999267578125,315
2022-01-21 13:25:00-05:00,134.14999389648438,134.14999389648438,134.14999389648438,134.14999389648438,165
2022-01-21 13:30:00-05:00,134.27000427246094,134.27000427246094,134.27000427246094,134.27000427246094,499
2022-01-21 13:50:00-05:00,134.08009338378906,134.08009338378906,134.08009338378906,134.08009338378906,782
2022-01-21 14:20:00-05:00,134.61000061035156,134.61000061035156,134.52999877929688,134.52999877929688,384
2022-01-21 14:30:00-05:00,134.52999877929688,134.52999877929688,134.52999877929688,134.52999877929688,513
2022-01-21 14:50:00-05:00,134.48500061035156,134.48500061035156,134.48500061035156,134.48500061035156,315
2022-01-21 15:00:00-05:00,134.1300048828125,134.1300048828125,134.1300048828125,134.1300048828125,727
2022-01-21 15:05:00-05:00,134.2949981689453,134.2949981689453,134.2949981689453,134.2949981689453,387
2022-01-21 15:10:00-05:00,134.02000427246094,134.02000427246094,134.02000427246094,134.02000427246094,271
2022-01-21 15:15:00-05:00,134.27000427246094,134.27000427246094,134.2050018310547,134.2050018310547,1040
2022-01-21 15:25:00-05:00,133.4949951171875,133.4949951171875,133.4949951171875,133.4949951171875,306
2022-01-21 15:30:00-05:00,133.5800018310547,133.64999389648438,133.5800018310547,133.64999389648438,609
2022-01-21 15:50:00-05:00,133.75999450683594,134.0399932861328,133.41000366210938,133.71499633789062,5580
2022-01-21 15:55:00-05:00,133.52999877929688,133.86000061035156,133.19000244140625,133.2100067138672,13592
2022-01-21 16:00:00-05:00,133.39,133.39,133.32,133.32,0
2022-01-21 16:55:00-05:00,133.32,133.32,133.32,133.32,0
2022-01-25 14:40:00-05:00,133.7899932861328,133.7899932861328,133.7899932861328,133.7899932861328,26003
2022-01-25 14:45:00-05:00,133.7949981689453,133.7949981689453,133.7949981689453,133.7949981689453,100
2022-01-25 14:55:00-05:00,134.5500030517578,134.5500030517578,134.5500030517578,134.5500030517578,858
2022-01-25 15:00:00-05:00,134.50999450683594,134.6699981689453,134.50999450683594,134.57000732421875,950
2022-01-25 15:05:00-05:00,134.35000610351562,134.35000610351562,134.35000610351562,134.35000610351562,177
2022-01-25 15:10:00-05:00,134.27000427246094,134.27000427246094,134.27000427246094,134.27000427246094,733
2022-01-25 15:15:00-05:00,134.14999389648438,134.14999389648438,134.14999389648438,134.14999389648438,169
2022-01-25 15:20:00-05:00,134.01499938964844,134.01499938964844,134.01499938964844,134.01499938964844,389
2022-01-25 15:25:00-05:00,133.6699981689453,133.93499755859375,133.2899932861328,133.2899932861328,779
2022-01-25 15:30:00-05:00,133.32000732421875,133.32000732421875,133.27999877929688,133.27999877929688,626
2022-01-25 15:35:00-05:00,133.5500030517578,133.67999267578125,133.4250030517578,133.67999267578125,1583
2022-01-25 15:40:00-05:00,133.72999572753906,133.9250030517578,133.7100067138672,133.7100067138672,476
2022-01-26 09:45:00-05:00,134.27499389648438,134.27499389648438,134.27499389648438,134.27499389648438,0
2022-01-26 10:00:00-05:00,135.19000244140625,135.19000244140625,135.19000244140625,135.19000244140625,2189
2022-01-26 10:45:00-05:00,133.94500732421875,133.94500732421875,133.94500732421875,133.94500732421875,5311
2022-01-26 12:15:00-05:00,133.89500427246094,133.89500427246094,133.89500427246094,133.89500427246094,6356
2022-01-26 13:55:00-05:00,133.66000366210938,133.66000366210938,133.66000366210938,133.66000366210938,9384
2022-01-26 14:30:00-05:00,134.1699981689453,134.1699981689453,134.1699981689453,134.1699981689453,3383
2022-01-26 14:50:00-05:00,134.60499572753906,134.60499572753906,134.60499572753906,134.60499572753906,0
2022-01-26 15:10:00-05:00,132.27999877929688,132.27999877929688,132.27999877929688,132.27999877929688,37345
2022-01-26 16:00:00-05:00,132.79,132.79,132.79,132.79,97705
2022-01-27 09:30:00-05:00,133.9199981689453,133.9199981689453,132.55499267578125,132.55499267578125,0
2022-01-27 10:00:00-05:00,135.74000549316406,135.74000549316406,135.74000549316406,135.74000549316406,374
2022-01-27 10:05:00-05:00,134.9499969482422,134.9499969482422,134.7899932861328,134.7899932861328,946
2022-01-27 10:40:00-05:00,134.33999633789062,134.41000366210938,134.33999633789062,134.41000366210938,846
2022-01-27 10:55:00-05:00,134.50999450683594,134.50999450683594,134.47000122070312,134.47000122070312,699
2022-01-27 11:00:00-05:00,135.3800048828125,135.3800048828125,135.17759704589844,135.17759704589844,448
2022-01-27 11:10:00-05:00,134.5800018310547,134.5800018310547,134.5800018310547,134.5800018310547,1148
2022-01-27 11:40:00-05:00,134.0399932861328,134.0399932861328,134.0399932861328,134.0399932861328,508
2022-01-27 11:55:00-05:00,133.6199951171875,133.6199951171875,133.6199951171875,133.6199951171875,628
2022-01-27 12:00:00-05:00,134.24000549316406,134.24000549316406,134.24000549316406,134.24000549316406,527
2022-01-27 12:10:00-05:00,133.94000244140625,133.94000244140625,133.75999450683594,133.75999450683594,1607
2022-01-27 12:45:00-05:00,132.80999755859375,132.80999755859375,132.36000061035156,132.36000061035156,893
2022-01-27 13:00:00-05:00,132.94000244140625,132.9499969482422,132.63999938964844,132.63999938964844,1114
2022-01-27 13:05:00-05:00,132.3300018310547,132.3300018310547,131.52999877929688,131.52999877929688,578
2022-01-27 13:15:00-05:00,132.5749969482422,132.5749969482422,132.5749969482422,132.5749969482422,611
2022-01-27 13:45:00-05:00,132.20359802246094,132.20359802246094,132.20359802246094,132.20359802246094,682
2022-01-27 14:00:00-05:00,132.5,132.55999755859375,132.27000427246094,132.27000427246094,1298
2022-01-27 14:15:00-05:00,132.22999572753906,132.22999572753906,132.19000244140625,132.19000244140625,702
2022-01-27 14:20:00-05:00,132.26600646972656,132.26600646972656,132.26600646972656,132.26600646972656,595
2022-01-27 14:30:00-05:00,132.14999389648438,132.24000549316406,132.14999389648438,132.14999389648438,649
2022-01-27 14:40:00-05:00,132.02499389648438,132.0500030517578,132.02499389648438,132.0500030517578,1564
2022-01-27 15:00:00-05:00,132.10000610351562,132.1300048828125,132.10000610351562,132.1300048828125,897
2022-01-27 15:05:00-05:00,132.3000030517578,132.3000030517578,132.3000030517578,132.3000030517578,920
2022-01-27 15:15:00-05:00,131.27999877929688,131.27999877929688,131.27999877929688,131.27999877929688,548
2022-01-27 15:20:00-05:00,131.3800048828125,131.3800048828125,131.22000122070312,131.22000122070312,987
2022-01-27 15:25:00-05:00,132.00999450683594,132.02999877929688,132.00999450683594,132.02999877929688,553
2022-01-27 15:30:00-05:00,131.7899932861328,131.7899932861328,131.7899932861328,131.7899932861328,661
2022-01-27 15:35:00-05:00,131.77000427246094,132.0050048828125,131.77000427246094,132.0050048828125,500
2022-01-27 15:40:00-05:00,131.69000244140625,131.74000549316406,131.69000244140625,131.74000549316406,388
2022-01-27 15:45:00-05:00,132.11000061035156,132.11000061035156,132.11000061035156,132.11000061035156,981
2022-01-27 15:50:00-05:00,132.0500030517578,132.16000366210938,131.86000061035156,131.8699951171875,1529
2022-01-27 15:55:00-05:00,131.89500427246094,132.3000030517578,131.63999938964844,131.77999877929688,6055
2022-01-27 16:00:00-05:00,131.77,131.77,131.77,131.77,0
2022-01-28 09:30:00-05:00,132.19000244140625,132.64999389648438,132.19000244140625,132.64999389648438,729
2022-01-28 10:20:00-05:00,132.7899932861328,132.7899932861328,132.7899932861328,132.7899932861328,541
2022-01-28 11:10:00-05:00,131.36000061035156,131.6479949951172,131.36000061035156,131.6479949951172,1335
2022-01-28 11:20:00-05:00,131.4499969482422,131.52000427246094,131.4499969482422,131.52000427246094,898
2022-01-28 11:45:00-05:00,132.6125946044922,132.6125946044922,132.6125946044922,132.6125946044922,394
2022-01-28 12:05:00-05:00,132.27000427246094,132.27000427246094,132.27000427246094,132.27000427246094,314
2022-01-28 12:15:00-05:00,132.35000610351562,132.35000610351562,132.35000610351562,132.35000610351562,431
2022-01-28 12:35:00-05:00,132.92950439453125,132.92950439453125,132.92950439453125,132.92950439453125,265
2022-01-28 12:40:00-05:00,132.3000030517578,132.3000030517578,132.2899932861328,132.2899932861328,603
2022-01-28 12:45:00-05:00,131.83999633789062,132.10000610351562,131.83999633789062,132.10000610351562,945
2022-01-28 12:50:00-05:00,131.80999755859375,131.82000732421875,131.80999755859375,131.80999755859375,621
2022-01-28 12:55:00-05:00,132.1699981689453,132.1699981689453,132.1699981689453,132.1699981689453,527
2022-01-28 13:10:00-05:00,132.49000549316406,132.49000549316406,132.49000549316406,132.49000549316406,493
2022-01-28 13:25:00-05:00,132.69000244140625,132.69000244140625,132.69000244140625,132.69000244140625,362
2022-01-28 13:45:00-05:00,132.6300048828125,132.6300048828125,132.6300048828125,132.6300048828125,676
2022-01-28 13:50:00-05:00,132.89999389648438,132.89999389648438,132.89999389648438,132.89999389648438,268
2022-01-28 14:00:00-05:00,132.66000366210938,132.66000366210938,132.5449981689453,132.5449981689453,546
2022-01-28 14:05:00-05:00,132.17999267578125,132.17999267578125,132.1699981689453,132.1699981689453,499
2022-01-28 14:10:00-05:00,131.99000549316406,132.30999755859375,131.99000549316406,132.30999755859375,521
2022-01-28 14:20:00-05:00,131.2899932861328,131.2899932861328,131.2100067138672,131.2100067138672,1467
2022-01-28 14:35:00-05:00,131.44000244140625,131.47000122070312,131.44000244140625,131.47000122070312,866
2022-01-28 14:40:00-05:00,132.02000427246094,132.02000427246094,132.02000427246094,132.02000427246094,404
2022-01-28 14:50:00-05:00,133.0,133.0,133.0,133.0,607
2022-01-28 15:00:00-05:00,133.37570190429688,133.37570190429688,133.37570190429688,133.37570190429688,295
2022-01-28 15:10:00-05:00,133.00999450683594,133.00999450683594,133.00999450683594,133.00999450683594,635
2022-01-28 15:25:00-05:00,133.48500061035156,133.48500061035156,133.48500061035156,133.48500061035156,236
2022-01-28 15:30:00-05:00,133.42999267578125,133.42999267578125,133.42999267578125,133.42999267578125,202
2022-01-28 15:35:00-05:00,133.19500732421875,133.19500732421875,133.19500732421875,133.19500732421875,454
2022-01-28 15:40:00-05:00,133.41000366210938,133.5399932861328,133.33999633789062,133.5399932861328,1724
2022-01-28 15:45:00-05:00,133.6699981689453,133.6699981689453,133.6699981689453,133.6699981689453,147
2022-01-28 15:50:00-05:00,133.55999755859375,133.6300048828125,133.5399932861328,133.6300048828125,1329
2022-01-28 15:55:00-05:00,134.17999267578125,134.4499969482422,134.17999267578125,134.42999267578125,7382
2022-01-28 16:00:00-05:00,134.43,134.43,134.429,134.43,0
2022-01-31 09:30:00-05:00,132.94000244140625,132.94000244140625,132.94000244140625,132.94000244140625,1056
2022-01-31 10:05:00-05:00,133.38999938964844,133.52000427246094,133.1699981689453,133.1699981689453,1014
2022-01-31 10:10:00-05:00,133.22000122070312,133.22000122070312,133.22000122070312,133.22000122070312,592
2022-01-31 10:20:00-05:00,134.07659912109375,134.07659912109375,134.07659912109375,134.07659912109375,348
2022-01-31 10:35:00-05:00,133.32000732421875,133.75999450683594,133.30999755859375,133.75999450683594,716
2022-01-31 10:45:00-05:00,133.17999267578125,133.17999267578125,133.17999267578125,133.17999267578125,847
2022-01-31 11:15:00-05:00,133.2100067138672,133.2100067138672,133.2100067138672,133.2100067138672,123
2022-01-31 11:20:00-05:00,132.9499969482422,132.9499969482422,132.91000366210938,132.91000366210938,648
2022-01-31 11:25:00-05:00,133.0,133.0,133.0,133.0,101
2022-01-31 11:30:00-05:00,133.05999755859375,133.08999633789062,133.05999755859375,133.08999633789062,1058
2022-01-31 11:35:00-05:00,133.1938934326172,133.1938934326172,133.1938934326172,133.1938934326172,314
2022-01-31 11:45:00-05:00,133.8300018310547,133.8300018310547,133.8300018310547,133.8300018310547,698
2022-01-31 11:50:00-05:00,133.91000366210938,133.92999267578125,133.91000366210938,133.92999267578125,390
2022-01-31 12:05:00-05:00,133.8800048828125,134.11500549316406,133.72000122070312,133.72000122070312,898
2022-01-31 12:15:00-05:00,134.66000366210938,134.66000366210938,134.66000366210938,134.66000366210938,824
2022-01-31 12:50:00-05:00,134.32000732421875,134.32000732421875,134.30999755859375,134.30999755859375,1175
2022-01-31 13:10:00-05:00,134.64999389648438,134.64999389648438,134.5500030517578,134.5500030517578,553
2022-01-31 13:25:00-05:00,134.6300048828125,134.6300048828125,134.6300048828125,134.6300048828125,804
2022-01-31 13:40:00-05:00,134.6699981689453,134.80999755859375,134.6699981689453,134.80999755859375,453
2022-01-31 13:45:00-05:00,134.57000732421875,134.57000732421875,134.57000732421875,134.57000732421875,371
2022-01-31 14:00:00-05:00,134.27000427246094,134.27000427246094,134.27000427246094,134.27000427246094,261
2022-01-31 14:05:00-05:00,134.89999389648438,134.99000549316406,134.89999389648438,134.99000549316406,894
2022-01-31 14:15:00-05:00,134.88999938964844,134.88999938964844,134.77000427246094,134.86000061035156,540
2022-01-31 14:20:00-05:00,134.74000549316406,134.74000549316406,134.74000549316406,134.74000549316406,120
2022-01-31 14:25:00-05:00,134.85000610351562,134.85000610351562,134.85000610351562,134.85000610351562,112
2022-01-31 14:30:00-05:00,134.89999389648438,135.00999450683594,134.89999389648438,135.00999450683594,223
2022-01-31 14:35:00-05:00,134.97999572753906,134.97999572753906,134.97999572753906,134.97999572753906,120
2022-01-31 14:40:00-05:00,134.9199981689453,135.63119506835938,134.9199981689453,135.63119506835938,1308
2022-01-31 14:50:00-05:00,135.22000122070312,135.22000122070312,135.22000122070312,135.22000122070312,130
2022-01-31 14:55:00-05:00,134.72999572753906,134.72999572753906,134.72999572753906,134.72999572753906,215
2022-01-31 15:00:00-05:00,135.58999633789062,135.58999633789062,135.58999633789062,135.58999633789062,265
2022-01-31 15:05:00-05:00,135.0749969482422,135.0749969482422,135.0749969482422,135.0749969482422,121
2022-01-31 15:10:00-05:00,134.6199951171875,135.07000732421875,134.6199951171875,135.07000732421875,534
2022-01-31 15:15:00-05:00,134.89999389648438,134.89999389648438,134.67999267578125,134.67999267578125,733
2022-01-31 15:25:00-05:00,135.3699951171875,135.49000549316406,135.25999450683594,135.49000549316406,4912
2022-01-31 15:35:00-05:00,135.35000610351562,135.35000610351562,134.55999755859375,135.03500366210938,1239
2022-01-31 15:40:00-05:00,135.0050048828125,135.31500244140625,135.0050048828125,135.31500244140625,734
2022-01-31 15:45:00-05:00,134.69000244140625,134.92999267578125,134.69000244140625,134.92999267578125,426
2022-01-31 15:50:00-05:00,135.1699981689453,135.85000610351562,135.1699981689453,135.85000610351562,2507
2022-01-31 15:55:00-05:00,135.4600067138672,136.27999877929688,135.4600067138672,136.27999877929688,12307
2022-01-31 16:00:00-05:00,136.14,136.21,136.14,136.21,0
2022-02-01 09:30:00-05:00,135.14999389648438,135.14999389648438,135.14999389648438,135.14999389648438,884
2022-02-01 09:45:00-05:00,135.33999633789062,135.33999633789062,135.33999633789062,135.33999633789062,216
2022-02-01 09:50:00-05:00,135.05999755859375,135.05999755859375,134.16000366210938,134.16000366210938,796
2022-02-01 09:55:00-05:00,133.75379943847656,133.75379943847656,133.75379943847656,133.75379943847656,356
2022-02-01 10:00:00-05:00,133.30999755859375,133.30999755859375,133.30999755859375,133.30999755859375,336
2022-02-01 10:10:00-05:00,133.89999389648438,133.89999389648438,133.39999389648438,133.39999389648438,1064
2022-02-01 10:15:00-05:00,133.4499969482422,133.4499969482422,133.0050048828125,133.0050048828125,701
2022-02-01 10:30:00-05:00,132.8699951171875,132.8699951171875,132.8699951171875,132.8699951171875,156
2022-02-01 10:35:00-05:00,132.6300048828125,132.6300048828125,132.6300048828125,132.6300048828125,405
2022-02-01 10:40:00-05:00,133.54820251464844,133.54820251464844,133.54820251464844,133.54820251464844,383
2022-02-01 10:45:00-05:00,133.0,133.0,133.0,133.0,258
2022-02-01 10:50:00-05:00,133.24000549316406,133.27000427246094,133.24000549316406,133.27000427246094,1035
2022-02-01 11:25:00-05:00,133.00999450683594,133.00999450683594,133.00999450683594,133.00999450683594,1004
2022-02-01 11:45:00-05:00,133.4600067138672,133.72000122070312,133.4600067138672,133.71499633789062,1028
2022-02-01 12:00:00-05:00,133.60000610351562,133.60000610351562,133.60000610351562,133.60000610351562,103
2022-02-01 12:05:00-05:00,133.9040985107422,133.9040985107422,133.60000610351562,133.75,731
2022-02-01 12:10:00-05:00,133.97999572753906,134.1999969482422,133.97999572753906,134.1999969482422,952
2022-02-01 12:15:00-05:00,134.1649932861328,134.1649932861328,134.1649932861328,134.1649932861328,175
2022-02-01 12:25:00-05:00,134.19000244140625,134.19000244140625,134.1699981689453,134.1699981689453,376
2022-02-01 12:30:00-05:00,133.91000366210938,133.91000366210938,133.72999572753906,133.72999572753906,962
2022-02-01 12:40:00-05:00,134.00999450683594,134.13999938964844,134.0,134.13999938964844,794
2022-02-01 12:55:00-05:00,134.25999450683594,134.25999450683594,134.25999450683594,134.25999450683594,117
2022-02-01 13:00:00-05:00,133.3000030517578,133.3000030517578,133.3000030517578,133.3000030517578,267
2022-02-01 13:25:00-05:00,133.8800048828125,133.8800048828125,133.8800048828125,133.8800048828125,103
2022-02-01 13:30:00-05:00,134.13999938964844,134.27000427246094,134.13999938964844,134.1925048828125,898
2022-02-01 13:35:00-05:00,134.52000427246094,134.64999389648438,134.47999572753906,134.64999389648438,714
2022-02-01 13:40:00-05:00,134.47999572753906,134.47999572753906,134.36000061035156,134.36000061035156,705
2022-02-01 13:55:00-05:00,133.63999938964844,133.63999938964844,133.63999938964844,133.63999938964844,485
2022-02-01 14:20:00-05:00,133.63999938964844,133.63999938964844,133.63999938964844,133.63999938964844,120
2022-02-01 14:25:00-05:00,133.67999267578125,134.52000427246094,133.67999267578125,134.52000427246094,934
2022-02-01 14:50:00-05:00,133.67999267578125,133.69000244140625,133.67999267578125,133.69000244140625,237
2022-02-01 15:00:00-05:00,134.14999389648438,134.14999389648438,134.14999389648438,134.14999389648438,345
2022-02-01 15:05:00-05:00,134.14999389648438,134.14999389648438,134.11000061035156,134.14999389648438,487
2022-02-01 15:10:00-05:00,134.16000366210938,134.16000366210938,134.11000061035156,134.1199951171875,736
2022-02-01 15:15:00-05:00,133.9199981689453,134.07000732421875,133.9199981689453,134.07000732421875,753
2022-02-01 15:25:00-05:00,134.08999633789062,134.08999633789062,134.08999633789062,134.08999633789062,386
2022-02-01 15:30:00-05:00,133.9499969482422,133.97000122070312,133.8800048828125,133.8800048828125,734
2022-02-01 15:35:00-05:00,133.8800048828125,133.8800048828125,133.8800048828125,133.8800048828125,592
2022-02-01 15:40:00-05:00,133.89500427246094,134.00999450683594,133.89500427246094,134.00999450683594,862
2022-02-01 15:45:00-05:00,134.05999755859375,134.05999755859375,133.89999389648438,133.89999389648438,700
2022-02-01 15:50:00-05:00,134.36500549316406,134.36500549316406,134.36500549316406,134.36500549316406,425
2022-02-01 15:55:00-05:00,134.28500366210938,134.39999389648438,134.0,134.0,5833
2022-02-01 16:00:00-05:00,134.18,134.18,134.18,134.18,0
2022-02-02 09:30:00-05:00,134.1699981689453,134.1699981689453,132.3529052734375,132.3529052734375,1025
2022-02-02 09:55:00-05:00,133.34280395507812,133.34280395507812,133.34280395507812,133.34280395507812,291
2022-02-02 10:00:00-05:00,133.82000732421875,133.82000732421875,133.6999969482422,133.6999969482422,823
2022-02-02 10:25:00-05:00,133.22000122070312,133.22000122070312,133.10000610351562,133.10000610351562,538
2022-02-02 10:35:00-05:00,133.2100067138672,133.4199981689453,133.1199951171875,133.1199951171875,952
2022-02-02 10:50:00-05:00,133.44000244140625,133.44000244140625,133.44000244140625,133.44000244140625,305
2022-02-02 11:00:00-05:00,133.52999877929688,133.92999267578125,133.47999572753906,133.92999267578125,967
2022-02-02 11:15:00-05:00,133.6699981689453,133.6699981689453,133.6699981689453,133.6699981689453,174
2022-02-02 11:20:00-05:00,133.6300048828125,133.64999389648438,133.6300048828125,133.6300048828125,624
2022-02-02 11:25:00-05:00,134.25,134.25,134.25,134.25,1394
2022-02-02 12:10:00-05:00,135.1699981689453,135.1699981689453,134.74000549316406,134.74000549316406,389
2022-02-02 12:30:00-05:00,134.88999938964844,134.88999938964844,134.88999938964844,134.88999938964844,245
2022-02-02 12:40:00-05:00,134.41000366210938,134.41000366210938,134.22999572753906,134.22999572753906,700
2022-02-02 13:05:00-05:00,134.50999450683594,134.50999450683594,134.50999450683594,134.50999450683594,780
2022-02-02 14:05:00-05:00,134.25999450683594,134.25999450683594,134.25,134.25,325
2022-02-02 14:10:00-05:00,134.1699981689453,134.1699981689453,134.1699981689453,134.1699981689453,151
2022-02-02 14:20:00-05:00,134.85000610351562,134.85000610351562,134.85000610351562,134.85000610351562,111
2022-02-02 14:25:00-05:00,134.36000061035156,134.36000061035156,134.36000061035156,134.36000061035156,272
2022-02-02 14:35:00-05:00,134.33999633789062,134.33999633789062,134.33999633789062,134.33999633789062,759
2022-02-02 14:50:00-05:00,134.44000244140625,134.44000244140625,134.44000244140625,134.44000244140625,165
2022-02-02 14:55:00-05:00,134.46499633789062,134.46499633789062,134.46499633789062,134.46499633789062,526
2022-02-02 15:10:00-05:00,134.11000061035156,134.11000061035156,134.10000610351562,134.10000610351562,484
2022-02-02 15:15:00-05:00,133.88499450683594,134.55999755859375,133.88499450683594,134.55999755859375,1191
2022-02-02 15:25:00-05:00,134.14999389648438,134.14999389648438,134.14999389648438,134.14999389648438,555
2022-02-02 15:45:00-05:00,134.33999633789062,134.33999633789062,134.10000610351562,134.10000610351562,685
2022-02-02 15:50:00-05:00,133.99000549316406,133.99000549316406,133.97999572753906,133.97999572753906,1183
2022-02-02 15:55:00-05:00,134.3699951171875,134.3699951171875,133.97000122070312,134.14999389648438,3052
2022-02-02 16:00:00-05:00,134.17,134.17,134.17,134.17,0
2022-02-02 16:25:00-05:00,134.17,134.17,134.17,134.17,0
2022-02-02 17:30:00-05:00,134.17,134.17,134.17,134.17,0
2022-02-03 09:30:00-05:00,134.1199951171875,134.1199951171875,133.00999450683594,133.03500366210938,1422
2022-02-03 09:55:00-05:00,133.8000030517578,133.8300018310547,133.8000030517578,133.8000030517578,791
2022-02-03 10:35:00-05:00,134.39999389648438,134.39999389648438,134.39999389648438,134.39999389648438,520
2022-02-03 10:45:00-05:00,134.9499969482422,134.9499969482422,134.86000061035156,134.86000061035156,889
2022-02-03 11:15:00-05:00,134.4199981689453,134.4199981689453,134.35000610351562,134.35000610351562,450
2022-02-03 11:25:00-05:00,134.0500030517578,134.0500030517578,133.9199981689453,133.9199981689453,789
2022-02-03 11:30:00-05:00,134.22000122070312,134.22000122070312,134.22000122070312,134.22000122070312,568
2022-02-03 11:55:00-05:00,134.7899932861328,134.7899932861328,134.7899932861328,134.7899932861328,414
2022-02-03 12:10:00-05:00,134.3699951171875,134.3699951171875,134.3699951171875,134.3699951171875,102
2022-02-03 12:15:00-05:00,134.33999633789062,134.33999633789062,133.97000122070312,133.97000122070312,1376
2022-02-03 12:20:00-05:00,134.2100067138672,134.2100067138672,134.2100067138672,134.2100067138672,258
2022-02-03 12:25:00-05:00,133.85000610351562,133.85000610351562,133.8000030517578,133.8000030517578,382
2022-02-03 12:30:00-05:00,134.02000427246094,134.02000427246094,134.02000427246094,134.02000427246094,104
2022-02-03 12:35:00-05:00,133.7899932861328,133.7899932861328,133.7899932861328,133.7899932861328,388
2022-02-03 12:40:00-05:00,133.69000244140625,133.69000244140625,133.67999267578125,133.67999267578125,719
2022-02-03 12:45:00-05:00,133.625,133.625,133.625,133.625,174
2022-02-03 12:55:00-05:00,133.75,133.75,133.75,133.75,301
2022-02-03 13:00:00-05:00,133.4199981689453,133.875,133.4199981689453,133.875,1077
2022-02-03 13:10:00-05:00,133.52999877929688,133.52999877929688,133.52999877929688,133.52999877929688,750
2022-02-03 13:20:00-05:00,133.86000061035156,133.86000061035156,133.86000061035156,133.86000061035156,294
2022-02-03 13:25:00-05:00,133.89999389648438,133.89999389648438,133.41000366210938,133.41000366210938,1177
2022-02-03 13:30:00-05:00,133.3300018310547,133.3300018310547,133.3300018310547,133.3300018310547,484
2022-02-03 13:35:00-05:00,133.58999633789062,133.58999633789062,133.58999633789062,133.58999633789062,157
2022-02-03 13:40:00-05:00,133.25,133.5500030517578,133.25,133.5500030517578,437
2022-02-03 13:45:00-05:00,133.27000427246094,133.27000427246094,133.27000427246094,133.27000427246094,676
2022-02-03 13:50:00-05:00,133.47500610351562,133.75999450683594,133.47500610351562,133.52000427246094,2253
2022-02-03 13:55:00-05:00,133.52999877929688,133.52999877929688,133.52999877929688,133.52999877929688,495
2022-02-03 14:00:00-05:00,133.36000061035156,133.36000061035156,133.1999969482422,133.1999969482422,959
2022-02-03 14:05:00-05:00,133.13999938964844,133.13999938964844,133.1300048828125,133.1300048828125,266
2022-02-03 14:10:00-05:00,133.1300048828125,133.1300048828125,133.1300048828125,133.1300048828125,387
2022-02-03 14:15:00-05:00,133.10000610351562,133.10000610351562,133.10000610351562,133.10000610351562,309
2022-02-03 14:20:00-05:00,133.61000061035156,133.61000061035156,133.24000549316406,133.24000549316406,811
2022-02-03 14:25:00-05:00,133.63999938964844,133.63999938964844,133.63999938964844,133.63999938964844,270
2022-02-03 14:30:00-05:00,133.40499877929688,133.60000610351562,133.35499572753906,133.44000244140625,1476
2022-02-03 14:35:00-05:00,133.6020050048828,133.6020050048828,133.6020050048828,133.6020050048828,494
2022-02-03 14:40:00-05:00,133.4499969482422,133.4499969482422,133.42999267578125,133.42999267578125,1065
2022-02-03 14:45:00-05:00,133.10000610351562,133.10000610351562,133.10000610351562,133.10000610351562,343
2022-02-03 14:50:00-05:00,132.98500061035156,133.8000030517578,132.98500061035156,133.8000030517578,532
2022-02-03 14:55:00-05:00,133.4250030517578,133.4250030517578,133.4250030517578,133.4250030517578,185
2022-02-03 15:05:00-05:00,133.28500366210938,133.28500366210938,133.28500366210938,133.28500366210938,174
2022-02-03 15:25:00-05:00,133.47000122070312,133.47999572753906,133.47000122070312,133.47999572753906,3562
2022-02-03 15:30:00-05:00,133.14999389648438,133.16000366210938,133.1300048828125,133.1300048828125,1671
2022-02-03 15:35:00-05:00,133.0800018310547,133.0800018310547,132.9149932861328,132.9149932861328,1128
2022-02-03 15:40:00-05:00,133.02999877929688,133.38499450683594,132.93499755859375,132.93499755859375,964
2022-02-03 15:45:00-05:00,133.16000366210938,133.16000366210938,132.89999389648438,132.89999389648438,768
2022-02-03 15:55:00-05:00,133.10000610351562,133.1999969482422,132.7899932861328,133.19000244140625,13170
2022-02-03 16:00:00-05:00,133.22,133.23,133.22,133.22,0
2022-02-04 14:55:00-05:00,132.72999572753906,132.72999572753906,132.72999572753906,132.72999572753906,17802
2022-02-04 15:00:00-05:00,132.4199981689453,132.4199981689453,132.4199981689453,132.4199981689453,378
2022-02-04 15:05:00-05:00,132.7100067138672,132.9600067138672,132.69000244140625,132.9600067138672,860
2022-02-04 15:10:00-05:00,132.9600067138672,133.3800048828125,132.9600067138672,133.3800048828125,959
2022-02-04 15:30:00-05:00,133.1699981689453,133.1699981689453,132.52000427246094,132.83889770507812,1559
2022-02-04 15:40:00-05:00,132.81509399414062,132.81509399414062,132.81509399414062,132.81509399414062,168
2022-02-04 15:50:00-05:00,132.64999389648438,132.6999969482422,132.3000030517578,132.35000610351562,3113
2022-02-04 15:55:00-05:00,132.35000610351562,132.43499755859375,131.77000427246094,131.77000427246094,6939
2022-02-04 16:00:00-05:00,132.0,132.0,132.0,132.0,0
2022-02-07 16:00:00-05:00,132.13,132.13,132.13,132.13,0
2022-02-08 09:30:00-05:00,132.16000366210938,132.16000366210938,132.02000427246094,132.1199951171875,1185
2022-02-08 10:15:00-05:00,132.19000244140625,132.19000244140625,132.17999267578125,132.17999267578125,1113
2022-02-08 10:25:00-05:00,132.1999969482422,132.1999969482422,132.1999969482422,132.1999969482422,581
2022-02-08 11:00:00-05:00,132.14939880371094,132.14939880371094,132.14939880371094,132.14939880371094,637
2022-02-08 11:05:00-05:00,132.30999755859375,132.30999755859375,132.30999755859375,132.30999755859375,457
2022-02-08 11:10:00-05:00,132.88999938964844,132.89999389648438,132.83999633789062,132.83999633789062,767
2022-02-08 11:15:00-05:00,133.35000610351562,133.38999938964844,133.35000610351562,133.38999938964844,646
2022-02-08 11:25:00-05:00,133.5800018310547,133.5800018310547,133.5800018310547,133.5800018310547,461
2022-02-08 11:50:00-05:00,133.0449981689453,133.24000549316406,133.0449981689453,133.24000549316406,883
2022-02-08 12:05:00-05:00,133.02740478515625,133.02740478515625,133.02740478515625,133.02740478515625,166
2022-02-08 12:10:00-05:00,133.0500030517578,133.0500030517578,132.9600067138672,132.9600067138672,804
2022-02-08 12:20:00-05:00,133.2899932861328,133.2899932861328,133.2899932861328,133.2899932861328,359
2022-02-08 12:45:00-05:00,132.89999389648438,132.89999389648438,132.85000610351562,132.85000610351562,800
2022-02-08 12:50:00-05:00,132.64500427246094,132.64500427246094,132.47999572753906,132.47999572753906,395
2022-02-08 13:20:00-05:00,132.60499572753906,132.60499572753906,132.60499572753906,132.60499572753906,750
2022-02-08 13:45:00-05:00,132.8800048828125,133.02999877929688,132.8800048828125,133.02999877929688,635
2022-02-08 13:55:00-05:00,132.86000061035156,132.86000061035156,132.38380432128906,132.43380737304688,1950
2022-02-08 14:10:00-05:00,133.05380249023438,133.05380249023438,133.05380249023438,133.05380249023438,1110
2022-02-08 15:00:00-05:00,131.63999938964844,131.81129455566406,131.63999938964844,131.81129455566406,342
2022-02-08 15:05:00-05:00,132.1199951171875,132.1199951171875,132.1199951171875,132.1199951171875,174
2022-02-08 15:10:00-05:00,132.11000061035156,132.11000061035156,132.11000061035156,132.11000061035156,869
2022-02-08 15:20:00-05:00,131.91000366210938,131.91000366210938,131.91000366210938,131.91000366210938,775
2022-02-08 15:35:00-05:00,132.2100067138672,132.2100067138672,132.2100067138672,132.2100067138672,289
2022-02-08 15:40:00-05:00,132.0800018310547,132.0800018310547,131.97999572753906,131.97999572753906,453
2022-02-08 15:45:00-05:00,131.9600067138672,132.02000427246094,131.9600067138672,132.02000427246094,493
2022-02-08 15:50:00-05:00,132.19000244140625,132.19000244140625,131.75999450683594,131.75999450683594,1359
2022-02-08 15:55:00-05:00,131.74000549316406,132.02999877929688,131.49000549316406,131.7100067138672,2650
2022-02-08 16:00:00-05:00,131.72,132.05,131.72,132.05,0
2022-02-08 16:40:00-05:00,132.05,132.05,132.05,132.05,0
2022-02-09 09:30:00-05:00,132.94000244140625,132.94000244140625,132.94000244140625,132.94000244140625,801
2022-02-09 10:00:00-05:00,131.80999755859375,131.80999755859375,131.80999755859375,131.80999755859375,449
2022-02-09 10:05:00-05:00,131.35000610351562,132.14999389648438,131.35000610351562,132.14999389648438,1310
2022-02-09 10:30:00-05:00,132.08999633789062,132.08999633789062,132.08999633789062,132.08999633789062,524
2022-02-09 11:00:00-05:00,131.5399932861328,131.5399932861328,131.27000427246094,131.27000427246094,995
2022-02-09 11:05:00-05:00,131.0399932861328,131.0399932861328,130.97999572753906,130.97999572753906,468
2022-02-09 11:10:00-05:00,130.97500610351562,130.97500610351562,130.97500610351562,130.97500610351562,189
2022-02-09 11:15:00-05:00,131.10000610351562,131.10000610351562,131.10000610351562,131.10000610351562,104
2022-02-09 11:20:00-05:00,131.16250610351562,131.39999389648438,131.16250610351562,131.39999389648438,922
2022-02-09 12:05:00-05:00,131.47999572753906,131.47999572753906,131.47999572753906,131.47999572753906,315
2022-02-09 12:10:00-05:00,131.63999938964844,131.63999938964844,131.60000610351562,131.61000061035156,1972
2022-02-09 12:45:00-05:00,131.0399932861328,131.0399932861328,131.0399932861328,131.0399932861328,48
2022-02-09 12:55:00-05:00,131.14999389648438,131.27999877929688,131.14999389648438,131.27999877929688,1233
2022-02-09 13:55:00-05:00,131.52999877929688,131.6199951171875,131.52999877929688,131.6199951171875,993
2022-02-09 14:00:00-05:00,131.19000244140625,131.19000244140625,131.0,131.0,829
2022-02-09 14:05:00-05:00,131.0,131.27499389648438,131.0,131.27499389648438,507
2022-02-09 14:15:00-05:00,131.47000122070312,131.75999450683594,131.47000122070312,131.75999450683594,1360
2022-02-09 14:40:00-05:00,131.4199981689453,131.4199981689453,131.39999389648438,131.39999389648438,452
2022-02-09 15:00:00-05:00,131.47999572753906,131.47999572753906,131.47999572753906,131.47999572753906,469
2022-02-09 15:20:00-05:00,131.0,131.0,131.0,131.0,357
2022-02-09 15:25:00-05:00,130.61000061035156,130.61000061035156,130.61000061035156,130.61000061035156,124
2022-02-09 15:30:00-05:00,130.90499877929688,130.90499877929688,130.86000061035156,130.86000061035156,543
2022-02-09 15:35:00-05:00,130.9199981689453,130.9199981689453,130.91000366210938,130.91000366210938,493
2022-02-09 15:40:00-05:00,130.8000030517578,130.8000030517578,130.74000549316406,130.74000549316406,354
2022-02-09 15:50:00-05:00,130.97999572753906,131.47999572753906,130.97999572753906,131.11000061035156,2540
2022-02-09 15:55:00-05:00,131.1699981689453,131.80999755859375,131.1699981689453,131.6300048828125,7070
2022-02-09 16:00:00-05:00,131.61,131.69,131.61,131.69,0
2022-02-09 17:35:00-05:00,131.69,131.69,131.69,131.69,0
2022-02-10 09:30:00-05:00,130.07000732421875,130.55999755859375,130.07000732421875,130.55999755859375,730
2022-02-10 09:35:00-05:00,129.99510192871094,130.27999877929688,129.99510192871094,130.27999877929688,349
2022-02-10 09:40:00-05:00,130.1649932861328,130.1649932861328,130.1649932861328,130.1649932861328,786
2022-02-10 09:45:00-05:00,130.7050018310547,130.7050018310547,130.7050018310547,130.7050018310547,0
2022-02-10 09:50:00-05:00,130.92999267578125,131.01600646972656,130.42999267578125,130.42999267578125,2838
2022-02-10 10:05:00-05:00,130.5399932861328,130.74000549316406,130.5399932861328,130.74000549316406,423
2022-02-10 10:15:00-05:00,131.14500427246094,131.14500427246094,131.02000427246094,131.02000427246094,379
2022-02-10 10:20:00-05:00,130.86000061035156,130.86000061035156,130.86000061035156,130.86000061035156,345
2022-02-10 10:30:00-05:00,130.8000030517578,130.8000030517578,130.8000030517578,130.8000030517578,392
2022-02-10 10:40:00-05:00,131.25,131.2899932861328,131.25,131.2899932861328,724
2022-02-10 10:50:00-05:00,131.4550018310547,131.4550018310547,130.74000549316406,130.74000549316406,1401
2022-02-10 11:20:00-05:00,130.47000122070312,130.47000122070312,130.4499969482422,130.4499969482422,983
2022-02-10 11:35:00-05:00,130.72000122070312,130.72000122070312,130.72000122070312,130.72000122070312,522
2022-02-10 11:45:00-05:00,131.47000122070312,131.47000122070312,131.13999938964844,131.13999938964844,390
2022-02-10 11:55:00-05:00,131.30999755859375,131.30999755859375,131.27999877929688,131.27999877929688,725
2022-02-10 12:05:00-05:00,131.32000732421875,131.32000732421875,131.32000732421875,131.32000732421875,494
2022-02-10 12:25:00-05:00,131.0800018310547,131.0800018310547,131.0800018310547,131.0800018310547,902
2022-02-10 12:45:00-05:00,130.6300048828125,130.6300048828125,130.6300048828125,130.6300048828125,479
2022-02-10 13:00:00-05:00,130.22999572753906,130.22999572753906,130.17999267578125,130.17999267578125,565
2022-02-10 13:05:00-05:00,130.36000061035156,130.52999877929688,130.36000061035156,130.52999877929688,733
2022-02-10 13:15:00-05:00,130.14999389648438,130.1699981689453,130.14999389648438,130.1699981689453,314
2022-02-10 13:20:00-05:00,130.7899932861328,130.7899932861328,130.7899932861328,130.7899932861328,255
2022-02-10 13:30:00-05:00,129.89999389648438,129.91000366210938,129.89999389648438,129.91000366210938,408
2022-02-10 13:35:00-05:00,129.5500030517578,129.5800018310547,129.10499572753906,129.11000061035156,3650
2022-02-10 13:40:00-05:00,129.16000366210938,129.22999572753906,129.16000366210938,129.16000366210938,437
2022-02-10 13:45:00-05:00,129.0850067138672,129.0850067138672,128.5399932861328,128.67999267578125,1984
2022-02-10 13:50:00-05:00,129.0,129.0,129.0,129.0,359
2022-02-10 14:05:00-05:00,129.52999877929688,129.52999877929688,129.52999877929688,129.52999877929688,329
2022-02-10 14:10:00-05:00,129.1300048828125,129.1300048828125,129.1300048828125,129.1300048828125,127
2022-02-10 14:15:00-05:00,128.62240600585938,128.9199981689453,128.62240600585938,128.9199981689453,687
2022-02-10 14:25:00-05:00,128.99000549316406,129.0,128.99000549316406,129.0,1224
2022-02-10 14:30:00-05:00,128.64999389648438,128.64999389648438,128.25999450683594,128.25999450683594,1033
2022-02-10 14:35:00-05:00,128.6999969482422,128.6999969482422,128.64999389648438,128.6999969482422,662
2022-02-10 14:45:00-05:00,128.6300048828125,128.80999755859375,128.6300048828125,128.80999755859375,597
2022-02-10 14:50:00-05:00,128.86000061035156,128.86500549316406,128.0800018310547,128.0800018310547,998
2022-02-10 14:55:00-05:00,128.13999938964844,128.2100067138672,128.13999938964844,128.2100067138672,465
2022-02-10 15:00:00-05:00,128.10800170898438,128.69000244140625,128.10800170898438,128.69000244140625,381
2022-02-10 15:05:00-05:00,128.3699951171875,128.5800018310547,128.3699951171875,128.5800018310547,1308
2022-02-10 15:15:00-05:00,127.95999908447266,127.95999908447266,127.95999908447266,127.95999908447266,457
2022-02-10 15:20:00-05:00,127.9000015258789,128.2100067138672,127.9000015258789,128.2100067138672,789
2022-02-10 15:25:00-05:00,128.4600067138672,128.4600067138672,128.4600067138672,128.4600067138672,413
2022-02-10 15:30:00-05:00,128.52999877929688,128.52999877929688,128.52999877929688,128.52999877929688,207
2022-02-10 15:35:00-05:00,128.50999450683594,128.50999450683594,127.9801025390625,128.2899932861328,1710
2022-02-10 15:40:00-05:00,128.4499969482422,128.4499969482422,128.4499969482422,128.4499969482422,264
2022-02-10 15:45:00-05:00,128.24000549316406,128.24000549316406,127.91999816894531,127.91999816894531,972
2022-02-10 15:50:00-05:00,127.9800033569336,128.52000427246094,127.9800033569336,128.3800048828125,1522
2022-02-10 15:55:00-05:00,128.55999755859375,129.13999938964844,128.55999755859375,129.0,11243
2022-02-10 16:00:00-05:00,129.0,129.0,129.0,129.0,0
2022-02-11 09:30:00-05:00,129.9499969482422,129.9499969482422,129.9499969482422,129.9499969482422,705
2022-02-11 10:40:00-05:00,130.61500549316406,130.61500549316406,130.02999877929688,130.0399932861328,1522
2022-02-11 10:50:00-05:00,130.55999755859375,130.60000610351562,130.55999755859375,130.60000610351562,501
2022-02-11 10:55:00-05:00,130.9199981689453,130.9199981689453,130.8699951171875,130.8699951171875,886
2022-02-11 11:05:00-05:00,131.1199951171875,131.1300048828125,131.1199951171875,131.1300048828125,441
2022-02-11 11:10:00-05:00,130.72000122070312,130.72000122070312,130.72000122070312,130.72000122070312,493
2022-02-11 11:15:00-05:00,130.99000549316406,130.99000549316406,130.99000549316406,130.99000549316406,670
2022-02-11 11:35:00-05:00,130.5,130.86000061035156,130.44000244140625,130.86000061035156,535
2022-02-11 11:50:00-05:00,130.47999572753906,130.47999572753906,130.47999572753906,130.47999572753906,495
2022-02-11 12:05:00-05:00,130.77000427246094,130.77000427246094,130.77000427246094,130.77000427246094,277
2022-02-11 12:10:00-05:00,130.92999267578125,130.97999572753906,130.92999267578125,130.97999572753906,570
2022-02-11 12:15:00-05:00,130.52999877929688,130.5500030517578,130.52999877929688,130.5500030517578,509
2022-02-11 12:35:00-05:00,130.3800048828125,130.3800048828125,130.35000610351562,130.35000610351562,375
2022-02-11 12:45:00-05:00,130.27000427246094,130.27000427246094,130.27000427246094,130.27000427246094,986
2022-02-11 13:15:00-05:00,130.77999877929688,130.77999877929688,130.77999877929688,130.77999877929688,495
2022-02-11 13:25:00-05:00,130.42999267578125,130.42999267578125,130.42999267578125,130.42999267578125,140
2022-02-11 13:30:00-05:00,130.3800048828125,130.47000122070312,130.25999450683594,130.25999450683594,999
2022-02-11 13:50:00-05:00,129.0,129.33999633789062,129.0,129.30999755859375,715
2022-02-11 14:00:00-05:00,129.11000061035156,129.11000061035156,128.91000366210938,128.91000366210938,601
2022-02-11 14:05:00-05:00,129.27000427246094,129.5399932861328,129.27000427246094,129.5399932861328,554
2022-02-11 14:30:00-05:00,129.52999877929688,129.52999877929688,129.52999877929688,129.52999877929688,1153
2022-02-11 14:45:00-05:00,129.4600067138672,129.4600067138672,129.3800048828125,129.3800048828125,953
2022-02-11 14:55:00-05:00,129.5050048828125,129.85000610351562,129.5050048828125,129.85000610351562,1231
2022-02-11 15:05:00-05:00,130.3000030517578,130.3000030517578,130.3000030517578,130.3000030517578,399
2022-02-11 15:15:00-05:00,130.33999633789062,130.33999633789062,130.33999633789062,130.33999633789062,521
2022-02-11 15:25:00-05:00,130.4010009765625,130.5,130.4010009765625,130.49000549316406,1209
2022-02-11 15:35:00-05:00,130.22000122070312,130.25,130.1999969482422,130.1999969482422,1768
2022-02-11 15:40:00-05:00,130.02999877929688,130.33999633789062,130.02999877929688,130.33999633789062,1524
2022-02-11 15:55:00-05:00,130.64999389648438,130.64999389648438,130.0399932861328,130.0399932861328,4093
2022-02-11 16:00:00-05:00,130.05,130.35,130.04,130.35,0
2022-02-14 09:30:00-05:00,130.74000549316406,130.74000549316406,130.74000549316406,130.74000549316406,740
2022-02-14 09:55:00-05:00,129.66000366210938,129.66000366210938,129.66000366210938,129.66000366210938,600
2022-02-14 10:10:00-05:00,129.85000610351562,130.05999755859375,129.5500030517578,129.5500030517578,545
2022-02-14 10:15:00-05:00,129.52999877929688,129.52999877929688,129.52999877929688,129.52999877929688,925
2022-02-14 11:15:00-05:00,127.9800033569336,128.0,127.9800033569336,128.0,784
2022-02-14 11:25:00-05:00,127.86499786376953,127.86499786376953,127.86499786376953,127.86499786376953,147
2022-02-14 11:30:00-05:00,127.80999755859375,127.80999755859375,127.80999755859375,127.80999755859375,120
2022-02-14 11:35:00-05:00,127.70999908447266,127.70999908447266,127.70999908447266,127.70999908447266,288
2022-02-14 11:45:00-05:00,127.72000122070312,127.75,127.72000122070312,127.75,1421
2022-02-14 12:20:00-05:00,127.77999877929688,127.77999877929688,127.77999877929688,127.77999877929688,485
2022-02-14 12:30:00-05:00,127.92500305175781,128.06500244140625,127.92500305175781,128.06500244140625,576
2022-02-14 12:40:00-05:00,128.38999938964844,128.38999938964844,128.38999938964844,128.38999938964844,676
2022-02-14 13:00:00-05:00,128.9600067138672,128.9600067138672,128.9600067138672,128.9600067138672,101
2022-02-14 13:05:00-05:00,129.1999969482422,129.31500244140625,129.1999969482422,129.31500244140625,809
2022-02-14 13:30:00-05:00,129.0399932861328,129.42999267578125,129.0399932861328,129.0500030517578,1274
2022-02-14 13:50:00-05:00,128.75,128.75,128.74000549316406,128.74000549316406,673
2022-02-14 14:00:00-05:00,128.3699951171875,128.52000427246094,128.3699951171875,128.52000427246094,1177
2022-02-14 14:05:00-05:00,128.80999755859375,128.80999755859375,128.80999755859375,128.80999755859375,454
2022-02-14 14:10:00-05:00,128.4199981689453,128.77999877929688,128.4199981689453,128.77999877929688,794
2022-02-14 14:25:00-05:00,128.61000061035156,128.61000061035156,128.61000061035156,128.61000061035156,1047
2022-02-14 14:30:00-05:00,128.85000610351562,128.86000061035156,128.85000610351562,128.86000061035156,624
2022-02-14 14:50:00-05:00,129.30999755859375,129.32000732421875,129.30999755859375,129.32000732421875,1141
2022-02-14 15:05:00-05:00,129.3000030517578,129.3000030517578,129.08999633789062,129.08999633789062,720
2022-02-14 15:10:00-05:00,129.27999877929688,129.3000030517578,129.27999877929688,129.3000030517578,1133
2022-02-14 15:15:00-05:00,129.6199951171875,129.6199951171875,129.6199951171875,129.6199951171875,274
2022-02-14 15:20:00-05:00,129.47999572753906,129.8000030517578,129.4727020263672,129.8000030517578,749
2022-02-14 15:25:00-05:00,129.74000549316406,129.74000549316406,129.25999450683594,129.38999938964844,857
2022-02-14 15:35:00-05:00,129.5500030517578,129.5500030517578,129.5500030517578,129.5500030517578,257
2022-02-14 15:40:00-05:00,129.5399932861328,129.5800018310547,129.35000610351562,129.57000732421875,1323
2022-02-14 15:45:00-05:00,129.61000061035156,129.67999267578125,129.35499572753906,129.67999267578125,1084
2022-02-14 15:50:00-05:00,129.22999572753906,129.50999450683594,129.22999572753906,129.50999450683594,1804
2022-02-14 15:55:00-05:00,129.27000427246094,129.32000732421875,128.9499969482422,128.9499969482422,2493
2022-02-14 16:00:00-05:00,129.01,129.01,129.01,129.01,13641
2022-02-15 16:00:00-05:00,129.48,129.48,129.48,129.48,0
2022-02-16 09:30:00-05:00,128.75999450683594,128.75999450683594,128.75999450683594,128.75999450683594,550
2022-02-16 10:30:00-05:00,128.75,128.75,128.75,128.75,389
2022-02-16 11:00:00-05:00,128.5,128.5,128.5,128.5,523
2022-02-16 11:05:00-05:00,128.2100067138672,128.2100067138672,128.2100067138672,128.2100067138672,826
2022-02-16 11:10:00-05:00,128.5800018310547,128.5800018310547,128.5800018310547,128.5800018310547,277
2022-02-16 11:15:00-05:00,128.6300048828125,128.6300048828125,128.6300048828125,128.6300048828125,307
2022-02-16 11:25:00-05:00,128.97000122070312,128.97000122070312,128.97000122070312,128.97000122070312,335
2022-02-16 11:30:00-05:00,129.16000366210938,129.16000366210938,129.16000366210938,129.16000366210938,553
2022-02-16 11:35:00-05:00,129.2899932861328,129.2899932861328,129.2899932861328,129.2899932861328,379
2022-02-16 11:55:00-05:00,129.3000030517578,129.32000732421875,129.27000427246094,129.27000427246094,804
2022-02-16 12:20:00-05:00,129.1999969482422,129.2100067138672,129.1999969482422,129.2100067138672,469
2022-02-16 12:30:00-05:00,129.19000244140625,129.19000244140625,129.19000244140625,129.19000244140625,101
2022-02-16 12:35:00-05:00,129.3699951171875,129.3699951171875,129.3699951171875,129.3699951171875,369
2022-02-16 12:40:00-05:00,129.58999633789062,129.58999633789062,129.58999633789062,129.58999633789062,113
2022-02-16 12:50:00-05:00,129.5449981689453,129.5449981689453,129.5449981689453,129.5449981689453,154
2022-02-16 12:55:00-05:00,129.49000549316406,129.60000610351562,129.3699951171875,129.3699951171875,1327
2022-02-16 13:10:00-05:00,129.02999877929688,129.02999877929688,129.02999877929688,129.02999877929688,1205
2022-02-16 13:45:00-05:00,128.75,128.75,128.59249877929688,128.59249877929688,357
2022-02-16 13:50:00-05:00,128.89999389648438,128.89999389648438,128.74000549316406,128.80999755859375,576
2022-02-16 14:00:00-05:00,129.0,129.25999450683594,128.6638946533203,128.6638946533203,1081
2022-02-16 14:05:00-05:00,128.89500427246094,128.89500427246094,128.89500427246094,128.89500427246094,189
2022-02-16 14:15:00-05:00,128.8000030517578,128.8000030517578,128.8000030517578,128.8000030517578,443
2022-02-16 14:25:00-05:00,128.97999572753906,129.33999633789062,128.61090087890625,129.33999633789062,1398
2022-02-16 14:30:00-05:00,129.33999633789062,129.91000366210938,129.33999633789062,129.42999267578125,954
2022-02-16 14:50:00-05:00,129.25,129.25,129.25,129.25,101
2022-02-16 14:55:00-05:00,129.25999450683594,129.25999450683594,129.25999450683594,129.25999450683594,262
2022-02-16 15:00:00-05:00,129.0,129.22999572753906,129.0,129.22999572753906,615
2022-02-16 15:10:00-05:00,128.99000549316406,128.99000549316406,128.99000549316406,128.99000549316406,103
2022-02-16 15:15:00-05:00,129.23500061035156,129.23500061035156,129.22999572753906,129.22999572753906,404
2022-02-16 15:20:00-05:00,129.25,129.25,129.22999572753906,129.22999572753906,335
2022-02-16 15:25:00-05:00,129.42999267578125,129.42999267578125,129.42999267578125,129.42999267578125,723
2022-02-16 15:30:00-05:00,129.0500030517578,129.0500030517578,128.75,128.75,1314
2022-02-16 15:35:00-05:00,128.9600067138672,129.2100067138672,128.9600067138672,129.17999267578125,1384
2022-02-16 15:45:00-05:00,129.3000030517578,129.42999267578125,129.10000610351562,129.10000610351562,5085
2022-02-16 15:50:00-05:00,129.30999755859375,129.30999755859375,128.99000549316406,128.99000549316406,623
2022-02-16 15:55:00-05:00,128.97000122070312,129.25,128.9499969482422,128.9499969482422,5326
2022-02-16 16:00:00-05:00,129.08,129.08,129.08,129.08,6925
2022-02-16 17:05:00-05:00,129.08,129.08,129.08,129.08,0
2022-02-17 09:30:00-05:00,128.17999267578125,128.24000549316406,128.0,128.0,897
2022-02-17 09:55:00-05:00,127.63999938964844,127.63999938964844,127.63999938964844,127.63999938964844,351
2022-02-17 10:05:00-05:00,126.77870178222656,126.77870178222656,126.77870178222656,126.77870178222656,286
2022-02-17 10:10:00-05:00,127.3499984741211,127.3499984741211,127.3499984741211,127.3499984741211,416
2022-02-17 16:00:00-05:00,129.33,129.33,129.33,129.33,0
2022-02-18 09:30:00-05:00,128.35000610351562,128.83999633789062,128.35000610351562,128.83999633789062,2991
2022-02-18 09:40:00-05:00,127.80000305175781,128.67999267578125,127.80000305175781,128.67999267578125,709
2022-02-18 09:50:00-05:00,129.36000061035156,129.36000061035156,129.36000061035156,129.36000061035156,159
2022-02-18 09:55:00-05:00,129.42999267578125,129.44000244140625,129.42999267578125,129.44000244140625,546
2022-02-18 10:30:00-05:00,130.00999450683594,130.00999450683594,130.00999450683594,130.00999450683594,962
2022-02-18 10:35:00-05:00,130.2100067138672,130.2100067138672,130.2100067138672,130.2100067138672,179
2022-02-18 10:40:00-05:00,130.44000244140625,130.44000244140625,130.44000244140625,130.44000244140625,172
2022-02-18 10:45:00-05:00,130.7100067138672,130.7100067138672,130.7100067138672,130.7100067138672,445
2022-02-18 10:50:00-05:00,130.2100067138672,130.2100067138672,130.2100067138672,130.2100067138672,749
2022-02-18 11:00:00-05:00,129.94500732421875,129.94500732421875,129.94500732421875,129.94500732421875,416
2022-02-18 11:30:00-05:00,130.3300018310547,130.3300018310547,130.3300018310547,130.3300018310547,363
2022-02-18 11:40:00-05:00,130.0500030517578,130.17999267578125,130.0500030517578,130.17999267578125,837
2022-02-18 11:45:00-05:00,129.80999755859375,129.80999755859375,129.80999755859375,129.80999755859375,941
2022-02-18 12:05:00-05:00,129.52999877929688,129.52999877929688,129.5290069580078,129.52999877929688,373
2022-02-18 12:10:00-05:00,129.69949340820312,129.69949340820312,129.69949340820312,129.69949340820312,132
2022-02-18 12:20:00-05:00,129.61000061035156,129.61000061035156,129.5399932861328,129.5399932861328,439
2022-02-18 12:50:00-05:00,129.25010681152344,129.25010681152344,129.25010681152344,129.25010681152344,1066
2022-02-18 12:55:00-05:00,129.22999572753906,129.22999572753906,129.22999572753906,129.22999572753906,223
2022-02-18 13:00:00-05:00,129.4199981689453,129.4199981689453,129.4199981689453,129.4199981689453,274
2022-02-18 13:05:00-05:00,129.72000122070312,129.72000122070312,129.72000122070312,129.72000122070312,628
2022-02-18 13:25:00-05:00,129.94000244140625,129.94000244140625,129.94000244140625,129.94000244140625,1029
2022-02-18 14:30:00-05:00,129.49749755859375,129.49749755859375,129.49749755859375,129.49749755859375,344
2022-02-18 14:35:00-05:00,129.52999877929688,129.52999877929688,129.52999877929688,129.52999877929688,1131
2022-02-18 14:45:00-05:00,129.08999633789062,129.27999877929688,129.08999633789062,129.27999877929688,842
2022-02-18 14:50:00-05:00,129.49000549316406,129.49000549316406,129.49000549316406,129.49000549316406,420
2022-02-18 14:55:00-05:00,129.73500061035156,129.73500061035156,129.73500061035156,129.73500061035156,253
2022-02-18 15:00:00-05:00,129.8000030517578,129.8000030517578,129.3300018310547,129.3300018310547,1493
2022-02-18 15:05:00-05:00,129.42999267578125,129.42999267578125,129.32000732421875,129.32000732421875,757
2022-02-18 15:15:00-05:00,129.27000427246094,129.27000427246094,129.27000427246094,129.27000427246094,785
2022-02-18 15:25:00-05:00,129.10000610351562,129.10000610351562,129.10000610351562,129.10000610351562,133
2022-02-18 15:30:00-05:00,128.97999572753906,128.97999572753906,128.97999572753906,128.97999572753906,142
2022-02-18 15:35:00-05:00,128.85000610351562,129.01499938964844,128.85000610351562,129.01499938964844,556
2022-02-18 15:40:00-05:00,129.13999938964844,129.1699981689453,129.13999938964844,129.1699981689453,749
2022-02-18 15:45:00-05:00,129.0500030517578,129.07000732421875,129.0500030517578,129.07000732421875,1404
2022-02-18 15:50:00-05:00,129.00999450683594,129.0399932861328,128.9149932861328,128.9149932861328,2801
2022-02-18 15:55:00-05:00,129.02999877929688,129.6199951171875,129.02999877929688,129.30999755859375,5336
2022-02-18 16:00:00-05:00,129.55,129.55,129.55,129.55,0
