Date,Open,High,Low,Close,Volume
1994-10-03,3.5092086791992188,3.5311412334442136,3.5092086791992188,3.5092086791992188,6296200.0
1994-10-10,3.5092085286190633,3.5311410819229323,3.311815548884241,3.3337481021881104,4295200.0
1994-10-17,3.333747710157561,3.333747710157561,3.1363547536350738,3.2679500579833984,744600.0
1994-10-24,3.289883392197745,3.289883392197745,3.0705578327178955,3.0705578327178955,1834000.0
1994-10-31,3.1363555372577823,3.2679508744853814,3.1363555372577823,3.202153205871582,1138000.0
1994-11-07,3.202153056275611,3.3995460528953405,3.202153056275611,3.3556809425354004,618400.0
1994-11-14,3.2898826087081194,3.3556802608822816,3.2679500579833984,3.2679500579833984,638000.0
1994-11-21,3.2679502643756013,3.2679502643756013,2.851231774287437,2.938961982727051,2215000.0
1994-11-28,2.938961982727051,3.0486247432765676,2.917029430617147,2.938961982727051,1411000.0
1994-12-05,2.9389617363611857,2.960894286632538,2.544175831476847,2.631906032562256,879800.0
1994-12-12,2.631905972957611,2.829298920929432,2.566108323633671,2.807366371154785,814600.0
1994-12-19,2.807366155808972,2.8731638000857447,2.6538383191631687,2.7196359634399414,891000.0
1994-12-26,2.6977045697680975,2.6977045697680975,2.566109224901361,2.5880417823791504,338400.0
1995-01-02,2.588040911633035,2.588040911633035,2.2809852102528447,2.5222432613372803,1542000.0
1995-01-09,2.5003106897527525,2.5003106897527525,2.390647940202193,2.4125804901123047,926000.0
1995-01-16,2.390647940202193,2.4564455899325286,2.390647940202193,2.4125804901123047,1072600.0
1995-01-23,2.4125807171776184,2.4125807171776184,2.2809854053315664,2.302917957305908,1108200.0
1995-01-30,2.3029183882933397,2.3029183882933397,2.1493904957404504,2.2809858322143555,1958000.0
1995-02-06,2.3029178233186074,2.653838634490967,2.3029178233186074,2.653838634490967,1393400.0
1995-02-13,2.6538390189178234,2.982827327048132,2.609973911167115,2.8292994499206543,2304200.0
1995-02-20,2.7854339386806015,2.7854339386806015,2.4125805768099697,2.653838634490967,2667600.0
1995-02-27,2.6757719187900935,2.7635021456356705,2.5441765785217285,2.5441765785217285,1050800.0
1995-03-06,2.5661087479211586,2.5661087479211586,2.456445980915981,2.4783785343170166,680600.0
1995-03-13,2.5003113746643066,2.5880415983367384,2.4783788187461986,2.5003113746643066,976000.0
1995-03-20,2.5661081267941386,2.7196359634399414,2.5441755787018807,2.7196359634399414,2050600.0
1995-03-27,2.7196363539207637,2.8731642126098396,2.675771251438171,2.7854340076446533,346800.0
1995-04-03,2.7196369338453863,2.7196369338453863,2.5003113746643066,2.5003113746643066,1120200.0
1995-04-10,2.478378908387546,2.5661091352331225,2.259053341273604,2.5441765785217285,2633800.0
1995-04-17,2.544175831476847,2.697703683376312,2.522243281205495,2.631906032562256,1352000.0
1995-04-24,2.631906805367305,2.631906805367305,2.5441765785217285,2.5441765785217285,171800.0
1995-05-01,2.5441761945201233,2.5441761945201233,2.4345134275149456,2.4783785343170166,902600.0
1995-05-08,2.478378215202919,2.851231575012207,2.478378215202919,2.851231575012207,1006200.0
1995-05-15,2.829299405105132,3.136355154496387,2.763501744521292,2.917029619216919,1395800.0
1995-05-22,2.8731645121610256,2.9389621727448656,2.763501744521292,2.917029619216919,831400.0
1995-05-29,2.938961982727051,3.026692191166664,2.895096878507244,2.938961982727051,1179800.0
1995-06-05,2.9389621289107053,3.02669234171401,2.9389621289107053,3.0047597885131836,1546000.0
1995-06-12,3.026692201765321,3.0705573061387317,3.0047596495786157,3.0486247539520264,270200.0
1995-06-19,3.026691983143489,3.202152387963401,3.0047594325409994,3.158287286758423,226400.0
1995-06-26,3.158287904700454,3.2460181242754667,3.158287904700454,3.224085569381714,878000.0
1995-07-03,3.180220272089984,3.2460179328918457,3.158287718489363,3.2460179328918457,2426400.0
1995-07-10,3.2460176076320626,3.355680364646659,3.224085056229143,3.3118152618408203,141200.0
1995-07-17,3.2898833751678467,3.3337484868367513,3.246018263498942,3.2898833751678467,918600.0
1995-07-24,3.289882953350361,3.443410824506711,3.267950400328025,3.421478271484375,359400.0
1995-07-31,3.377613681137182,3.5530741321053476,3.3337485683951407,3.443411350250244,250000.0
1995-08-07,3.487276268910758,3.50920882406114,3.4214786034596116,3.465343713760376,1515400.0
1995-08-14,3.4653438218434656,3.4653438218434656,3.246018263498942,3.2898833751678467,382600.0
1995-08-21,3.2460179328918457,3.3337481472943282,3.2460179328918457,3.2460179328918457,592800.0
1995-08-28,3.2460176306711115,3.2460176306711115,3.0266921150852255,3.11442232131958,365000.0
1995-09-04,3.0924901485443113,3.202152919769287,3.0924901485443113,3.180220365524292,1002000.0
1995-09-11,3.180220649666982,3.2021532058715816,3.1363555372577823,3.202153205871582,335400.0
1995-09-18,3.202152387963401,3.3118151409758463,3.092489634950956,3.158287286758423,708800.0
1995-09-25,3.1582879605500596,3.180220515831657,3.0266926288604736,3.0266926288604736,547000.0
1995-10-02,3.0266921150852255,3.11442232131958,3.0266921150852255,3.11442232131958,567000.0
1995-10-09,3.1144229810531825,3.224085762076182,3.026692756234783,3.202153205871582,169400.0
1995-10-16,3.1802204595942074,3.355680898744233,3.1802204595942074,3.224085569381714,255800.0
1995-10-23,3.202152267098427,3.202152267098427,2.807366371154785,2.807366371154785,695000.0
1995-10-30,2.7854342980492386,2.9389621727448656,2.7854342980492386,2.917029619216919,529800.0
1995-11-06,2.895096763851136,2.9389618663337287,2.631906148955578,2.7854340076446533,2160600.0
1995-11-13,2.763501673936844,2.7854342269045964,2.3906482734850476,2.4564459323883057,450200.0
1995-11-20,2.456445574760437,2.829298920929432,2.456445574760437,2.807366371154785,1007800.0
1995-11-27,2.7635012716054916,2.8512314707040787,2.653838522732258,2.807366371154785,444200.0
1995-12-04,2.8073668960453007,2.8292994499206543,2.741569234419239,2.8292994499206543,556800.0
1995-12-11,2.829299445913619,2.829299445913619,2.544176245937828,2.609973907470703,723800.0
1995-12-18,2.609974052152063,2.6319066072121644,2.5661089420318604,2.5661089420318604,463600.0
1995-12-25,2.5441758114358652,2.6319060118302056,2.5222432613372803,2.5222432613372803,146200.0
1996-01-01,2.522243582610543,3.202152722270776,2.522243582610543,3.0924899578094482,328200.0
1996-01-08,3.070557739423669,3.070557739423669,2.87316474188929,3.0266926288604736,875200.0
1996-01-15,3.004759788513184,3.1144225545173145,3.004759788513184,3.0047597885131836,1131200.0
1996-01-22,2.9828267693519592,3.004759319126606,2.807366371154785,2.807366371154785,409800.0
1996-01-29,2.807367071405157,3.1582879553308016,2.785434516159804,3.136355400085449,831000.0
1996-02-05,3.1363555372577823,3.289883430689981,3.1363555372577823,3.202153205871582,1540000.0
1996-02-12,3.158288093462382,3.2021532058715816,3.0486253124393827,3.202153205871582,1449000.0
1996-02-19,3.180220229061026,3.3556806554919794,3.180220229061026,3.3337481021881104,1610400.0
1996-02-26,3.3556807008949487,3.3556807008949487,3.224085379291225,3.2460179328918457,1274000.0
1996-03-04,3.224085762076182,3.2460183182807816,3.2021532058715816,3.202153205871582,649000.0
1996-03-11,3.1582876552234995,3.1802202083847737,2.873164464126934,2.895097017288208,392200.0
1996-03-18,2.87316460609436,2.9828273773193357,2.8512320518493652,2.960894823074341,508200.0
1996-03-25,2.9608946821115314,3.004759788513184,2.895097022509053,3.0047597885131836,667800.0
1996-04-01,2.9828267693519592,2.9828267693519592,2.7854338213801384,2.807366371154785,1556400.0
1996-04-08,2.7854342402004804,2.7854342402004804,2.675771474838257,2.675771474838257,711000.0
1996-04-15,2.6757719187900935,2.741569588924276,2.5441765785217285,2.5441765785217285,1967400.0
1996-04-22,2.6319066072121644,2.675771717332367,2.544176386971759,2.5661089420318604,999000.0
1996-04-29,2.5880414455656022,2.8292995464234125,2.5441763363187273,2.7635018825531006,2111400.0
1996-05-06,2.763501456403357,2.9170293150924325,2.6977038026794675,2.7854340076446533,1389600.0
1996-05-13,2.7854340076446533,2.829299110127246,2.7415689051620604,2.7854340076446533,741400.0
1996-05-20,2.7854338213801384,2.9828267693519592,2.7854338213801384,2.807366371154785,347600.0
1996-05-27,2.785434204203482,2.873164415359497,2.763501651414478,2.873164415359497,145800.0
1996-06-03,2.895096968148501,2.917029520937505,2.785434204203482,2.873164415359497,847000.0
1996-06-10,2.87316460609436,2.960894823074341,2.87316460609436,2.960894823074341,461400.0
1996-06-17,2.9608950529779707,3.0705578327178955,2.9608950529779707,3.0705578327178955,282200.0
1996-06-24,3.0705577343493906,3.1363554000854488,3.0705577343493906,3.136355400085449,276200.0
1996-07-01,3.1582880565098352,3.1582880565098352,3.0486252767699105,3.0705578327178955,361200.0
1996-07-08,3.0705578327178955,3.1144229446138656,3.004760164873941,3.0705578327178955,164200.0
1996-07-15,3.070557084348467,3.4214778939882917,3.070557084348467,3.158287286758423,886600.0
1996-07-22,3.11442232131958,3.1363548728781687,2.895096805733694,3.11442232131958,350000.0
1996-07-29,3.0705573061387317,3.114422410512142,3.0047596495786157,3.0486247539520264,528400.0
1996-08-05,3.0266927761190074,3.048625332467696,2.982827663421631,2.982827663421631,409000.0
1996-08-12,2.9608951070729423,2.982827663421631,2.938962550724254,2.982827663421631,298400.0
1996-08-19,2.9828274655504288,3.224085569381714,2.960894910656676,3.224085569381714,487200.0
1996-08-26,3.267950380947573,3.267950380947573,3.0705574049171824,3.0924899578094482,156400.0
1996-09-02,3.1144229446138656,3.1363555005618506,3.0705578327178955,3.0705578327178955,359000.0
1996-09-09,3.0705574425784024,3.0705574425784024,2.873164464126934,2.895097017288208,95800.0
1996-09-16,2.895097022509053,3.004759788513184,2.785434256504922,3.0047597885131836,519600.0
1996-09-23,3.004759833328706,3.004759833328706,2.829299405105132,2.917029619216919,216400.0
1996-09-30,2.91702966542207,2.938962219297424,2.8292994499206543,2.8292994499206543,181800.0
1996-10-07,2.807366371154785,2.8731640204787254,2.6977036222815514,2.807366371154785,289600.0
1996-10-14,2.807366455078125,2.829299005508423,2.7415688037872314,2.7415688037872314,1682000.0
1996-10-21,2.6977036222815514,2.8512314707040787,2.6977036222815514,2.807366371154785,1054000.0
1996-10-28,2.8073665960048273,2.8073665960048273,2.675771286817101,2.6977038383483887,465200.0
1996-11-04,2.675771664059351,2.8292995464234125,2.675771664059351,2.7635018825531006,1072800.0
1996-11-11,2.7196363539207637,2.80736655888595,2.7196363539207637,2.7854340076446533,1086600.0
1996-11-18,2.785434516159804,3.1802205105761545,2.785434516159804,3.136355400085449,716800.0
1996-11-25,3.158288093462382,3.224085762076182,3.158288093462382,3.202153205871582,686600.0
1996-12-02,3.2021526951943677,3.5750060912101502,3.2021526951943677,3.399545669555664,1549000.0
1996-12-09,3.3776131654397035,3.6188712486853967,3.333748059395032,3.421478271484375,1228400.0
1996-12-16,3.4434110164642333,3.5092086791992188,3.2460180282592774,3.5092086791992188,589600.0
1996-12-23,3.5092083873644553,4.013657093048096,3.5092083873644553,4.013657093048096,244400.0
1996-12-30,4.013657043268393,4.145252356162438,3.94785938682137,3.9917244911193848,302600.0
1997-01-06,3.9478592054378354,3.9478592054378354,3.5311407337527303,3.706601142883301,433000.0
1997-01-13,3.684668507686881,3.8381963621738344,3.618870855763901,3.7723987102508545,320200.0
1997-01-20,3.7723990655714466,3.7723990655714466,3.355680564142043,3.399545669555664,928600.0
1997-01-27,3.399545473210952,3.7285337448120117,3.377612921770881,3.7285337448120117,2151800.0
1997-02-03,3.7723988984760486,3.8162640019467005,3.706601243270071,3.7504663467407227,1091600.0
1997-02-10,3.7504670538685536,3.8601298332214355,3.5750066069039432,3.8601298332214355,315000.0
1997-02-17,3.8601289128148277,3.8601289128148277,3.7504661596098607,3.7723987102508545,226800.0
1997-02-24,3.794332165609706,3.8601298332214355,3.794332165609706,3.8601298332214355,850400.0
1997-03-03,3.8381970389771856,3.9697923660278316,3.8162644844687446,3.969792366027832,586000.0
1997-03-10,3.9917250612507695,4.145252948221953,3.9917250612507695,4.035590171813965,888400.0
1997-03-17,4.057522071035285,4.342645243594521,4.035589519299959,4.167184829711914,407400.0
1997-03-24,4.101386900742849,4.101386900742849,3.860128847757975,3.947859048843384,458800.0
1997-03-31,3.9259274537222724,3.9259274537222724,3.8381972312927246,3.8381972312927246,216800.0
1997-04-07,3.816265192898837,4.145253571597013,3.816265192898837,4.101388454437256,558000.0
1997-04-14,4.0794556003590525,4.211050942306119,4.035590486376697,4.189118385314941,653600.0
1997-04-21,4.232982460577883,4.386510321842366,4.18911735735946,4.364577770233154,1485000.0
1997-04-28,4.386510554048204,4.386510554048204,4.211050131886276,4.254915237426758,417800.0
1997-05-05,4.254914811941294,4.298779913095328,4.21104971078726,4.2768473625183105,526400.0
1997-05-12,4.211050804625167,4.342646142269703,4.123320579528809,4.123320579528809,679400.0
1997-05-19,4.101388023254719,4.254915917173345,3.9039950167879147,4.123320579528809,866600.0
1997-05-26,4.1452519074082375,4.2329821065068245,4.1452519074082375,4.211049556732178,613000.0
1997-06-02,4.211049648341287,4.45230770111084,4.211049648341287,4.45230770111084,732600.0
1997-06-09,4.496173811893837,4.649701698153627,4.452308701533897,4.474241256713867,659400.0
1997-06-16,4.4303752165574295,4.496172868288481,4.254914811941294,4.2768473625183105,1804800.0
1997-06-23,4.25491469921452,4.4961727491699826,4.25491469921452,4.430375099182129,1027000.0
1997-06-30,4.430375373724735,4.518105579145027,4.342645168304443,4.342645168304443,392800.0
1997-07-07,4.342646190098354,4.342646190098354,4.035590398879278,4.1452531814575195,1756600.0
1997-07-14,4.123319630683223,4.342645142953607,4.0136568745480306,4.331678867340088,594200.0
1997-07-21,4.35361149556917,4.649700942371103,4.2768475649168165,4.57293701171875,1145200.0
1997-07-28,4.594869914974711,4.945790767669678,4.518105978447688,4.945790767669678,2232000.0
1997-08-04,4.956757068634033,5.132217495842317,4.956757068634033,4.956757068634033,935800.0
1997-08-11,4.978689883749119,5.088352656518923,4.978689883749119,5.077386379241943,1033800.0
1997-08-18,5.044487375731862,5.044487375731862,4.781296730041504,4.781296730041504,821800.0
1997-08-25,4.726465929122198,4.726465929122198,4.1452531814575195,4.1452531814575195,1727000.0
1997-09-01,3.9478597414525014,4.211050390882669,3.9478597414525014,4.156219005584717,1273000.0
1997-09-08,4.167185026345794,4.463274488744047,4.167185026345794,4.254915237426758,1210200.0
1997-09-15,4.309747070293755,4.463274955749512,4.309747070293755,4.463274955749512,907600.0
1997-09-22,4.474240528279213,4.485206804083819,4.353611494428548,4.364577770233154,307000.0
1997-09-29,4.36457766857244,4.36457766857244,4.1452521575889,4.320712566375732,771200.0
1997-10-06,4.375544096231461,4.485206855535507,4.364577820301055,4.386510372161865,523600.0
1997-10-13,4.386510554048204,4.419409383203566,4.254915237426758,4.254915237426758,333000.0
1997-10-20,4.298779942045276,4.298779942045276,2.982826898562028,3.2679500579833984,2494000.0
1997-10-27,3.2240857129747216,3.8601298332214355,3.1363554894924164,3.8601298332214355,1311600.0
1997-11-03,3.893027712235298,4.0575218409212965,3.761432409286499,3.761432409286499,786000.0
1997-11-10,3.7285338783885447,3.7504664306143596,3.3447142144367827,3.3666467666625977,780600.0
1997-11-17,3.3556802480719807,3.8930277387763175,3.289882596149001,3.7723987102508545,1191800.0
1997-11-24,3.794332165609706,3.9917251684448933,3.4872763834216376,3.8601298332214355,939600.0
1997-12-01,3.9039945533476677,4.605836270803429,3.9039945533476677,4.551004886627197,2389800.0
1997-12-08,4.5181057426955675,4.529072018770071,3.9039942825233545,3.9917244911193848,2051400.0
1997-12-15,3.947859739505801,3.958826016559984,3.684669090205414,3.82723069190979,1320800.0
1997-12-22,3.827230089454241,4.07945442199707,3.827230089454241,4.07945442199707,428400.0
1997-12-29,4.211050064837346,4.211050064837346,3.9917245406270676,4.013657093048096,478400.0
1998-01-05,4.002691332276884,4.024623887522237,3.1363554000854488,3.136355400085449,1273600.0
1998-01-12,3.136354736155934,3.3337476915783353,2.9170292301310434,3.158287286758423,2259200.0
1998-01-19,3.443410457781891,3.7614324427362695,3.443410457781891,3.6737022399902344,1773000.0
1998-01-26,3.651769932809767,3.9917244911193848,3.5530734481392328,3.9917244911193848,834600.0
1998-02-02,4.145253135802898,4.167185692076988,3.640804341498842,4.123320579528809,3402800.0
1998-02-09,4.211050804625167,4.243949639036301,4.101388023254719,4.123320579528809,2706400.0
1998-02-16,4.057523139535564,4.079455697046567,3.8381975644255335,4.002691745758057,889800.0
1998-02-23,4.0246231265479535,4.441341597416679,4.0246231265479535,4.320712566375732,1486200.0
1998-03-02,4.276847302913666,4.298779853185017,3.7723986466725665,3.947859048843384,1651600.0
1998-03-09,3.9368931070631543,4.243948836861952,3.9368931070631543,4.2000837326049805,1071600.0
1998-03-16,4.178151033141396,4.364577719659517,4.16718475746386,4.342645168304443,1342800.0
1998-03-23,4.386510503106784,4.605836028262123,4.232982635498047,4.232982635498047,1286800.0
1998-03-30,4.211050614066746,4.26588200227074,4.035590171813965,4.035590171813965,1005400.0
1998-04-06,4.035589328482131,4.035589328482131,3.903994024292497,3.98075795173645,566800.0
1998-04-13,3.980757929728582,4.2768473625183105,3.9149602779975305,4.2768473625183105,954400.0
1998-04-20,4.276848279911539,4.331679668115533,4.024623894173166,4.035590171813965,1035200.0
1998-04-27,4.013656624432268,4.02462289936241,3.8052974007595544,3.8162636756896973,1416600.0
1998-05-04,3.8162641350815933,3.8162641350815933,3.520174676325263,3.5969386100769043,955000.0
1998-05-11,3.6079051479166764,3.6079051479166764,3.180220343148438,3.3885796070098877,2012600.0
1998-05-18,3.3885798764228823,3.3885798764228823,3.2789170972506207,3.2898833751678467,1078800.0
1998-05-25,3.2460177236323733,3.2460177236323733,2.971860821298558,3.0486247539520264,1117800.0
1998-06-01,3.0595912272865706,3.2789167632927767,3.0486249504862606,3.2460179328918457,1014000.0
1998-06-08,3.2350511650244393,3.2350511650244393,2.5990072071552275,2.631906032562256,2401200.0
1998-06-15,2.6099738156209225,2.9499283882438156,2.4564459441138093,2.675771474838257,3282600.0
1998-06-22,2.675771462065833,2.741569120969091,2.4564459323883057,2.4564459323883057,1516600.0
1998-06-29,2.3358172897634835,2.5441765785217285,2.2919521763406947,2.5441765785217285,996000.0
1998-07-06,2.5222438319116574,2.675771717332367,2.4564461667313533,2.5661089420318604,1462200.0
1998-07-13,2.3138845588406944,2.5880414970919614,2.259053171190441,2.5661089420318604,1184800.0
1998-07-20,2.5661085085435347,2.5661085085435347,2.149390032797149,2.1713225841522217,1658400.0
1998-07-27,2.1493904495239256,2.1493904495239256,1.9190986156463623,1.9190986156463623,2139400.0
1998-08-03,1.8971661241615518,1.908132402335896,1.4914138317108154,1.4914138317108154,2510000.0
1998-08-10,1.4036831942471593,1.4036831942471593,1.1733914201909847,1.2062902450561523,2436400.0
1998-08-17,1.1843577826895366,1.4146495737680576,1.1404926796269612,1.3488519191741943,2255600.0
1998-08-24,1.3159529946067117,1.3598180944269356,1.107593770460649,1.2062902450561523,1712200.0
1998-08-31,1.2062902649243672,1.33788556655248,1.1185600638389588,1.315953016281128,1593600.0
1998-09-07,1.5133461934283263,1.5791438540121667,1.414649702552566,1.4585148096084595,1260400.0
1998-09-14,1.480447518825531,1.8533009680112205,1.480447518825531,1.6449416875839233,1994000.0
1998-09-21,1.5901102410273606,2.1493903947680186,1.5681776859787073,1.9519973993301392,1888000.0
1998-09-28,1.9519967720622107,1.9958618680636087,1.7546038400559199,1.8423340320587158,1337400.0
1998-10-05,1.7984695984767034,2.324850944372324,1.7326719302397509,2.2809858322143555,1927000.0
1998-10-12,2.270019272963206,2.368715763092041,2.105525122748481,2.368715763092041,1719200.0
1998-10-19,2.5441762416734606,2.5880413492885204,2.3687158112132223,2.390648365020752,3204400.0
1998-10-26,2.3687153902920812,2.4454793149774727,2.3029177405617456,2.4125804901123047,1823200.0
1998-11-02,2.511277568106558,2.9499286717059565,2.511277568106558,2.796400785446167,2714800.0
1998-11-09,2.8073668920693278,2.8073668920693278,2.5222436920935367,2.609973907470703,2809000.0
1998-11-16,2.6648050813532587,2.9718608108919056,2.6428725292433555,2.938961982727051,779800.0
1998-11-23,2.9389616698026657,2.9389616698026657,2.7854338213801384,2.807366371154785,473200.0
1998-11-30,2.741569175129443,2.741569175129443,2.346783213910803,2.4783785343170166,1030600.0
1998-12-07,2.522244048568438,2.533210327040474,2.302918479127704,2.3248510360717773,1166400.0
1998-12-14,2.302918479127704,2.401614985376034,2.0726266312149337,2.3248510360717773,1088400.0
1998-12-21,2.324850164257917,2.5551419258117676,2.324850164257917,2.5551419258117676,416800.0
1998-12-28,2.478378908387546,2.5661091352331225,2.412581238253363,2.5441765785217285,238000.0
1999-01-04,2.522244021810334,2.620940527011608,2.401614959897666,2.5441765785217285,1256200.0
1999-01-11,2.42354772307656,2.42354772307656,1.6230093349109995,2.050694227218628,2293800.0
1999-01-18,2.017794666674313,2.017794666674313,1.5791436521798972,1.6339750289916992,1430000.0
1999-01-25,1.66687390944537,1.9519970781662885,1.6120425308451933,1.8642668724060059,1472400.0
1999-02-01,1.7984695223313343,1.7984695223313343,1.6888067465794236,1.732671856880188,1669200.0
1999-02-08,1.7107393017298058,1.75460441203057,1.6668741914290415,1.732671856880188,601400.0
1999-02-15,1.7107393839587903,1.7217056620610902,1.6010766029357908,1.601076602935791,1001600.0
1999-02-22,1.6120428621768952,1.6339754181248802,1.4694812485149928,1.5352789163589478,1996800.0
1999-03-01,1.6230087445841896,1.6449412951866786,1.546244817475478,1.5791436433792114,2391600.0
1999-03-08,1.6559075704879231,1.6559075704879231,1.5352785421742334,1.5791436433792114,1628000.0
1999-03-15,1.579143456050328,1.8971654020604634,1.5023795380478813,1.8423340320587158,1693200.0
1999-03-22,1.8752330130544201,1.984895762355848,1.8642667381242772,1.9081318378448486,1054800.0
1999-03-29,1.8204020023345946,1.8204020023345946,1.7326717853546143,1.7546043395996094,376000.0
1999-04-05,1.7546045212518602,2.083592868986584,1.7107394082205636,2.0726265907287598,2264200.0
1999-04-12,2.0835924889757225,2.12745759400679,1.8642669638203833,2.1164913177490234,607600.0
1999-04-19,2.1493905577166323,2.57707541358882,2.1384242793609354,2.5441765785217285,766200.0
1999-04-26,2.566108976408493,2.5880415317624115,2.2809857568075493,2.3577497005462646,744800.0
1999-05-03,2.3029180726066962,2.840265622881592,2.3029180726066962,2.675771474838257,1792200.0
1999-05-04,,,,,
1999-05-10,2.7297808047588363,2.7749011486391475,2.549299429237591,2.6733803749084473,574400.0
1999-05-17,2.6169798218201255,2.6169798218201255,2.3913781130425282,2.413938283920288,564000.0
1999-05-24,2.4364983544277785,2.492898779298792,2.1883364849953195,2.244736909866333,710000.0
1999-05-31,2.289858192205429,2.3688188195228577,2.289858192205429,2.3462586402893066,1034000.0
1999-06-07,2.3011375637505,2.8764219546881247,2.2898574776536837,2.8651418685913086,1395200.0
1999-06-14,2.8651412975403567,2.898981549086109,2.7749006267516845,2.7974607944488525,856000.0
1999-06-21,2.7974607944488525,3.0343425552691183,2.7861807106002683,2.7974607944488525,1065200.0
1999-06-28,2.7974616479696395,3.1584244412560443,2.7974616479696395,3.0343434810638428,1251600.0
1999-07-05,2.9441024983824473,2.9553825845831465,2.7072206881677676,2.8538618087768555,1070200.0
1999-07-12,2.842582014927351,2.842582014927351,2.707220966597477,2.8313019275665283,1451600.0
1999-07-19,2.8425817489624023,2.8425817489624023,2.3236977789137097,2.334977865219116,1435600.0
1999-07-26,2.256016994840536,2.3800979295567655,2.1883364849953195,2.244736909866333,1506800.0
1999-08-02,2.256016940860958,2.3462576184953963,2.0416953314791666,2.0529754161834717,2059400.0
1999-08-09,1.9627354754643007,1.9965757422826507,1.7709739634936505,1.9852956533432007,2434200.0
1999-08-16,2.0755355921658603,2.481618642807007,2.0755355921658603,2.481618642807007,2615800.0
1999-08-23,2.504178781320553,2.5605792043232682,2.2785770893096924,2.2785770893096924,1555400.0
1999-08-30,2.3011372585107783,2.3462575969129507,2.165776243304262,2.2785770893096924,1703600.0
1999-09-06,2.2560175859703206,2.4364989928479464,2.2560175859703206,2.39137864112854,715800.0
1999-09-13,2.413938524664902,2.436498697792611,2.267297399334791,2.31241774559021,360200.0
1999-09-20,2.31241784018019,2.323697927205459,2.075536012649536,2.075536012649536,522400.0
1999-09-27,2.098096077817346,2.2560172879756406,2.0868159913774673,2.222177028656006,303200.0
1999-10-04,2.1883368966591297,2.301137767620941,2.1883368966591297,2.2672975063323975,296400.0
1999-10-11,2.2560177878900007,2.267297876829451,1.9852956533432007,1.9852956533432007,566000.0
1999-10-18,2.0078560936259713,2.109376907348633,1.9852959127987133,2.109376907348633,603600.0
1999-10-25,2.1206565591477857,2.210897263792372,2.1206565591477857,2.1883370876312256,526600.0
1999-11-01,2.188336716200176,2.1996168023661564,2.0304155098764523,2.143216371536255,317000.0
1999-11-08,2.120656997762262,2.177057449830407,2.0529764552804877,2.109376907348633,1297600.0
1999-11-15,2.1432162499895284,2.4477785591985666,2.120656078937007,2.3011374473571777,1319800.0
1999-11-22,2.3011376528904357,2.3011376528904357,1.940174883809583,1.9627350568771362,645200.0
1999-11-29,1.9852950145743484,1.9852950145743484,1.8837742467836147,1.951454758644104,852000.0
1999-12-06,1.9852949703440947,1.996575055402868,1.827373779521269,1.917614459991455,292800.0
1999-12-13,1.9288945404382853,1.9288945404382853,1.7032928398022287,1.7596932649612427,1308600.0
1999-12-20,1.7596936032578752,1.770973690458246,1.6694529056549072,1.6694529056549072,1147400.0
1999-12-27,1.6694526108058951,1.9176144853851498,1.6694526108058951,1.906334400177002,389600.0
2000-01-03,1.9063347204622016,1.9514550688755081,1.804813936532262,1.8724944591522217,2041800.0
2000-01-10,1.8837744421080538,1.8950545285877427,1.6920129719533419,1.7145731449127197,1624800.0
2000-01-17,1.70329316725602,1.7145732544563912,1.6468927312541652,1.6694529056549072,1806200.0
2000-01-24,1.658172885866931,1.6694529735258896,1.534091921618385,1.5453720092773438,1771800.0
2000-01-31,1.5453717104262776,1.624332308769226,1.5228115394711494,1.624332308769226,1618200.0
2000-02-07,1.6017721965909002,1.646892540156841,1.421290822327137,1.4438509941101074,2477200.0
2000-02-14,1.3310501594243087,1.4438510203924704,1.1844090401656984,1.4325709342956543,1796600.0
2000-02-21,1.364890719282216,1.3761708078713253,1.2859300991584515,1.30849027633667,851000.0
2000-02-28,1.2633698614020097,1.3423304777396354,1.2182495092090808,1.2859300374984741,893600.0
2000-03-06,1.2746500105693424,1.4438513394059806,1.206969479034687,1.30849027633667,4981800.0
2000-03-13,1.30849027633667,1.3536106306931068,1.2408097448020146,1.30849027633667,2450400.0
2000-03-20,1.3084898243779721,1.36489024784254,1.2295292315275772,1.2972097396850586,1414600.0
2000-03-27,1.31977004930377,1.4664111658930779,1.2859297916293144,1.4438509941101074,2912200.0
2000-04-03,1.4325709469982835,1.488971377982468,1.3536103436204254,1.3761705160140991,998800.0
2000-04-10,1.3874506562948228,1.4551311761140824,1.3197701364755632,1.3536103963851929,871600.0
2000-04-17,1.3987308661142985,1.748413582642873,1.3987308661142985,1.692013144493103,1376600.0
2000-04-24,1.6694529056549072,1.81609403925973,1.6356126440537941,1.6694529056549072,1324000.0
2000-05-01,1.6694526506794825,1.6694526506794825,1.432570855650637,1.624332308769226,786600.0
2000-05-02,,,,,
2000-05-08,1.7086759805679324,1.7324075914091535,1.6374811480442684,1.7086759805679321,1752800.0
2000-05-15,1.8747967187269234,1.9815889368822546,1.8747967187269234,1.9222599267959595,947600.0
2000-05-22,1.9222604386946736,1.9459920490489289,1.7205417506835041,1.815468192100525,1374000.0
2000-05-29,1.8154677629470823,2.0409180080189424,1.8036019605748792,2.017186403274536,1048200.0
2000-06-05,1.934125608868069,2.1002468268076577,1.9222598075866697,2.0290520191192627,2111000.0
2000-06-12,2.005320664027228,2.361294746398926,1.993454861281505,2.361294746398926,1123400.0
2000-06-19,2.563013466240848,2.5867450724097445,2.1833077675385,2.2663683891296387,2092400.0
2000-06-26,2.278233917666153,2.5274157524108887,2.278233917666153,2.5274157524108887,1237400.0
2000-07-03,2.515549950756377,2.622342165646978,2.4680867441383323,2.5274157524108887,1367000.0
2000-07-10,2.539281651377678,2.87152411043644,2.515550047159195,2.6579396724700928,1368200.0
2000-07-17,2.7410003806269443,3.156303468600724,2.6579397630321884,3.0613770484924316,4852400.0
2000-07-24,3.0732431261558233,3.0969747333076056,2.9189876796692373,3.013914108276367,4025600.0
2000-07-31,3.1088410344363178,3.2986939220354823,3.0613778125365267,3.0732436180114746,2888800.0
2000-08-07,3.0969745323812363,3.346156391308462,3.0732429267691197,3.2986931800842285,2141000.0
2000-08-14,3.3105589922736676,3.3342905979530486,3.0139139212814032,3.0257797241210938,3665200.0
2000-08-21,3.025779640951822,3.1088402585465778,2.6104765529780423,3.0613770484924316,2879600.0
2000-08-28,3.049511498824725,3.180035337295822,2.9427192673483726,3.12070631980896,1500800.0
2000-09-04,3.2274985512853123,3.2274985512853123,3.0851089093168427,3.12070631980896,1148400.0
2000-09-11,3.1325721233063324,3.180035337295822,2.9189876603536278,3.12070631980896,1168800.0
2000-09-18,3.180035464465618,3.215632876381278,2.729134913533926,3.0376458168029785,2354400.0
2000-09-25,3.0139142088592052,3.120706444606185,2.9427193850278854,3.0376458168029785,747800.0
2000-10-02,3.061377841234207,3.085109452406565,2.7528668959935505,2.8477933406829834,687000.0
2000-10-09,2.824061343438515,2.895256167222679,2.5392820483018577,2.8121955394744873,475600.0
2000-10-16,2.97831686043445,3.037645881558642,2.8596588181860656,2.883390426635742,411800.0
2000-10-23,2.8477924445579794,2.883389850114954,2.7054028223300803,2.75286602973938,300400.0
2000-10-30,2.729134246172658,3.0613766761415033,2.6579394397507627,2.978316068649292,1430000.0
2000-11-06,3.0020481710080746,3.203766822814941,2.8240611252961334,3.2037668228149414,1021800.0
2000-11-13,3.0139138655542035,3.298693128441215,3.0139138655542035,3.286827325820923,738200.0
2000-11-20,3.310559050242106,3.4054854746218077,3.1919010197674784,3.2037668228149414,225200.0
2000-11-27,3.2037667667164524,3.2037667667164524,2.8952558928844976,3.0257797241210938,717800.0
2000-12-04,3.002048035924749,3.3224247037902357,2.918987418329993,3.0613770484924316,936600.0
2000-12-11,2.9901823679606117,3.203766822814941,2.966450761865686,3.2037668228149414,384800.0
2000-12-18,3.2037666148709176,3.3698878467531133,3.1088401966525203,3.1563034057617188,433400.0
2000-12-25,3.203767861751531,3.6546685237758205,3.191902054856155,3.5834736824035645,592600.0
2001-01-01,3.571606334465653,3.59533793801692,3.1681690740941173,3.180034875869751,852000.0
2001-01-08,3.251230019395069,3.3817538522904917,3.2037668074330976,3.310559034347534,1004600.0
2001-01-15,3.274961625376055,3.310559034347534,3.1207061864996466,3.310559034347534,637800.0
2001-01-22,3.298693906929758,3.5834732370244136,3.298693906929758,3.4173519611358643,518200.0
2001-01-29,3.4173509693831012,3.5787259486937444,3.3793802582104067,3.5730302333831787,213200.0
2001-02-05,3.6072038505036783,3.9679241631309377,3.5768274259949964,3.9299538135528564,434000.0
2001-02-12,3.9299550381539463,3.981215044163104,3.7970578679301292,3.8729989528656006,662400.0
2001-02-19,3.891983032226562,3.9128669594959695,3.872997676719423,3.8919830322265625,465600.0
2001-02-26,3.8881870116172133,3.9204620166657667,3.67365341014081,3.6869430541992188,1362600.0
2001-03-05,3.6641596817925026,3.816042171668623,3.5977114772194785,3.770477533340454,537400.0
2001-03-12,3.626188586634448,3.882489941475624,3.3793797270366377,3.835026741027832,986600.0
2001-03-19,3.835027004520609,3.92046055392722,3.7059270324940785,3.7875638008117676,797000.0
2001-03-26,3.7970573899306888,4.053358836174132,3.5882191610613785,4.036272048950195,782400.0
2001-04-02,4.062850564997658,4.641901924516205,4.060951993208549,4.300166606903076,1523200.0
2001-04-09,4.262196317766191,4.313456308335141,4.119806690608508,4.205240249633789,588600.0
2001-04-16,4.205240813834742,4.243211531017394,3.891983664482445,4.119807243347168,1042000.0
2001-04-17,,,,,
2001-04-23,4.327529175337598,4.624536361278881,4.239822727871488,4.598622798919678,467600.0
2001-04-30,4.604601923728363,4.674368694429976,4.30958856326257,4.379354953765869,998800.0
2001-05-07,4.377362733531369,4.953436709157224,4.315569465489281,4.815896511077881,691800.0
2001-05-14,4.821875663255353,5.20260247506717,4.803935624566978,5.013235569000244,912400.0
2001-05-21,5.053101871763369,5.102935222806009,5.013235038849938,5.063068389892578,683200.0
2001-05-28,5.178682276505409,5.21057559400488,4.813902124931665,4.883668899536133,609800.0
2001-06-04,5.146789903400341,5.230509972247994,4.973370005200607,5.005263328552246,316000.0
2001-06-11,4.853770282857885,4.8597500438924675,4.311582977414026,4.504936695098877,748800.0
2001-06-18,4.425202772200733,4.8079230140137605,4.405269351025374,4.66240930557251,521000.0
2001-06-25,4.704270291028396,4.943470243332483,4.668390203133172,4.807923793792725,548000.0
2001-07-02,4.819883691615374,4.839817116004044,4.5986234032781805,4.628523349761963,144800.0
2001-07-09,4.405268204252348,4.425201620238669,4.156101454919051,4.265734672546387,1166400.0
2001-07-16,4.186002190972587,4.205935610778796,4.026535592919642,4.142148971557617,801600.0
2001-07-23,4.136169026853291,4.335502473930558,3.996635461819853,4.327528953552246,377400.0
2001-07-30,4.305603960491577,4.355437338783844,4.0305234994071,4.0464701652526855,357400.0
2001-08-06,3.8870026736565753,4.184009498994216,3.871056011228998,4.176036357879639,1638400.0
2001-08-13,4.225869638365095,4.526862837955181,4.225869638365095,4.467062950134277,510600.0
2001-08-20,4.445136423363984,4.644469902083417,4.375370009970933,4.504936695098877,500000.0
2001-08-27,4.524869144018569,4.554769083344135,4.2856688690173295,4.357429027557373,370000.0
2001-09-03,4.146135342076254,4.199955461372995,4.088328842985884,4.106268882751465,332000.0
2001-09-10,4.0783615829846225,4.080354962804648,3.9866683924533906,4.006601810455322,103200.0
2001-09-17,3.966736023725184,4.40526981497454,3.8172359194626893,4.295636177062988,1065600.0
2001-09-24,4.425203312033368,4.624536787706972,4.425203312033368,4.5906500816345215,362400.0
2001-10-01,4.584669381206834,4.873703037753575,4.584669381206834,4.66240930557251,178200.0
2001-10-08,4.6444678005763675,4.6644012154686205,4.146134329261381,4.156101226806641,332400.0
2001-10-15,4.176036512712501,4.5587568053627106,4.176036512712501,4.544803142547607,238000.0
2001-10-22,4.534836621711344,4.624536838835558,4.526863100100997,4.562743186950684,261000.0
2001-10-29,4.744135883021485,4.913569388886191,4.7142359420332145,4.869716167449951,197200.0
2001-11-05,4.827855403812891,4.901608938154378,4.6504487776972905,4.883668899536133,266000.0
2001-11-12,4.929515318223155,4.9893155715278015,4.7341686605309485,4.746128559112549,226400.0
2001-11-19,4.843802547377184,4.981342730483963,4.768056005784078,4.9374895095825195,95800.0
2001-11-26,4.937489354089854,5.003269373469643,4.764069095616755,4.911575794219971,169800.0
2001-12-03,4.9335032056322285,4.973370050282357,4.584669645638031,4.6105828285217285,312400.0
2001-12-10,4.694302152490126,4.785995728541545,4.48500220181796,4.680348873138428,164200.0
2001-12-17,4.724202011001379,4.837821994877902,4.64247534259201,4.734168529510498,374800.0
2001-12-24,4.704269068175305,4.7142355876894735,4.648455570380256,4.658422470092773,48800.0
2001-12-31,4.744135391052913,4.841809104456644,4.744135391052913,4.780015468597412,213200.0
2002-01-07,4.756096771035293,4.825863182185862,4.594636384719452,4.8238701820373535,516200.0
2002-01-14,4.86971576421646,5.280342524276377,4.853769104996609,5.272369384765625,353400.0
2002-01-21,5.252436286850024,5.260409426848292,5.063069364361954,5.152769565582275,113400.0
2002-01-28,5.344129432233914,5.4019363124620625,5.222536292089184,5.23848295211792,272800.0
2002-02-04,5.142802353805106,5.770702963914791,5.132835834361412,5.688976287841797,485600.0
2002-02-11,5.780669389572819,5.860402684423811,5.6251891794646305,5.631169319152832,544200.0
2002-02-18,5.665057237004596,5.690970420837402,5.551437219848164,5.690970420837402,912800.0
2002-02-25,5.551436674401469,5.631169978589609,5.182669714808136,5.186656475067139,302200.0
2002-03-04,5.282336564643028,5.344129829321038,5.102936530940114,5.292303085327148,336200.0
2002-03-11,5.449777342263717,5.521537516314386,5.242470341761087,5.300277233123779,183000.0
2002-03-18,5.302269515833371,5.3421359752316,5.192635897041929,5.234496116638184,137000.0
2002-03-25,5.202602950014918,5.376022832903006,5.124862648535569,5.354096412658691,377800.0
2002-04-01,5.292302524740519,5.6391430347450715,5.282336005112101,5.611236095428467,398600.0
2002-04-08,5.6770169576999745,5.692963619595823,5.23649018520314,5.671037197113037,564800.0
2002-04-15,5.561402686388722,5.780669538008007,5.48166938949035,5.772696018218994,659600.0
2002-04-22,6.223233579278167,6.393301995247384,6.015372582450619,6.298819541931152,286600.0
2002-04-29,6.3765045057867615,6.464687986356818,6.1392487697555564,6.368105888366699,317800.0
2002-05-06,6.382803618655501,6.823721059517987,6.219034569526689,6.802725315093994,473800.0
2002-05-13,6.838416659720378,6.84471522140405,6.571766602317899,6.830018043518066,340400.0
2002-05-20,6.836318457850781,7.010585365709645,6.81322266020938,6.876210689544678,298800.0
2002-05-27,7.096670405028886,7.105069023958015,6.9706943248374715,6.9727935791015625,252800.0
2002-06-03,7.023184501664022,7.180655002593993,7.002187954311528,7.180655002593994,313800.0
2002-06-10,7.4326075784419485,7.535487851851298,7.117666592930618,7.138662338256836,470400.0
2002-06-17,6.865712642669678,6.997988061548455,6.613759730831701,6.865712642669678,452200.0
2002-06-24,6.844716140600043,6.882509117649647,6.672548890480508,6.764931678771973,543400.0
2002-07-01,6.813223794211714,7.264638747029008,6.7439363897552225,7.220547199249268,353600.0
2002-07-08,7.264638249472799,7.35912070319854,7.119765687717544,7.254140377044678,287200.0
2002-07-15,7.275135891869065,7.310828813253856,6.8867082595825195,6.8867082595825195,438400.0
2002-07-22,6.68094707754928,6.882509086957495,6.477285413817881,6.550771713256836,592600.0
2002-07-29,6.529776888086336,6.792227323952253,6.2778239250183105,6.2778239250183105,191400.0
2002-08-05,6.2883205639015705,6.529775190461424,6.004873654258224,6.508779048919678,410400.0
2002-08-12,6.105654895714198,6.23583065807128,5.983877750494783,6.002774238586426,389800.0
2002-08-19,5.920890468290507,6.550772415961065,5.752921708630797,6.540274143218994,617600.0
2002-08-26,6.435293885246029,6.441592848956498,6.107755381196694,6.298819541931152,137600.0
2002-09-02,6.382803103615872,6.582265863294044,6.248428427898103,6.380703449249268,213800.0
2002-09-09,6.512979186996433,6.676748230854448,6.477285861968993,6.477285861968994,147800.0
2002-09-16,6.282022928960792,6.687247064625881,6.254728219515638,6.502481460571289,254200.0
2002-09-23,6.529775820701962,6.771230470566523,6.519277548683772,6.613759994506836,173400.0
2002-09-30,6.613758282226379,6.634754420358798,6.183339252617904,6.2148332595825195,271600.0
2002-10-07,5.962882047855208,6.004874335704074,5.316203297885116,5.353996276855469,1064400.0
2002-10-14,5.353996014062745,6.1245515348505,5.332999871168876,6.0804595947265625,731000.0
2002-10-21,6.021669454050989,6.288319484796148,5.973378617119573,6.208534240722656,344400.0
2002-10-28,6.351310911209135,6.424797233250656,6.067863897887972,6.235832691192627,198800.0
2002-11-04,6.099356377395143,6.466787494116974,6.095157468988391,6.431094169616699,297800.0
2002-11-11,6.613759437561035,6.634755579361197,6.504579820574668,6.561269283294678,306800.0
2002-11-18,6.540273125780293,6.676747446451298,6.5087791133897674,6.655751705169678,265200.0
2002-11-25,6.708241815313601,6.813222122905563,6.603261507721639,6.7292375564575195,126600.0
2002-12-02,6.7607327070674925,6.8027249948751205,6.487783637254179,6.599062919616699,141600.0
2002-12-09,6.592764921595253,6.7712315702059485,6.477286713918554,6.645255088806152,166800.0
2002-12-16,6.584367773149291,6.970695498643352,6.529777942322058,6.9434003829956055,345000.0
2002-12-23,6.876211348066187,7.002187418801268,6.846816984957091,6.9412994384765625,146800.0
2002-12-30,6.7502329625039375,6.821619591689872,6.613758265227988,6.624256134033203,156600.0
2003-01-06,6.634755671196733,7.24784069753258,6.561269374113047,7.210047721862793,344000.0
2003-01-13,7.275135664957418,7.380115972960058,7.1827524813159345,7.264636993408203,319800.0
2003-01-20,7.317127405046865,7.338123947948397,6.905604775411417,6.907704830169678,155600.0
2003-01-27,6.928699688215802,7.0231821168786945,6.823719389909502,6.872010231018066,160200.0
2003-02-03,6.886709454180045,7.4242090294921415,6.886709454180045,7.405312538146973,264000.0
2003-02-10,7.39061515700129,7.560682773590089,7.159657957789054,7.560682773590088,248600.0
2003-02-17,7.642566672603708,7.737048308187268,7.243641185491996,7.327625751495361,237200.0
2003-02-24,7.5060924859244915,7.632068542936143,7.306629728209181,7.6131720542907715,445600.0
2003-03-03,7.5900781338185075,7.600576006568227,6.9916897758482515,7.065176486968994,356000.0
2003-03-10,7.03368019402754,7.422106988845651,6.859412509248557,7.380115509033203,516200.0
2003-03-17,7.583777077167823,7.6005743105683035,7.422107309900968,7.501892566680908,582200.0
2003-03-24,7.4536019457238964,8.121276775641102,7.363318815827556,8.06878662109375,643000.0
2003-03-31,7.936512291270918,8.177967355539009,7.869324948349351,7.898719310760498,453000.0
2003-04-07,8.030993905564747,8.20946011642503,7.78953886646086,8.159070014953613,320600.0
2003-04-14,8.261949907258172,8.377428886639851,8.062487963096041,8.11077880859375,645200.0
2003-04-21,8.146473505024717,8.146473505024717,7.117666744361308,7.424209117889404,1193800.0
2003-04-22,,,,,
2003-04-28,7.883865982685952,8.397030021933643,7.857550114063767,8.300537109375,461400.0
2003-05-05,8.399220554422572,8.563696156023141,8.061497118360185,8.144831657409668,518200.0
2003-05-12,8.245709757040224,8.552731212101088,8.245709757040224,8.515450477600098,333600.0
2003-05-19,8.561502950608425,9.250107289976961,8.535186253762895,9.239142417907715,463000.0
2003-05-26,9.090018846325535,9.298354785534112,9.072474379772041,9.166773796081543,396800.0
2003-06-02,9.320282994964975,9.504495680563396,8.837821119677104,8.881681442260742,583400.0
2003-06-09,8.883876494650341,9.736957449058373,8.881683854380407,9.693097114562988,562000.0
2003-06-16,9.725993064640312,9.747923653162498,9.408007478449543,9.410200119018555,605800.0
2003-06-23,9.539585296588166,10.265471283538364,9.324670601788608,10.131697654724121,1205400.0
2003-06-30,10.208451097659228,10.504507651322033,10.120731287977204,10.41897964477539,660600.0
2003-07-07,10.504510341707727,12.050581062701827,10.421175790085222,11.842245101928711,1080800.0
2003-07-14,12.719445562818153,12.890499907858345,10.616350995779197,11.6317138671875,2023800.0
2003-07-21,11.842244446112792,11.842244446112792,10.690915124962938,10.986970901489258,771000.0
2003-07-28,11.508903799473352,11.940926564939847,11.315918896182318,11.732590675354004,556200.0
2003-08-04,12.276457589491644,12.276457589491644,10.682140815194737,11.223814010620117,1064000.0
2003-08-11,11.7545204167563,12.153647733553342,11.590044846541057,11.732590675354004,589200.0
2003-08-18,11.78741586592554,11.973821177550981,11.61197542500171,11.710660934448242,536400.0
2003-08-25,11.447502329322383,12.039614677429197,11.184341192767555,12.0396146774292,616600.0
2003-09-01,12.094440174629074,12.236985201175326,12.044000251448077,12.098825454711914,488600.0
2003-09-08,12.039614341197383,12.094439541591605,11.484782744342874,11.76987361907959,559600.0
2003-09-15,11.886105652130857,11.91900027607156,10.960655842991809,11.10539436340332,655400.0
2003-09-22,11.140479304492692,12.06154273522293,11.140479304492692,11.824697494506836,732000.0
2003-09-29,11.842241029481631,12.215052488463698,11.842241029481631,12.171192169189453,414200.0
2003-10-06,12.247950513257281,14.090077743536844,12.22602076579267,13.921216011047363,796200.0
2003-10-13,14.074726519361903,14.21069362839745,12.664622197385695,13.377349853515625,1123600.0
2003-10-20,13.629544827661727,13.815950169931163,13.057169615342566,13.223837852478027,617000.0
2003-10-27,13.465069872476215,14.309377644050416,13.465069872476215,13.53085994720459,710000.0
2003-11-03,13.89270328751673,13.969459058086978,13.14050158801132,13.19752025604248,632000.0
2003-11-10,13.153662264734795,13.454104135201467,12.752342224121092,12.752342224121094,948400.0
2003-11-17,12.500145558041453,12.71725371740181,11.701890782571496,11.888296127319336,1268000.0
2003-11-24,12.006718590596043,12.807166831262238,11.997946357973158,12.741375923156738,653200.0
2003-12-01,13.37296306042257,13.410244632487458,12.741376504387805,12.796201705932617,814000.0
2003-12-08,12.653658409267537,13.524282159649568,12.51111253118746,13.487001419067383,710000.0
2003-12-15,13.158048897484122,13.272085421650264,12.829097675047018,13.219452857971191,399600.0
2003-12-22,14.035253457384872,15.239214574549043,13.980428248566962,14.908071517944336,1612200.0
2003-12-29,15.06377089896741,16.940985013617787,14.627361148330396,16.568174362182617,1625800.0
2004-01-05,16.754582385080084,16.778705608270336,14.94535068460571,15.219476699829102,2168400.0
2004-01-12,15.022105754978828,15.658078450035076,14.473853720125586,14.824734687805176,1301800.0
2004-01-19,15.076927287237986,15.526494515601165,15.037453083415208,15.351053237915039,785800.0
2004-01-26,15.131754378332198,15.263334516560814,14.13612859961969,14.594468116760254,1308800.0
2004-02-02,14.583503240193401,15.241405642006638,14.366395916072086,15.098859786987305,805400.0
2004-02-09,15.734832804371608,15.927816911003497,15.315967462503616,15.666850090026855,631800.0
2004-02-16,16.18440005698767,16.524315300411626,15.548427388696826,15.73702621459961,962000.0
2004-02-23,16.29404857977376,16.666859235526083,15.767726374551767,16.421241760253906,805600.0
2004-03-01,16.458530256803275,16.666865405114084,15.879576118686776,16.096683502197266,339600.0
2004-03-08,16.008959616741866,16.24141794700724,14.36420349173414,15.511147499084473,1314600.0
2004-03-15,15.581322895295342,17.44976502140959,15.34667110040691,16.9738826751709,1713000.0
2004-03-22,16.173431991893743,17.340112036112522,16.173431991893743,16.574752807617188,1534000.0
2004-03-29,16.239225703206262,18.44100437049716,16.2304534700015,18.432233810424805,1026400.0
2004-04-05,17.982665477887252,19.08355475023335,17.982665477887252,18.546268463134766,750400.0
2004-04-12,19.095156969464206,19.16966846038225,17.94813754509153,18.83775520324707,776600.0
2004-04-19,18.78130615872588,18.783564552355315,15.868600253259718,17.546228408813477,1927000.0
2004-04-26,16.573070288837858,17.358822504074883,15.834732284400792,16.545974731445312,1519400.0
2004-05-03,17.27302456218935,18.232637037866535,16.823700614743657,16.990785598754883,816600.0
2004-05-10,16.200513937398515,16.482752856168524,14.74641847664754,14.904473304748535,2104400.0
2004-05-17,13.773258171905791,15.620229582552582,13.592625450112962,15.54797649383545,1947600.0
2004-05-24,16.200515545557586,17.20528550705837,15.918276598770866,16.79886245727539,874900.0
2004-05-26,,,,,
2004-05-31,16.753702811425523,16.902725798813865,15.620231984857238,15.823444366455078,629300.0
2004-06-07,16.505329385890658,16.762731107075687,15.963430390840811,16.053747177124023,420500.0
2004-06-14,15.80537877413246,16.302118560831076,14.902214272753461,15.123490333557129,770900.0
2004-06-21,14.902216100109833,16.013108159591162,14.631267405531387,15.85053825378418,647900.0
2004-06-28,16.23438211017991,16.582100646788,15.827957399170574,15.958916664123535,416300.0
2004-07-05,16.121485478118526,16.36985535273356,15.249931662216206,15.317667961120605,383100.0
2004-07-12,15.218321837401076,15.290574926918222,14.066786608237624,14.084850311279297,741200.0
2004-07-19,14.247421153164892,14.75319284443368,13.63778574010473,13.863576889038086,1584100.0
2004-07-26,13.773258726703066,14.608685206312106,13.646815385692474,14.405473709106445,704300.0
2004-08-02,14.29257746481555,14.446115492540088,13.782289921842644,13.850027084350586,517000.0
2004-08-09,13.795837942902908,13.99905030803332,12.215300004899147,12.328195571899414,1561600.0
2004-08-16,12.283038079271385,13.17717076647946,12.283038079271385,13.132012367248535,609400.0
2004-08-23,13.1862024530844,13.84099621907732,13.095885655756156,13.50682544708252,478600.0
2004-08-30,13.511339350018758,14.175164868614388,13.330706643733352,13.687456130981445,356000.0
2004-09-06,13.99905123386815,14.134525578698213,13.773260084934792,13.863576889038086,379700.0
2004-09-13,13.863573952356841,15.218320558984884,13.737130625661333,15.073814392089844,556500.0
2004-09-20,15.173163013198437,15.398954139720137,14.11194540760628,14.197746276855469,618600.0
2004-09-27,14.134524896126432,14.947372648503254,14.111946126853402,14.857057571411133,435100.0
2004-10-04,14.924792860253579,14.924792860253579,14.509338021515658,14.721580505371094,381700.0
2004-10-11,14.74416099519326,14.807382233898847,13.773258478930165,14.066786766052246,622400.0
2004-10-18,13.93131047279206,13.958405162513591,13.466180515728379,13.561013221740723,703900.0
2004-10-25,13.028146109710885,13.728098146568932,12.982987719291895,13.561013221740723,802600.0
2004-11-01,13.59262696034244,14.093882711344728,13.44360484064043,13.913249969482422,409300.0
2004-11-08,13.908730811567239,14.622231483459473,13.908730811567239,14.622231483459473,531400.0
2004-11-15,14.653843330640097,14.653843330640097,14.11194432406607,14.274514198303223,417900.0
2004-11-22,14.274517068013996,14.70352060624122,14.152589637824166,14.333222389221191,312400.0
2004-11-29,14.522887436774788,14.545466208391709,13.999052011072893,14.08936882019043,598300.0
2004-12-06,14.31515864134013,14.324189632346377,13.64230028519612,13.782291412353516,596000.0
2004-12-13,13.723583880208368,13.940344008155083,13.47069806914942,13.52037239074707,412800.0
2004-12-20,13.637783485377058,13.79583657443967,13.58810916520039,13.615203857421875,276500.0
2004-12-27,13.592624114661735,13.737130277898524,13.484244492234144,13.556497573852539,300600.0
2005-01-03,13.330707850379412,13.50230872155205,12.689461039029426,12.937830924987793,542100.0
2005-01-10,12.982990606118154,13.077822471892134,12.314649035547253,12.486249923706055,517300.0
2005-01-17,12.468185842286557,12.644302639136317,12.328194728628004,12.386900901794434,328400.0
2005-01-24,12.328194590732242,12.77074583275872,12.328194590732242,12.612691879272461,423700.0
2005-01-31,12.644303778478966,13.26297187805176,12.576566609073511,13.262971878051758,398100.0
2005-02-07,13.321677585625096,13.615205902534914,13.217813865404294,13.479731559753418,370800.0
2005-02-14,13.502309812841593,13.547468212481498,12.942347896751338,13.24942398071289,440300.0
2005-02-21,13.389415228496679,13.886155938395312,13.253940880944732,13.859061241149902,450700.0
2005-02-28,13.953890109775061,13.99904850301748,13.687456537101978,13.845510482788086,415000.0
2005-03-07,13.845512114391578,14.202262515590212,13.82744927176085,13.95389175415039,403800.0
2005-03-14,13.944860057403526,14.048724633654459,13.497793715424985,13.624237060546875,515700.0
2005-03-21,13.660362238784039,13.68294100539263,12.937830510087538,13.019115447998047,369200.0
2005-03-28,13.109433587172228,13.547468078293447,12.892673443312667,13.38489818572998,362400.0
2005-04-04,13.49779507829682,13.773260565225296,13.109434874289766,13.646817207336426,527400.0
2005-04-05,,,,,
2005-04-11,14.280699045059503,14.468850364411644,13.76328224395892,13.852654457092285,255200.0
2005-04-18,13.739763862610188,13.913804407607564,13.076529848335364,13.862062454223633,663800.0
2005-04-25,13.970248501039563,14.33714333260072,13.894987976761572,14.308920860290527,380600.0
2005-05-02,14.252473282185992,14.600554286037,14.238362496338052,14.294807434082031,298700.0
2005-05-09,14.177215468367526,14.257179893054474,13.593945916547085,13.612761497497559,351100.0
2005-05-16,13.608057426582718,13.87617317143167,13.476351053158554,13.720948219299316,266600.0
2005-05-23,13.62687131994395,13.62687131994395,13.405793642507096,13.542203903198242,248600.0
2005-05-30,13.640985473673021,13.655097160939627,13.23645941046076,13.452834129333496,342700.0
2005-06-06,13.570424783935078,14.054914238949813,13.518682843234043,13.880874633789062,396500.0
2005-06-13,13.946729042080948,14.003174883940742,13.692724996652421,13.824430465698242,327100.0
2005-06-20,13.711538087059955,13.899689376118662,13.551609267066024,13.631573677062988,266000.0
2005-06-27,13.579833157182675,13.970247433481735,13.570425368072781,13.956135749816895,258800.0
2005-07-04,13.63157674435344,13.720948963207336,13.297608243273787,13.640984535217285,323100.0
2005-07-11,13.640982272321974,13.767984736386563,12.935414223753597,13.208233833312988,704000.0
2005-07-18,13.217642785070344,15.404903748560475,13.212938890005054,14.680520057678223,1444800.0
2005-07-25,14.299514669322749,14.370071306575436,13.669207035136283,13.75857925415039,1393800.0
2005-08-01,13.75857856102849,14.031398202590893,13.688021927330265,13.932619094848633,634300.0
2005-08-08,13.946730564440527,14.040806678750352,13.419906836399202,13.711541175842285,560700.0
2005-08-15,13.711540357358235,14.153696632738631,13.645687619578101,14.087843894958496,506300.0
2005-08-22,13.852650982283116,13.880873448812528,13.405790925883261,13.504570007324219,482100.0
2005-08-29,13.476350050677572,13.659798360224894,13.382274845666625,13.556314468383789,323200.0
2005-09-05,13.5516114489526,13.91850719457147,13.5516114489526,13.852654457092285,327800.0
2005-09-12,13.80561512432491,14.163103046572633,13.80561512432491,14.069026947021484,407100.0
2005-09-19,14.01728609131977,14.200734409975933,13.782096721350134,13.843246459960938,408600.0
2005-09-26,13.852655953520362,14.205440051856096,13.62687344873146,13.974953651428223,413500.0
2005-10-03,13.880877989744347,14.069029323451517,13.386979729439657,13.626873016357422,306100.0
2005-10-10,13.603353182031372,13.80561618356166,13.109455864433974,13.170604705810547,349600.0
2005-10-17,13.311717968788018,13.711540076792517,12.747264019701886,13.170604705810547,457900.0
2005-10-24,12.229847940240456,12.864859455034354,12.20162546543388,12.417999267578125,720900.0
2005-10-31,12.323924152278275,13.17060558074111,12.30510857080402,12.817821502685547,408800.0
2005-11-07,12.672004606287734,13.132975596161288,12.559113806553984,13.109457015991211,431900.0
2005-11-14,12.958933246372638,13.349347544146271,12.855450252000226,13.344644546508789,367700.0
2005-11-21,13.170604098153024,13.208234359689271,12.874265900702111,13.11886215209961,316800.0
2005-11-28,13.10004654767593,13.170603170942178,12.540295661701567,12.634371757507324,516100.0
2005-12-05,12.629669706101431,12.766079078032831,12.441518384208326,12.56381607055664,484900.0
2005-12-12,12.676708744780946,12.930712824757286,12.469741826046501,12.681411743164062,348100.0
2005-12-19,12.681410599090771,12.742560338670664,12.465036805934254,12.48385238647461,289500.0
2005-12-26,12.48384958475974,12.488552581663088,12.253363260749087,12.32862377166748,377300.0
2006-01-02,12.441519786613526,13.076530457433977,12.42270420371519,13.005973815917969,338600.0
2006-01-09,13.081233275283559,13.297607974903574,12.968342478724711,13.184717178344727,535800.0
2006-01-16,13.076529325341701,13.269384547471446,12.949527740478517,12.949527740478516,328700.0
2006-01-23,12.827231597448375,13.33994462142335,12.827231597448375,13.283498764038086,441700.0
2006-01-30,13.358754229409291,13.448126429128482,12.935413600113527,12.991859436035156,340700.0
2006-02-06,13.194122212366393,13.391681302796023,12.747262984444824,12.888376235961914,491300.0
2006-02-13,12.888377008341564,13.02008337557966,12.615557381129689,12.926007270812988,315000.0
2006-02-20,12.916598363253847,13.076527189213135,12.831930952901414,12.940117835998535,266400.0
2006-02-27,12.864861876156718,13.038901550256615,12.606152967350042,12.907196044921875,650000.0
2006-03-06,12.935414394105102,12.935414394105102,12.37566348365995,12.59203815460205,456000.0
2006-03-13,12.465039430079646,12.794304981442895,12.370963301925446,12.568522453308105,520000.0
2006-03-20,12.512075352167015,12.657892518384225,12.192217647812132,12.30040454864502,535800.0
2006-03-27,12.37096265449035,13.100050366587423,12.323925490051392,13.07182788848877,858600.0
2006-04-03,12.982451811659699,13.292901670221411,12.878967927355037,12.977747917175293,511000.0
2006-04-10,12.958935740847192,12.982455219442883,12.587336950798978,12.676709175109863,320200.0
2006-04-17,12.68141063096021,14.22895714441935,12.68141063096021,14.11136245727539,990500.0
2006-04-24,13.73506065647681,13.904396406230417,13.34934930545017,13.782097816467285,506300.0
2006-05-01,13.82913335019369,14.144287109375,13.551609850444052,14.144287109375,447500.0
2006-05-08,14.23366116833099,14.511184704275456,13.161197288892568,13.165901184082031,565400.0
2006-05-09,,,,,
2006-05-15,13.729076133017305,13.920302251314222,13.366236376013854,13.523139953613281,370100.0
2006-05-22,12.993589475324972,13.38094598783415,12.89552427500848,12.983782768249512,465000.0
2006-05-29,12.871006571322726,12.875909924147596,12.390489217112552,12.738618850708008,532300.0
2006-06-05,12.714102316549916,12.748424849201207,11.792292611423566,12.21887493133545,754900.0
2006-06-12,12.316943272746439,12.498362687664759,11.816812406634815,12.361071586608887,444700.0
2006-06-19,12.434620166658974,12.503265245205693,12.071780424710663,12.341458320617676,256200.0
2006-06-26,12.43461893005312,13.116169099899317,12.307134557416608,12.978878021240234,322700.0
2006-07-03,12.959267541733572,13.125977828935266,12.807267315832888,12.969074249267578,284300.0
2006-07-10,13.067137605646515,13.1161702046704,12.33165142594537,12.424813270568848,353100.0
2006-07-17,12.31203858430213,12.616039005888917,12.189457557967682,12.410102844238281,396100.0
2006-07-24,12.522881700431649,12.79746301652071,12.49346157229336,12.728816986083984,356300.0
2006-07-31,12.699391913466584,12.79255373899956,12.41010066724749,12.567004203796387,406900.0
2006-08-07,12.567006558863795,12.90533045746131,12.547394080729212,12.871007919311523,282000.0
2006-08-14,12.748428085301223,13.366236635507498,12.748428085301223,13.194622993469238,449200.0
2006-08-21,13.06713790795281,13.199525647814356,12.871008442538887,12.983782768249512,237300.0
2006-08-28,12.895523527541767,13.160298991917609,12.895523527541767,13.018104553222656,337800.0
2006-09-04,13.01810391011155,13.199524230653228,12.875910413660145,12.978878021240234,250400.0
2006-09-11,12.94455810880981,13.3858496818519,12.851396253152531,13.361333847045898,271600.0
2006-09-18,13.361331828128952,13.709461492910858,13.302492524178442,13.434880256652832,317100.0
2006-09-25,13.425076973634088,14.268435245747252,13.204431631795995,14.180176734924316,585800.0
2006-10-02,14.26843259037507,14.964692903135392,14.033077228793317,14.567529678344727,796300.0
2006-10-09,14.587143467965095,14.856821376478491,14.474369137875426,14.817595481872559,441500.0
2006-10-16,14.871531686518203,15.1657263685952,14.817595729825339,15.023531913757324,1206000.0
2006-10-23,14.94998199662086,15.200047404862625,14.94998199662086,15.09217643737793,518500.0
2006-10-30,15.04314457835853,16.165987293944802,14.964692791748554,15.89140510559082,698600.0
2006-11-06,16.05321446922397,16.180697932975775,15.78843896323372,15.886504173278809,554400.0
2006-11-13,15.788436392916806,15.930630830811383,15.445209148854659,15.911017417907715,537200.0
2006-11-20,15.714888736134533,16.10714768461094,15.494243428323719,15.577598571777344,356000.0
2006-11-27,15.303016080961799,16.165987621600568,15.214758520651051,15.969857215881348,574600.0
2006-12-04,16.102247796927795,16.739668922192813,16.092441087869748,16.729862213134766,496700.0
2006-12-11,16.720051529570576,17.367279210041822,16.621988203177644,17.11231231689453,626800.0
2006-12-18,17.29373091974053,17.46044118555317,17.112311529733176,17.391796112060547,734200.0
2006-12-25,17.480057547137903,17.823282972506036,17.40650817288,17.617347717285156,488000.0
2007-01-01,17.95567080870059,19.833613301354806,17.896832431279382,18.431285858154297,995100.0
2007-01-08,19.465869001907972,19.61296587185928,17.19566767851757,18.9853515625,1390600.0
2007-01-15,19.049091472437624,19.2108993311952,17.89683052901852,18.377347946166992,1077300.0
2007-01-22,18.377346921212535,19.098123941954604,17.759539382317897,18.02431297302246,1010800.0
2007-01-29,17.89682998856237,18.32831572844762,16.872052525358672,17.367279052734375,1278100.0
2007-02-05,17.13682879730715,17.715411423033732,16.759278990998236,17.269216537475586,1042900.0
2007-02-12,17.543798578239944,18.122381260815214,16.916184225794215,17.940961837768555,825200.0
2007-02-19,18.068444665842314,18.509737160899995,17.842895999674276,18.25476837158203,477600.0
2007-02-26,18.563675578002137,18.7549017277205,15.6952777209112,16.85734748840332,1712100.0
2007-03-05,16.082630979010943,17.406506494969484,15.896307287173109,17.234893798828125,1014500.0
2007-03-12,17.239792695835757,17.64676253561521,16.67591931722121,17.37708282470703,919000.0
2007-03-19,17.54379719835086,18.323412658776455,17.51437894691777,18.117477416992188,556400.0
2007-03-26,18.191028044391135,18.269479845767954,17.014251023738872,17.038766860961914,751700.0
2007-04-02,17.161342775351045,20.171932322956845,17.156440357550775,19.916963577270508,1290800.0
2007-04-09,20.8436764400139,20.8436764400139,19.652190610849637,20.201353073120117,1005600.0
2007-04-16,20.216063870513835,20.446516812605683,19.00986694678699,19.51490020751953,1392500.0
2007-04-17,,,,,
2007-04-23,20.22057320025502,21.36369607896626,20.215493506880215,20.93185043334961,740400.0
2007-04-30,20.881046572458878,21.211282889683876,20.34758954608179,20.85564422607422,681300.0
2007-05-07,20.906448426925536,22.842135292340572,20.601614491516578,22.45601463317871,1547300.0
2007-05-14,22.86245845403999,23.477204093999603,22.110537830787184,22.273115158081055,1425700.0
2007-05-21,22.303595965182556,22.67955525436127,20.743868620612215,21.20111656188965,1186600.0
2007-05-28,21.338291084342575,21.5872386664126,20.195168347681367,21.450063705444336,939800.0
2007-06-04,21.45514660574624,21.45514660574624,20.271380335939668,21.12491226196289,1279700.0
2007-06-11,21.241765019417645,22.10037665616883,20.875965061476485,21.983524322509766,765000.0
2007-06-18,22.049577849413822,23.080928414957725,21.61265043600848,22.577953338623047,1006600.0
2007-06-25,22.913263337568896,23.980179237373264,22.63383367502774,23.599138259887695,1337300.0
2007-07-02,23.878567471423697,24.528876773865836,23.624540157897915,23.84808349609375,1041600.0
2007-07-09,24.36121940612793,24.539037747821556,23.533089833223542,24.36121940612793,948200.0
2007-07-16,24.320571584844245,24.320571584844245,22.212146294186756,22.88277816772461,1354200.0
2007-07-23,23.16221249904089,23.985260522356246,22.105457854425076,22.430614471435547,1467700.0
2007-07-30,22.68464139983864,23.319709726395438,21.089348135545197,21.129993438720703,1509500.0
2007-08-06,21.226521944702334,21.958121856526198,18.218839447880825,20.789594650268555,1859900.0
2007-08-13,21.058863383552307,21.490709014753076,17.9851334665732,19.920820236206055,1686900.0
2007-08-20,20.296784954529876,22.704963064381367,19.67695762166418,22.623674392700195,1744800.0
2007-08-27,23.878568941926954,24.701616945775005,22.100377637740905,23.54325294494629,1890000.0
2007-09-03,23.477204093999603,23.77187671101638,21.988603866279472,22.273115158081055,1468100.0
2007-09-10,22.273113517587987,22.760845463546428,21.64820659843977,22.4915771484375,1019900.0
2007-09-17,22.58303102831582,23.878570081280994,22.201990016380485,23.375595092773438,1315400.0
2007-09-24,24.208805484118905,28.17671116455744,24.005582843546815,26.81512451171875,2253600.0
2007-10-01,27.150446116886233,28.390100991752966,24.396790203316947,26.6627140045166,2445200.0
2007-10-08,25.65167651670702,26.591576711536977,24.894674342122393,26.423917770385742,1761600.0
2007-10-15,26.850690557240217,29.213145725960935,25.966676450159174,27.3841495513916,2691300.0
2007-10-22,25.809176752850416,27.175845050459433,24.386624069731052,24.975967407226562,2229800.0
2007-10-29,25.245233069087615,25.3011193867132,23.116484934376082,23.52292823791504,1898700.0
2007-11-05,22.862457574224795,22.872618899048952,20.383150521292436,20.93185043334961,3211100.0
2007-11-12,20.601617229152364,21.749821910377946,19.504219179616975,20.21041488647461,1980600.0
2007-11-19,19.666797869784645,21.19096203937307,18.9758431361459,20.901371002197266,1748100.0
2007-11-26,21.582159725417814,22.73036423599968,20.068157211404824,21.795543670654297,1806200.0
2007-12-03,21.897154169032422,23.116486078049505,21.846349480354476,22.867538452148438,1229200.0
2007-12-10,22.86246010509718,22.913264796767493,20.38315277770571,20.484764099121094,1327400.0
2007-12-17,20.322183216477313,20.82515810383787,19.61090602867084,20.637176513671875,1219400.0
2007-12-24,20.835321416983746,21.505955372557104,20.601616731083435,21.21128273010254,653100.0
2007-12-31,21.338296553044536,21.475471549168798,19.915743837123195,20.103723526000977,1014500.0
2008-01-07,20.327267151378845,21.414505808325504,19.981791747634134,20.01227378845215,2180500.0
2008-01-14,20.03767473076649,20.03767473076649,17.842878794255544,18.523672103881836,2745000.0
2008-01-21,16.857252705471428,18.24424160679824,16.369520727920712,17.426273345947266,2594500.0
2008-01-28,17.11635933059919,17.914004923384645,16.21710339594548,17.807313919067383,2825700.0
2008-02-04,18.213756309858688,18.62020153306779,16.567660520544774,17.01982879638672,2038300.0
2008-02-11,16.765804203580828,17.934329563488173,16.643870229347343,17.253536224365234,1655200.0
2008-02-18,17.77683243271134,17.77683243271134,16.303473224161127,16.82676887512207,1171300.0
2008-02-25,16.714996672963025,17.492319570211784,16.349196750457992,16.51177406311035,1474500.0
2008-03-03,16.51177713378242,16.577824784978493,14.794552738245505,14.972371101379395,2366400.0
2008-03-10,14.738664378033269,15.160349666305612,12.706445934496722,12.736928939819336,3950000.0
2008-03-17,12.198390865810024,14.098514922921042,12.193310203607387,13.961339950561523,3036700.0
2008-03-24,14.2763358420563,15.292445140864046,13.778442518209467,15.03841781616211,2952100.0
2008-03-31,15.241638988375117,16.862332569765474,15.241638988375117,16.27298927307129,2697900.0
2008-04-07,16.511775820420983,16.511775820420983,13.844488957122207,14.012146949768066,3567300.0
2008-04-08,,,,,
2008-04-14,14.901787186013255,15.00381772740985,14.015735179802762,14.235905647277832,3498900.0
2008-04-21,14.230535516081906,16.942391874541403,13.962034845967153,16.31410026550293,3773000.0
2008-04-28,16.276508226054023,19.063545107421618,16.260398843454205,19.004474639892578,2854400.0
2008-05-05,19.058179115703723,19.058179115703723,16.75444279595427,16.99072265625,1873500.0
2008-05-12,16.8457306567517,17.629753060603598,16.587969263119675,17.565311431884766,1234900.0
2008-05-19,17.715674404676108,17.715674404676108,15.846909037231807,16.861841201782227,2112500.0
2008-05-26,16.797401594475154,18.241935426573484,16.05633920211297,18.118425369262695,1600000.0
2008-06-02,18.719865609927744,19.133356855955963,17.82307237542566,17.839183807373047,2304700.0
2008-06-09,17.76400361033127,18.064723020911753,16.754440614174662,17.672712326049805,1451700.0
2008-06-16,17.898254832673867,19.78849766095533,17.146452171416108,17.25385284423828,3606000.0
2008-06-23,17.03905258891477,17.18404319922797,14.617176377613726,14.778277397155762,3093200.0
2008-06-30,14.71920944156946,15.009190711855263,13.532436746526887,13.715017318725586,1503100.0
2008-07-07,13.795564685429145,14.885676748058556,13.602243875633329,14.649396896362305,2976100.0
2008-07-14,14.912524756266274,15.28305487628688,13.55928137878203,15.116584777832031,1945600.0
2008-07-21,15.66432860869187,16.37854032620907,14.633286029154004,14.842716217041016,2050600.0
2008-07-28,14.735317782560601,15.460269832136705,14.39163621153447,14.55273723602295,1622700.0
2008-08-04,14.429229301941358,15.170290846610667,14.096287954815223,15.111220359802246,2437400.0
2008-08-11,15.29916873044987,16.126151322270907,15.22398886728389,15.787839889526367,2162600.0
2008-08-18,15.95967881604438,15.95967881604438,14.848086250702037,15.229357719421387,3335600.0
2008-08-25,15.207878223571365,16.297991343943796,14.837347001494225,16.11004066467285,2094700.0
2008-09-01,15.67506611189806,15.99189691794942,14.50440327248775,14.950114250183105,1936900.0
2008-09-08,15.304538405118725,16.53427198264312,14.294976322397902,16.432241439819336,2936500.0
2008-09-15,15.744877629530038,18.725234373767282,15.3636072059811,18.488954544067383,4544600.0
2008-09-22,17.18404193345153,17.23237213332926,15.08973702766187,15.53544807434082,1943700.0
2008-09-29,14.294975717017572,14.83734615373321,13.28541265280212,14.069435119628906,2288400.0
2008-10-06,13.435773013347795,13.854633379358273,10.283574875012896,12.657120704650879,3557000.0
2008-10-13,13.548543098300886,14.509775955615105,11.856989140091583,13.618353843688965,2767600.0
2008-10-20,13.591501847828182,14.44533394849752,10.07414394137803,10.288944244384766,2604000.0
2008-10-27,9.639173706858355,11.314617182701689,8.903481478077083,10.530595779418945,2981600.0
2008-11-03,10.62725732569274,11.217957997827739,8.898112304046592,9.751944541931152,2011300.0
2008-11-10,10.412456112034725,11.80328972564391,9.397523862630276,11.09444808959961,3216300.0
2008-11-17,11.760330096324088,12.340291549658598,10.621887736639128,11.706629753112793,3013300.0
2008-11-24,11.432760184048893,14.719208145816902,11.400539362909825,14.472187995910645,2149200.0
2008-12-01,13.419662261168744,14.488294717063079,11.948278833363286,14.139244079589844,3644800.0
2008-12-08,14.842717488992868,15.401199403549185,13.425034204732718,14.133875846862793,2891400.0
2008-12-15,14.133874632902737,15.825428592561538,13.543172973780164,15.272317886352539,3789900.0
2008-12-22,15.036035836185143,15.078995897604297,13.940552733623727,14.359414100646973,4470900.0
2008-12-29,15.06826043169319,16.22281334675566,14.756799631012399,16.12615394592285,2735000.0
2009-01-05,16.641669769266198,16.663150312395945,13.838523418500433,14.031843185424805,2929900.0
2009-01-12,13.757974544609565,13.757974544609565,12.53898127797628,13.301523208618164,2019500.0
2009-01-19,13.070611522993804,14.123133563173075,12.469169625570878,13.688162803649902,2257100.0
2009-01-26,13.570026279924367,15.696551435101432,13.521696069647712,15.31528091430664,3045900.0
2009-02-02,14.880303738067736,16.335577618295403,14.77290410556017,16.185216903686523,2588100.0
2009-02-09,15.492489709456592,15.809320599289672,14.563477586369212,15.438789367675781,2073100.0
2009-02-16,14.10165341401509,15.116585482302327,13.881482976177633,14.225163459777832,1792900.0
2009-02-23,14.649397275947953,14.692357343210313,13.806304291519842,13.9566650390625,1925900.0
2009-03-02,13.757974388378603,15.100477700020793,13.253192856411491,14.064064979553223,2036600.0
2009-03-09,13.77408440834368,14.955487786816123,13.629093798174567,14.756796836853027,1444400.0
2009-03-16,15.82005800265227,16.10466906391319,14.85882619633485,15.068256378173828,1997900.0
2009-03-23,15.266947225642875,15.911348175431174,13.607613115533864,13.806303024291992,2254600.0
2009-03-30,13.43577474132805,15.277689634208407,12.163081023098416,15.138069152832031,1845600.0
2009-04-06,14.67087484053631,15.218616393255857,13.962033313133912,15.191766738891602,1039200.0
2009-04-13,15.283054670752568,15.476375443292893,14.042582103532146,14.2573823928833,1631800.0
2009-04-20,14.42385430322404,15.197135387234457,14.042582872529133,14.976964950561523,1922500.0
2009-04-27,14.81586732041813,15.030667655452072,14.252016312922933,14.767537117004395,1319200.0
2009-05-04,14.826605695747642,15.293796236625097,14.300343661953637,14.789015769958496,1610400.0
2009-05-11,14.58495182621603,14.58495182621603,13.32299886053547,13.639829635620117,1697400.0
2009-05-12,,,,,
2009-05-18,14.11600220141115,14.434450564520393,13.753631153929199,14.039135932922363,1425300.0
2009-05-25,13.85794749131888,14.665046282185425,13.643819475771952,14.615633010864258,1114400.0
2009-06-01,15.16467698702504,16.251789680005853,14.758381328703951,15.812551498413086,1564800.0
2009-06-08,16.240810823144106,16.432977489747866,15.170168714368923,15.675292015075684,1346900.0
2009-06-15,15.477637859130613,15.549013520507614,14.769366605841451,15.411751747131348,1026500.0
2009-06-22,15.334884711242614,15.79608433016902,14.791328241913098,15.77961254119873,788400.0
2009-06-29,15.642348874723629,15.955305496575384,15.170168120505728,15.631367683410645,693800.0
2009-07-06,15.565486014270979,15.790595249010806,14.43993879334758,14.730934143066406,1122100.0
2009-07-13,14.654068500956798,15.37331996315293,14.368563736021551,15.274491310119629,1365300.0
2009-07-20,15.647838869402486,17.157718058555357,15.433710883143396,17.020456314086914,1002600.0
2009-07-27,16.59220051354687,17.454205211817335,15.988249631286347,17.163209915161133,1243300.0
2009-08-03,18.096591375421358,18.90369125865428,17.574996227035786,18.51386833190918,1078900.0
2009-08-10,18.667598827945564,18.673088376631878,16.460429538719396,16.71299171447754,735700.0
2009-08-17,16.438468148096995,16.498862608464112,15.614897614285658,16.454938888549805,1374600.0
2009-08-24,16.658087831314287,16.658087831314287,15.576465503547459,15.653331756591797,538400.0
2009-08-31,15.208604778137481,16.087079282408524,14.978004958960279,15.988251686096191,1031100.0
2009-09-07,16.141981903295743,16.40003466851874,15.850987657881307,15.97726821899414,607800.0
2009-09-14,15.878441246816962,16.828292423025534,15.40076983692742,16.224340438842773,746700.0
2009-09-21,15.861967855879001,15.861967855879001,14.434446461170342,14.637593269348145,1313100.0
2009-09-28,14.665045864957278,14.972512959874775,14.143451807809022,14.346598625183105,1133200.0
2009-10-05,14.412485090129547,14.81877978224154,14.308165857206802,14.65406608581543,630300.0
2009-10-12,14.626615016725939,15.060362746418809,14.275225193235,14.450920104980469,770200.0
2009-10-19,14.615633087975999,16.03217445022562,14.549746980493252,15.488616943359375,1221300.0
2009-10-26,15.488615644507686,15.724706026288468,13.879908785387403,14.006189346313477,1370900.0
2009-11-02,14.231297958478473,14.95603981445265,13.901869556520023,14.873682975769043,1199800.0
2009-11-09,15.07134394020897,15.296453176785889,14.220320271508472,14.450920104980469,859300.0
2009-11-16,14.571709970997658,14.736423675713821,14.264242852932002,14.324638366699219,857100.0
2009-11-23,14.280712795081614,14.456407669979155,13.748137574645432,13.896379470825195,776600.0
2009-11-30,13.797553561942209,14.08854891037319,13.495578067083548,13.583425521850586,925700.0
2009-12-07,13.468125027920703,13.539500686368301,12.69945829078188,12.787306785583496,1027200.0
2009-12-14,12.715929703201644,12.90260578557945,12.172373244710089,12.424934387207031,1145000.0
2009-12-21,12.029620575843616,12.529253299014822,11.8594162864793,12.523762702941895,623200.0
2009-12-28,12.468856926510854,12.479838117896742,12.1833532810461,12.298652648925781,870800.0
2010-01-04,12.44689862301483,13.1606594813842,12.441408025984382,13.111245155334473,839400.0
2010-01-11,13.111245155334473,13.111245155334473,13.111245155334473,13.111245155334473,0.0
2010-01-18,13.188110614987757,13.385766844212357,12.117468430522521,12.348068237304688,1536200.0
2010-01-25,12.468857996742601,12.485329785235246,11.925301543174971,12.221787452697754,1011100.0
2010-02-01,12.90260355572554,13.429688134483419,12.315123476275998,12.633570671081543,1360100.0
2010-02-08,12.721419748374394,13.506557170150112,12.595139182595894,13.215561866760254,878400.0
2010-02-15,13.31439173606943,13.566952891075706,13.045358791605446,13.155167579650879,443400.0
2010-02-22,13.221052908907279,13.29791916071879,12.787306284397012,13.094772338867188,765700.0
2010-03-01,13.264978187423381,13.369297432282277,12.97947343687496,13.286940574645996,885000.0
2010-03-08,13.341843416685037,13.402238929653286,13.056339735435545,13.270467758178711,827400.0
2010-03-15,13.215563093771598,13.407729781881358,13.09477311275436,13.155167579650879,737100.0
2010-03-22,13.116734061235313,13.188110766204293,12.639063700639326,12.8092679977417,1081500.0
2010-03-29,12.97398070906406,13.039866812685702,12.710438389025667,12.902605056762695,750200.0
2010-04-05,12.919078134103692,13.149677948962625,12.66651593343715,13.006925582885742,1396000.0
2010-04-12,12.897115748296082,13.199092269805552,12.737892640087688,13.006925582885742,1330500.0
2010-04-19,12.732399588024519,13.02888440867688,12.639061560792035,12.869661331176758,745900.0
2010-04-26,12.935547356326662,12.935547356326662,12.435914657375813,12.628081321716309,898400.0
2010-05-03,12.611611375755093,12.721421213475917,11.195069914722424,12.128450393676758,1621700.0
2010-05-10,12.677495201022777,13.01790375154968,12.30414307678757,12.748870849609375,987600.0
2010-05-17,12.69945756056991,13.20458087870793,12.3535583865258,12.76534366607666,1790700.0
2010-05-24,12.82024692954387,12.92456614682735,11.733134182770725,12.051581382751465,3688200.0
2010-05-26,,,,,
2010-05-31,12.60179505897986,12.671386684142373,11.998672434097298,12.07406234741211,1506600.0
2010-06-07,12.132057310048594,12.862764524757974,11.99867453674459,12.781575202941895,1443400.0
2010-06-14,12.903360006588104,13.257115398929887,12.822170679606693,13.129530906677246,739700.0
2010-06-21,13.378895707552449,13.494881376568221,13.094732035197254,13.309305191040039,968500.0
2010-06-28,13.767447691973562,13.947224502127275,13.436889938873646,13.547076225280762,1365300.0
2010-07-05,13.692057141194063,14.063209533691406,13.367297691637507,14.063209533691406,565400.0
2010-07-12,14.005219310290434,14.063212158974439,13.303509048966566,13.349903106689453,617200.0
2010-07-19,13.373098544889297,13.813842612120778,13.315105700704878,13.552876472473145,715900.0
2010-07-26,13.547077026929555,13.680459793771323,13.326704441074767,13.564474105834961,576800.0
2010-08-02,13.790645239777858,13.958823260223667,13.529678011008498,13.88343334197998,567200.0
2010-08-09,14.016814229718575,14.144397576686789,13.065735756032499,13.953022003173828,586100.0
2010-08-16,13.929830881243317,14.03421779889054,13.755852316457378,13.848640441894531,393400.0
2010-08-23,13.906631319655844,13.906631319655844,13.373099121186003,13.645665168762207,405300.0
2010-08-30,13.680461484385148,14.138602685495131,13.535479909608808,14.03421688079834,577000.0
2010-09-06,13.663062829321198,13.755850945510828,13.465887805887839,13.73845386505127,353800.0
2010-09-13,13.773249617713267,14.979496276830236,13.657263915325974,14.892507553100586,786700.0
2010-09-20,14.828712010279206,14.933098898001944,14.53874892488111,14.863507270812988,637300.0
2010-09-27,14.857708075606482,14.857708075606482,14.35897124520483,14.451759338378906,411900.0
2010-10-04,14.434363618966131,14.579345177553163,14.254586796032232,14.41116714477539,323700.0
2010-10-11,14.376371185598513,14.880906365668457,14.347374211609665,14.793917655944824,441500.0
2010-10-18,14.759122325445663,14.828712850456144,13.529678287005513,13.60506820678711,1411600.0
2010-10-25,13.674659771909727,13.73265261321949,13.077335386825633,13.274510383605957,1086400.0
2010-11-01,13.38469622267908,13.402094406325064,13.112131315620472,13.164324760437012,603000.0
2010-11-08,13.268711597106588,13.703656267685696,13.117931751359412,13.564474105834961,1218200.0
2010-11-15,13.436891712476807,13.564475093600231,12.851166047376475,12.961352348327637,1338200.0
2010-11-22,12.874362940764879,12.897559415128207,12.52640697634284,12.613395690917969,559500.0
2010-11-29,12.601794744201028,13.291907159828828,12.451013815216388,13.100531578063965,953700.0
2010-12-06,13.030944066875449,13.100535712261,12.781576677371282,12.88596248626709,544100.0
2010-12-13,12.822168442611055,12.851164309725243,12.29443569705855,12.34662914276123,613600.0
2010-12-20,12.387224298750644,12.561201720695196,12.282837403135321,12.381424903869629,606500.0
2010-12-27,12.433618199610029,12.49740933027806,12.265439068481903,12.398821830749512,594400.0
2011-01-03,12.520607360071597,12.555402624062761,12.381425197985443,12.42781925201416,508600.0
2011-01-10,12.427819049202022,12.70038397390751,12.358227416233875,12.439417839050293,612800.0
2011-01-17,12.677188689232658,12.862764919722903,12.595998258801988,12.82217025756836,518500.0
2011-01-24,12.752578175557808,13.094734753446918,12.735179989757473,12.793172836303711,613600.0
2011-01-31,12.978746765353632,13.08313364945407,12.86856159313326,12.949750900268555,366200.0
2011-02-07,12.984547186576638,13.030941238054998,12.584398907371323,12.746777534484863,787000.0
2011-02-14,12.694585329011568,12.932355004341758,12.694585329011568,12.793172836303711,360200.0
2011-02-21,12.671386864995844,12.798970222473145,12.514806535736401,12.798970222473145,346300.0
2011-02-28,12.978750003812271,13.378899457335486,12.920758259172013,13.25131607055664,408300.0
2011-03-07,13.274511012968961,13.309307383077432,12.961351424843228,13.094734191894531,316800.0
2011-03-14,12.955552983027134,13.094735155336814,12.555403546310817,12.833767890930176,454500.0
2011-03-21,12.909158745031036,13.500683798664738,12.833767711425127,13.436891555786133,451300.0
2011-03-28,13.425290500932563,13.680458323292296,13.396294635125917,13.593469619750977,772000.0
2011-04-04,13.837040109330708,13.883434163175947,13.396296044740193,13.43109130859375,535900.0
2011-04-11,13.39629506792013,13.813841522080967,13.245514127387253,13.767447471618652,714300.0
2011-04-18,13.030941523374628,13.210719444645868,12.85116470822485,12.920756340026855,702000.0
2011-04-25,13.60789642468088,13.669028267424665,13.069937607727077,13.565104484558105,727300.0
2011-05-02,13.614008844427799,14.43928575307297,13.595668942993784,14.323135375976562,906300.0
2011-05-09,14.347586548614839,14.414831683833974,13.95634466950593,14.035815238952637,674000.0
2011-05-16,14.005252802000605,14.219213686152854,13.96246085836876,14.13362979888916,497200.0
2011-05-23,13.889100349012311,14.231438179306693,13.809629774903913,14.21921157836914,319500.0
2011-05-30,14.317022670431381,14.32313597116342,14.029704531982928,14.15196704864502,224200.0
2011-06-06,14.115287840691158,14.213098316471317,13.363369370883861,13.406161308288574,530100.0
2011-06-13,13.479517139495952,13.516196938482528,12.892654347623372,12.923219680786133,485200.0
2011-06-20,12.874315674291935,12.929334212019096,12.5442056139218,12.678694725036621,336600.0
2011-06-27,12.672580144988904,13.100501802769443,12.666466845192872,13.082161903381348,516600.0
2011-07-04,12.959899479772709,13.039370045591518,12.874314448130084,12.923219680786133,226300.0
2011-07-11,12.78261711329407,12.78261711329407,12.428053889737097,12.531977653503418,340700.0
2011-07-18,12.470847068067851,12.476960368428788,12.256886219406383,12.391376495361328,673200.0
2011-07-25,12.299680127014362,12.30579226178255,11.835079763107993,12.006247520446777,1039400.0
2011-08-01,12.134621902753118,12.15296063511161,10.930328728859257,11.125950813293457,1392600.0
2011-08-08,10.728595431258876,10.930329666455433,9.9338850904222,10.416825294494629,1659900.0
2011-08-15,10.502410374017737,10.734709969900216,10.233430974054171,10.410713195800781,1070900.0
2011-08-22,10.459616331106513,11.272666502124622,10.239542214863445,11.125950813293457,808100.0
2011-08-29,11.670022304594214,12.012358931407835,11.14429018177876,11.162630081176758,1075200.0
2011-09-05,11.052593098256395,11.425496226815804,10.759161701681478,10.765275001525879,563200.0
2011-09-12,10.606333484788383,11.015915276590354,10.514636312353604,10.95478343963623,438200.0
2011-09-19,10.66135088383333,10.691916216052528,9.579321332979088,9.964449882507324,1052300.0
2011-09-26,9.860527577176768,10.685804494925145,9.78105700207179,10.28844928741455,945100.0
2011-10-03,9.958339027773256,10.147846677054009,9.444832868796293,9.756604194641113,665000.0
2011-10-10,10.007243651802316,10.153959355090498,9.848301348408596,9.995017051696777,705300.0
2011-10-17,10.062261407588498,10.380146026611328,9.499851190003278,10.380146026611328,636100.0
2011-10-24,10.691917826830583,11.511081446436176,10.643012588316497,11.284893989562988,563200.0
2011-10-31,11.150405005455104,11.223763447079957,10.698031252414987,11.119839668273926,512800.0
2011-11-07,11.266554464237911,12.531978442345137,11.217649229151398,12.379149436950684,970100.0
2011-11-14,12.586997966707141,13.069937055388802,12.17130285280827,12.483074188232422,987000.0
2011-11-21,12.244660089304954,13.143294203458442,12.036812552808051,12.966012001037598,510500.0
2011-11-28,13.02103183772918,13.057711641481022,12.12851093430602,12.354697227478027,729200.0
2011-12-05,12.32413202341931,12.421942502494632,11.987908647347004,12.189642906188965,389700.0
2011-12-12,11.84730310491857,12.95989916096124,11.737267208643868,12.849862098693848,622500.0
2011-12-19,12.752052393662069,13.10661563426664,12.434167787328931,13.063823699951172,515800.0
2011-12-26,13.014917692094938,13.063822923547926,12.690919804973465,12.849862098693848,417000.0
2012-01-02,13.100504995776646,13.338917915967096,13.039373148909275,13.045486450195312,521200.0
2012-01-09,13.308350826151448,14.035816093669796,13.241105686837393,13.980798721313477,1148500.0
2012-01-16,13.980797870784215,14.56766068948274,13.87687410089059,14.506528854370117,586100.0
2012-01-23,14.463738136295838,14.65935909231788,13.950232543741548,14.158080101013184,650900.0
2012-01-30,14.549320843063752,15.221768699808818,14.396491837712272,15.185090065002441,776600.0
2012-02-06,14.989467974064192,15.411275156939992,14.854977713443485,15.295125961303711,445900.0
2012-02-13,15.472407604990345,16.083723603863056,15.44795557135166,15.937007904052734,531700.0
2012-02-20,15.643576840755317,15.747500609437658,15.49074783775145,15.533539772033691,298800.0
2012-02-27,14.934451143091636,15.826972007751465,14.781622132075132,15.826972007751465,509500.0
2012-03-05,15.276786767561662,15.417389168344476,14.628792131177299,15.301239967346191,894100.0
2012-03-12,15.15452529045808,15.399051474859863,14.848867268457646,14.909997940063477,531300.0
2012-03-19,14.671583310786056,14.775507072543832,13.314462274295712,13.510083198547363,1117800.0
2012-03-26,13.6017815436698,13.919666156214058,13.27778363096206,13.400047302246094,725200.0
2012-04-02,13.436725250006033,14.164191608354546,13.338914784378485,13.864646911621094,466500.0
2012-04-09,13.730157181621554,13.889099485954643,13.345028603963012,13.717931747436523,332400.0
2012-04-16,13.717932620568195,14.40260595020494,13.534537104206578,14.323135375976562,389700.0
2012-04-23,13.876873848071876,14.188643986079933,13.730156980077464,14.170305252075195,299800.0
2012-04-30,14.365925937136128,14.622678702652312,14.139738505089097,14.17641830444336,344600.0
2012-05-07,14.188643550593593,14.836639338703192,13.9502306879075,14.628791809082031,543300.0
2012-05-14,14.561548113675446,15.197317364881966,14.182532815911648,14.958903312683105,465900.0
2012-05-21,15.209541075571313,15.368483370355312,14.965014916670043,14.977241516113281,469800.0
2012-05-28,15.191205285348898,15.46629683015828,14.763283549877071,14.952791213989258,311600.0
2012-06-04,15.49074740364931,17.074055923679243,15.111730973784201,16.939565658569336,761100.0
2012-06-11,16.87843630347726,17.18409432467175,16.45662790775088,16.53609848022461,1153900.0
2012-06-18,17.000697134134477,17.581447783472292,16.811189506179144,17.129074096679688,771700.0
2012-06-25,17.639494024140905,18.437352699831134,17.472499936315035,18.431167602539062,1033800.0
2012-07-02,18.31365355272513,18.536311147805392,17.39209532782059,17.695158004760742,558500.0
2012-07-09,17.911631580849207,18.121920174188702,17.076663484592242,17.47868537902832,335000.0
2012-07-16,17.05810814659,18.239434616758754,17.045737951794578,18.05388641357422,647300.0
2012-07-23,17.831229306366577,18.15284732323571,17.256028170727845,18.115737915039062,430300.0
2012-07-30,17.707528054798715,17.905447632659595,17.466315154484775,17.51579475402832,318000.0
2012-08-06,16.489095264249187,16.773603899628142,16.21695682599256,16.612794876098633,473800.0
2012-08-13,16.860192491644046,17.695161901191483,16.860192491644046,17.324064254760742,301600.0
2012-08-20,17.8807073280929,17.992036722517078,16.952963947473673,17.070478439331055,294100.0
2012-08-27,17.175625056295466,17.34261917048823,16.98389054902812,17.1137752532959,338700.0
2012-09-03,16.946779775318024,17.99822280263559,16.823081358960344,17.50342559814453,332100.0
2012-09-10,17.67041911980906,18.394059019674653,17.020999211075186,17.150882720947266,497000.0
2012-09-17,16.903484046609616,17.707527823616616,16.841634253065994,17.61475372314453,364200.0
2012-09-24,17.596202385086247,18.715679223944846,17.534352581791364,18.51157569885254,440200.0
2012-10-01,18.55486763517866,19.018739326058125,18.474463727821703,18.938335418701172,383000.0
2012-10-08,18.3383942247555,18.38787382535405,17.73845392003726,17.763193130493164,260200.0
2012-10-15,17.64567931766891,18.60434699455419,17.633309122947203,18.536312103271484,264400.0
2012-10-22,18.542496916918946,19.538275162733242,18.42498360792083,19.414575576782227,460400.0
2012-10-29,19.39602047089224,19.748562739197027,19.39602047089224,19.55682945251465,143300.0
2012-11-05,19.53827711506106,19.655791615488287,19.123884994310444,19.37746810913086,276600.0
2012-11-12,19.58775649061193,20.088737616541305,19.51972159436329,19.94029998779297,354800.0
2012-11-19,20.410354907898597,20.65775409295585,20.24336081189097,20.404170989990234,225900.0
2012-11-26,20.107290459688762,21.09069853565468,19.550645847997167,21.084514617919922,298300.0
2012-12-03,21.709195516989073,22.952373045819023,21.684457485086504,22.816303253173828,412800.0
2012-12-10,22.210176470858176,22.476129762449887,21.83289378467583,22.37717056274414,536300.0
2012-12-17,22.370983417027354,22.995665257906552,22.27202422116385,22.36479949951172,421000.0
2012-12-24,22.123588320623703,22.797748631964645,22.02462911709538,22.556535720825195,283600.0
2012-12-31,22.760639417498012,23.76878798626605,22.698790796330705,22.82867431640625,350000.0
2013-01-07,22.735896950493657,22.95855574137487,22.30295192308402,22.35243034362793,270500.0
2013-01-14,22.265842260645613,22.500871256243688,21.6597168377862,22.457576751708984,223100.0
2013-01-21,23.04514706296659,23.20595725448648,22.921449819488128,23.063703536987305,185500.0
2013-01-28,23.30491134900523,25.38924058779849,23.23687646440287,25.141843795776367,379500.0
2013-02-04,24.6284933859989,24.684158081622638,24.016184093511132,24.449129104614258,379300.0
2013-02-11,24.356355165559766,24.820226823221052,24.282134001585213,24.62849235534668,156600.0
2013-02-18,24.640867007142237,25.19132776298489,23.719307442410805,24.572832107543945,269200.0
2013-02-25,24.807855916523373,25.587159240881586,24.442943461938423,25.57478904724121,277400.0
2013-03-04,25.562421523668778,27.32513284981626,24.86352091041854,25.160398483276367,392900.0
2013-03-11,25.04907192995683,25.092366433431568,24.04092343610189,24.096588134765625,293800.0
2013-03-18,24.282138979661077,25.939707564938363,24.25740094597128,25.902599334716797,396400.0
2013-03-25,25.778897194004934,26.248952819124202,25.420168607977626,26.125255584716797,294600.0
2013-04-01,26.279881352338013,26.768491125423214,25.74178843510542,26.032482147216797,251500.0
2013-04-08,26.2551393325603,26.879818865679585,25.66756802634752,26.026296615600586,503800.0
2013-04-15,25.95826196155389,26.04485097097139,25.426355350133782,25.760343551635742,375200.0
2013-04-22,26.514905742351385,27.974555737556372,26.514905742351385,27.739526748657227,599800.0
2013-04-29,28.246693342774492,29.254841846506064,28.228139229495973,28.951780319213867,250000.0
2013-05-06,29.415648006596207,30.429980289690352,29.24246765529178,30.3248348236084,308800.0
2013-05-13,30.306284524268168,30.671197024139396,29.941372024396937,30.491832733154297,276500.0
2013-05-20,29.4651332207689,29.4651332207689,24.900634534215982,25.884042739868164,1519700.0
2013-05-27,26.37883450205434,26.434499192449135,24.981033325195312,24.981033325195312,422800.0
2013-06-03,25.642825552714296,25.921149028774533,23.59560674303715,25.383058547973633,372700.0
2013-06-10,24.170809082061968,24.38728159743098,22.618383811135182,22.661678314208984,445100.0
2013-06-17,22.847224868978344,23.020405228120424,20.905149210862817,22.321504592895508,460600.0
2013-06-20,,,,,
2013-06-24,23.075590559441828,25.607414438612683,22.336605194176578,24.707782745361328,604100.0
2013-07-01,25.112621257049824,25.883733525700617,24.450746543006197,24.649951934814453,294700.0
2013-07-08,24.649949874746596,26.969718714086955,24.502153287230115,26.06365966796875,349800.0
2013-07-15,26.17289949250415,27.451664886704943,26.063659496439296,27.111087799072266,162700.0
2013-07-22,27.0725348042262,27.32314652466774,25.43391763484951,25.72308349609375,673800.0
2013-07-29,26.205024170812788,27.74725320166733,26.1086363884503,27.168916702270508,500500.0
2013-08-05,27.008274437714,27.560906680768397,26.365679262312334,26.5199031829834,145500.0
2013-08-12,26.7769368222022,28.06855435470417,26.41065780881944,27.90790557861328,170100.0
2013-08-19,25.45319312915778,26.044379463714836,24.733487280169143,25.151172637939453,254200.0
2013-08-26,24.964818134498802,25.671674200559536,24.82344888233123,25.401782989501953,175400.0
2013-09-02,25.003375678825908,25.003375678825908,23.641074729442842,23.917390823364258,225100.0
2013-09-09,24.033064026280794,26.4684982312939,23.80172933737463,26.35283088684082,212800.0
2013-09-16,25.896578578474607,25.9993936826804,25.337521602562216,25.4274845123291,157600.0
2013-09-23,25.61384066193046,27.149642533761547,25.61384066193046,25.780914306640625,134200.0
2013-09-30,25.54957942821261,26.609862295963232,25.459616508777906,26.603437423706055,112300.0
2013-10-07,26.346396222234496,27.04040003105658,26.24358111551702,27.02754783630371,113300.0
2013-10-14,26.873327389585135,27.50307030523178,26.307843004620587,27.451663970947266,113900.0
2013-10-21,27.393830446048124,28.724002138344847,26.185750943163537,26.237159729003906,212800.0
2013-10-28,26.74480593973564,27.509495636516,26.545603038266318,27.136789321899414,196500.0
2013-11-04,27.162502298012395,27.438818459616265,26.17933232146761,26.35283088684082,121800.0
2013-11-11,25.915861741106944,26.42993733444569,24.86843103440652,26.31427001953125,173400.0
2013-11-18,26.23716078807511,26.468492979777086,24.367206574196523,24.45074462890625,222000.0
2013-11-25,24.123024073960224,24.739914869403304,23.936670880136962,24.649951934814453,139100.0
2013-12-02,24.72063634843419,24.86843293963551,24.123022659360252,24.604969024658203,141100.0
2013-12-09,24.49572391015659,24.49572391015659,23.26194252578326,23.576812744140625,325800.0
2013-12-16,23.454721245139424,23.608945148339544,22.728588092828396,22.863534927368164,140900.0
2013-12-23,23.107718484041126,23.339053105005533,22.8057004633871,23.165552139282227,109800.0
2013-12-30,23.191257504607137,23.4932779892489,22.940645805140907,23.30692481994629,147200.0
2014-01-06,23.44187278659208,25.1576032587932,23.249094715333996,25.099769592285156,216700.0
2014-01-13,25.112622136694444,25.25399141686904,23.87883805128519,24.033061981201172,145400.0
2014-01-20,24.232261771455427,24.868432028926094,23.93666859987773,24.643522262573242,210000.0
2014-01-27,24.996951742191648,25.388932715604156,23.300498526004535,23.54468536376953,191100.0
2014-02-03,23.589664802745816,23.81457455156984,22.15667806824377,23.24909019470215,184200.0
2014-02-10,23.229814070894623,23.4033125924288,22.93421845903441,23.274795532226562,132800.0
2014-02-17,23.371185707649147,23.647501827576185,23.12700130735096,23.229816436767578,110900.0
2014-02-24,23.05631247542522,23.146275395659682,22.548661766895652,22.792848587036133,138100.0
2014-03-03,22.94707031094547,23.197682006406975,21.89964206844255,21.970325469970703,212200.0
2014-03-10,21.80967675074016,21.951048456763964,20.196764132810344,20.69156265258789,487400.0
2014-03-17,21.456248550494056,24.99052136226004,21.456248550494056,24.86842918395996,375600.0
2014-03-24,24.225836330081712,24.996950958480404,24.12944608229219,24.360780715942383,207100.0
2014-03-31,24.669224982968938,25.87087710857475,24.57926206305165,25.401782989501953,167800.0
2014-04-02,,,,,
2014-04-07,25.780915224557468,26.256436686334496,25.54315571932186,25.69095230102539,198100.0
2014-04-14,25.99297153287637,26.346398337385033,25.81947056674179,26.288564682006836,66000.0
2014-04-21,26.269285977551576,26.410655219765097,25.57528215624583,25.748783111572266,206000.0
2014-04-28,25.71665856300544,26.635569836682475,25.06121120652424,25.62669563293457,112400.0
2014-05-05,25.665249776941973,26.429939585254537,25.42749025439472,25.459619522094727,124800.0
2014-05-12,25.954417410058106,26.899033053830614,25.81947301846373,26.85405158996582,112800.0
2014-05-16,,,,,
2014-05-19,27.31671861429762,27.747258637370606,26.378530288200473,27.727981567382812,172200.0
2014-05-20,,,,,
2014-05-26,27.046830225831556,27.43881366337065,26.539179464057778,27.252460479736328,172400.0
2014-06-02,27.477365522284003,27.81794259371953,26.539177260334213,27.593032836914062,130400.0
2014-06-05,,,,,
2014-06-09,27.316716871805575,27.528774433368266,25.91586179621818,26.545604705810547,208300.0
2014-06-11,,,,,
2014-06-16,26.91830764021426,27.914329528808594,26.789788133326606,27.914329528808594,162700.0
2014-06-23,27.400257722355757,28.319169013765766,27.271738197786085,28.312744140625,124000.0
2014-06-30,29.026018981271722,30.246950630379512,28.929631188745777,30.234098434448242,182300.0
2014-07-07,29.95136123757185,30.240529554059474,28.730429435204563,30.20197296142578,559100.0
2014-07-08,,,,,
2014-07-14,32.22629162460413,32.87014024965777,31.819651748440396,31.921310424804688,493600.0
2014-07-21,32.35506212248654,33.37166437379355,32.26017707400118,32.9446907043457,297100.0
2014-07-28,32.58548847818779,33.06667953695486,30.010094323769216,31.189353942871094,327600.0
2014-08-04,31.006364026503142,31.589216310384572,30.45062175241918,31.58243751525879,745300.0
2014-08-11,31.12158309780189,31.331681832209803,30.477737058030662,30.599729537963867,360400.0
2014-08-18,30.6471677254275,31.75865235628468,30.559061479707452,31.602773666381836,317300.0
2014-08-25,31.44011589892945,33.00568416490278,30.240525033108796,32.971797943115234,455500.0
2014-09-01,32.38894711101766,33.398770527645404,32.36861330872736,33.256446838378906,291900.0
2014-09-08,32.876914178742574,33.378439070865255,32.32117184672596,33.12767791748047,227400.0
2014-09-15,33.100566796298295,33.20900425780763,30.728495063597748,30.911483764648438,341000.0
2014-09-22,31.169022760136748,31.70443125584341,30.59294666273681,30.63361167907715,283200.0
2014-09-29,29.84066390991211,29.94910137992419,28.966387939031737,29.84066390991211,296100.0
2014-10-06,30.152421900974176,31.277461547330233,28.851169761675685,28.9053897857666,618900.0
2014-10-13,29.400137191595018,32.27373137826086,29.400137191595018,31.243574142456055,371600.0
2014-10-20,30.328633170341213,31.27746295171103,30.315078163709856,31.243574142456055,263500.0
2014-10-27,31.074141011175474,33.87318659106474,30.82337984724957,33.58176040649414,468400.0
2014-11-03,33.2157786739347,33.55464604601683,31.24357067183084,31.514665603637695,519900.0
2014-11-10,31.697657890961647,31.934864044189457,31.33845926311577,31.934864044189453,310300.0
2014-11-17,30.904704062086388,31.853533761462618,29.881325710709582,31.57566261291504,447800.0
2014-11-24,33.419102303451545,33.419102303451545,31.352009195079745,32.40250015258789,255700.0
2014-12-01,31.751872738183955,33.541094691287874,31.5892178422173,33.51398468017578,243700.0
2014-12-08,33.8460777750799,33.8799665861597,33.13445669341012,33.74441909790039,303700.0
2014-12-15,34.22560590889324,36.49601635583705,33.303886207393305,36.31303024291992,406900.0
2014-12-22,37.72271765198937,37.824378902862705,36.496016772694546,37.5193977355957,207400.0
2014-12-29,38.020922528429196,38.34623751851385,35.67596066181068,37.83793640136719,232600.0
2015-01-05,36.875551921352574,37.27541557364765,35.56752349530359,35.77762222290039,247400.0
2015-01-12,36.936544539710056,40.657309521724216,36.80099707020016,40.62342071533203,446200.0
2015-01-19,39.18662494581054,39.6135985829948,38.475003940738794,39.36961364746094,356000.0
2015-01-26,39.32894877817549,39.71525739911096,36.692560876041,37.783714294433594,427800.0
2015-02-02,37.8853743464438,38.542775309565386,31.785761469686665,31.873865127563477,813400.0
2015-02-09,31.724764273726862,33.168337415917094,31.426559331963233,32.544822692871094,374400.0
2015-02-16,32.97857102587687,33.012457244450886,32.30083631298557,32.72780990600586,163500.0
2015-02-23,32.95824763722131,34.428931072416816,32.53127394282282,34.408599853515625,292200.0
2015-03-02,34.0968396972046,34.30015962596866,31.17580169465242,31.243574142456055,286300.0
2015-03-09,31.731541674792734,31.785761697277103,29.68478236236124,29.95587730407715,240100.0
2015-03-16,29.96943022023382,32.78202776401586,29.955875215557782,32.043296813964844,269900.0
2015-03-23,32.090737858150256,32.51093524469867,30.36251484459055,31.352006912231445,336900.0
2015-03-30,31.71798754329465,33.67664066584448,31.643436303000556,33.066680908203125,226800.0
2015-04-06,33.249667862829995,35.431972006163264,33.22933406223064,35.174434661865234,479200.0
2015-04-13,33.36489014673387,35.716631170791025,33.36489014673387,34.083290100097656,544100.0
2015-04-20,34.557697226859005,41.30793494819552,34.557697226859005,39.911800384521484,689800.0
2015-04-27,39.81014003564876,39.9524637115311,37.8514844520441,38.85453414916992,419200.0
2015-05-04,40.901290534987595,41.592580280201126,37.06531200905177,38.414005279541016,356700.0
2015-05-11,39.00363490384675,39.20017860464537,36.04193472784273,37.32963180541992,236000.0
2015-05-18,37.49906839189408,38.12258317801386,37.11953596641694,37.13309097290039,283900.0
2015-05-25,38.52244445710703,39.06463175641494,36.28592023161628,36.31303024291992,237800.0
2015-06-01,37.61428144588027,37.790491356539846,35.97416446884921,36.428245544433594,367900.0
2015-06-08,37.25508076925793,37.37707323349112,35.99449369575031,36.67900466918945,207200.0
2015-06-15,35.54041100700061,35.858947181581534,34.693242530224104,35.459083557128906,304100.0
2015-06-22,35.44553053362815,38.16324860691927,35.316761848683534,36.15037536621094,277400.0
2015-06-29,37.11953870885142,37.27541741689787,34.67291544292214,34.78813171386719,249900.0
2015-06-30,,,,,
2015-07-06,33.919290794122375,34.80630155080414,31.662735212568602,34.69276428222656,413300.0
2015-07-13,35.11853080183787,36.18294370174038,33.720600993744476,36.175846099853516,329500.0
2015-07-20,35.35979452503008,36.07649795283895,34.969507666036314,35.161102294921875,178900.0
2015-07-27,34.082498124202665,35.090143682684825,33.67092656878002,34.38053512573242,230500.0
2015-08-03,34.543743918335345,35.565579240684364,33.578675871534834,34.607608795166016,220200.0
2015-08-10,34.799207281809124,35.033376718175745,33.40837503997847,33.99734878540039,161300.0
2015-08-17,33.82703651940271,34.252803251418364,31.833038330078125,31.833038330078125,241300.0
2015-08-24,30.726050537737446,33.06775827720624,29.44875565320373,32.78391647338867,348400.0
2015-08-31,32.58522714982938,32.6490920351198,29.62616044757179,29.810657501220703,372300.0
2015-09-07,30.569940371418145,32.34396190531357,30.14417357911802,32.30847930908203,150000.0
2015-09-14,32.088504183131896,33.379991716173535,31.83304463471624,32.17365646362305,154600.0
2015-09-21,32.45039815643348,32.69166516791759,30.88925882959168,30.988603591918945,195400.0
2015-09-28,30.867973354644505,31.918193732452256,29.995155122553104,31.904001235961914,407000.0
2015-10-05,32.918738674432255,33.64253968669129,32.116880292183275,33.294830322265625,328400.0
2015-10-12,33.50061680643612,35.02627617200496,33.37998466015197,34.45149230957031,271000.0
2015-10-19,34.05411689638054,35.73588847062316,33.9263871356085,35.03337478637695,320100.0
2015-10-26,32.42911257910947,32.57103483619904,30.867973165008042,31.14472007751465,287600.0
2015-11-02,30.35705417406296,30.882165714107824,29.78227295693518,30.12288475036621,372700.0
2015-11-09,29.768081708872817,30.236423282848765,26.9367421660123,27.20639419555664,295600.0
2015-11-16,27.121243383318088,27.53991259376969,27.09995328316484,27.44056510925293,259800.0
2015-11-23,27.099950832633198,27.32702536282522,25.5033315195657,25.65235137939453,263900.0
2015-11-30,24.98531579811677,26.085208482915963,24.949835912853903,25.48204231262207,481300.0
2015-12-07,25.304642606762208,25.432372371514628,23.239681685854077,23.246776580810547,342400.0
2015-12-14,23.37450765732799,24.87178232277496,23.097760720480853,24.566650390625,425300.0
2015-12-21,24.673089743488266,25.325928313732348,24.28280558023871,25.12014389038086,249400.0
2015-12-28,24.410535386192414,24.864684428494108,24.126690881282947,24.33957290649414,373900.0
2016-01-04,23.09066501783984,24.985318723517608,22.849397980085232,24.062828063964844,607500.0
2016-01-11,24.105403410368012,24.126690800735517,22.182363528033928,22.48749542236328,297200.0
2016-01-18,22.636511533760608,23.076469412007587,21.345024242977143,22.891969680786133,376900.0
2016-01-25,22.16107455326178,23.466754385384935,21.735309155226684,23.445466995239258,323900.0
2016-02-01,23.37450394329154,23.67963582695829,22.217842637908014,22.423629760742188,287800.0
2016-02-08,21.997864125774566,22.097208885489977,20.77024171068531,21.274063110351562,287000.0
2016-02-15,21.763693595661255,23.22548678354746,21.685636224514475,22.62941551208496,176400.0
2016-02-22,22.955834803395888,23.16871952739908,21.806269745710523,22.423629760742188,140900.0
2016-02-29,22.444919832517503,24.673091797584103,22.267517679276555,24.538267135620117,287900.0
2016-03-07,24.282804730881157,24.928548384054114,23.417081459198528,24.857585906982422,195200.0
2016-03-14,24.893072487010873,26.32647956325728,24.46021078182248,26.120695114135742,181700.0
2016-03-21,25.85104226361486,25.872329656010248,24.32538264663057,24.82210922241211,144800.0
2016-03-28,24.893066232140328,25.41108008635382,23.56609645462617,24.864681243896484,328000.0
2016-04-04,24.91435682808131,25.04918147918876,23.821559002446755,24.829204559326172,287900.0
2016-04-11,25.709119006064363,26.816109385923664,25.127240176212435,25.21949005126953,396100.0
2016-04-18,24.218941387327135,24.4673033054377,22.643609486906165,22.74295425415039,528000.0
2016-04-25,21.99076878463028,21.99076878463028,20.01805652994642,20.14578628540039,638800.0
2016-05-02,20.223843341124372,20.223843341124372,19.43617743051727,20.067729949951172,656000.0
2016-05-09,19.897425198652893,19.989673718367055,19.159431627055795,19.187816619873047,414600.0
2016-05-16,19.1665274788342,19.329737123744835,18.598839815469375,18.911067962646484,274100.0
2016-05-23,18.847203186351408,19.12395144822053,18.343381752757686,18.414342880249023,322800.0
2016-05-30,19.32973805380453,19.578101333884828,18.88978148083576,19.209104537963867,318200.0
2016-06-06,19.35812133824502,20.03934488274893,19.07427684123085,19.152334213256836,354800.0
2016-06-13,18.804628279650906,19.358123486075105,18.648514871748656,19.09556770324707,402200.0
2016-06-20,19.329734936551755,20.401243909520453,19.166525310108575,19.649059295654297,650800.0
2016-06-27,17.718925304472396,17.974384819882644,17.406698511716446,17.87504005432129,696300.0
2016-07-04,19.587303612887972,19.587303612887972,18.327440481886494,18.44629669189453,648900.0
2016-07-11,18.477990524382413,19.151502496940672,18.477990524382413,18.897945404052734,731500.0
2016-07-18,18.580998581681698,19.191119754716805,18.09765444065803,18.882097244262695,553700.0
2016-07-25,18.723622166486656,19.80916507772659,18.414599674896316,19.484294891357422,525800.0
2016-08-01,19.729931110658946,19.809168085263916,18.588922605778258,18.921716690063477,388300.0
2016-08-08,19.246586599567365,20.411365027702207,19.080188817651276,20.316280364990234,384600.0
2016-08-15,20.656999082008877,20.878862296228494,19.880480099219472,20.015182495117188,441600.0
2016-08-22,19.66654121547825,19.793319766336037,19.29412941124845,19.341670989990234,421600.0
2016-08-29,19.460523881664695,19.62692165875661,19.09603595969476,19.515989303588867,224500.0
2016-09-05,19.896327849859663,21.005640901348542,19.896327849859663,20.720388412475586,753400.0
2016-09-12,20.33212779616017,20.66492184434356,19.492219583628525,19.729928970336914,431500.0
2016-09-19,19.99933490706382,20.9739455649002,19.98348721067961,20.268739700317383,336300.0
2016-09-26,19.959717246849937,20.094419643945262,19.698236300878957,19.89632797241211,446100.0
2016-10-03,19.904249492440055,20.292508941872146,19.69031014949196,20.038951873779297,362600.0
2016-10-10,20.189501276965597,20.546066863355875,19.515989342294734,19.674463272094727,489700.0
2016-10-17,19.30205356194663,19.737854648431874,19.09603803574574,19.63484764099121,416500.0
2016-10-24,19.714082321813276,19.785395443876855,19.262433556290294,19.325822830200195,290600.0
2016-10-31,19.484295728652217,19.61107426969215,19.096036257802503,19.11980628967285,231600.0
2016-11-07,19.65069349392573,19.95179368532162,19.016800740438914,19.183197021484375,503600.0
2016-11-14,19.024723224111717,19.199043340986567,18.779089988670016,18.905868530273438,329000.0
2016-11-21,18.98510333005785,19.341668910586062,18.897944030288247,18.929637908935547,302500.0
2016-11-28,19.135654554231923,20.141960576068666,19.080189129792327,19.99933433532715,493900.0
2016-12-05,19.98348632934263,20.577761315665516,19.951792449291517,20.395517349243164,334300.0
2016-12-12,19.991408104007952,20.173652051530983,19.452598597140476,19.531835556030273,336000.0
2016-12-19,19.72992871345855,20.165731265175786,19.690310986629438,19.753700256347656,295800.0
2016-12-26,19.76954853215401,20.76792918170428,19.729929292842048,20.633228302001953,346100.0
2017-01-02,20.720388732668418,20.870938827602213,20.20535068415963,20.24496841430664,325800.0
2017-01-09,20.244969080517503,20.973946522975833,20.244969080517503,20.84716796875,523500.0
2017-01-16,20.950176673558282,21.13242065795162,20.55399331027559,20.728313446044922,294500.0
2017-01-23,20.664921360345954,21.06110466979378,20.5381428222282,20.77585220336914,356700.0
2017-01-30,20.720387449299473,20.760006688312096,20.21327328049337,20.2211971282959,263500.0
2017-02-06,20.205350200097556,20.839242935180664,20.007258531469148,20.839242935180664,332700.0
2017-02-13,21.33843306115681,22.51113528190216,21.33843306115681,21.940631866455078,463400.0
2017-02-20,21.948558047731478,22.083260446283344,21.639534009101002,21.71877098083496,210100.0
2017-02-27,21.481061067729357,22.18626692567316,21.417671794108784,22.154571533203125,278400.0
2017-03-06,22.01194491857324,22.07533418677273,21.58406622473717,21.70292091369629,211700.0
2017-03-13,21.980250445793892,23.509518305139387,21.66330409157397,23.406511306762695,359800.0
2017-03-20,23.43820676878781,23.485748347300373,21.62368782380984,21.71877098083496,369700.0
2017-03-27,21.401823440540948,21.53652583176237,20.934326995203044,21.100723266601562,360100.0
2017-04-03,21.322585634798084,21.73461664013703,21.25127251805406,21.465211868286133,413600.0
2017-04-10,21.766312367522627,22.0277933140166,21.639533818393403,21.75838851928711,337600.0
2017-04-17,21.853472867852926,22.15457153981057,21.02941231053972,21.076953887939453,396700.0
2017-04-24,21.211656967468887,21.76631275187352,21.084878416101,21.679153442382812,331200.0
2017-05-01,21.766311899297254,21.80593113962257,21.132419167287086,21.35428237915039,288800.0
2017-05-08,21.457288897337264,23.572907920762695,21.37012808190718,23.47782325744629,511900.0
2017-05-15,23.493671273918153,24.127565511601762,22.883548580217997,23.770999908447266,364100.0
2017-05-22,23.723459359637925,24.064177281565332,23.541213870507764,24.05625343322754,386000.0
2017-05-29,24.95955084490382,25.23687948988888,24.642604469772124,24.880313873291016,403100.0
2017-06-05,24.531669382874075,24.58713631477192,23.62044808873764,23.652143478393555,377000.0
2017-06-12,23.51744227290332,23.778923205383844,22.90731959334228,23.049945831298828,339300.0
2017-06-19,23.48574721863434,23.62044961071275,21.805930752935996,22.732999801635742,738300.0
2017-06-20,,,,,
2017-06-26,24.311096416215527,24.437060322688144,23.219405489444267,23.336973190307617,360100.0
2017-07-03,23.303381436922574,23.387357906588406,23.076645449340212,23.244598388671875,368600.0
2017-07-10,23.211006644348732,24.017178492821728,23.101838357411527,23.98358726501465,480100.0
2017-07-17,23.866022186520233,24.101155986019997,23.53011790274769,24.092758178710938,320300.0
2017-07-24,24.092758504498807,24.1347459398939,23.353767468488435,23.580503463745117,310100.0
2017-07-31,23.706467314560648,23.958396731478505,22.22848684781703,22.28727149963379,342200.0
2017-08-07,22.161305715876,22.161305715876,21.03602516537818,21.29635238647461,364500.0
2017-08-14,21.313145955552944,21.741424508545446,21.203977666382904,21.430713653564453,289600.0
2017-08-21,21.766617954851565,21.817003195932543,21.590267208491248,21.66584587097168,250600.0
2017-08-28,21.817001721054474,22.15290597508299,21.39712100308937,22.127714157104492,239900.0
2017-09-04,21.892581441583236,21.993353523544446,21.304749368916216,21.87578582763672,309200.0
2017-09-11,21.94296729799997,22.203294516328906,21.455905691896533,21.523086547851562,306500.0
2017-09-18,21.590267834922752,21.615461257053184,21.12000183384725,21.153593063354492,265800.0
2017-09-25,20.94365152302827,20.94365152302827,20.498577367038937,20.506975173950195,596600.0
2017-10-02,20.506973845904465,21.027626628659398,20.490178233169644,20.83448028564453,403000.0
2017-10-09,20.94365258165652,21.791811901950375,20.94365258165652,21.758220672607422,424000.0
2017-10-16,21.758220267095208,21.77501588145366,20.8764713356097,21.136796951293945,272500.0
2017-10-23,21.254364942116243,22.49721328617363,21.170388464559675,22.430030822753906,346300.0
2017-10-30,22.28726909321593,22.404835180719537,22.094122747251387,22.27047348022461,286900.0
2017-11-06,22.270474607614027,23.857623276129583,22.25367899377247,23.59729766845703,355000.0
2017-11-13,23.55531012913884,23.55531012913884,22.875103742555382,22.900297164916992,284500.0
2017-11-20,22.816320118305853,22.959079637995487,22.43002899373239,22.65676498413086,214500.0
2017-11-27,22.186498160011194,22.329257674356604,21.346736687795357,21.413917541503906,336900.0
2017-12-04,21.55667716280111,21.59866459593306,20.7337113003588,21.044422149658203,290100.0
2017-12-11,21.06121804033906,21.22077317142923,20.767301199399675,21.128398895263672,381000.0
2017-12-18,21.111601915072182,21.380325317382812,21.078012290642263,21.380325317382812,225600.0
2017-12-25,21.26276105353958,21.38872495896503,20.750506022862393,20.994037628173828,243400.0
2018-01-01,21.178784711936483,22.371246120563015,21.069616420359633,22.278873443603516,590500.0
2018-01-08,21.99335478867902,22.152908325195312,21.623859269190454,22.152908325195312,330700.0
2018-01-15,21.842195423805812,22.371244430541992,21.73302553875816,22.371244430541992,358100.0
2018-01-22,22.22848684781703,22.337656742330164,22.00175245482434,22.28727149963379,404400.0
2018-01-29,22.36284764636486,22.43842630817112,20.926856275481747,20.97724151611328,267200.0
2018-02-05,21.632257398172523,21.783414731197173,19.87715565666281,20.42300033569336,527600.0
2018-02-12,20.187867423474756,20.792495132686078,19.851961538861616,20.313831329345703,481100.0
2018-02-19,20.280241282131268,20.557362531885186,20.061903085095146,20.36421775817871,219300.0
2018-02-26,20.42299969682556,21.481099393180834,20.32222921244009,21.447509765625,358800.0
2018-03-05,21.212376853725303,22.463621365623,20.918459992149245,22.396440505981445,362200.0
2018-03-12,22.396438360045238,22.396438360045238,21.63225555419922,21.63225555419922,378200.0
2018-03-19,21.665845238634738,22.186498053668885,21.455904871587045,21.78341293334961,408700.0
2018-03-26,22.396438655648407,22.64836645806113,22.026943157287565,22.547595977783203,527500.0
2018-04-02,22.413234950585252,22.623175326213804,21.46430355578214,21.514690399169922,373400.0
2018-04-09,21.833798385938536,21.858991806848447,21.036024342688233,21.044422149658203,298100.0
2018-04-16,20.901661978357907,21.380325748592387,20.439793821536043,21.086410522460938,235200.0
2018-04-23,20.716917276653973,21.783414817936315,20.641338609840705,21.707836151123047,194800.0
2018-04-30,22.178102420121043,22.79112796756137,21.858993735693407,22.774333953857422,359000.0
2018-05-07,22.539198170807058,22.589583410946023,21.917774870033494,22.547595977783203,247900.0
2018-05-08,,,,,
2018-05-14,23.009956228865015,24.222817341824232,22.932539422448624,23.801326751708984,354400.0
2018-05-21,23.93035503304426,25.57330884192355,23.870142323924068,25.538902282714844,324800.0
2018-05-28,25.805556478214324,26.32166793591323,25.25503846502781,25.685131072998047,324500.0
2018-06-04,25.495891623882926,25.642123189689098,24.51528091240227,24.695919036865234,169500.0
2018-06-11,24.945372506481235,25.323854479761163,23.89594708133368,24.27442741394043,156200.0
2018-06-18,23.947559399656658,24.09379096943691,22.863725701404185,23.39704132080078,181400.0
2018-06-25,23.06156781860627,23.250809637796397,22.166975944821854,22.579864501953125,249400.0
2018-07-02,22.296001805196894,23.517464929087296,22.19277885302491,23.156187057495117,224500.0
2018-07-09,23.990567643403036,24.50667915479517,23.534670481556486,24.44646644592285,229500.0
2018-07-16,24.420660717001052,26.18404160792612,24.231420537187514,26.149633407592773,250200.0
2018-07-23,26.562519639663662,26.605529886311015,25.427075378944068,26.089418411254883,224600.0
2018-07-30,26.45069898857165,26.69155147244331,24.291633605957035,24.29163360595703,238700.0
2018-08-06,24.240020770984906,24.240020770984906,22.889530181884766,22.889530181884766,204600.0
2018-08-13,22.691685271279297,22.966945918505203,21.676668094784084,22.46803855895996,164100.0
2018-08-20,22.476641572929317,22.975548990310376,22.115363674779356,22.33041000366211,152400.0
2018-08-27,22.75190119780804,22.992752024965494,21.822901165708622,21.908918380737305,133100.0
2018-09-03,21.969132535842178,22.05514975011771,21.47882555483637,21.59065055847168,117100.0
2018-09-10,21.496028908531013,22.373418245370598,21.143353092077028,22.046546936035156,300100.0
2018-09-17,21.81430027541199,22.880929877052164,21.71967936504387,22.597068786621094,144300.0
2018-09-24,22.17557773925039,22.51965153289398,22.01214207201721,22.278799057006836,148800.0
2018-10-01,22.261595630241622,22.425031302416325,21.10034674666798,21.28098487854004,262700.0
2018-10-08,21.177762955749422,21.29818837357473,20.22295674106797,20.36918830871582,209900.0
2018-10-15,19.921891312012217,20.592836433127275,19.784261795989625,19.792863845825195,177800.0
2018-10-22,19.999307399231107,20.257362322306747,17.642399971428308,17.79723358154297,281100.0
2018-10-29,18.21872270437208,19.79286154661163,18.04668500899177,19.48319435119629,251600.0
2018-11-05,19.638029469836535,20.283168416468055,19.5606126649869,19.67243766784668,174600.0
2018-11-12,20.34338064110595,20.90250072015975,20.326176542507827,20.70465850830078,195300.0
2018-11-19,21.040129634494324,21.151954631556716,20.11973171419096,20.35198211669922,122100.0
2018-11-26,21.1691606195291,21.67667007446289,20.919706096637842,21.67667007446289,147200.0
2018-12-03,21.625058348178403,22.2185866764016,21.496030878740303,21.779891967773438,153400.0
2018-12-10,21.43581667286138,21.564844133293565,21.100344947603062,21.28958511352539,125100.0
2018-12-17,21.134752764065727,22.05515078151053,20.85949372789606,20.928308486938477,246000.0
2018-12-24,21.50463218660392,22.01214163746163,20.99712273574621,21.685270309448242,204300.0
2018-12-31,21.693873912131288,21.745486214358465,20.782077901538063,21.32399559020996,206100.0
2019-01-07,21.633659329050158,22.528252802198434,21.513233915616045,22.433631896972656,211600.0
2019-01-14,21.668068278373614,22.339011765810305,21.435817852411713,22.278799057006836,140900.0
2019-01-21,21.943326175367655,23.01855775016611,21.78849256608897,22.648677825927734,105200.0
2019-01-28,21.650864890524108,22.003540745690895,21.36700379634905,21.53904151916504,81700.0
2019-02-04,21.51323512506472,21.84010482590777,21.16055927388934,21.26378059387207,75900.0
2019-02-11,21.315391992045456,21.934724807739258,21.25517764381948,21.934724807739258,81600.0
2019-02-18,21.822899235690446,22.098158237054026,21.418611141848753,21.607852935791016,79300.0
2019-02-25,21.39280758158339,21.49602889132121,20.85949201236087,20.945510864257812,100900.0
2019-03-04,21.160557361574433,21.754085640193544,20.833686049597993,20.96271514892578,101600.0
2019-03-11,21.177763550939954,21.401410292994363,20.300374120394256,20.472410202026367,117200.0
2019-03-18,20.472408592088307,20.59283564450112,19.758454889810327,19.973501205444336,147600.0
2019-03-25,19.96489877182579,19.999306969188368,19.526205740165004,19.913288116455078,191800.0
2019-04-01,19.749851626935076,21.04873149044615,19.749851626935076,20.33477783203125,275100.0
2019-04-08,20.412196851311634,21.564845288861243,20.412196851311634,21.470224380493164,195000.0
2019-04-15,21.186363131372314,21.186363131372314,20.644447116461432,20.876697540283203,59000.0
2019-04-22,20.6444465982741,22.22718763539564,20.481010936649266,22.15837287902832,171900.0
2019-04-29,22.012142560246755,22.158374130872858,21.814300329597703,22.072355270385742,114500.0
2019-05-06,21.470223329887304,21.564844233625283,20.446604050446098,20.747669219970703,104200.0
2019-05-13,20.317576610970267,20.83368645564783,19.947696685791016,19.947696685791016,123900.0
2019-05-20,19.87028036457892,20.128335293198518,19.491798380686717,20.042316436767578,89600.0
2019-05-27,20.928307328246575,21.62505693005979,20.627242158851942,21.57344627380371,101300.0
2019-06-03,22.06375279403168,22.22718846173254,21.32399454574942,21.47882652282715,155700.0
2019-06-10,21.143353825276833,21.590650558471676,20.979918164941566,21.59065055847168,102500.0
2019-06-17,21.143352969463617,21.315390672397562,20.222955032315223,20.386390686035156,123400.0
2019-06-18,,,,,
2019-06-24,20.737867583301156,20.773120201697562,20.429399187499385,20.552785873413086,76100.0
2019-07-01,21.011081859459484,21.416496220083232,20.508719855635483,21.407684326171875,87500.0
2019-07-08,21.328363820666816,21.442936932641985,20.914134204332864,20.94938850402832,55500.0
2019-07-15,20.905321986364626,21.152097057198294,20.27957325531098,20.473466873168945,106600.0
2019-07-22,20.323638657281933,20.473466072820745,19.900597136119732,20.18262481689453,147000.0
2019-07-29,20.34126538864105,21.28429605719096,19.99754436990315,21.152095794677734,120400.0
2019-08-05,20.684987732627928,20.684987732627928,19.90941157678106,20.076866149902344,119200.0
2019-08-12,19.874156591070975,19.874156591070975,19.133833081808124,19.53043556213379,96400.0
2019-08-19,19.565690458568433,19.979918420946937,19.415863037109375,19.415863037109375,58300.0
2019-08-26,19.33654253863001,19.503995430070763,18.948753621732862,19.415863037109375,59100.0
2019-09-02,19.054515055484746,19.36298179626465,18.92231310255889,19.36298179626465,65300.0
2019-09-09,19.34535577851271,19.750770158358137,19.230780980022406,19.671449661254883,48500.0
2019-09-16,19.468742481244753,19.671449671270675,19.213153839111328,19.213153839111328,69600.0
2019-09-23,18.93993962749667,19.080953470338436,17.02743749281042,17.036251068115234,96100.0
2019-09-30,16.912863458834547,16.974556801605484,16.46338122876662,16.542701721191406,65000.0
2019-10-07,16.392875096411796,17.291839599609375,15.784751852364304,17.291839599609375,134000.0
2019-10-14,16.85998242493275,16.895236725108326,15.864071979218426,16.163726806640625,64300.0
2019-10-21,16.3223687278116,17.177265383694724,16.128473427804753,16.851171493530273,74300.0
2019-10-28,16.718968851985416,16.789475772439605,16.43694117016865,16.763036727905273,53600.0
2019-11-04,17.027438497139876,17.168452348299063,16.904051797630014,17.000999450683594,79900.0
2019-11-11,16.604394949456246,16.66608829180174,16.28711298194514,16.339994430541992,46400.0
2019-11-18,16.260674662489606,17.115571280650112,16.18135416708097,17.027437210083008,51300.0
2019-11-25,17.23014441976421,17.59149259667872,17.203705375269415,17.353532791137695,61400.0
2019-12-02,17.432853492357406,18.243683926444206,17.432853492357406,17.758947372436523,79200.0
2019-12-09,17.69725461981598,17.917588966019373,17.432854076778966,17.64437484741211,81200.0
2019-12-16,17.7325088820038,18.06741634782796,17.45047950744629,17.45047950744629,120900.0
2019-12-23,17.56505259914998,17.688439282811245,17.415225191410943,17.582679748535156,44700.0
2019-12-30,17.503359928284137,18.032160981970353,17.33590536474081,17.803014755249023,47900.0
2020-01-06,17.74131967831939,17.820640172344607,17.52979892125798,17.609119415283203,30800.0
2020-01-13,17.61793449371168,17.996909846168084,17.61793449371168,17.85589599609375,55500.0
2020-01-20,17.600307131003362,18.72841959907895,17.388786358430004,18.508085250854492,85100.0
2020-01-27,18.049788829125543,18.252496019601775,16.798289703767207,17.10675811767578,106900.0
2020-02-03,16.727783551005935,16.727783551005935,15.98745999599037,16.146100997924805,176300.0
2020-02-10,15.864072104173204,16.022713094177746,15.564417274390749,15.775938034057617,197500.0
2020-02-17,15.828818567310899,15.996273140506858,15.370524406433105,15.370524406433105,117200.0
2020-02-24,15.106122500810837,15.379338305193064,14.110211978278208,14.365798950195312,131600.0
2020-03-02,14.286478356840606,14.61257393242791,14.119025462231411,14.163091659545898,129900.0
2020-03-09,13.898690686172584,13.969197608317945,12.400416489311622,12.929219245910645,249500.0
2020-03-16,11.90686802670635,12.07432175656767,10.30283344764953,11.087224006652832,184400.0
2020-03-23,11.16654417498046,12.62075045107139,10.928582689524424,12.488550186157227,167700.0
2020-03-30,12.708884545209273,13.334634091961226,11.571959407083476,11.898054122924805,179300.0
2020-04-06,12.074321586931275,12.797018789070476,11.686533520827078,12.594310760498047,143800.0
2020-04-13,12.735324868522419,12.911592174976006,11.862801071195541,11.977375030517578,160500.0
2020-04-20,12.232962367856835,12.70888449736168,11.483825293400699,12.620750427246094,129500.0
2020-04-27,12.91159270369599,13.405142022485327,12.70888550310086,12.885152816772461,179600.0
2020-05-04,12.514990266945711,12.647191374438112,12.34753653939923,12.36516284942627,132500.0
2020-05-11,12.43567034237848,13.211247350933817,12.391604145030193,13.008540153503418,129500.0
2020-05-18,12.90278004871243,13.528529646523477,12.682445695124157,12.691258430480957,175100.0
2020-05-25,13.369887858397178,13.493275391749096,12.973286213313678,13.123113632202148,120000.0
2020-06-01,13.246500054940494,13.916316638606386,13.246500054940494,13.872249603271484,187000.0
2020-06-08,13.748862828964201,13.898690243882424,12.805831304389129,13.079046249389648,130400.0
2020-06-15,12.82345867825576,13.70479603290552,12.708884721290236,13.581408500671387,86200.0
2020-06-22,13.695981944274155,13.775302437700894,12.770577588476828,12.938032150268555,124600.0
2020-06-29,13.052606941814645,13.308194747888912,12.36516318160759,13.167180061340332,129700.0
2020-07-01,,,,,
2020-07-06,15.217494136887469,15.784202390069591,14.576464521080927,15.171043395996094,157300.0
2020-07-13,15.32897806384343,15.496203562602501,15.022398573445846,15.050270080566406,60700.0
2020-07-20,16.053622238089485,16.323039734717227,15.375429701097772,16.007169723510742,113600.0
2020-07-27,15.8492344498937,16.00716945282623,15.598397963339156,15.737751960754395,58500.0
2020-08-03,15.784202537019045,15.867815288987691,15.23607528388333,15.328978538513184,55000.0
2020-08-10,15.301106864737756,15.635557868988476,15.217494113675075,15.570526123046875,27900.0
2020-08-17,16.146523634592693,18.246129438498606,16.03504114418055,17.614389419555664,235500.0
2020-08-24,17.465744076452765,17.58651883589479,15.524073370802526,15.709879875183105,63400.0
2020-08-31,15.449751710535832,15.542654966256437,14.780851458915471,15.133883476257324,66200.0
2020-09-07,14.966657920945462,15.087430912595973,14.158401902421476,14.530014038085938,56600.0
2020-09-14,14.660077545531367,14.808722045533083,14.288466295527078,14.734399795532227,44200.0
2020-09-21,14.873754781374359,15.040980288025343,14.21414414357351,14.334918022155762,40300.0
2020-09-28,14.27917550751686,14.502142253065113,13.94472538919448,14.316336631774902,39800.0
2020-10-05,14.242014466338814,15.031689468917598,14.195562839247515,14.520723342895508,31900.0
2020-10-12,14.604335637974204,15.310396980926432,14.446400642395018,14.44640064239502,54400.0
2020-10-19,14.557883966909799,14.63220621330444,13.82395111926941,14.093369483947754,51900.0
2020-10-26,14.139821468660456,15.198914835676678,13.823951470463102,13.861112594604492,104000.0
2020-11-02,13.805370452776081,14.409239827010461,13.740338707085872,14.362788200378418,50000.0
2020-11-09,14.725110252371211,15.328978758144078,14.381368736910348,14.836593627929688,74800.0
2020-11-16,14.929495780129699,15.161753030653141,14.530013911703326,14.576464653015137,34500.0
2020-11-23,14.706528673577333,15.013108165911609,14.650787430966234,14.808721542358398,26600.0
2020-11-30,14.706528731024157,14.706528731024157,14.084079241491978,14.158401489257812,100500.0
2020-12-07,13.944725311045168,14.037627678174085,12.783439077000589,12.904212951660156,133200.0
2020-12-14,12.950664084422732,13.127180093498067,12.588343335462714,13.02498722076416,163400.0
2020-12-21,12.913502432773665,12.959954058846593,12.690535690812903,12.848470687866211,71000.0
2020-12-28,13.090018183476692,13.470919915181886,13.015695937582558,13.387307167053223,74000.0
2021-01-04,13.517371983348902,13.963305473327637,13.415178227402127,13.963305473327637,73300.0
2021-01-11,13.731048357586195,14.111950105429928,13.59169436212813,14.019047737121582,87400.0
2021-01-18,14.45569115816139,14.622915770231074,13.898273421952933,14.046917915344238,91200.0
2021-01-25,13.88898334328276,13.88898334328276,13.080728221319522,13.16434097290039,86900.0
2021-02-01,12.85776094692586,12.922792690602485,11.88228036182117,11.98447322845459,465300.0
2021-02-08,12.021634498387751,12.309633869317283,11.891571009444343,12.14240837097168,405100.0
2021-02-15,12.328214916488333,12.653374525958077,12.235311664644938,12.495439529418945,228700.0
2021-02-22,12.783438678823714,13.006405416177474,12.281763076782225,12.281763076782227,293200.0
2021-03-01,12.51402097182816,12.681245590607002,12.365376472473143,12.365376472473145,161700.0
2021-03-08,12.523310220529515,13.155050210214878,12.523310220529515,13.099308967590332,234700.0
2021-03-15,12.997115299622099,13.034276423617081,12.476859563692361,12.75556755065918,328000.0
2021-03-22,13.340856402777899,13.53595253233762,12.67195614656553,12.978535652160645,310700.0
2021-03-29,13.006406162484579,13.303695162681358,13.006406162484579,13.17363166809082,130700.0
2021-04-05,13.127180011931436,13.238663386764202,12.802019504175874,12.820600509643555,104500.0
2021-04-12,13.034276594220028,13.173631475518507,12.84847097181315,13.16434097290039,135900.0
2021-04-19,13.182921210135284,13.322276092681017,12.92279333643746,13.07143783569336,107100.0
2021-04-26,12.997115420340343,13.563823674016293,12.92279317166007,13.31298542022705,158200.0
2021-05-03,13.303695195988597,13.684596949942126,13.247953951307702,13.62885570526123,70100.0
2021-05-10,13.48021067960898,13.842531413892317,13.043566811994856,13.452339172363281,143200.0
2021-05-17,13.359437105877825,13.498791101268163,13.09930923435335,13.266533851623535,128600.0
2021-05-24,13.331566060874986,13.461629549513665,13.12717943959712,13.443049430847168,88900.0
2021-05-31,13.378017477552048,14.084079742431639,13.368727860744217,14.08407974243164,134500.0
2021-06-07,13.898273926429695,14.121240674609853,13.768209546995719,14.074789047241211,125000.0
2021-06-14,14.297756554515855,15.05027043043399,13.600984808143581,14.065499305725098,383500.0
2021-06-21,14.065499482650827,14.678658485412598,13.96330572486313,14.678658485412598,184700.0
2021-06-28,14.864463940333955,14.994527432777579,13.396598197105265,13.563823699951172,412700.0
2021-07-01,,,,,
2021-07-05,14.4399995803833,14.470000267028809,13.770000457763672,13.869999885559082,144100.0
2021-07-12,13.850000381469727,14.210000038146973,13.710000038146973,13.84000015258789,146700.0
2021-07-19,13.770000457763672,13.960000038146973,13.529999732971191,13.819999694824219,115500.0
2021-07-26,13.6899995803833,13.819999694824219,13.050000190734863,13.510000228881836,176400.0
2021-08-02,13.899999618530273,14.800000190734863,13.899999618530273,14.65999984741211,188900.0
2021-08-09,14.800000190734863,15.399999618530273,14.720000267028809,15.300000190734863,226300.0
2021-08-16,15.550000190734863,16.6299991607666,14.949999809265137,16.520000457763672,317400.0
2021-08-23,19.809999465942383,20.670000076293945,19.010000228881836,19.1299991607666,702200.0
2021-08-30,19.399999618530273,23.020000457763672,19.1299991607666,22.979999542236328,245700.0
2021-09-06,22.209999084472656,22.209999084472656,21.059999465942383,21.239999771118164,97000.0
2021-09-13,21.260000228881836,21.350000381469727,18.940000534057617,19.979999542236328,139300.0
2021-09-20,19.75,23.360000610351562,19.149999618530273,23.170000076293945,353700.0
2021-09-27,21.0,22.260000228881836,20.200000762939453,21.06999969482422,323600.0
2021-10-04,20.280000686645508,20.920000076293945,19.639999389648438,19.899999618530273,251100.0
2021-10-11,20.280000686645508,20.280000686645508,19.760000228881836,20.010000228881836,145500.0
2021-10-18,19.799999237060547,20.229999542236328,18.90999984741211,19.149999618530273,121700.0
2021-10-25,19.31999969482422,20.950000762939453,17.8700008392334,20.510000228881836,265000.0
2021-11-01,20.389999389648438,20.690000534057617,19.149999618530273,19.149999618530273,101900.0
2021-11-08,19.110000610351562,19.209999084472656,17.729999542236328,17.809999465942383,82800.0
2021-11-15,17.729999542236328,17.729999542236328,16.799999237060547,16.889999389648438,70200.0
2021-11-22,16.799999237060547,17.09000015258789,16.010000228881836,16.299999237060547,65800.0
2021-11-29,17.75,19.25,17.200000762939453,18.799999237060547,168200.0
2021-12-06,18.899999618530273,22.670000076293945,18.799999237060547,22.290000915527344,261400.0
2021-12-13,22.68000030517578,25.139999389648438,22.5,24.149999618530273,282200.0
2021-12-20,24.149999618530273,28.770000457763672,23.549999237060547,28.190000534057617,274700.0
2021-12-27,28.43000030517578,28.719999313354492,25.489999771118164,26.40999984741211,173700.0
2022-01-03,28.0,28.40999984741211,22.280000686645508,22.450000762939453,186700.0
2022-01-10,22.0,22.209999084472656,21.360000610351562,21.829999923706055,121900.0
2022-01-17,22.3700008392334,23.139999389648438,22.1200008392334,22.8799991607666,120200.0
2022-01-24,22.020000457763672,22.020000457763672,19.799999237060547,19.799999237060547,89800.0
2022-01-31,20.520000457763672,21.5,20.520000457763672,21.420000076293945,54900.0
2022-02-07,21.389999389648438,22.860000610351562,20.75,22.18000030517578,48500.0
2022-02-14,21.0,21.579999923706055,20.139999389648438,20.950000762939453,68300.0
2022-02-18,20.979999542236328,21.1200008392334,20.782800674438477,20.950000762939453,10576.0
