Date,Open,High,Low,Close,Volume
1999-05-26,3.791880174116655,3.855078177018599,3.791880174116655,3.823479175567627,125100
1999-05-27,3.823479175567627,3.8392786762931133,3.807679674842141,3.823479175567627,32200
1999-05-28,3.807679696338167,3.8392786979675293,3.807679696338167,3.8392786979675293,11300
1999-06-01,3.8550781987822105,3.8550781987822105,3.8392786979675293,3.8392786979675293,9800
1999-06-02,3.855078177018599,3.855078177018599,3.807679674842141,3.823479175567627,61300
1999-06-03,3.823479197152848,3.8392786979675293,3.807679696338167,3.8392786979675293,16100
1999-06-04,3.807679674842141,3.823479175567627,3.807679674842141,3.823479175567627,20200
1999-06-07,3.823479175567627,3.8392786762931133,3.807679674842141,3.823479175567627,17900
1999-06-08,3.823479175567627,3.823479175567627,3.807679674842141,3.823479175567627,9900
1999-06-09,3.823479175567627,3.823479175567627,3.807679674842141,3.823479175567627,11600
1999-06-10,3.823478196171804,3.823478196171804,3.791879202815012,3.807678699493408,24900
1999-06-11,3.807678699493408,3.807678699493408,3.791879202815012,3.807678699493408,11100
1999-06-14,3.791879202815012,3.807678699493408,3.791879202815012,3.807678699493408,10500
1999-06-15,3.791879202815012,3.807678699493408,3.791879202815012,3.807678699493408,32900
1999-06-16,3.807678699493408,3.823478196171804,3.807678699493408,3.807678699493408,7100
1999-06-17,3.807679674842141,3.823479175567627,3.807679674842141,3.823479175567627,22300
1999-06-18,3.823479175567627,3.823479175567627,3.807679674842141,3.823479175567627,22900
1999-06-21,3.8076805889606473,3.8076805889606473,3.7918810844421387,3.7918810844421387,17000
1999-06-22,3.807679674842141,3.823479175567627,3.791880174116655,3.823479175567627,25500
1999-06-23,3.807679674842141,3.823479175567627,3.807679674842141,3.823479175567627,4200
1999-06-24,3.823479175567627,3.823479175567627,3.807679674842141,3.823479175567627,52100
1999-06-25,3.807678699493408,3.807678699493408,3.807678699493408,3.807678699493408,3500
1999-06-28,3.807678699493408,3.823478196171804,3.807678699493408,3.807678699493408,22300
1999-06-29,3.823478196171804,3.823478196171804,3.807678699493408,3.807678699493408,12400
1999-06-30,3.823478196171804,3.823478196171804,3.807678699493408,3.807678699493408,24700
1999-07-01,3.8234800934791564,3.8234800934791564,3.7918810844421387,3.7918810844421387,20900
1999-07-02,3.807679674842141,3.823479175567627,3.807679674842141,3.823479175567627,10700
1999-07-06,3.8234800934791564,3.8234800934791564,3.7918810844421387,3.7918810844421387,34300
1999-07-07,3.807678699493408,3.807678699493408,3.791879202815012,3.807678699493408,42300
1999-07-08,3.791879202815012,3.807678699493408,3.791879202815012,3.807678699493408,25600
1999-07-09,3.807678699493408,3.807678699493408,3.791879202815012,3.807678699493408,3800
1999-07-12,3.7918810844421387,3.8076805889606473,3.7918810844421387,3.7918810844421387,3100
1999-07-13,3.791879202815012,3.807678699493408,3.791879202815012,3.807678699493408,6500
1999-07-14,3.807678699493408,3.807678699493408,3.791879202815012,3.807678699493408,17600
1999-07-15,3.791879202815012,3.807678699493408,3.791879202815012,3.807678699493408,32700
1999-07-16,3.807678699493408,3.807678699493408,3.807678699493408,3.807678699493408,21500
1999-07-19,3.8076805889606473,3.8076805889606473,3.7918810844421387,3.7918810844421387,1800
1999-07-20,3.807678699493408,3.807678699493408,3.807678699493408,3.807678699493408,50800
1999-07-21,3.8076805889606473,3.8076805889606473,3.7918810844421387,3.7918810844421387,31300
1999-07-22,3.7942947020133335,3.8101704120635986,3.7942947020133335,3.8101704120635986,18600
1999-07-23,3.7942947020133335,3.8260461221138637,3.7942947020133335,3.8101704120635986,38300
1999-07-26,3.8101704120635986,3.8260461221138637,3.8101704120635986,3.8101704120635986,22900
1999-07-27,3.8101681436245864,3.8260438442230225,3.794292443026151,3.8260438442230225,34600
1999-07-28,3.8260461221138637,3.8260461221138637,3.8101704120635986,3.8101704120635986,21900
1999-07-29,3.8101681436245864,3.8260438442230225,3.8101681436245864,3.8260438442230225,27500
1999-07-30,3.8260438442230225,3.8260438442230225,3.8101681436245864,3.8260438442230225,5300
1999-08-02,3.8260438442230225,3.8260438442230225,3.8101681436245864,3.8260438442230225,24100
1999-08-03,3.8260461221138637,3.8260461221138637,3.7942947020133335,3.8101704120635986,50800
1999-08-04,3.8101704120635986,3.8101704120635986,3.7942947020133335,3.8101704120635986,21800
1999-08-05,3.8101681436245864,3.8260438442230225,3.8101681436245864,3.8260438442230225,28800
1999-08-06,3.8260461221138637,3.8260461221138637,3.8101704120635986,3.8101704120635986,28700
1999-08-09,3.8260461221138637,3.8260461221138637,3.8101704120635986,3.8101704120635986,9100
1999-08-10,3.8101675530441668,3.8101675530441668,3.778416156768799,3.778416156768799,10200
1999-08-11,3.796795650323232,3.8287014961242676,3.796795650323232,3.8287014961242676,18100
1999-08-12,3.8287011150535677,3.8287011150535677,3.8127481937408447,3.8127481937408447,9400
1999-08-13,3.7967952724281213,3.8127481937408447,3.7967952724281213,3.8127481937408447,20700
1999-08-16,3.7967952724281213,3.8127481937408447,3.7967952724281213,3.8127481937408447,16400
1999-08-17,3.796795650323232,3.8287014961242676,3.796795650323232,3.8287014961242676,16000
1999-08-18,3.81274857322375,3.8287014961242676,3.796795650323232,3.8287014961242676,13200
1999-08-19,3.8287014961242676,3.8287014961242676,3.81274857322375,3.8287014961242676,29100
1999-08-20,3.8287014961242676,3.8446544190247853,3.8287014961242676,3.8287014961242676,15700
1999-08-23,3.844654036366291,3.844654036366291,3.8127481937408447,3.8127481937408447,35000
1999-08-24,3.8287014961242676,3.8287014961242676,3.81274857322375,3.8287014961242676,27500
1999-08-25,3.828703298608297,3.844656229019165,3.828703298608297,3.844656229019165,59100
1999-08-26,3.828703298608297,3.844656229019165,3.828703298608297,3.844656229019165,19900
1999-08-27,3.828702485265811,3.8606083393096924,3.828702485265811,3.8606083393096924,39400
1999-08-30,3.860606957679014,3.860606957679014,3.8127481937408447,3.8127481937408447,21000
1999-08-31,3.8287014961242676,3.8287014961242676,3.81274857322375,3.8287014961242676,44000
1999-09-01,3.844654036366291,3.844654036366291,3.8127481937408447,3.8127481937408447,22200
1999-09-02,3.828703298608297,3.844656229019165,3.8127503681974293,3.844656229019165,22400
1999-09-03,3.8287011150535677,3.8287011150535677,3.8127481937408447,3.8127481937408447,20100
1999-09-07,3.8127503681974293,3.844656229019165,3.780844507375693,3.844656229019165,63200
1999-09-08,3.844654036366291,3.860606957679014,3.7967952724281213,3.8127481937408447,30000
1999-09-09,3.8287002499364005,3.8287002499364005,3.7967944145202637,3.7967944145202637,16100
1999-09-10,3.796796143308599,3.796796143308599,3.7489373683929443,3.7489373683929443,31200
1999-09-13,3.767402654961695,3.7994656562805176,3.7193081529834604,3.7994656562805176,31500
1999-09-14,3.7834372221176595,3.8315317630767822,3.7674057084646186,3.8315317630767822,19900
1999-09-15,3.8154995582871516,3.8154995582871516,3.7834365367889404,3.7834365367889404,15800
1999-09-16,3.81550101422249,3.81550101422249,3.751374946756566,3.767406463623047,40700
1999-09-17,3.767405026039835,3.7834365367889404,3.7513735152907293,3.7834365367889404,18100
1999-09-20,3.767405026039835,3.799468047538046,3.767405026039835,3.7834365367889404,12300
1999-09-21,3.767405026039835,3.7834365367889404,3.7513735152907293,3.7834365367889404,16900
1999-09-22,3.783434155621106,3.7994656562805176,3.751371154302283,3.7994656562805176,22700
1999-09-23,3.783437980489528,3.799469497356009,3.767406463623047,3.767406463623047,14200
1999-09-24,3.7674033641815186,3.799466371536255,3.7513718605041504,3.7513718605041504,16800
1999-09-27,3.751375948560649,3.751375948560649,3.719312906265259,3.719312906265259,21300
1999-09-28,3.7193121766839417,3.7353436946868896,3.6872491406780457,3.7353436946868896,58000
1999-09-29,3.703279495239258,3.7193110082056617,3.703279495239258,3.703279495239258,22300
1999-09-30,3.7353403568267822,3.7513718605041504,3.703277349472046,3.7513718605041504,28100
1999-10-01,3.7513752126898376,3.7674067306927856,3.7353436946868896,3.7353436946868896,18400
1999-10-04,3.7674067306927856,3.7674067306927856,3.7353436946868896,3.7353436946868896,15900
1999-10-05,3.7513752126898376,3.7674067306927856,3.7353436946868896,3.7353436946868896,10200
1999-10-06,3.751375948560649,3.767407469708344,3.719312906265259,3.719312906265259,20600
1999-10-07,3.7193121766839417,3.7513752126898376,3.7032806586809937,3.7353436946868896,46100
1999-10-08,3.703279495239258,3.7193110082056617,3.703279495239258,3.703279495239258,9100
1999-10-11,3.7193090936411983,3.735340598355169,3.687246084213257,3.687246084213257,45500
1999-10-12,3.703277588927228,3.703277588927228,3.6712145794992863,3.687246084213257,6300
1999-10-13,3.641361386252091,3.6574736047753302,3.593024730682373,3.593024730682373,49900
1999-10-14,3.5930239026610917,3.6252483322813704,3.5446872582306734,3.576911687850952,21900
1999-10-15,3.5446868030303116,3.5446868030303116,3.44801352658403,3.5124623775482178,60300
1999-10-18,3.51246166450006,3.51246166450006,3.4802372455596924,3.4802372455596924,20900
1999-10-19,3.5124615447465763,3.5124615447465763,3.464124917984009,3.464124917984009,26700
1999-10-20,3.4641250360895084,3.51246166450006,3.4641250360895084,3.4802372455596924,27500
1999-10-21,3.4802396542558047,3.5124640954989137,3.431902992391141,3.4480152130126953,59900
1999-10-22,3.431902992391141,3.46412743363425,3.415790771769586,3.4480152130126953,62300
1999-10-25,3.415788173675537,3.415788173675537,3.2868905067443848,3.2868905067443848,105600
1999-10-26,3.303002226352692,3.303002226352692,3.206328990459442,3.2224411964416504,82000
1999-10-27,3.2224416732788086,3.2868905067443848,3.2224416732788086,3.2868905067443848,25300
1999-10-28,3.3030052274187036,3.4480152130126953,3.3030052274187036,3.4480152130126953,67500
1999-10-29,3.480236657604373,3.5769098980933833,3.480236657604373,3.560797691345215,25600
1999-11-01,3.576911687850952,3.5930239026610917,3.5446872582306734,3.576911687850952,20600
1999-11-02,3.6091357421875,3.657472381591797,3.5769113159179686,3.6252479553222656,27000
1999-11-03,3.6252483322813704,3.6252483322813704,3.576911687850952,3.576911687850952,16000
1999-11-04,3.593022829865756,3.593022829865756,3.528573989868164,3.528573989868164,33200
1999-11-05,3.544685962588288,3.544685962588288,3.464124917984009,3.464124917984009,49000
1999-11-08,3.464125625548824,3.512462262184389,3.448013413336969,3.496350049972534,28400
1999-11-09,3.496351874877359,3.5124640954989137,3.431902992391141,3.4480152130126953,71200
1999-11-10,3.4342782497406006,3.4504776754469244,3.369480546915306,3.4342782497406006,70200
1999-11-11,3.4342752729143418,3.450474684579032,3.3856770379202707,3.401876449584961,30900
1999-11-12,3.320879398040401,3.369477633133675,3.320879398040401,3.337078809738159,81300
1999-11-15,3.320879467684238,3.4504747639841105,3.2560818195343018,3.2560818195343018,119000
1999-11-16,3.2722805761823466,3.3370782113542745,3.239881758596383,3.3046793937683105,68700
1999-11-17,3.3046793937683105,3.3208788025612925,3.239881758596383,3.3046793937683105,44500
1999-11-18,3.3046799795968194,3.401876449584961,3.3046799795968194,3.401876449584961,66800
1999-11-19,3.385680291140191,3.5476745634435494,3.385680291140191,3.46667742729187,53300
1999-11-22,3.4342766129053555,3.4828748668615637,3.369478940963745,3.369478940963745,69200
1999-11-23,3.3694776262555806,3.401876449584961,3.3046799795968194,3.401876449584961,92500
1999-11-24,3.3370782113542745,3.3532776201472565,3.3046793937683105,3.3046793937683105,54900
1999-11-26,3.3208809900974883,3.3532798290252686,3.3208809900974883,3.3532798290252686,7100
1999-11-29,3.3532801831122674,3.3532801831122674,3.2722830772399902,3.2722830772399902,88400
1999-11-30,3.2722808122634888,3.2722808122634888,3.239881992340088,3.239881992340088,110600
1999-12-01,3.2722808122634888,3.2722808122634888,3.239881992340088,3.239881992340088,31100
1999-12-02,3.2722805761823466,3.3370782113542745,3.239881758596383,3.3046793937683105,113600
1999-12-03,3.3532776201472565,3.3532776201472565,3.3046793937683105,3.3046793937683105,32700
1999-12-06,3.3208788025612925,3.3532776201472565,3.2722805761823466,3.3046793937683105,82000
1999-12-07,3.256085233639945,3.304683520709198,3.1750880885245234,3.1912875175476074,150000
1999-12-08,3.1588871731902612,3.2074854373931885,3.1264883303883098,3.2074854373931885,94500
1999-12-09,3.175086594591237,3.2560837015961157,3.1426877517892855,3.2074854373931885,109500
1999-12-10,3.1912841044583367,3.337078809738159,3.1912841044583367,3.337078809738159,70500
1999-12-13,3.3069720172882078,3.3069720172882078,3.1929384994506833,3.2581005096435547,85200
1999-12-14,3.1929423317837355,3.258104420187485,3.1603612875818605,3.241813898086548,103300
1999-12-15,3.241813898086548,3.258104420187485,3.209232853884673,3.241813898086548,96400
1999-12-16,3.24181337993924,3.290684938430786,3.1603607824533295,3.290684938430786,117200
1999-12-17,3.258102678405452,3.258102678405452,3.1766501114453156,3.20923113822937,106800
1999-12-20,3.1766491010785103,3.2418111339211464,3.127777576446533,3.127777576446533,137700
1999-12-21,3.127775646391369,3.209228137182811,3.062613653758216,3.078904151916504,199000
1999-12-22,3.095198337067949,3.12777937219498,3.030036266813887,3.062617301940918,151900
1999-12-23,3.095198392868042,3.095198392868042,3.030036321439241,3.095198392868042,180100
1999-12-27,3.111487068235874,3.1603585928678513,3.095196560025215,3.127777576446533,112500
1999-12-28,3.12777937219498,3.176650924885527,3.0463267843774027,3.062617301940918,218000
1999-12-29,3.0463267843774027,3.12777937219498,3.030036266813887,3.062617301940918,305800
1999-12-30,3.078906706947694,3.1114877303016377,3.0137446602398064,3.04632568359375,241900
1999-12-31,3.0300326574416387,3.127775646391369,3.0137421592833507,3.078904151916504,87000
2000-01-03,3.0626173571536413,3.111488910725242,3.0463268392964413,3.095198392868042,47200
2000-01-04,3.1114912644410744,3.1766533851623535,3.0952007342607546,3.1766533851623535,41700
2000-01-05,3.1603595980532884,3.2255216516213974,3.127778571269234,3.20923113822937,56200
2000-01-06,3.209229001998901,3.2581005096435547,3.209229001998901,3.2581005096435547,19500
2000-01-07,3.225519504547119,3.29068151473999,3.209229001998901,3.2581005096435547,22600
2000-01-10,3.2581005096435547,3.274391012191772,3.225519504547119,3.2581005096435547,34900
2000-01-11,3.2255213260650635,3.241811837812867,3.1929403025694567,3.2255213260650635,27200
2000-01-12,3.1952403350309893,3.277169574390758,3.1952403350309893,3.2443978786468506,30500
2000-01-13,3.211625541249911,3.211625541249911,3.096924629062414,3.1460821628570557,137600
2000-01-14,3.1788579696264025,3.2116297012720354,3.1460862379807693,3.1952438354492188,19900
2000-01-18,3.1460801381913446,3.1460801381913446,3.0969226360321045,3.0969226360321045,49000
2000-01-19,3.146083535308047,3.1952410905472357,3.1133118318152553,3.1624693870544434,46800
2000-01-20,3.1624680074552693,3.1788538520534835,3.129696318258842,3.1460821628570557,10100
2000-01-21,3.1296976263990106,3.1788551807403564,3.0969259235047804,3.1788551807403564,41900
2000-01-24,3.0969226360321045,3.1460801381913446,3.080536801979025,3.0969226360321045,50300
2000-01-25,3.1133145063351364,3.1952438354492188,3.1133145063351364,3.1952438354492188,28600
2000-01-26,3.195242150944082,3.293557294050054,3.195242150944082,3.2607855796813965,49400
2000-01-27,3.228013865312739,3.3099431512343824,3.2116280081284105,3.2607855796813965,35600
2000-01-28,3.2607855796813965,3.277171436865725,3.228013865312739,3.2607855796813965,16000
2000-01-31,3.277168938176549,3.2935547828674316,3.2607830934856663,3.2935547828674316,11400
2000-02-01,3.309940476043552,3.342712163925171,3.309940476043552,3.342712163925171,19300
2000-02-02,3.342713244910379,3.3754849433898926,3.293555697191109,3.3754849433898926,47400
2000-02-03,3.3754849433898926,3.4246424911091626,3.342713244910379,3.3754849433898926,75700
2000-02-04,3.4082570651879056,3.4246429164628474,3.3754853626380217,3.391871213912964,36300
2000-02-07,3.3754881137754857,3.42464570766542,3.359102249145508,3.359102249145508,43900
2000-02-08,3.391871213912964,3.4574146190127313,3.35909951136308,3.391871213912964,37800
2000-02-09,3.359102249145508,3.42464570766542,3.359102249145508,3.359102249145508,18400
2000-02-10,3.3754849433898926,3.408256641869406,3.326327395670622,3.3754849433898926,78600
2000-02-11,3.3779868379754214,3.3779868379754214,3.312074899673462,3.312074899673462,26400
2000-02-14,3.328552884248952,3.3450308688244417,3.2955969150979723,3.312074899673462,34100
2000-02-15,3.2955969150979723,3.3450308688244417,3.2955969150979723,3.312074899673462,34400
2000-02-16,3.3120755244945657,3.3615094875467233,3.2955975368105133,3.345031499862671,42300
2000-02-17,3.3450340610919613,3.3779900616938523,3.31207806049007,3.3285560607910156,47000
2000-02-18,3.3285560607910156,3.3779900616938523,3.31207806049007,3.3285560607910156,51500
2000-02-22,3.3615094875467233,3.3779874752307757,3.328553512178618,3.345031499862671,21600
2000-02-23,3.3615120613929066,3.3779900616938523,3.31207806049007,3.3285560607910156,53600
2000-02-24,3.328555238013174,3.3779892266965383,3.3120772417853863,3.36151123046875,36600
2000-02-25,3.3615120613929066,3.3615120613929066,3.31207806049007,3.3285560607910156,23900
2000-02-28,3.3450340610919613,3.3779900616938523,3.31207806049007,3.3285560607910156,42800
2000-02-29,3.345031499862671,3.345031499862671,3.3120755244945657,3.345031499862671,39100
2000-03-01,3.345031499862671,3.3615094875467233,3.328553512178618,3.345031499862671,30400
2000-03-02,3.345031499862671,3.345031499862671,3.3120755244945657,3.345031499862671,13500
2000-03-03,3.3450340610919613,3.3450340610919613,3.295600060189124,3.3285560607910156,30100
2000-03-06,3.328555238013174,3.36151123046875,3.3120772417853863,3.36151123046875,16700
2000-03-07,3.36151123046875,3.36151123046875,3.295599245557598,3.36151123046875,67500
2000-03-08,3.3120772417853863,3.36151123046875,3.3120772417853863,3.36151123046875,27200
2000-03-09,3.3615120613929066,3.3615120613929066,3.31207806049007,3.3285560607910156,6500
2000-03-10,3.31207806049007,3.3615120613929066,3.31207806049007,3.3285560607910156,30300
2000-03-13,3.3471128811389943,3.363682746887207,3.3305430153907816,3.363682746887207,34000
2000-03-14,3.3471107506633397,3.380250461065947,3.3139710402607325,3.330540895462036,35800
2000-03-15,3.2974032838943557,3.363682746887207,3.2974032838943557,3.363682746887207,35700
2000-03-16,3.3636862626889856,3.3968260288238525,3.3305464965541187,3.3968260288238525,22500
2000-03-17,3.3968203162672506,3.3968203162672506,3.330540895462036,3.330540895462036,34400
2000-03-20,3.3636806058646433,3.3636806058646433,3.330540895462036,3.330540895462036,8000
2000-03-21,3.363684394780327,3.3802542686462402,3.363684394780327,3.3802542686462402,5500
2000-03-22,3.380253990877022,3.41339373588562,3.3471142458684238,3.41339373588562,35600
2000-03-23,3.446531513759068,3.4796712398529053,3.4133917876652307,3.4796712398529053,19700
2000-03-24,3.463104647285533,3.579093798151556,3.446534768590387,3.5128142833709717,47200
2000-03-27,3.496244404675825,3.5293841620661177,3.496244404675825,3.5128142833709717,5000
2000-03-28,3.5128133511656268,3.5293832254635777,3.4631037282717734,3.496243476867676,35300
2000-03-29,3.496247174583863,3.54595685005188,3.4631073909385184,3.54595685005188,18700
2000-03-30,3.5459540407612637,3.5459540407612637,3.496244404675825,3.5128142833709717,19700
2000-03-31,3.52938711643219,3.628806471824646,3.5128172238667807,3.579096794128418,29000
2000-04-03,3.6122353076934814,3.6122353076934814,3.529385874030787,3.6122353076934814,16500
2000-04-04,3.645375081158559,3.645375081158559,3.545955760763326,3.6122353076934814,42200
2000-04-05,3.6122353076934814,3.6122353076934814,3.545955760763326,3.6122353076934814,41800
2000-04-06,3.579095222580601,3.579095222580601,3.529385566711426,3.529385566711426,24700
2000-04-07,3.529380828993661,3.529380828993661,3.4796712398529053,3.4796712398529053,50900
2000-04-10,3.4796746039504636,3.4962444830168944,3.4465348458176024,3.463104724884033,33100
2000-04-11,3.4962411028998237,3.512810965946742,3.429961650712149,3.4796712398529053,15400
2000-04-12,3.431697130203247,3.4816733020023234,3.431697130203247,3.431697130203247,9400
2000-04-13,3.4650145780692982,3.4816733020023234,3.4150384062702215,3.431697130203247,22400
2000-04-14,3.415035819772429,3.415035819772429,3.36505968582454,3.381718397140503,17700
2000-04-17,3.415038411063377,3.415038411063377,3.2984273433685303,3.2984273433685303,29600
2000-04-18,3.3650607398493375,3.3650607398493375,3.3150845902476145,3.3484020233154297,43500
2000-04-19,3.3484020233154297,3.3650607398493375,3.3317433067815223,3.3484020233154297,9000
2000-04-20,3.3317447912813436,3.3484035152377505,3.2984273433685303,3.2984273433685303,32000
2000-04-24,3.3150856494903564,3.3484030932038276,3.3150856494903564,3.3150856494903564,28600
2000-04-25,3.3317437358931,3.398378610610962,3.3150850172136344,3.398378610610962,36500
2000-04-26,3.3650622367858887,3.3817209607303735,3.3650622367858887,3.3650622367858887,6800
2000-04-27,3.3817206638615307,3.4150381088256836,3.3817206638615307,3.4150381088256836,16300
2000-04-28,3.4150381088256836,3.4150381088256836,3.3817206638615307,3.4150381088256836,17300
2000-05-01,3.431696047969893,3.465013485328824,3.398378610610962,3.398378610610962,31800
2000-05-02,3.431699324345243,3.4650167935136436,3.3983818551768428,3.4483580589294434,29600
2000-05-03,3.431694531088392,3.431694531088392,3.36505968582454,3.381718397140503,24900
2000-05-04,3.3817198919314966,3.4150373292904277,3.3484024545725655,3.398378610610962,14800
2000-05-05,3.3983781729171527,3.3983781729171527,3.3317433067815223,3.3484020233154297,11100
2000-05-08,3.3650622367858887,3.398379684674858,3.3484035128414043,3.3650622367858887,20300
2000-05-09,3.3484020233154297,3.3983781729171527,3.3484020233154297,3.3484020233154297,31600
2000-05-10,3.365061815060563,3.365061815060563,3.3150856494903564,3.3150856494903564,33400
2000-05-11,3.31709623336792,3.333849244647556,3.2500841882493763,3.31709623336792,44700
2000-05-12,3.3170966005325315,3.3673556399345395,3.3170966005325315,3.350602626800537,30100
2000-05-15,3.3841082784864636,3.3841082784864636,3.300343222088284,3.31709623336792,26500
2000-05-16,3.317098989778635,3.3506050401804397,3.283592939376831,3.283592939376831,34100
2000-05-17,3.283588840271616,3.3338478531329163,3.283588840271616,3.300341844558716,55200
2000-05-18,3.317095137354153,3.367354154586792,3.317095137354153,3.367354154586792,22100
2000-05-19,3.3673558936399575,3.4176149368286133,3.3506028792437386,3.4176149368286133,37900
2000-05-22,3.4176149368286133,3.4176149368286133,3.384108908036176,3.4176149368286133,10400
2000-05-23,3.4176149368286133,3.4176149368286133,3.384108908036176,3.4176149368286133,11800
2000-05-24,3.3841097354888916,3.4343687909664493,3.308721152272555,3.3841097354888916,23900
2000-05-25,3.3841097354888916,3.3841097354888916,3.333850680011334,3.3841097354888916,29200
2000-05-26,3.3841058796849746,3.4008588790893555,3.3338468814718314,3.4008588790893555,16100
2000-05-30,3.3673567169963725,3.400862753981411,3.333850680011334,3.3841097354888916,14800
2000-05-31,3.400862753981411,3.400862753981411,3.350603698503853,3.3841097354888916,15200
2000-06-01,3.400862753981411,3.4343687909664493,3.350603698503853,3.3841097354888916,29100
2000-06-02,3.4008598702813164,3.4176128745684164,3.2500828316974157,3.300341844558716,66900
2000-06-05,3.367354154586792,3.4176131718194305,3.3003421316099404,3.367354154586792,45100
2000-06-06,3.384107498667348,3.384107498667348,3.3003424615716215,3.333848476409912,57400
2000-06-07,3.333848143098366,3.400860166075218,3.317095137354153,3.367354154586792,85600
2000-06-08,3.384107498667348,3.384107498667348,3.317095468990767,3.333848476409912,19000
2000-06-09,3.3673558936399575,3.4176149368286133,3.3673558936399575,3.4176149368286133,24600
2000-06-12,3.4008612897661,3.4008612897661,3.31709623336792,3.31709623336792,49400
2000-06-13,3.318311009076562,3.4193763189976756,3.318311009076562,3.4025321006774902,34400
2000-06-14,3.3856878082926682,3.4530646800994873,3.3856878082926682,3.4530646800994873,34900
2000-06-15,3.4193762441960778,3.4530646800994873,3.3856878082926682,3.4530646800994873,27800
2000-06-16,3.4362162792036686,3.469904674097822,3.419372081756592,3.419372081756592,25000
2000-06-19,3.402532026244373,3.4530646800994873,3.402532026244373,3.4530646800994873,8100
2000-06-20,3.4530647883668615,3.486753225326538,3.4530647883668615,3.486753225326538,23700
2000-06-21,3.486750431931936,3.5035946369171143,3.453062021961579,3.5035946369171143,22200
2000-06-22,3.503594500347248,3.503594500347248,3.4362176830328783,3.4699060916900635,12000
2000-06-23,3.4530647883668615,3.486753225326538,3.419376351407185,3.486753225326538,35900
2000-06-26,3.4699060916900635,3.4867502960186556,3.4193734787042858,3.4699060916900635,13400
2000-06-27,3.43621826171875,3.4867508832146137,3.4193740545534617,3.43621826171875,35800
2000-06-28,3.4362178169764004,3.5035946369171143,3.4362178169764004,3.5035946369171143,9400
2000-06-29,3.5035974438063766,3.5035974438063766,3.486753225326538,3.486753225326538,10100
2000-06-30,3.5035926455543156,3.537281036376953,3.4867484501429966,3.537281036376953,16300
2000-07-03,3.537285880766053,3.537285880766053,3.4699090068466996,3.486753225326538,9000
2000-07-05,3.5035922516013773,3.5541248321533203,3.5035922516013773,3.5541248321533203,10800
2000-07-06,3.537283078679499,3.5709714889526367,3.5035946684063606,3.5709714889526367,15100
2000-07-07,3.587816727326213,3.655193567276001,3.587816727326213,3.655193567276001,27300
2000-07-10,3.6383468361788016,3.655191034494444,3.621502637863159,3.621502637863159,8600
2000-07-11,3.6046597957611084,3.621504000414198,3.520438772495662,3.6046597957611084,39500
2000-07-12,3.5889482498168945,3.6397352533520393,3.5889482498168945,3.5889482498168945,15500
2000-07-13,3.6228082778894506,3.6397372885337935,3.572021245956421,3.572021245956421,17500
2000-07-14,3.5720201042336477,3.6058781147003174,3.555091099000313,3.6058781147003174,20600
2000-07-17,3.6058781147003174,3.6058781147003174,3.5889491094669825,3.6058781147003174,2600
2000-07-18,3.6058775465065076,3.6228065490722656,3.588948543940749,3.6228065490722656,12700
2000-07-19,3.639736125166987,3.639736125166987,3.6058781147003174,3.6058781147003174,10800
2000-07-20,3.6058781147003174,3.6228071199336522,3.5720201042336477,3.6058781147003174,14400
2000-07-21,3.6228066042617515,3.6566646099090576,3.5889485986144454,3.6566646099090576,40700
2000-07-24,3.656664554203782,3.656664554203782,3.6058775465065076,3.6228065490722656,14600
2000-07-25,3.6228071199336522,3.6228071199336522,3.6058781147003174,3.6058781147003174,9500
2000-07-26,3.605879267245107,3.6397372885337935,3.572021245956421,3.572021245956421,36300
2000-07-27,3.5889482498168945,3.6228062521736577,3.5889482498168945,3.5889482498168945,12000
2000-07-28,3.6058781147003174,3.6058781147003174,3.5720201042336477,3.6058781147003174,26200
2000-07-31,3.605877250995276,3.6228062521736577,3.572019248638513,3.5889482498168945,19300
2000-08-01,3.6058775465065076,3.6228065490722656,3.588948543940749,3.6228065490722656,20900
2000-08-02,3.6228066042617515,3.6566646099090576,3.6058776014380984,3.6566646099090576,42500
2000-08-03,3.673595428466797,3.673595428466797,3.639737406084614,3.673595428466797,16600
2000-08-04,3.639735551638024,3.6735935567695406,3.6228065490722656,3.6228065490722656,14200
2000-08-07,3.6735935567695406,3.6735935567695406,3.6228065490722656,3.6228065490722656,13300
2000-08-08,3.6566656600597294,3.6566656600597294,3.6058786370033444,3.6397366523742676,15200
2000-08-09,3.6058776014380984,3.6905226155563637,3.6058776014380984,3.6566646099090576,32300
2000-08-10,3.622808394893523,3.690524439657888,3.622808394893523,3.673595428466797,17000
2000-08-11,3.6578049659729004,3.6748180123262624,3.640791919619538,3.6578049659729004,29000
2000-08-14,3.6748202011881888,3.691833257675171,3.640794088214224,3.691833257675171,35600
2000-08-15,3.674818277359009,3.6918313249393746,3.657805229778643,3.674818277359009,20100
2000-08-16,3.6918349353545303,3.742874128009201,3.6918349353545303,3.708847999572754,57400
2000-08-17,3.6748199985451895,3.7258591651916504,3.6748199985451895,3.7258591651916504,14300
2000-08-18,3.6918328361077744,3.7428719997406006,3.6918328361077744,3.7428719997406006,14200
2000-08-21,3.7428722207404705,3.7428722207404705,3.7258591651916504,3.7258591651916504,9200
2000-08-22,3.7428719997406006,3.7428719997406006,3.6918328361077744,3.7428719997406006,28100
2000-08-23,3.7428719997406006,3.7598850542848763,3.7258589451963253,3.7428719997406006,16200
2000-08-24,3.742869644682871,3.759882688522339,3.742869644682871,3.759882688522339,11800
2000-08-25,3.7598871922274246,3.7598871922274246,3.708847999572754,3.708847999572754,24000
2000-08-28,3.7258591651916504,3.759885276289291,3.7088461096428302,3.7258591651916504,19500
2000-08-29,3.742874128009201,3.742874128009201,3.708847999572754,3.708847999572754,10700
2000-08-30,3.7088458906520496,3.7428719997406006,3.6918328361077744,3.7428719997406006,28800
2000-08-31,3.7598850542848763,3.7768981088291516,3.7428719997406006,3.7428719997406006,22000
2000-09-01,3.7768983318381113,3.7768983318381113,3.7258591651916504,3.7258591651916504,11200
2000-09-05,3.7428719997406006,3.7768981088291516,3.7088458906520496,3.7428719997406006,25800
2000-09-06,3.7088435570039358,3.7768957323618064,3.7088435570039358,3.759882688522339,4100
2000-09-07,3.776899587947691,3.7939126491546626,3.7428734655337483,3.793912649154663,13300
2000-09-08,3.7598850542848763,3.7768981088291516,3.7428719997406006,3.7428719997406006,9900
2000-09-11,3.7769002564456486,3.7769002564456486,3.708847999572754,3.708847999572754,32600
2000-09-12,3.7428719997406006,3.7598850542848763,3.6918328361077744,3.7428719997406006,27200
2000-09-13,3.7611972301378165,3.778293581183897,3.709908176999573,3.7270045280456543,33100
2000-09-14,3.7270054076904575,3.7611981178527554,3.6928126975281597,3.7441017627716064,19500
2000-09-15,3.7099092622318177,3.7099092622318177,3.6073311259489103,3.641523838043213,63000
2000-09-18,3.6586213884530245,3.6928141117095947,3.6244286651964543,3.6928141117095947,15000
2000-09-19,3.7099092622318177,3.7099092622318177,3.6244274819960616,3.641523838043213,20500
2000-09-20,3.6244274819960616,3.675716550137515,3.6244274819960616,3.641523838043213,40200
2000-09-21,3.658620756725932,3.6757171154022217,3.658620756725932,3.6757171154022217,20000
2000-09-22,3.6586221951358726,3.6757185605337037,3.62442946434021,3.62442946434021,26500
2000-09-25,3.62442946434021,3.6586221951358726,3.607333098942379,3.62442946434021,24700
2000-09-26,3.6244306883743507,3.6415270595459277,3.573141574859619,3.573141574859619,30300
2000-09-27,3.6073317527770996,3.6073317527770996,3.5731390347412977,3.6073317527770996,34900
2000-09-28,3.6073324737640524,3.6073324737640524,3.4876579367197476,3.5560433864593506,61200
2000-09-29,3.590236111329152,3.590236111329152,3.53894702402445,3.5560433864593506,26200
2000-10-02,3.573140639703251,3.5902370064003954,3.5047551729146718,3.5218515396118164,51900
2000-10-03,3.5218496228673772,3.5560423376524977,3.4705605506896973,3.4705605506896973,76900
2000-10-04,3.4705611864725747,3.5389466285705566,3.453464825948079,3.4876575469970703,65000
2000-10-05,3.487658806217527,3.5218515396118164,3.453466072823238,3.5218515396118164,22600
2000-10-06,3.521850661589549,3.5560433864593506,3.5047542991546483,3.5560433864593506,19200
2000-10-09,3.556042752947126,3.590235471725464,3.556042752947126,3.590235471725464,7200
2000-10-10,3.590235393759199,3.6073317527770996,3.556042675723397,3.6073317527770996,38400
2000-10-11,3.6085712909698486,3.6085712909698486,3.5742039453415644,3.6085712909698486,10200
2000-10-12,3.60856939288019,3.60856939288019,3.53983473777771,3.53983473777771,31500
2000-10-13,3.57420206532895,3.60856939288019,3.53983473777771,3.53983473777771,34000
2000-10-16,3.53983473777771,3.59138572910457,3.52265107400209,3.53983473777771,17100
2000-10-17,3.57420206532895,3.59138572910457,3.53983473777771,3.53983473777771,19100
2000-10-18,3.539835328641145,3.557018995285034,3.539835328641145,3.557018995285034,12800
2000-10-19,3.539835328641145,3.557018995285034,3.522651661997256,3.557018995285034,42400
2000-10-20,3.557018995285034,3.5742026619289233,3.522651661997256,3.557018995285034,24900
2000-10-23,3.574200278834293,3.6085675892076994,3.5398329684608862,3.591383934020996,29400
2000-10-24,3.5742026619289233,3.6257536618605903,3.522651661997256,3.557018995285034,49600
2000-10-25,3.539835328641145,3.5742026619289233,3.539835328641145,3.557018995285034,17600
2000-10-26,3.57420206532895,3.57420206532895,3.53983473777771,3.53983473777771,11100
2000-10-27,3.53983659971328,3.6085712909698486,3.53983659971328,3.6085712909698486,19900
2000-10-30,3.6085712909698486,3.6085712909698486,3.5742039453415644,3.6085712909698486,8500
2000-10-31,3.5913870165133366,3.6257543563842773,3.5742033465778658,3.6257543563842773,25400
2000-11-01,3.6257513817751184,3.642935037612915,3.6085677259373217,3.642935037612915,20900
2000-11-02,3.6429364658961787,3.6773037910461426,3.5742018155962505,3.6773037910461426,43500
2000-11-03,3.677302209954513,3.677302209954513,3.591383934020996,3.591383934020996,16100
2000-11-06,3.5913848944113287,3.6601195335388184,3.5913848944113287,3.6601195335388184,20800
2000-11-07,3.6601186934507117,3.677302349288509,3.6257513817751184,3.642935037612915,26500
2000-11-08,3.608570686448807,3.642938026319748,3.5913870165133366,3.6257543563842773,21100
2000-11-09,3.642935037612915,3.642935037612915,3.591384070099525,3.642935037612915,48500
2000-11-10,3.642935037612915,3.6601186934507117,3.6257513817751184,3.642935037612915,7000
2000-11-13,3.661447525024414,3.661447525024414,3.6096345883495404,3.661447525024414,43800
2000-11-14,3.6269094944000244,3.6441804919924055,3.5923674992152623,3.6269094944000244,33200
2000-11-15,3.609639721459122,3.6614527318149945,3.5923687180071644,3.644181728363037,47300
2000-11-16,3.661449751785497,3.661449751785497,3.5750948048094244,3.6096367835998535,45400
2000-11-17,3.5923663574515037,3.626908341657768,3.5578243732452393,3.5578243732452393,29200
2000-11-20,3.5750948048094244,3.6096367835998535,3.55782381541421,3.6096367835998535,43800
2000-11-21,3.5923663574515037,3.609637349554636,3.5578243732452393,3.5578243732452393,49900
2000-11-22,3.5578255040305,3.6269094944000244,3.5578255040305,3.6269094944000244,19500
2000-11-24,3.5923687180071644,3.644181728363037,3.5923687180071644,3.644181728363037,3900
2000-11-27,3.6441787623902826,3.6441787623902826,3.55782381541421,3.6096367835998535,62100
2000-11-28,3.6096376891319566,3.6096376891319566,3.5578247079482446,3.5923666954040527,35300
2000-11-29,3.6096376891319566,3.626908682859861,3.5578247079482446,3.5923666954040527,48100
2000-11-30,3.6096362139791105,3.6096362139791105,3.5060102939605713,3.5060102939605713,86100
2000-12-01,3.5405550832333774,3.57509708404541,3.523284082827361,3.57509708404541,29600
2000-12-04,3.5923648555104326,3.5923648555104326,3.506009931099124,3.5405519008636475,72500
2000-12-05,3.5405522673000847,3.5405522673000847,3.4369263472815454,3.5060102939605713,148300
2000-12-06,3.506012484139087,3.557825476515527,3.4714704892214607,3.5232834815979004,89800
2000-12-07,3.5405544790567136,3.57509647397434,3.506012484139087,3.5232834815979004,47900
2000-12-08,3.5232809159813856,3.5750938706281707,3.506009931099124,3.5405519008636475,80000
2000-12-11,3.5232834815979004,3.557825476515527,3.506012484139087,3.5232834815979004,45500
2000-12-12,3.488741486680274,3.5405544790567136,3.488741486680274,3.5232834815979004,81400
2000-12-13,3.524531364440918,3.5592558113812225,3.472444694030461,3.524531364440918,81100
2000-12-14,3.5245346907832196,3.6113458900635944,3.5245346907832196,3.5939836502075195,92000
2000-12-15,3.611343511554043,3.6634301968168415,3.59398128313311,3.6287057399749756,93300
2000-12-18,3.646071782044325,3.6807962752066516,3.6113472888819977,3.6634340286254883,69900
2000-12-19,3.628702592174962,3.6981514456137172,3.611340378815273,3.6807892322540283,53100
2000-12-20,3.6981561183929443,3.7676050595834223,3.6634316477977054,3.6981561183929443,66400
2000-12-21,3.7155182361602783,3.732880470908691,3.680793766663453,3.7155182361602783,40100
2000-12-22,3.732878960430894,3.802327871322632,3.732878960430894,3.802327871322632,37800
2000-12-26,3.750239879713146,3.7849643230438232,3.732877658047807,3.7849643230438232,18100
2000-12-27,3.784968020179854,3.802330258804532,3.732881304305819,3.767605781555176,34300
2000-12-28,3.7849643230438232,3.7849643230438232,3.750239879713146,3.7849643230438232,56300
2000-12-29,3.802327871322632,3.819690099045566,3.7676034158767626,3.802327871322632,66900
2001-01-02,3.8370501377752846,3.889136791229248,3.8370501377752846,3.889136791229248,33600
2001-01-03,3.8891394851554155,4.080124013444298,3.8891394851554155,4.0627617835998535,50600
2001-01-04,4.097487192568572,4.201660595769468,3.993313789367676,3.993313789367676,47000
2001-01-05,3.993314019346659,3.993314019346659,3.9238650798797607,3.9238650798797607,45400
2001-01-08,3.941227087767228,3.993313789367676,3.923864853900412,3.993313789367676,60600
2001-01-09,3.9933111955379617,4.028035640716553,3.975948972948666,4.028035640716553,37700
2001-01-10,4.029292462200954,4.081620935736032,4.011849637689262,4.0467352867126465,69000
2001-01-11,4.081620935736032,4.081620935736032,4.029292462200954,4.0467352867126465,40500
2001-01-12,4.029292462200954,4.064178111224339,4.029292462200954,4.0467352867126465,22400
2001-01-16,4.0467352867126465,4.116506584759416,4.029292462200954,4.0467352867126465,36200
2001-01-17,4.046735519017929,4.133949646582971,4.046735519017929,4.081621170043945,73300
2001-01-18,4.064178943634033,4.116507427886832,4.046736115549767,4.064178943634033,26900
2001-01-19,4.064178344530937,4.099063995556953,4.02929269350492,4.081621170043945,26000
2001-01-22,4.064178943634033,4.064178943634033,4.011850459381234,4.064178943634033,69800
2001-01-23,4.064178943634033,4.099064599802565,4.046736115549767,4.064178943634033,45500
2001-01-24,4.064178943634033,4.064178943634033,4.0292932874655,4.064178943634033,14100
2001-01-25,4.081621170043945,4.116506821069962,4.02929269350492,4.081621170043945,32600
2001-01-26,4.1165081348825,4.1165081348825,4.029293979482448,4.09906530380249,41400
2001-01-29,4.116506879019021,4.116506879019021,4.0495264919837055,4.088598251342773,22900
2001-01-30,4.116509450742981,4.130463773298847,4.060692426676084,4.077437400817871,18000
2001-01-31,4.10534363155546,4.130461344152846,4.102552715454326,4.110925197601318,9200
2001-02-01,4.11371695273241,4.130462186598146,4.01882791519165,4.01882791519165,78900
2001-02-02,4.010455142948051,4.018827626200628,3.993710176442896,4.013246059417725,35000
2001-02-05,3.9992923503754207,4.032782554626465,3.9937107827451555,4.032782554626465,53700
2001-02-06,4.032780637356648,4.032780637356648,3.9574277801552733,3.9602184295654297,71000
2001-02-07,3.9630109125666344,4.02720066520275,3.9630109125666344,4.01882791519165,23900
2001-02-08,4.0188289679245175,4.0188289679245175,3.976966271528932,3.996502161026001,24700
2001-02-09,4.018828236316075,4.055109357460494,3.976965547541391,4.032782554626465,35200
2001-02-12,4.018826661031387,4.0467352867126465,4.016036011388365,4.0467352867126465,12900
2001-02-13,4.023464761352893,4.05150268213301,4.009445667266846,4.009445667266846,20800
2001-02-14,4.023466094683391,4.037484926023139,4.012250869176351,4.03468132019043,19100
2001-02-15,4.034680379447226,4.051503080089299,4.023465156555176,4.023465156555176,24000
2001-02-16,4.012250889700102,4.012250889700102,3.967389720050399,3.992624044418335,12600
2001-02-20,3.9926205479972703,3.9926205479972703,3.9477596850252303,3.967386245727539,14500
2001-02-21,3.9533725613096204,3.981410503387451,3.897296142369594,3.981410503387451,32700
2001-02-22,3.967388408551246,4.029072262460701,3.956173186694252,3.9870152473449707,30900
2001-02-23,3.9842143778128887,4.029075299051164,3.981410503387451,3.981410503387451,18600
2001-02-26,3.9954296081224574,3.9954296081224574,3.9533725613096204,3.981410503387451,11600
2001-02-27,3.989818919540102,4.048698902130127,3.981407569853523,4.048698902130127,28000
2001-02-28,4.065522175552363,4.065522175552363,3.995426965629047,4.023465156555176,34100
2001-03-01,4.023464841093725,4.065521856793415,3.9954266523659423,4.0599141120910645,26600
2001-03-02,4.0599141120910645,4.065521856793415,4.031876190755266,4.0599141120910645,21100
2001-03-05,4.023465156555176,4.023465156555176,4.009446061092111,4.023465156555176,23900
2001-03-06,4.017857411413148,4.023465156555176,4.003838315950083,4.023465156555176,28500
2001-03-07,4.023465226684827,4.023465226684827,3.9673888438551494,4.020661354064941,25200
2001-03-08,4.00383576374028,4.0150509794832905,3.967386245727539,3.967386245727539,27100
2001-03-09,3.967386245727539,3.9954244187809818,3.9393483400659313,3.967386245727539,21800
2001-03-12,3.947758372950601,3.96738492712984,3.9281318187713623,3.9281318187713623,9200
2001-03-13,3.9385582239900536,3.9582793712615967,3.8455879839337612,3.9582793712615967,28700
2001-03-14,3.9526446809906357,3.9582793712615967,3.9441929142610146,3.9582793712615967,12200
2001-03-15,3.9582814460795817,3.9864541061712284,3.944194981695278,3.96673321723938,7600
2001-03-16,3.961097002029419,3.963914078691217,3.961097002029419,3.961097002029419,16900
2001-03-19,3.9441978107799183,3.9526495880019863,3.873765707015991,3.873765707015991,27200
2001-03-20,3.873765707015991,3.8822174842380592,3.8315065522284963,3.873765707015991,27700
2001-03-21,3.8737632965471387,3.899118881112856,3.8737632965471387,3.8850324153900146,31000
2001-03-22,3.859675009566977,3.859675009566977,3.746983874313565,3.78924298286438,40800
2001-03-23,3.7892418082437187,3.817414717662229,3.77797269821167,3.77797269821167,25400
2001-03-26,3.7807947272533258,3.8653132915496826,3.7807947272533258,3.8653132915496826,30000
2001-03-27,3.8653132915496826,3.8653132915496826,3.831505919566562,3.8653132915496826,19300
2001-03-28,3.8596741234254983,3.9160196781158447,3.845587667583712,3.9160196781158447,20700
2001-03-29,3.8934844398850252,4.0005412101745605,3.8934844398850252,4.0005412101745605,33000
2001-03-30,4.0118094164672895,4.039982343326758,4.0118094164672895,4.028713226318359,12300
2001-04-02,4.042799689748094,4.042799689748094,3.992088528871826,4.028713226318359,17400
2001-04-03,4.028711387587686,4.028711387587686,3.9301064572604325,3.9582793712615967,28600
2001-04-04,3.9639162545786575,3.9639162545786575,3.859676837921143,3.8596768379211426,34500
2001-04-05,3.859679232527775,3.8878521815042073,3.8174200777402802,3.873765707015991,33300
2001-04-06,3.882215075648336,3.885032422533482,3.80333124360316,3.8596768379211426,23000
2001-04-09,3.84558634338975,3.85967279438099,3.789240808101495,3.811779022216797,23300
2001-04-10,3.808100717901197,3.822257280349731,3.7486433716285315,3.8222572803497314,31600
2001-04-11,3.836416856630777,3.836416856630777,3.7967785046383713,3.805272340774536,15400
2001-04-12,3.808103709491318,3.8703924711896174,3.7854532997854244,3.805272340774536,39100
2001-04-16,3.8024399280548096,3.805271025779061,3.782620623900514,3.8024399280548096,10700
2001-04-17,3.8052751975710652,3.8194317817687984,3.7939499842157556,3.819431781768799,16700
2001-04-18,3.8194270267949335,3.8420774253070684,3.8194270267949335,3.8335835933685303,11400
2001-04-19,3.839248160957663,3.8618985702836763,3.839248160957663,3.85906720161438,27800
2001-04-20,3.8449135793218416,3.8449135793218416,3.8194317817687984,3.819431781768799,19000
2001-04-23,3.822261187756313,3.847742972210301,3.8194298183693705,3.8392491340637207,23300
2001-04-24,3.8449088060124557,3.8477401733398438,3.8194270400940646,3.8477401733398438,16500
2001-04-25,3.847739038754298,3.847739038754298,3.81942591385723,3.8222572803497314,7900
2001-04-26,3.844909526857313,3.844909526857313,3.7656331169260353,3.779789686203003,52600
2001-04-27,3.779790832366042,3.8052723407745357,3.779790832366042,3.805272340774536,13900
2001-04-30,3.8052689291410466,3.816594123840332,3.7797874435781105,3.816594123840332,19400
2001-05-01,3.8222568561969448,3.8222568561969448,3.788281272099089,3.816594123840332,11800
2001-05-02,3.8222584074214527,3.8562340053079573,3.8222584074214527,3.8477401733398438,20800
2001-05-03,3.850574016571045,3.8562364848527158,3.842079909127204,3.850574016571045,16200
2001-05-04,3.856232732284196,3.878883123397827,3.856232732284196,3.878883123397827,11500
2001-05-07,3.8788831555465473,3.9270153045654297,3.8788831555465473,3.9270153045654297,19600
2001-05-08,3.9270148289883333,3.941171389340759,3.907195806503296,3.907195806503296,22000
2001-05-09,3.91285691678304,3.9553265831674724,3.91285691678304,3.935507297515869,33000
2001-05-10,3.9411696023331775,3.963819980621338,3.9383382375437055,3.963819980621338,23400
2001-05-11,3.971499755676486,4.028397978560536,3.9686547767042515,3.982879400253296,34200
2001-05-14,3.9771945476531982,3.9771945476531982,3.9572802119086825,3.9771945476531982,9800
2001-05-15,3.94020580091829,3.982879400253296,3.94020580091829,3.982879400253296,30900
2001-05-16,4.011334173346102,4.019868850708008,3.988574852839351,4.019868850708008,8400
2001-05-17,4.0113337965187625,4.0113337965187625,3.965814888468836,3.9771945476531982,15300
2001-05-18,3.977189442308827,3.994259044830106,3.977189442308827,3.982879400253296,13100
2001-05-21,3.98288505799684,4.017024040222168,3.98288505799684,4.017024040222168,12600
2001-05-22,4.017023159042704,4.025557834898731,3.982884184306146,4.011333465576172,29500
2001-05-23,4.017022069251312,4.017022069251312,3.9800381221587595,4.005642414093018,25300
2001-05-24,3.988575795179971,3.9914205074310303,3.988575795179971,3.9914205074310303,7700
2001-05-25,3.9828847661353537,3.9828847661353537,3.96012544631958,3.96012544631958,10900
2001-05-29,3.9828847018155185,3.988574667333821,3.91176176071167,3.91176176071167,22700
2001-05-30,3.908913783561566,3.9402080273145565,3.8889994621276855,3.8889994621276855,28100
2001-05-31,3.9174541262192206,3.937368475108629,3.886159839321401,3.9032294750213623,45000
2001-06-01,3.9259849151282515,3.965813573410151,3.9259849151282515,3.9544339179992676,19400
2001-06-04,3.960123793459839,4.005642414093018,3.951589119919213,4.005642414093018,12600
2001-06-05,3.982886010763227,4.019869984849252,3.957281700141165,3.980041027069092,26500
2001-06-06,3.960120111099676,3.9999490027745748,3.960120111099676,3.982879400253296,12400
2001-06-07,3.98288697709221,3.997111627701497,3.9572826602580227,3.9715073108673096,10100
2001-06-08,3.9800344212810614,4.002793710434681,3.960120111099676,3.982879400253296,13900
2001-06-11,3.9942657764368845,4.0397844314575195,3.982886112681726,4.0397844314575195,24800
2001-06-12,4.0397844314575195,4.0397844314575195,4.019870087714138,4.0397844314575195,12600
2001-06-13,4.053791324172294,4.093814476424209,4.053791324172294,4.059508800506592,20400
2001-06-14,4.039492906521348,4.050928119603993,3.9994695244135983,4.002328395843506,25700
2001-06-15,4.002328395843506,4.002328395843506,3.9994695244135983,4.002328395843506,16100
2001-06-18,4.002332883939067,4.016626984480593,3.9937565326690674,3.9937565326690674,16100
2001-06-19,3.996614845303907,3.996614845303907,3.973744395148252,3.9766032695770264,17100
2001-06-20,3.976603790148835,3.988039016723633,3.973744915345809,3.988039016723633,25600
2001-06-21,3.90227281109529,4.0023312001540114,3.90227281109529,3.985178232192993,48100
2001-06-22,3.979460094781384,4.016624625305753,3.9651660026355295,3.996612787246704,14400
2001-06-25,3.9908961328782655,4.025201797485352,3.982319784885791,4.025201797485352,18000
2001-06-26,4.008051431611784,4.036639365752243,3.9480164154882704,4.0109100341796875,44900
2001-06-27,4.0109052305215025,4.036634531279375,3.950870286298803,3.95658802986145,41400
2001-06-28,3.9794625820618807,3.9937566831419664,3.97088623046875,3.97088623046875,18100
2001-06-29,3.9994723267209786,3.9994723267209786,3.968025536869152,3.985178232192993,24200
2001-07-02,3.996614935702484,3.999473810195923,3.973744485029527,3.999473810195923,13900
2001-07-03,3.9851788141141227,4.016625881195068,3.9851788141141227,4.016625881195068,7100
2001-07-05,4.019483231836777,4.045212268829346,4.019483231836777,4.045212268829346,8200
2001-07-06,4.045212941988175,4.050930688473859,4.022342501319752,4.039495468139648,14300
2001-07-09,4.045213984786798,4.059508082048667,4.039496509464388,4.056649208068848,25100
2001-07-10,4.059508082048667,4.059508082048667,4.030920160162158,4.056649208068848,34500
2001-07-11,4.0563634954204835,4.079345703125,4.0563634954204835,4.079345703125,16300
2001-07-12,4.079344649285799,4.079344649285799,4.056362447518399,4.07647180557251,12000
2001-07-13,4.07647180557251,4.079344649285799,4.06498070468881,4.07647180557251,25400
2001-07-16,4.073600288183634,4.079345703125,4.073600288183634,4.079345703125,10500
2001-07-17,4.076472858669554,4.079345703125,4.05923633987593,4.079345703125,33800
2001-07-18,4.079343044414648,4.090834140777588,4.064979105468635,4.090834140777588,30200
2001-07-19,4.09083605108678,4.09083605108678,4.070726691553447,4.085090637207031,27900
2001-07-20,4.090832812494019,4.105196746776097,4.087959970843753,4.093705654144287,21500
2001-07-23,4.108071804046631,4.125308315305943,4.102326117647256,4.108071804046631,9900
2001-07-24,4.108072754880364,4.136800371618168,4.093708809526727,4.113818168640137,28600
2001-07-25,4.093708809526727,4.136800371618168,4.087963121797484,4.113818168640137,25900
2001-07-26,4.113817040532727,4.122435569763184,4.090834843856966,4.122435569763184,18800
2001-07-27,4.1224349191366,4.142544269561768,4.1224349191366,4.142544269561768,7700
2001-07-30,4.142545100534661,4.142545100534661,4.0937078620176,4.108071804046631,25800
2001-07-31,4.11094328043914,4.165525913238525,4.09370650094131,4.165525913238525,26900
2001-08-01,4.165525709008377,4.179889645557439,4.154034614562988,4.154034614562988,44900
2001-08-02,4.156909264739915,4.177018620273707,4.145418165296402,4.151163578033447,21300
2001-08-03,4.162656894931334,4.228730957406366,4.162656894931334,4.22298526763916,35400
2001-08-06,4.231602686022265,4.251712322235107,4.222984427056483,4.251712322235107,15200
2001-08-07,4.228728990073763,4.274693390949112,4.228728990073763,4.266075134277344,45900
2001-08-08,4.266074555293432,4.28331106629766,4.251710613476973,4.268947124481201,25800
2001-08-09,4.266075111557391,4.291929881434999,4.245965480804443,4.245965480804443,18900
2001-08-10,4.251710515673561,4.2919292230711985,4.251710515673561,4.254583358764648,24500
2001-08-13,4.254293148789965,4.254293148789965,4.239861976999968,4.24563455581665,32000
2001-08-14,4.245639518163158,4.257184414038606,4.23698091506958,4.23698091506958,32400
2001-08-15,4.24275105381273,4.286044597625732,4.24275105381273,4.286044597625732,24300
2001-08-16,4.286042029085672,4.303359216031515,4.254293394265421,4.294700622558594,32700
2001-08-17,4.3062448377760125,4.3062448377760125,4.254292734491985,4.300472259521484,26300
2001-08-20,4.314906676822833,4.314906676822833,4.277385715689361,4.280272006988525,18400
2001-08-21,4.28027219689965,4.286044779754103,4.271613597869873,4.271613597869873,25500
2001-08-22,4.283156752579829,4.286043042837387,4.2283183386933745,4.257180690765381,91000
2001-08-23,4.254293795700937,4.2571800855481685,4.219659143289399,4.228317737579346,44100
2001-08-24,4.228318641009669,4.2773844778891155,4.228318641009669,4.274498462677002,36600
2001-08-27,4.2773846416314045,4.2773846416314045,4.228318802873672,4.251408576965332,30500
2001-08-28,4.251408576965332,4.314905593343307,4.251408576965332,4.251408576965332,57500
2001-08-29,4.254295943779153,4.3091343775585775,4.254295943779153,4.286044597625732,25700
2001-08-30,4.300476366644783,4.329338734978752,4.286045457729742,4.314907550811768,39700
2001-08-31,4.309132279058547,4.309132279058547,4.286042510370165,4.2975873947143555,18000
2001-09-04,4.303362846374512,4.303362846374512,4.286045644819772,4.303362846374512,26300
2001-09-05,4.320678998770048,4.337996195016573,4.303361527271652,4.3293375968933105,27300
2001-09-06,4.332220889418026,4.332220889418026,4.300472259521484,4.300472259521484,15100
2001-09-07,4.29470393731828,4.29470393731828,4.208117110004021,4.231206893920898,44300
2001-09-10,4.21388790520438,4.260067453439198,4.21388790520438,4.2542948722839355,18300
2001-09-17,4.228318400946217,4.242749577194688,4.18791143775265,4.219659805297852,34500
2001-09-18,4.190797686696407,4.219659763656735,4.164821624755859,4.164821624755859,45800
2001-09-19,4.164822948563834,4.164822948563834,4.1215294064846075,4.141733169555664,31200
2001-09-20,4.14173323622707,4.144619252210641,4.078236205306523,4.098439693450928,16100
2001-09-21,4.084005965172796,4.112868309020996,4.063802489630082,4.112868309020996,13600
2001-09-24,4.104212014323798,4.144618988037109,4.055146167456035,4.144618988037109,22000
2001-09-25,4.0984403859355,4.156164844138437,4.0984403859355,4.153278827667236,29500
2001-09-26,4.153276856944864,4.190797805786133,4.153276856944864,4.190797805786133,20900
2001-09-27,4.19079761948074,4.2196596959781525,4.19079761948074,4.199456214904785,14900
2001-09-28,4.228319580689102,4.251409359028214,4.040715062870846,4.109984397888184,163900
2001-10-01,4.141732423656737,4.182139392018065,4.127301245562623,4.179253101348877,23500
2001-10-02,4.199454617332376,4.309131126903276,4.187909736075,4.300472259521484,66000
2001-10-03,4.309131126903276,4.332220889418026,4.300472259521484,4.300472259521484,34400
2001-10-04,4.3149044034568345,4.337994171181215,4.300473229816161,4.309132099151611,39700
2001-10-05,4.314903748071532,4.320676326751709,4.288927694514139,4.320676326751709,8200
2001-10-08,4.3235626925522395,4.326448982127121,4.260065973415184,4.294700622558594,22000
2001-10-09,4.300473520517647,4.343767044366204,4.268725156563447,4.317790985107422,32000
2001-10-10,4.320676499019972,4.332221381588926,4.274496968744152,4.30624532699585,40500
2001-10-11,4.321036689718911,4.326836871867943,4.263036251068115,4.263036251068115,18000
2001-10-12,4.263035908991459,4.286236082590137,4.231135739435248,4.257236003875732,36700
2001-10-15,4.242736231327979,4.292036674074312,4.239836140209275,4.268836498260498,38900
2001-10-16,4.268836433217148,4.300736605333109,4.257236345486989,4.263036251068115,23300
2001-10-17,4.292034144318409,4.292034144318409,4.257233901109202,4.274633884429932,27800
2001-10-18,4.2630338965345524,4.300734229977122,4.234033831510252,4.248533725738525,28300
2001-10-19,4.236937364163569,4.321038096734055,4.219537365186501,4.277537822723389,44800
2001-10-22,4.2775370265662955,4.350037654135216,4.2775370265662955,4.321037292480469,36100
2001-10-23,4.321037292480469,4.350037654135216,4.263036845738922,4.321037292480469,53000
2001-10-24,4.306538296098168,4.335538387298584,4.306538296098168,4.335538387298584,18300
2001-10-25,4.335537473307842,4.335537473307842,4.321037292480469,4.321037292480469,8600
2001-10-26,4.306537555921408,4.3181376457214355,4.292037374529385,4.3181376457214355,14800
2001-10-29,4.3268376439294665,4.335537642137497,4.2949374661213815,4.3181376457214355,11100
2001-10-30,4.297838019826839,4.350038571182794,4.297838019826839,4.335538387298584,26700
2001-10-31,4.335539926650941,4.335539926650941,4.312339734826077,4.326839923858643,29900
2001-11-01,4.335539926650941,4.350040115683506,4.321039737618375,4.326839923858643,54700
2001-11-02,4.3268368574850795,4.350037032868278,4.3239367664202035,4.344236850738525,41600
2001-11-05,4.3355369189575566,4.350037097930908,4.3355369189575566,4.350037097930908,17300
2001-11-06,4.350035567674488,4.3674358316350235,4.341335573978127,4.35873556137085,39400
2001-11-07,4.3500384438107105,4.396438809627146,4.3500384438107105,4.3790388107299805,21300
2001-11-08,4.350034962799443,4.390635388683303,4.341334970312821,4.381935119628906,35700
2001-11-09,4.3935370445251465,4.396437135426293,4.376137052254047,4.3935370445251465,29200
2001-11-12,4.402237317228587,4.402237317228587,4.384837048389596,4.3935370445251465,6200
2001-11-13,4.38217566261923,4.428794508306098,4.38217566261923,4.411312580108643,28500
2001-11-14,4.408397555323034,4.434620717890526,4.35595123018805,4.42587947845459,26600
2001-11-15,4.425878607948256,4.449188297322582,4.425878607948256,4.443360805511475,15300
2001-11-16,4.428792444983972,4.428792444983972,4.399655818939209,4.399655818939209,13900
2001-11-19,4.390916626717958,4.411312580108643,4.3850894099422195,4.411312580108643,27100
2001-11-20,4.411310524931136,4.411310524931136,4.382173621016263,4.399655818939209,24600
2001-11-21,4.405486246200909,4.417140960693359,4.382176817216008,4.417140960693359,35600
2001-11-23,4.42005116246531,4.42005116246531,4.408396457323724,4.414223670959473,4000
2001-11-26,4.390915786516416,4.390915786516416,4.370520114898682,4.370520114898682,16600
2001-11-27,4.3705211826794255,4.3705211826794255,4.326816082000732,4.326816082000732,28000
2001-11-28,4.3268151343940495,4.341383312849565,4.294764474903452,4.329728603363037,23100
2001-11-29,4.329729551607793,4.329729551607793,4.297679162968102,4.326816082000732,19200
2001-11-30,4.341382094720187,4.341382094720187,4.26854011140025,4.271453857421875,40000
2001-12-03,4.283112795797732,4.283112795797732,4.248148642600368,4.277285575866699,34600
2001-12-04,4.283107581286161,4.318071691916123,4.283107581286161,4.306416988372803,22900
2001-12-05,4.297681746203147,4.297681746203147,4.251062870025635,4.251062870025635,7000
2001-12-06,4.251059804256276,4.28311018904669,4.221922888723014,4.248146057128906,23000
2001-12-07,4.248147135797716,4.248147135797716,4.198614533536223,4.207355499267578,20800
2001-12-10,4.207355211992941,4.22483742013227,4.1811323165893555,4.1811323165893555,14200
2001-12-11,4.175302150952443,4.2190072265439245,4.160733699798584,4.160733699798584,25400
2001-12-12,4.158099635080218,4.175669193267822,4.149314995615742,4.175669193267822,22100
2001-12-13,4.175669176328387,4.175669176328387,4.105391502380371,4.105391502380371,45600
2001-12-14,4.105391502380371,4.122960781238048,4.099534889922044,4.105391502380371,20200
2001-12-17,4.09953492252528,4.1171044807813395,4.070252418518066,4.070252418518066,23400
2001-12-18,4.084892905544573,4.125888347625732,4.064395324133294,4.125888347625732,48900
2001-12-19,4.125888347625732,4.128816653329801,4.07025165628283,4.125888347625732,24300
2001-12-20,4.081963922592576,4.143456935882568,4.076107591414677,4.143456935882568,40200
2001-12-21,4.134674338300978,4.134674338300978,4.1141767501831055,4.1141767501831055,12200
2001-12-24,4.1141767501831055,4.117105056845285,4.087822548740873,4.1141767501831055,12300
2001-12-26,4.120031052653862,4.161026487933376,4.120031052653862,4.143456935882568,20700
2001-12-27,4.161027194599024,4.2195919126168135,4.161027194599024,4.213735580444336,33000
2001-12-28,4.225449232890359,4.248875124027298,4.1932384231330815,4.2166643142700195,29000
2001-12-31,4.219592620476799,4.237162178458829,4.2166643142700195,4.2166643142700195,11700
2002-01-02,4.2283772598384886,4.237162178458829,4.2166643142700195,4.2166643142700195,10800
2002-01-03,4.231306211762161,4.231306211762161,4.19323906304075,4.202023983001709,21000
2002-01-04,4.193238901279585,4.202023820901651,4.178597927093506,4.178597927093506,17500
2002-01-07,4.1903091443859,4.199093781123295,4.175667896984528,4.184452533721924,13500
2002-01-08,4.184454422338484,4.213736930357628,4.172741474982565,4.202023983001709,20400
2002-01-09,4.187382728992137,4.216664957752588,4.181526115684831,4.202023983001709,12400
2002-01-10,4.18738138752168,4.216663606901273,4.166883526771501,4.213735580444336,24500
2002-01-11,4.231686462225411,4.231686462225411,4.208144418314993,4.214029788970947,11500
2002-01-14,4.222860813140869,4.237574388977603,4.222860813140869,4.222860813140869,7900
2002-01-15,4.222858692798917,4.222858692798917,4.199316646508689,4.219915866851807,15500
2002-01-16,4.22286056348935,4.23168876459817,4.208146707879015,4.228745937347412,5300
2002-01-17,4.216974908987835,4.243459792957747,4.216974908987835,4.228745937347412,9200
2002-01-18,4.237572261247814,4.25522893628715,4.219915866851807,4.219915866851807,7200
2002-01-22,4.208146956660665,4.243460043827073,4.208146956660665,4.222860813140869,17100
2002-01-23,4.208146956660665,4.234631842196339,4.208146956660665,4.222860813140869,31400
2002-01-24,4.222858513230955,4.234629535875532,4.208144664764404,4.208144664764404,9800
2002-01-25,4.199318939868055,4.222860999015227,4.1934332847595215,4.1934332847595215,20600
2002-01-28,4.193430438340914,4.252285546259146,4.193430438340914,4.234629154205322,13400
2002-01-29,4.234629468383561,4.255228687522429,4.216972794376451,4.22580099105835,19500
2002-01-30,4.24345766506546,4.24345766506546,4.2199156201515216,4.22580099105835,14500
2002-01-31,4.252286042001511,4.26699989085727,4.237572193145752,4.237572193145752,12300
2002-02-01,4.252284551071276,4.293483257293701,4.225799688545661,4.293483257293701,20800
2002-02-04,4.296427087680288,4.296427087680288,4.234629154205322,4.234629154205322,22400
2002-02-05,4.246402236846031,4.302314546345433,4.246402236846031,4.299371719360352,27200
2002-02-06,4.299367751638161,4.328795433044434,4.299367751638161,4.328795433044434,13900
2002-02-07,4.325852744244473,4.325852744244473,4.2964253425598145,4.2964253425598145,20600
2002-02-08,4.296428747504698,4.334684371948242,4.296428747504698,4.334684371948242,11600
2002-02-11,4.3376271825670125,4.343512835932454,4.322913329796808,4.331741809844971,12300
2002-02-12,4.325856156479529,4.340570009249734,4.325856156479529,4.331741809844971,6200
2002-02-13,4.317251682281494,4.332036564793306,4.317251682281494,4.317251682281494,10200
2002-02-14,4.311336422526008,4.329078671895963,4.296551261718293,4.302465438842773,10400
2002-02-15,4.308383262619753,4.323168436909523,4.284727096557617,4.284727096557617,10600
2002-02-19,4.3024652749488705,4.3024652749488705,4.2699378660102685,4.281765937805176,10800
2002-02-20,4.2876827693696224,4.2876827693696224,4.231499464059489,4.25811243057251,27500
2002-02-21,4.284723794688176,4.284723794688176,4.2374114990234375,4.2374114990234375,61400
2002-02-22,4.237413050988094,4.258112117421628,4.237413050988094,4.252198219299316,22300
2002-02-25,4.249240875244141,4.264026042671602,4.243326977475324,4.249240875244141,17800
2002-02-26,4.249239445271739,4.2876807548452565,4.222626209259033,4.222626209259033,53800
2002-02-27,4.225583425107253,4.255153750899478,4.225583425107253,4.2374114990234375,17200
2002-02-28,4.252198219299316,4.275854375795821,4.252198219299316,4.252198219299316,18900
2002-03-01,4.234453838853666,4.258109983495034,4.228539943695068,4.228539943695068,29200
2002-03-04,4.2433289469507525,4.284727096557617,4.2433289469507525,4.284727096557617,20700
2002-03-05,4.266981824815662,4.266981824815662,4.228540514087181,4.2374114990234375,16600
2002-03-06,4.237412224534279,4.28472452829962,4.237412224534279,4.266982555389404,11100
2002-03-07,4.266979180550921,4.284721139428669,4.243323047378356,4.2610650062561035,32300
2002-03-08,4.269939374819794,4.269939374819794,4.190099932493276,4.213756084442139,47900
2002-03-11,4.193056293671651,4.225583426450618,4.193056293671651,4.210798263549805,17800
2002-03-12,4.1989699350933005,4.21966927470108,4.193056039493585,4.207840919494629,29500
2002-03-13,4.205759315128975,4.208731651306152,4.181981192626715,4.208731651306152,22000
2002-03-14,4.196846454899053,4.199818793813435,4.1760406494140625,4.1760406494140625,8000
2002-03-15,4.19090040724896,4.19090040724896,4.125510394217641,4.140371799468994,33900
2002-03-18,4.125510076205752,4.149288209391907,4.122537738693056,4.1314544677734375,18500
2002-03-19,4.119564588232681,4.146315053652641,4.116592534764191,4.125509262084961,13500
2002-03-20,4.131453524481545,4.131453524481545,4.07200820508869,4.1165924072265625,41500
2002-03-21,4.101731414150879,4.101731414150879,4.063091881841052,4.0720086097717285,29500
2002-03-22,4.072008864587633,4.072008864587633,4.021480264055729,4.036341667175293,24000
2002-03-25,4.07200856681919,4.07200856681919,4.048230436949756,4.051202774047852,44200
2002-03-26,4.080926418304443,4.080926418304443,4.05417622742914,4.080926418304443,12800
2002-03-27,4.08092748208906,4.086872159471681,4.0422882129332995,4.054177284240723,14100
2002-03-28,4.0720067597163885,4.089840490932924,4.066062371615905,4.077951431274414,21900
2002-04-01,4.089843100405442,4.113621234893799,4.066064965917086,4.113621234893799,15100
2002-04-02,4.054174904616225,4.122536953643901,4.054174904616225,4.107675552368164,16800
2002-04-03,4.101733535821991,4.146317481994629,4.101733535821991,4.146317481994629,17800
2002-04-04,4.131455350130406,4.149289095557638,4.101732819028711,4.128483295440674,35200
2002-04-05,4.137398198149651,4.1492872620282215,4.101731006513939,4.1165924072265625,46300
2002-04-08,4.14631592582114,4.167122005222985,4.122537792325641,4.137399196624756,15700
2002-04-09,4.116592842395215,4.1849548960592,4.116592842395215,4.149287700653076,10400
2002-04-10,4.161176874434051,4.214677810668945,4.161176874434051,4.214677810668945,9100
2002-04-11,4.227525381261062,4.23051310016962,4.212587356567383,4.212587356567383,13700
2002-04-12,4.197649046949146,4.212587356567383,4.167772427712674,4.212587356567383,16500
2002-04-15,4.212586593197922,4.212586593197922,4.182709979375438,4.206611156463623,6200
2002-04-16,4.212586830915142,4.224537420133609,4.212586830915142,4.215574264526367,5600
2002-04-17,4.197649002075195,4.218562464362422,4.15283407369957,4.197649002075195,37100
2002-04-18,4.200639175283189,4.209602052225283,4.155824220723274,4.170762538909912,14700
2002-04-19,4.182711416569674,4.188686855357155,4.137896765361983,4.164785385131836,20300
2002-04-22,4.1617972303294275,4.2036241549038795,4.137896049165583,4.197649002075195,20900
2002-04-23,4.197647716602588,4.218561172485352,4.197647716602588,4.218561172485352,23400
2002-04-24,4.212586830915142,4.215574264526367,4.182710215406714,4.215574264526367,18800
2002-04-25,4.212587356567383,4.227525381261062,4.212587356567383,4.212587356567383,13200
2002-04-26,4.227521855175344,4.239472435917297,4.200633262199189,4.236485004425049,9400
2002-04-29,4.236488338814003,4.272340109257514,4.227525182509718,4.254414081573486,15200
2002-04-30,4.27233929742143,4.299228191375732,4.254413273143732,4.299228191375732,9500
2002-05-01,4.299230048953845,4.308192922503059,4.275328862872868,4.302217483520508,20900
2002-05-02,4.287274374094475,4.338064405544947,4.287274374094475,4.305200099945068,13700
2002-05-03,4.3022135042240075,4.358978982355033,4.3022135042240075,4.350016117095947,13700
2002-05-06,4.302216897565444,4.382883603295525,4.302216897565444,4.355994701385498,22700
2002-05-07,4.347031633428089,4.3798956871032715,4.347031633428089,4.3798956871032715,3700
2002-05-08,4.379893872820489,4.382881590532784,4.361968136395605,4.367943286895752,7500
2002-05-09,4.361966699082845,4.361966699082845,4.314164086210905,4.350016117095947,17000
2002-05-10,4.350018835080197,4.358981705939476,4.332092808437114,4.347031116485596,8600
2002-05-13,4.371951719195388,4.392970625604043,4.3239080545509845,4.368948936462402,16400
2002-05-14,4.368951325430032,4.3749566078186035,4.335921270028411,4.3749566078186035,4000
2002-05-15,4.371951719195388,4.371951719195388,4.3239080545509845,4.368948936462402,11000
2002-05-16,4.335918899121805,4.368948936462402,4.3239080545509845,4.368948936462402,12900
2002-05-17,4.353937549899472,4.380962035682169,4.353937549899472,4.377959251403809,23400
2002-05-20,4.377957608731656,4.377957608731656,4.359941482543945,4.359941482543945,1900
2002-05-21,4.368951140997311,4.368951140997311,4.311899385727251,4.323910236358643,39300
2002-05-22,4.323910090559092,4.338923724932398,4.248842205053822,4.3209075927734375,46200
2002-05-23,4.317902088165283,4.335918208973324,4.284872342443156,4.317902088165283,16000
2002-05-24,4.2908806800842285,4.323910449357306,4.25785091081115,4.2908806800842285,16300
2002-05-28,4.290879524129169,4.3149012201038754,4.203800804630555,4.233828067779541,45100
2002-05-29,4.233828871422695,4.281872272491455,4.233828871422695,4.281872272491455,23300
2002-05-30,4.299888888116505,4.31490252422868,4.287878036499023,4.287878036499023,31100
2002-05-31,4.296885222577871,4.314901351928711,4.296885222577871,4.314901351928711,12700
2002-06-03,4.3239073663142715,4.3239073663142715,4.299885680996164,4.317902088165283,21700
2002-06-04,4.326911236421558,4.338922082100323,4.257848945358945,4.308895111083984,49700
2002-06-05,4.314902024479612,4.323910090559092,4.314902024479612,4.3209075927734375,14500
2002-06-06,4.32391076693868,4.341927188277166,4.32391076693868,4.332919120788574,16500
2002-06-07,4.33291803843005,4.350934168906822,4.326912470696971,4.347931385040283,12300
2002-06-10,4.3479298073594315,4.353935372913343,4.308894776703518,4.3449273109436035,16200
2002-06-11,4.314901009584261,4.353936335228967,4.314901009584261,4.35093355178833,17000
2002-06-12,4.333733054186632,4.360894380473336,4.324679374694824,4.324679374694824,10100
2002-06-13,4.345805655298581,4.345805655298581,4.315626621246338,4.315626621246338,10000
2002-06-14,4.315622549060516,4.330712195753843,4.297514915466309,4.297514915466309,21200
2002-06-17,4.306571525472506,4.306571525472506,4.2522488790829165,4.258284568786621,23300
2002-06-18,4.261299644987656,4.270353317260742,4.240174313746771,4.270353317260742,25100
2002-06-19,4.27035623600528,4.279410202277711,4.2522488790829165,4.258284568786621,19200
2002-06-20,4.255264810950165,4.270354171821227,4.24319314956665,4.24319314956665,45100
2002-06-21,4.255266867840393,4.273374224762757,4.2522488790829165,4.258284568786621,29600
2002-06-24,4.27639014641854,4.27639014641854,4.24319314956665,4.24319314956665,10300
2002-06-25,4.255263353081126,4.285442352294922,4.243191695833406,4.285442352294922,20100
2002-06-26,4.306568204271244,4.345800876617432,4.294496258551153,4.345800876617432,18700
2002-06-27,4.345800876617432,4.360890520956518,4.324675547229326,4.345800876617432,31000
2002-06-28,4.360891426845768,4.363909413902718,4.327694432652578,4.357873439788818,17800
2002-07-01,4.330712419709528,4.363909413902718,4.312604785178914,4.357873439788818,16600
2002-07-02,4.3337336786628935,4.388056339064014,4.327697987402393,4.3759846687316895,29200
2002-07-03,4.345798761558104,4.363906383514404,4.336745094485397,4.363906383514404,4100
2002-07-05,4.363912404817684,4.400127410888672,4.363912404817684,4.400127410888672,4000
2002-07-08,4.400124057493091,4.4212493896484375,4.3850344111773865,4.4212493896484375,19200
2002-07-09,4.4272892173473215,4.466522216796875,4.412199557895752,4.466522216796875,22000
2002-07-10,4.454450546797883,4.466522216796875,4.448414567892729,4.466522216796875,12600
2002-07-11,4.485628128051758,4.50079258123274,4.476529571838323,4.485628128051758,22300
2002-07-12,4.485629687042431,4.503827095031738,4.479564077204654,4.503827095031738,12700
2002-07-15,4.503822401321519,4.503822401321519,4.431033134460449,4.431033134460449,24800
2002-07-16,4.4522672223294855,4.4522672223294855,4.431036869034333,4.446201324462891,12000
2002-07-17,4.458329046005634,4.458329046005634,4.421934557417396,4.428000450134277,14200
2002-07-18,4.428004209338965,4.449234273396188,4.42193831147237,4.446201324462891,10600
2002-07-19,4.458333337955862,4.470464845830707,4.434070322206173,4.437103271484375,8500
2002-07-22,4.434068491697183,4.449232942589915,4.421936988830566,4.421936988830566,18600
2002-07-23,4.434067846921225,4.440133742091389,4.4007062911987305,4.4007062911987305,14000
2002-07-24,4.403738952414798,4.4189031108785,4.397673057639092,4.412837505340576,11700
2002-07-25,4.41284004486405,4.434070110321045,4.3916096901691075,4.434070110321045,12500
2002-07-26,4.412838706049793,4.470463275909424,4.397674254222144,4.470463275909424,8400
2002-07-29,4.4734925582796485,4.488656997680664,4.458328118878634,4.488656997680664,9000
2002-07-30,4.488664059974615,4.488664059974615,4.461368083953857,4.461368083953857,5400
2002-07-31,4.4856260287436935,4.4856260287436935,4.4583300836402175,4.473494529724121,16600
2002-08-01,4.485625052269568,4.488657998673658,4.473493555890897,4.4825921058654785,12800
2002-08-02,4.488657971458723,4.488657971458723,4.440131986238254,4.479559421539307,22800
2002-08-05,4.488658975808025,4.512921973847169,4.473494529724121,4.473494529724121,16200
2002-08-06,4.503823328848318,4.515954827617269,4.47349443730707,4.497757434844971,14900
2002-08-07,4.4674308575033885,4.506858321235962,4.452266693115234,4.452266693115234,15400
2002-08-08,4.476528896349264,4.491693347241996,4.421936988830566,4.421936988830566,26200
2002-08-09,4.4158680356409405,4.494722599898496,4.4158680356409405,4.488656997680664,15800
2002-08-12,4.488658975808025,4.494724580698935,4.473494529724121,4.473494529724121,7600
2002-08-13,4.462216441084083,4.495743918203487,4.4347847367698865,4.450024604797363,49100
2002-08-14,4.450026033164024,4.489649295806885,4.437834192963974,4.489649295806885,19200
2002-08-15,4.489649432024921,4.492697464836512,4.459169975938236,4.46526575088501,6900
2002-08-16,4.471361816508192,4.483553657078147,4.450026168179871,4.46526575088501,19100
2002-08-19,4.477456018435253,4.489647854721974,4.437832768510643,4.450024604797363,17300
2002-08-20,4.45002630467839,4.4652658878509826,4.434786430829381,4.440882205963135,28400
2002-08-21,4.443930196048912,4.443930196048912,4.4225945472717285,4.4225945472717285,14300
2002-08-22,4.428688914199395,4.437833009919083,4.4104013041126615,4.431736946105957,41600
2002-08-23,4.437832242331069,4.437832242331069,4.370777005366482,4.395160675048828,34900
2002-08-26,4.3982110013011,4.407354809533915,4.346395603521111,4.35249137878418,53200
2002-08-27,4.379924278692784,4.389068089398508,4.364684400398911,4.3707804679870605,19100
2002-08-28,4.392114259910676,4.434785842895508,4.376874388082066,4.434785842895508,28600
2002-08-29,4.440881050609343,4.440881050609343,4.3982097637453155,4.437833309173584,19200
2002-08-30,4.434785842895508,4.437833875396505,4.434785842895508,4.434785842895508,21800
2002-09-03,4.465264182148534,4.495743918203487,4.450024604797363,4.450024604797363,22700
2002-09-04,4.456124449805893,4.532323568901089,4.456124449805893,4.4866042137146,34400
2002-09-05,4.47746210069818,4.562805361313305,4.47746210069818,4.556709289550781,24500
2002-09-06,4.556705046156498,4.556705046156498,4.510985713220129,4.535369396209717,16600
2002-09-09,4.5353722420765346,4.5414680213107115,4.526228427886963,4.526228427886963,32000
2002-09-10,4.541463375091553,4.5627993072746245,4.5231757654218505,4.541463375091553,32300
2002-09-11,4.549124494269916,4.579758153173031,4.549124494269916,4.570568084716797,23300
2002-09-12,4.555252991552278,4.592013572714743,4.5491263740987655,4.5858869552612305,37900
2002-09-13,4.588950128196909,4.595077037811279,4.549126384292019,4.595077037811279,47400
2002-09-16,4.60120394742565,4.616520637167317,4.558316456566445,4.595077037811279,28600
2002-09-17,4.595074657900957,4.619581699371338,4.595074657900957,4.619581699371338,15300
2002-09-18,4.619583105406265,4.619583105406265,4.57975907785915,4.601202964782715,22800
2002-09-19,4.616516097600081,4.6226430011896715,4.558311974233176,4.5920090675354,21500
2002-09-20,4.573629869591544,4.595073452214871,4.50929882957466,4.542995929718018,24700
2002-09-23,4.558311731931013,4.579755309061041,4.539931314286114,4.564438343048096,14400
2002-09-24,4.564438570005272,4.588945599985815,4.546058443593286,4.567502021789551,32900
2002-09-25,4.567503680420776,4.570567133317509,4.53074312210083,4.53074312210083,28800
2002-09-26,4.549124494269916,4.570568084716797,4.530744065210439,4.570568084716797,22500
2002-09-27,4.5644445183913,4.579761505126953,4.555254443208797,4.579761505126953,11600
2002-09-30,4.5858869655368535,4.595077037811279,4.579760055922482,4.595077037811279,33100
2002-10-01,4.579755784302073,4.650213718414307,4.5766923323522235,4.650213718414307,42300
2002-10-02,4.625709309185308,4.653279515921503,4.625709309185308,4.647152900695801,35200
2002-10-03,4.644086591541269,4.647150043344034,4.6226430132155985,4.631833076477051,11300
2002-10-04,4.634896516222012,4.634896516222012,4.56750203747072,4.5920090675354,28100
2002-10-07,4.610389991002395,4.641023635864258,4.610389991002395,4.641023635864258,25500
2002-10-08,4.641025522573137,4.641025522573137,4.555250873084463,4.582821369171143,43000
2002-10-09,4.60120394742565,4.6349010738633,4.595077037811279,4.595077037811279,40400
2002-10-10,4.593534289846716,4.615085630115457,4.58121919631958,4.58121919631958,23900
2002-10-11,4.581219763520532,4.599692259290822,4.562746974135216,4.584298610687256,27200
2002-10-14,4.5904596625625524,4.5904596625625524,4.571987152099609,4.571987152099609,13100
2002-10-15,4.547356942405512,4.571987152099609,4.525805288711731,4.571987152099609,29900
2002-10-16,4.507329165430524,4.522722813939218,4.504250318282775,4.519644260406494,20700
2002-10-17,4.488857564016072,4.556590751115212,4.341076385198061,4.405730724334717,49200
2002-10-18,4.42728375745657,4.467307915353049,4.371865647505259,4.433441162109375,30300
2002-10-21,4.414967667528941,4.4303616161423145,4.3903374671936035,4.3903374671936035,14700
2002-10-22,4.387256409440721,4.387256409440721,4.310286998748779,4.310286998748779,36400
2002-10-23,4.341076981008598,4.341076981008598,4.248713584762962,4.316446781158447,56600
2002-10-24,4.322604098537969,4.402652393270094,4.297973899176567,4.378022193908691,32700
2002-10-25,4.38109975668287,4.4118876457214355,4.371863507417328,4.4118876457214355,8900
2002-10-28,4.381100748617514,4.414967492950795,4.374943345584732,4.378022193908691,22300
2002-10-29,4.402651306677807,4.433438901473488,4.402651306677807,4.408808708190918,3600
2002-10-30,4.4026511004609805,4.439596388654347,4.4026511004609805,4.4180450439453125,5500
2002-10-31,4.448830365489495,4.448830365489495,4.368782135139895,4.371860980987549,31400
2002-11-01,4.4334389047857234,4.4334389047857234,4.396493614834267,4.402651309967041,17400
2002-11-04,4.424201691339054,4.427280538234331,4.310286998748779,4.310286998748779,37600
2002-11-05,4.390333762458572,4.390333762458572,4.350309647283773,4.371860980987549,24600
2002-11-06,4.37186202428407,4.39033481016342,4.37186202428407,4.38109827041626,13500
2002-11-07,4.390332224285605,4.414962395207742,4.387253379516638,4.39648962020874,22600
2002-11-08,4.41188734910556,4.4180450439453125,4.408808501685683,4.4180450439453125,12700
2002-11-11,4.427284541857784,4.44267849664003,4.4180482864345425,4.421126842498779,8200
2002-11-12,4.436516734532579,4.4734620160081,4.418044240602316,4.464225769042969,11400
2002-11-13,4.4595794677734375,4.4595794677734375,4.4595794677734375,4.4595794677734375,800
2002-11-14,4.484344589987058,4.484344589987058,4.397690669519101,4.456491470336914,32700
2002-11-15,4.431730519844553,4.431730519844553,4.363645485478921,4.369834899902344,16300
2002-11-18,4.394588470458984,4.394588470458984,4.363640840998069,4.394588470458984,15300
2002-11-19,4.3945953353116405,4.468870116212946,4.379121348838433,4.425543308258057,28300
2002-11-20,4.425544115258325,4.4533972369607815,4.4193544014836466,4.441018104553223,9800
2002-11-21,4.403876753962222,4.413161316911709,4.372929096221924,4.372929096221924,12400
2002-11-22,4.3667421991386925,4.3667421991386925,4.320320535068638,4.326509952545166,27600
2002-11-25,4.323410088731938,4.354357728440899,4.317220383705318,4.335789203643799,10600
2002-11-26,4.3357937893855425,4.351267773176734,4.332698933598966,4.338888645172119,5600
2002-11-27,4.357454366034084,4.369833486017189,4.332696126067873,4.351264953613281,14400
2002-11-29,4.379120167552632,4.3822150230407715,4.379120167552632,4.3822150230407715,3200
2002-12-02,4.391498610255464,4.4038777351379395,4.363645800626108,4.4038777351379395,17400
2002-12-03,4.38221449666441,4.42863643798548,4.360551101132889,4.4224467277526855,17200
2002-12-04,4.434827582085284,4.444111855912511,4.416259034430829,4.425543308258057,14200
2002-12-05,4.425541356135051,4.4410153357826285,4.406972521529637,4.4131622314453125,16400
2002-12-06,4.4224453929939145,4.450298490351758,4.410066271406156,4.447203636169434,30600
2002-12-09,4.431728581112745,4.462676525115967,4.416254904252602,4.462676525115967,4000
2002-12-10,4.3791162119200715,4.468864874014997,4.3791162119200715,4.437917232513428,48700
2002-12-11,4.433878659416696,4.471216549361459,4.402763602761809,4.449436187744141,20000
2002-12-12,4.452545149393601,4.474325498276146,4.402761028507074,4.4214301109313965,25700
2002-12-13,4.421428705836319,4.4494321722060235,4.408982753753662,4.408982753753662,8700
2002-12-16,4.402758390887373,4.46187686920166,4.3996471262930585,4.46187686920166,21000
2002-12-17,4.461876548968635,4.505437217510857,4.461876548968635,4.483656883239746,18900
2002-12-18,4.480548323089056,4.5054402351379395,4.480548323089056,4.5054402351379395,18800
2002-12-19,4.486774373263376,4.505443171098012,4.45877087977623,4.480551242828369,23200
2002-12-20,4.468099374445467,4.486768444345562,4.4432074790685405,4.483656883239746,29500
2002-12-23,4.48365712544543,4.48365712544543,4.455653667449951,4.455653667449951,18400
2002-12-24,4.455653667449951,4.471211177084641,4.455653667449951,4.455653667449951,14400
2002-12-26,4.474326713887457,4.511664592145278,4.474326713887457,4.5085530281066895,19100
2002-12-27,4.5116646329261725,4.555225639654917,4.496107109327686,4.527222156524658,32300
2002-12-30,4.558337050068543,4.580117702484131,4.536556694388047,4.580117702484131,24900
2002-12-31,4.564561222827947,4.58945314836842,4.555226824934059,4.583230018615723,14800
2003-01-02,4.558337250952911,4.5770063400268555,4.552114419084998,4.5770063400268555,5500
2003-01-03,4.545888474827048,4.573891942725487,4.545888474827048,4.5645575523376465,6300
2003-01-06,4.580114535756007,4.586337363047169,4.530330730487173,4.5458879470825195,25900
2003-01-07,4.536554084439207,4.5645575523376465,4.533442522064954,4.5645575523376465,13100
2003-01-08,4.561446016112737,4.564557578504828,4.527219720004503,4.552111625671387,11000
2003-01-09,4.5427798135036825,4.5427798135036825,4.477438449859619,4.477438449859619,29300
2003-01-10,4.43699022442922,4.471216549361459,4.43699022442922,4.449436187744141,18500
2003-01-13,4.4547502319452255,4.473520378539358,4.426595161224706,4.44223690032959,17000
2003-01-14,4.445367143166875,4.445367143166875,4.376543641695207,4.379672050476074,45800
2003-01-15,4.364029790405904,4.44223821065813,4.364029790405904,4.439109802246094,50400
2003-01-16,4.410953400395792,4.42659484002435,4.395311662425896,4.407824993133545,30000
2003-01-17,4.414080676384838,4.426594004731237,4.410952568054199,4.410952568054199,30500
2003-01-21,4.414084433515959,4.414084433515959,4.373416007189145,4.392186164855957,44400
2003-01-22,4.407826718653719,4.407826718653719,4.364029894861251,4.398441791534424,31100
2003-01-23,4.379673242076272,4.410956741713442,4.360903082625658,4.385930061340332,16100
2003-01-24,4.410956322522769,4.414084433515959,4.392186164855957,4.392186164855957,5000
2003-01-27,4.4078279131880445,4.4078279131880445,4.3890577555212325,4.392186164855957,12900
2003-01-28,4.404697895050049,4.417211229476952,4.3921845606231456,4.404697895050049,17300
2003-01-29,4.3953110838740646,4.435979477906106,4.3953110838740646,4.426594257354736,33800
2003-01-30,4.451624091146545,4.451624091146545,4.407827557362058,4.41721248626709,20800
2003-01-31,4.4359839599213,4.448497301625019,4.414085388183594,4.414085388183594,23600
2003-02-03,4.429722411403157,4.451620661424035,4.410952568054199,4.410952568054199,18000
2003-02-04,4.410953720461181,4.44223690032959,4.395311981356297,4.44223690032959,23700
2003-02-05,4.420337362701214,4.467262268066406,4.4109524412964305,4.467262268066406,20100
2003-02-06,4.43910975965468,4.489163398742676,4.426596424468042,4.489163398742676,23300
2003-02-07,4.5079332523519104,4.5079332523519104,4.4641367283694,4.489163398742676,19600
2003-02-10,4.48603617941767,4.495421108709833,4.45788109319966,4.461009502410889,7300
2003-02-11,4.492291147137031,4.492291147137031,4.448494626680304,4.479777812957764,20800
2003-02-12,4.45052712543912,4.497706039462106,4.447382104467704,4.494560718536377,17900
2003-02-13,4.463108042820977,4.481979668140411,4.403348445892334,4.403348445892334,40600
2003-02-14,4.41278541438793,4.444238032576212,4.40964039253262,4.425366401672363,21700
2003-02-18,4.422220583414097,4.444237232208252,4.419075262170834,4.444237232208252,6100
2003-02-19,4.453672400019458,4.475689046361822,4.444236737294774,4.463108062744141,31400
2003-02-20,4.478835606028982,4.478835606028982,4.44109264473684,4.459964275360107,15100
2003-02-21,4.45996269286555,4.45996269286555,4.419074424318538,4.431655406951904,17600
2003-02-24,4.437945373408641,4.444236014171083,4.425364391838017,4.428509712219238,20900
2003-02-25,4.45052969477761,4.45052969477761,4.4190773672255,4.437948703765869,83300
2003-02-26,4.441091068938357,4.441091068938357,4.428510086304991,4.431655406951904,17900
2003-02-27,4.441090693789862,4.447381334552305,4.425364391838017,4.428509712219238,24500
2003-02-28,4.441094026507426,4.444239349248983,4.4190773672255,4.437948703765869,51100
2003-03-03,4.441090693789862,4.447381334552305,4.428509712219238,4.428509712219238,32900
2003-03-04,4.441090897884515,4.488269805908203,4.4348005567872555,4.488269805908203,74500
2003-03-05,4.488269687983401,4.510286331176758,4.469398065278903,4.510286331176758,22200
2003-03-06,4.510287991422827,4.510287991422827,4.472545032074841,4.48512601852417,11500
2003-03-07,4.485125521454692,4.526013797872111,4.485125521454692,4.503996849060059,32700
2003-03-10,4.50714111328125,4.535448398004917,4.500850772206143,4.50714111328125,34600
2003-03-11,4.526016103235788,4.541742117598988,4.497708797454834,4.497708797454834,41500
2003-03-12,4.50086864484172,4.532498201827536,4.50086864484172,4.519846439361572,36700
2003-03-13,4.507193249354107,4.519845007812941,4.485052747461576,4.49770450592041,36800
2003-03-14,4.504031660868664,4.519846439361572,4.497705930456587,4.519846439361572,19200
2003-03-17,4.510358812886606,4.510358812886606,4.47240351606406,4.478729248046875,36900
2003-03-18,4.459749697358563,4.488215930639295,4.453423666646125,4.4818902015686035,35200
2003-03-19,4.4724057486967315,4.4724057486967315,4.456590958382095,4.4660797119140625,11900
2003-03-20,4.459749698638916,4.4724014584256775,4.453423667924661,4.459749698638916,14800
2003-03-21,4.466076215754528,4.472402247585016,4.4502614378201075,4.453424453735352,25700
2003-03-24,4.440774128628685,4.456588911680335,4.396492796412444,4.4471001625061035,64000
2003-03-25,4.450262865497905,4.4787294145837855,4.447100150209838,4.469240665435791,31900
2003-03-26,4.453425716831844,4.481892264859225,4.453425716831844,4.478729248046875,29400
2003-03-27,4.485055434397828,4.507195949554443,4.45026285156098,4.507195949554443,13000
2003-03-28,4.510361342226767,4.535664887631631,4.504035305054524,4.523013114929199,10600
2003-03-31,4.545149964293501,4.5546387107325215,4.519846439361572,4.519846439361572,21800
2003-04-01,4.535661220550537,4.554638713439859,4.523009458077053,4.535661220550537,26900
2003-04-02,4.54199062316182,4.54199062316182,4.513524360812889,4.523013114929199,21200
2003-04-03,4.475566383637654,4.507195949554443,4.475566383637654,4.507195949554443,58100
2003-04-04,4.491379901072436,4.535661220550537,4.491379901072436,4.535661220550537,16600
2003-04-07,4.519847712068716,4.545151244125661,4.488218146176588,4.538825511932373,21200
2003-04-08,4.510358324511994,4.535661852987198,4.510358324511994,4.532498836517334,20600
2003-04-09,4.545152321183205,4.579944610595703,4.545152321183205,4.579944610595703,38000
2003-04-10,4.5767792030112995,4.5767792030112995,4.538823918252807,4.548312664031982,27200
2003-04-11,4.564216613769531,4.567397021909921,4.5610359022998015,4.564216613769531,8100
2003-04-14,4.567393058760722,4.602380247910518,4.554670527250545,4.583296298980713,16100
2003-04-15,4.596018664112469,4.599199372707139,4.548309248508681,4.57375431060791,18000
2003-04-16,4.586481458624265,4.5928425788879395,4.564217082707343,4.5928425788879395,18500
2003-04-17,4.5960242994881675,4.60556613364275,4.554675947045727,4.580121040344238,26500
2003-04-21,4.5928425788879395,4.5928425788879395,4.573758914767542,4.5928425788879395,12000
2003-04-22,4.596023290684463,4.618287969930756,4.5833007468277405,4.5928425788879395,33500
2003-04-23,4.611924619232475,4.65963406292732,4.586479542151325,4.643731117248535,120900
2003-04-24,4.643730846848407,4.653272674365915,4.631008309048654,4.640550136566162,21600
2003-04-25,4.656455933170914,4.6596363418646,4.637371964361832,4.650094509124756,13300
2003-04-28,4.659635761916981,4.675539016723633,4.631010267260235,4.675539016723633,57400
2003-04-29,4.678720310673682,4.685081431390447,4.634191252338753,4.650094509124756,32000
2003-04-30,4.681899451028758,4.7073445320129395,4.665996199581322,4.7073445320129395,50400
2003-05-01,4.729607105255127,4.729607105255127,4.710523453431552,4.729607105255127,34400
2003-05-02,4.73278835650896,4.742330183512486,4.726426936287136,4.735969066619873,33800
2003-05-05,4.74233645251913,4.745517166834704,4.723252773284912,4.723252773284912,36600
2003-05-06,4.739146709442139,4.739146709442139,4.716882358309164,4.739146709442139,28500
2003-05-07,4.761412513516321,4.767773628234863,4.716883497170095,4.767773628234863,35700
2003-05-08,4.767779141424156,4.793224236379804,4.764598428722335,4.770959854125977,27100
2003-05-09,4.796402025042806,4.799582735805564,4.770956945599284,4.783679485321045,26300
2003-05-12,4.799582735805564,4.802763446568322,4.758234405877523,4.783679485321045,30000
2003-05-13,4.7900713256137175,4.802862196396162,4.761292781206649,4.780478477478027,51100
2003-05-14,4.780482342473334,4.780482342473334,4.74850605451799,4.777284622192383,29700
2003-05-15,4.770889122811827,4.770889122811827,4.735715117257474,4.742110252380371,40300
2003-05-16,4.738913264749969,4.774087580691936,4.738913264749969,4.7644944190979,23700
2003-05-19,4.7740849340477105,4.8220494956217665,4.7708872152891075,4.790072917938232,21400
2003-05-20,4.812460371263731,4.818855508782347,4.780483768816205,4.815658092498779,35300
2003-05-21,4.81885453701475,4.844435691833496,4.815657121375972,4.844435691833496,30300
2003-05-22,4.84443616809216,4.863622188568115,4.84443616809216,4.863622188568115,26300
2003-05-23,4.84763078032377,4.889200210571289,4.84763078032377,4.889200210571289,41200
2003-05-27,4.850831133013893,4.889202865242012,4.844435691833496,4.844435691833496,42800
2003-05-28,4.870017905630118,4.870017905630118,4.8092627259623315,4.857227325439453,59000
2003-05-29,4.860423464387703,4.873214040414327,4.844435168116577,4.866818904876709,31600
2003-05-30,4.882811256054799,4.908392429351807,4.854032359857754,4.908392429351807,35500
2003-06-02,4.921183016000311,4.921183016000311,4.886008674003194,4.908392429351807,18500
2003-06-03,4.901992315898555,4.949956893920898,4.8987945960433725,4.949956893920898,33600
2003-06-04,4.953154613776081,4.953154613776081,4.901992315898555,4.949956893920898,66000
2003-06-05,4.969145246627,4.994726407604498,4.962750108858373,4.9723429679870605,53000
2003-06-06,5.004317710085065,5.033096583470638,4.981934277430241,5.0075154304504395,26300
2003-06-09,5.0235066413879395,5.049087809247395,5.013913779678537,5.0235066413879395,24100
2003-06-10,5.052282490462643,5.081061363220215,5.020305897409477,5.081061363220215,23200
2003-06-11,5.103558593380546,5.106772494745651,5.045709594786675,5.071420192718506,29800
2003-06-12,5.061778288026591,5.100344181060791,5.036067692670459,5.100344181060791,33500
2003-06-13,5.106773853302002,5.122842751413332,5.097132146641702,5.106773853302002,21100
2003-06-16,5.119628986441219,5.122842582060497,5.0489246724093135,5.0842766761779785,41000
2003-06-17,5.08427328980103,5.090701089747506,5.061776602977108,5.068204402923584,25700
2003-06-18,5.068202302445515,5.068202302445515,5.029636131738863,5.045705318450928,11300
2003-06-19,5.06820615287088,5.06820615287088,5.029639952864654,5.042495250701904,11600
2003-06-20,5.045709151784836,5.052136953950699,5.036067755030518,5.042495250701904,40800
2003-06-23,5.042497230291559,5.042497230291559,4.92679950433556,4.942868709564209,37400
2003-06-24,4.968576944841611,4.981432241592394,4.946080252151353,4.962149143218994,22400
2003-06-25,4.981435331998562,4.981435331998562,4.917158808368477,4.933228015899658,50000
2003-06-26,4.981433907212996,5.010358411197232,4.930012703016377,4.95250940322876,32900
2003-06-27,4.95250774727952,4.981432241592394,4.936438549717428,4.962149143218994,14800
2003-06-30,5.010357894967491,5.010357894967491,4.978219492408629,5.00393009185791,25800
2003-07-01,5.023215321486096,5.023215321486096,4.997504711151123,4.997504711151123,18100
2003-07-02,5.061781181644362,5.061781181644362,5.026429169443966,5.048925876617432,22400
2003-07-03,5.048926712752238,5.048926712752238,4.978222370147705,4.978222370147705,20700
2003-07-07,4.965367062991853,5.0103607912846835,4.955725659248639,4.978222370147705,14000
2003-07-08,4.965365476518168,4.965365476518168,4.910730361938477,4.910730361938477,33000
2003-07-09,4.946080551289326,4.946080551289326,4.859307063102659,4.868948459625244,41800
2003-07-10,4.87859199234666,4.904302597045898,4.868950285713507,4.904302597045898,54300
2003-07-11,4.891376469395613,4.910760879516602,4.891376469395613,4.910760879516602,31900
2003-07-14,4.910762609939362,4.920454818415134,4.888147354125977,4.888147354125977,30600
2003-07-15,4.90430081893797,4.90430081893797,4.8784547264834925,4.881685256958008,30100
2003-07-16,4.878457061623687,4.88168759364454,4.736303176970431,4.82353401184082,47000
2003-07-17,4.826765374793045,4.826765374793045,4.739534833015723,4.749227046966553,18900
2003-07-18,4.768612121204215,4.768612121204215,4.668458209575545,4.716919898986816,44300
2003-07-21,4.729840423011766,4.729840423011766,4.626455725801109,4.632917404174805,61900
2003-07-22,4.642611235032699,4.649072915663102,4.619995969046067,4.6458420753479,43600
2003-07-23,4.649073081723337,4.691073082991486,4.632919187680217,4.668457508087158,21000
2003-07-24,4.6361507247446445,4.716919898986816,4.6361507247446445,4.716919898986816,22000
2003-07-25,4.70076264252234,4.70076264252234,4.655531826357062,4.661993503570557,19700
2003-07-28,4.6555338301976015,4.665226042079849,4.619995514556119,4.6361494064331055,52100
2003-07-29,4.645842177733248,4.645842177733248,4.619996070861816,4.619996070861816,50500
2003-07-30,4.632918456509013,4.632918456509013,4.600610673521617,4.607072353363037,40700
2003-07-31,4.6361502123771325,4.6361502123771325,4.565073260628357,4.571534633636475,59400
2003-08-01,4.5844558687978525,4.590917547352097,4.545686721801758,4.545686721801758,43300
2003-08-04,4.558609770800456,4.568302288631823,4.545686721801758,4.545686721801758,10400
2003-08-05,4.56183855825987,4.58122327709398,4.552146352897641,4.5779924392700195,22400
2003-08-06,4.5909185707995155,4.6458416183153535,4.5909185707995155,4.6361494064331055,19900
2003-08-07,4.636146741620203,4.678146405005557,4.632915903479888,4.649069786071777,16000
2003-08-08,4.649071542588596,4.652302073839789,4.636148493254422,4.639379024505615,21000
2003-08-11,4.661992830523352,4.678146405005557,4.626454227199259,4.649069786071777,32600
2003-08-12,4.632916764927634,4.674916744232178,4.626455087445517,4.674916744232178,20100
2003-08-13,4.658676989647558,4.684666794374004,4.652179383554492,4.661925792694092,46600
2003-08-14,4.655422559093002,4.671666244867275,4.613189100008907,4.626183986663818,49800
2003-08-15,4.635934289665221,4.665172576904297,4.6294366859524505,4.665172576904297,16100
2003-08-18,4.694408312061714,4.694408312061714,4.613190174102783,4.613190174102783,17400
2003-08-19,4.645676714777755,4.645676714777755,4.600194454193115,4.600194454193115,21900
2003-08-20,4.606691944965374,4.6359305182410715,4.590448258720815,4.603443145751953,29000
2003-08-21,4.600197595185426,4.600197595185426,4.55146681186075,4.564461708068848,36000
2003-08-22,4.551465276878584,4.58070386094178,4.551465276878584,4.567708969116211,21000
2003-08-25,4.577457103618723,4.5807059054808414,4.554716110229492,4.554716110229492,14100
2003-08-26,4.554713462946356,4.590449333190918,4.554713462946356,4.590449333190918,18400
2003-08-27,4.613191018865237,4.626185910925372,4.600196126805102,4.6164398193359375,12800
2003-08-28,4.61968777385435,4.635931463410658,4.6066928841738255,4.613190174102783,14800
2003-08-29,4.6976605006061325,4.6976605006061325,4.645680904388428,4.645680904388428,20200
2003-09-02,4.661922564071718,4.671668656638734,4.629435175751401,4.6586737632751465,20500
2003-09-03,4.674915529516582,4.681412818607568,4.661920641512041,4.668417930603027,15800
2003-09-04,4.678165585670697,4.6879119873046875,4.652175800958734,4.6879119873046875,15300
2003-09-05,4.697657677550466,4.704154968261719,4.674916695327113,4.704154968261719,21000
2003-09-08,4.70415546838416,4.733394054249913,4.68791208496779,4.7268967628479,30900
2003-09-09,4.775627753401222,4.775627753401222,4.700907194800869,4.720399379730225,33100
2003-09-10,4.736643205067863,4.73989200592041,4.697658524305405,4.73989200592041,22500
2003-09-11,4.727150625520591,4.75328550336509,4.714083186598341,4.730417251586914,20300
2003-09-12,4.723886782766177,4.756555557250977,4.723886782766177,4.756555557250977,9900
2003-09-15,4.759817186732557,4.759817186732557,4.7304153828843,4.750016689300537,17800
2003-09-16,4.75001995709887,4.759820461273193,4.730418637197814,4.759820461273193,15200
2003-09-17,4.763087494941299,4.78595544232207,4.753286990571315,4.7696213722229,10000
2003-09-18,4.792486570860951,4.802287069609835,4.766351699829102,4.766351699829102,7200
2003-09-19,4.8153554339568165,4.8153554339568165,4.763085681810836,4.795754432678223,22000
2003-09-22,4.795756162499728,4.795756162499728,4.733685575773392,4.759820461273193,15400
2003-09-23,4.7598222401961205,4.763089179992676,4.7369542847252895,4.763089179992676,11300
2003-09-24,4.763084763062061,4.769618636596142,4.746750390779095,4.766351699829102,17400
2003-09-25,4.769618636596142,4.769618636596142,4.7532842643131765,4.766351699829102,27300
2003-09-26,4.766350947944467,4.821887618014382,4.766350947944467,4.818620681762695,22200
2003-09-29,4.83495509054686,4.838222026824951,4.808820223426514,4.838222026824951,23400
2003-09-30,4.848025195253203,4.8578256979351275,4.821890313733161,4.851292133331299,18800
2003-10-01,4.857825687524625,4.8774270043988315,4.841491308721513,4.867626190185547,27900
2003-10-02,4.87089224074973,4.874159178225568,4.854557864922843,4.857824802398682,13900
2003-10-03,4.834958356410784,4.8741606835712545,4.82189091402396,4.848025798797607,15900
2003-10-06,4.834959408201797,4.834959408201797,4.7892231941223145,4.7892231941223145,18000
2003-10-07,4.8120878571237276,4.8120878571237276,4.779419422149658,4.779419422149658,29100
2003-10-08,4.799019414592241,4.854556085111024,4.7957527898663415,4.838222026824951,15300
2003-10-09,4.831689925696585,4.857824802398682,4.828422988220747,4.857824802398682,17800
2003-10-10,4.861439748573288,4.861439748573288,4.841731071472168,4.841731071472168,7400
2003-10-13,4.868009014579839,4.868009014579839,4.753042725464403,4.785890102386475,31300
2003-10-14,4.779318467671554,4.799026821751952,4.762894630432129,4.762894630432129,10800
2003-10-15,4.753041543572531,4.762895722872932,4.7300480408599785,4.746471881866455,11700
2003-10-16,4.762895721520268,4.785888910967579,4.762895721520268,4.772749900817871,11800
2003-10-17,4.762897248151108,4.779321094417185,4.762897248151108,4.776036262512207,15400
2003-10-20,4.779317622076934,4.79245662689209,4.7760327925584996,4.79245662689209,12500
2003-10-21,4.792458572671788,4.792458572671788,4.772749900817871,4.772749900817871,21200
2003-10-22,4.785890444968328,4.789175276873306,4.772751430607229,4.776036262512207,20000
2003-10-23,4.776032832118326,4.802310841966298,4.772748002572683,4.799026012420654,14000
2003-10-24,4.805599087896982,4.815453270280837,4.769466876983643,4.769466876983643,41100
2003-10-27,4.769468569157866,4.789176940917969,4.769468569157866,4.789176940917969,8600
2003-10-28,4.802315959844344,4.805600792890667,4.7858921078716445,4.789176940917969,20100
2003-10-29,4.789174451645494,4.825306656597834,4.789174451645494,4.812167644500732,26300
2003-10-30,4.808884178501505,4.81545352935791,4.802314514386273,4.81545352935791,12600
2003-10-31,4.822023902267315,4.8285932540893555,4.815454237186401,4.8285932540893555,14500
2003-11-03,4.861438173694568,4.864723004357089,4.818736314857878,4.831875324249268,48200
2003-11-04,4.828589684667044,4.868006706237793,4.812165847364572,4.868006706237793,22600
2003-11-05,4.868007285200532,4.904139794215018,4.868007285200532,4.8975701332092285,13400
2003-11-06,4.871293905712471,4.920565128326416,4.871293905712471,4.920565128326416,24300
2003-11-07,4.904143961243294,4.907428481278352,4.884435274738224,4.887720108032227,14900
2003-11-10,4.887717488828349,4.913995514580751,4.871293644418404,4.874578475952148,27200
2003-11-11,4.894289919501624,4.894289919501624,4.838449001312256,4.838449001312256,32500
2003-11-12,4.871805012418865,4.88501667442918,4.838775699897645,4.851987361907959,20800
2003-11-13,4.855291904333608,4.921350235448772,4.855291904333608,4.868503570556641,27900
2003-11-14,4.861895174239182,4.894924163818359,4.858592180784027,4.894924163818359,10300
2003-11-17,4.865195883725995,4.89161950568263,4.865195883725995,4.881710529327393,9000
2003-11-18,4.904834634241876,4.904834634241876,4.878411308554976,4.898228645324707,10900
2003-11-19,4.878411499129135,4.937863826751709,4.878411499129135,4.937863826751709,15300
2003-11-20,4.937862806565025,4.947771473289792,4.911439485305092,4.924651145935059,12900
2003-11-21,4.94446948409596,4.94446948409596,4.861896514892578,4.861896514892578,26900
2003-11-24,4.858594185495391,4.901532173156738,4.858594185495391,4.901532173156738,10700
2003-11-25,4.881714532500654,4.927955515105623,4.881714532500654,4.92134952545166,20600
2003-11-26,4.92795353697666,4.937862202489245,4.908135890960693,4.908135890960693,16100
2003-11-28,4.94116931667159,4.944472312927246,4.924654650384367,4.944472312927246,5100
2003-12-01,4.921346291099346,4.954375587680167,4.871802661218831,4.918043613433838,47600
2003-12-02,4.918044715155005,4.964285362737944,4.904833056561196,4.954376697540283,29700
2003-12-03,4.954376697540283,4.954376697540283,4.921347393560366,4.954376697540283,25600
2003-12-04,4.957679690936432,4.960982684332582,4.944468032342623,4.954376697540283,14800
2003-12-05,4.957683263479561,4.997318267822266,4.957683263479561,4.997318267822266,13900
2003-12-08,4.997318692688794,5.003924369812012,4.974198350270971,5.003924369812012,7200
2003-12-09,5.00722556958091,5.0270432238232745,5.003922574708694,5.010528564453125,20500
2003-12-10,5.020436627563644,5.020436627563644,4.960984302000796,4.984104633331299,30100
2003-12-11,4.961522587806679,4.991411329608064,4.961522587806679,4.978127479553223,7600
2003-12-12,4.9914093322739745,5.024619102478027,4.9914093322739745,5.024619102478027,10100
2003-12-15,4.998051873660346,5.014656760292813,4.998051873660346,5.008014678955078,17600
2003-12-16,4.981444381239319,5.014654137132263,4.978123342307684,4.998049259185791,28900
2003-12-17,4.9980548606863096,5.0279436111450195,4.964845067573951,5.0279436111450195,18900
2003-12-18,5.027940287845536,5.081075668334961,5.024619247386984,5.081075668334961,23100
2003-12-19,5.081074946994716,5.091037750244141,5.047865180547561,5.091037750244141,13100
2003-12-22,5.087718001328449,5.091039042158281,5.014657003343462,5.034582614898682,15200
2003-12-23,5.0877215049579565,5.0877215049579565,5.021302226181502,5.054512023925781,14700
2003-12-24,4.994731665825455,5.031262169138573,4.994731665825455,5.021299362182617,12500
2003-12-26,5.037902717451063,5.051186561584473,5.008013988972934,5.051186561584473,5100
2003-12-29,5.0412241329678915,5.084396708793513,5.017977166469881,5.081075668334961,29500
2003-12-30,5.084398010657364,5.097681859181059,5.0611510382069484,5.077755928039551,29600
2003-12-31,5.094362478918025,5.094362478918025,5.077757583671302,5.0877203941345215,23300
2004-01-02,5.077755928039551,5.081076969348457,5.077755928039551,5.077755928039551,5400
2004-01-05,5.067792155357555,5.067792155357555,5.044545187335929,5.061150074005127,20100
2004-01-06,5.061150074005127,5.067792155357555,5.0511872686883565,5.061150074005127,15200
2004-01-07,5.067794928118304,5.071115970611572,5.047868989870743,5.071115970611572,9900
2004-01-08,5.094359513457317,5.094359513457317,5.054507978090248,5.081075668334961,19700
2004-01-09,5.087716710257064,5.0976798302182935,5.067791103758215,5.091037750244141,26900
2004-01-12,5.094359022262777,5.104321825965976,5.081075178421241,5.101000785827637,11400
2004-01-13,5.118364754772216,5.118364754772216,5.081638181479596,5.101670742034912,18900
2004-01-14,5.101670850370783,5.121703729763315,5.0883157035797,5.115025997161865,20200
2004-01-15,5.115024463614485,5.19181677344879,5.108347051426821,5.121702194213867,39100
2004-01-16,5.135057755464871,5.135057755464871,5.101669736570552,5.105008602142334,28200
2004-01-20,5.101667303779075,5.148410444258741,5.101667303779075,5.108345031738281,29900
2004-01-21,5.125044077967031,5.158431795392865,5.115027476168564,5.151754379272461,20800
2004-01-22,5.1584272384643555,5.165104967097595,5.141733235292882,5.1584272384643555,9100
2004-01-23,5.148415193952843,5.168447759488411,5.138398911185059,5.161770343780518,14300
2004-01-26,5.141736139307825,5.161769018110341,5.141736139307825,5.155091285705566,10300
2004-01-27,5.15509213115664,5.15509213115664,5.108349270304472,5.111688137054443,41900
2004-01-28,5.12838145930636,5.131720325812398,5.084977149963379,5.084977149963379,16200
2004-01-29,5.118365497506054,5.118365497506054,5.041573473547582,5.074961185455322,21100
2004-01-30,5.074963313144073,5.0783021812582305,5.04157558723846,5.051591873168945,19900
2004-02-02,5.058267644505854,5.09499454498291,5.058267644505854,5.09499454498291,12800
2004-02-03,5.108347467714115,5.108347467714115,5.091653458266956,5.105008602142334,13700
2004-02-04,5.1116862735512445,5.141735108110887,5.088314533233643,5.088314533233643,43300
2004-02-05,5.121702020030066,5.121702020030066,5.091652870178223,5.091652870178223,15500
2004-02-06,5.09499406732945,5.12838177923719,5.0716223187409915,5.074961185455322,58300
2004-02-09,5.115022735190928,5.115022735190928,5.078296184539795,5.078296184539795,39400
2004-02-10,5.1016696769529535,5.1083474080184805,5.061604245795021,5.088314533233643,48200
2004-02-11,5.112483561461158,5.112483561461158,5.062130928039551,5.062130928039551,50100
2004-02-12,5.062134132426178,5.0923458596571916,5.062134132426178,5.082275390625,49900
2004-02-13,5.092342853546143,5.095699781286691,5.068844999630798,5.092342853546143,19000
2004-02-17,5.095700605352654,5.109127998352051,5.085629820502381,5.109127998352051,27200
2004-02-18,5.115840707461487,5.122554562942585,5.092342853546143,5.092342853546143,17700
2004-02-19,5.109126687513882,5.109126687513882,5.075558053560876,5.088985443115234,24200
2004-02-20,5.0990593989671735,5.0990593989671735,5.0722046014583695,5.082275390625,21700
2004-02-23,5.095702648162842,5.099059257657593,5.072204460893012,5.095702648162842,35300
2004-02-24,5.099057202888114,5.109127987717425,5.075559345221656,5.102414131164551,36300
2004-02-25,5.1158399771881,5.125910758972168,5.10241258827688,5.125910758972168,18500
2004-02-26,5.1259112177134245,5.1259112177134245,5.10576997247696,5.115840435028076,9700
2004-02-27,5.119197368621826,5.119197368621826,5.102413050927367,5.119197368621826,17600
2004-03-01,5.1326257203395595,5.139339576728866,5.119198327695239,5.122555255889893,27900
2004-03-02,5.102413254944099,5.146052354640881,5.092342791978456,5.142695426940918,64800
2004-03-03,5.119199133878962,5.14269699467345,5.105771739120064,5.129269599914551,55500
2004-03-04,5.135978698730469,5.152763006661538,5.115837465186376,5.135978698730469,24300
2004-03-05,5.166193208745008,5.186334133148193,5.142695036762329,5.186334133148193,44400
2004-03-08,5.189691060593464,5.203118450240329,5.135981502006008,5.186334133148193,86500
2004-03-09,5.179621966605197,5.253472469103681,5.179621966605197,5.243402004241943,25100
2004-03-10,5.25011476701338,5.256828302144298,5.216546130956071,5.253471374511719,36500
2004-03-11,5.274394257805217,5.284517765045166,5.220401790098167,5.284517765045166,51200
2004-03-12,5.237273822330226,5.2777681677415895,5.237273822330226,5.274393558502197,44500
2004-03-15,5.247396469116211,5.267643477596796,5.247396469116211,5.247396469116211,14100
2004-03-16,5.237273119954674,5.267643633574841,5.213651180267334,5.213651180267334,56200
2004-03-17,5.254146095224404,5.271018819184532,5.237273693084717,5.237273693084717,40800
2004-03-18,5.247397645985578,5.277768487338328,5.247397645985578,5.257521152496338,41400
2004-03-19,5.281142487894069,5.284517097154379,5.250771970012642,5.271018981933594,27400
2004-03-22,5.271020926096624,5.281144435791055,5.250773906707764,5.250773906707764,33400
2004-03-23,5.230523747502125,5.271018086283694,5.230523747502125,5.247396469116211,30500
2004-03-24,5.26427135983419,5.277769478323179,5.237275122856212,5.254147529602051,40100
2004-03-25,5.260899433322433,5.260899433322433,5.230528570775009,5.240652084350586,26400
2004-03-26,5.240649101103936,5.240649101103936,5.203529357910156,5.203529357910156,28600
2004-03-29,5.217024191613677,5.217024191613677,5.196776866912842,5.196776866912842,24800
2004-03-30,5.203529646913094,5.203529646913094,5.179908020097887,5.1900315284729,20700
2004-03-31,5.213651372716621,5.237273313275907,5.2035278678028805,5.227149486541748,38900
2004-04-01,5.213649439282299,5.237271371081606,5.213649439282299,5.230522155761719,19900
2004-04-02,5.193401923523124,5.223772423999175,5.163031101226807,5.163031101226807,100000
2004-04-05,5.1697828596222175,5.1697828596222175,5.112415790557861,5.112415790557861,86700
2004-04-06,5.156285000726471,5.156285000726471,5.028052741262613,5.034801959991455,40700
2004-04-07,5.061797679243499,5.061797679243499,5.0381760597229,5.0381760597229,20300
2004-04-08,5.05504897253706,5.05504897253706,5.0213038443542315,5.034801959991455,16700
2004-04-12,5.0111776207494065,5.034799229850516,4.9841814041137695,4.9841814041137695,34700
2004-04-13,4.947535569412247,4.981469413504511,4.916995174452634,4.927175521850586,49900
2004-04-14,4.920387464639544,4.920387464639544,4.835553198007827,4.886453628540039,39200
2004-04-15,4.8491269661648735,4.876273907268424,4.788046186873353,4.811800003051758,50400
2004-04-16,4.811800870781166,4.906815181777866,4.811800870781166,4.879668235778809,44500
2004-04-19,4.879667055490365,4.988254813221507,4.879667055490365,4.886453628540039,39500
2004-04-20,4.893240298777114,4.893240298777114,4.8694868087768555,4.8694868087768555,52900
2004-04-21,4.859304539269453,4.859304539269453,4.825371041799742,4.832157611846924,9100
2004-04-22,4.818587876686993,4.903422171430135,4.815194427229152,4.8389482498168945,41600
2004-04-23,4.838945735387048,4.866092669709296,4.825372268225924,4.828765392303467,30600
2004-04-26,4.828771136560479,4.828771136560479,4.7778706550598145,4.7778706550598145,24000
2004-04-27,4.771081831817452,4.771081831817452,4.740541427830424,4.750721454620361,42500
2004-04-28,4.771081831817452,4.781261858607389,4.737147977694706,4.750721454620361,37400
2004-04-29,4.733748912811279,4.811796555273607,4.733748912811279,4.733748912811279,72500
2004-04-30,4.750716487476461,4.798223768853302,4.750716487476461,4.794830322265625,26800
2004-05-03,4.777868408471671,4.805015362322982,4.733754527558988,4.750721454620361,41900
2004-05-04,4.750720710225297,4.760900735420115,4.699820260634034,4.716786861419678,57400
2004-05-05,4.6828510886466885,4.713391473190128,4.6828510886466885,4.689637660980225,31700
2004-05-06,4.7032123139651425,4.726966132158438,4.679458819388938,4.682852268218994,31100
2004-05-07,4.672671943925956,4.682851966142349,4.5878376703495265,4.598017692565918,46700
2004-05-10,4.581049014485165,4.581049014485165,4.496214773476181,4.513181686401367,52900
2004-05-11,4.513182872682095,4.598017135989589,4.513182872682095,4.567476749420166,78100
2004-05-12,4.56133315973088,4.58523258244078,4.523777389187865,4.527191638946533,71400
2004-05-13,4.493048721876313,4.50329114311079,4.458907209227824,4.479392051696777,111900
2004-05-14,4.486220253666693,4.527190261502835,4.482806004946846,4.513533592224121,32200
2004-05-17,4.513535536759418,4.554505562246392,4.513535536759418,4.523777961730957,82700
2004-05-18,4.523776545502275,4.523776545502275,4.489634705484613,4.499877452850342,51400
2004-05-19,4.499874824353098,4.544259060209753,4.499874824353098,4.503288745880127,40400
2004-05-20,4.527191318457605,4.585232257843018,4.5203628194236725,4.585232257843018,45200
2004-05-21,4.568160414671751,4.619372844696045,4.568160414671751,4.619372844696045,28500
2004-05-24,4.653514970761204,4.653514970761204,4.571574947393607,4.626201629638672,46100
2004-05-25,4.660344429124994,4.677415353436968,4.6330310804661545,4.643273830413818,26400
2004-05-26,4.643271664326963,4.711555004119873,4.643271664326963,4.711555004119873,35500
2004-05-27,4.711553477548024,4.773008300649584,4.711553477548024,4.762765884399414,34800
2004-05-28,4.796912110080794,4.834467887878418,4.779841183590659,4.834467887878418,21200
2004-06-01,4.848122801658715,4.848122801658715,4.813981286689719,4.817395210266113,24700
2004-06-02,4.831055674608582,4.831055674608582,4.779843199143861,4.807156562805176,23100
2004-06-03,4.837882667448309,4.837882667448309,4.786670207977295,4.786670207977295,24800
2004-06-04,4.796914132832427,4.841298430182309,4.796914132832427,4.807156562805176,27700
2004-06-07,4.824219703674316,4.858361190299907,4.783249724363337,4.824219703674316,23800
2004-06-08,4.8037385391583705,4.834466130550972,4.8037385391583705,4.817395210266113,15200
2004-06-09,4.7969126347513225,4.8412969182399435,4.779841706394025,4.786670207977295,21600
2004-06-10,4.800324645109443,4.800324645109443,4.762768555131596,4.769597053527832,18200
2004-06-14,4.7771498062999544,4.787452697753906,4.773715399974299,4.787452697753906,23300
2004-06-15,4.797758702295661,4.821798905486892,4.797758702295661,4.808061599731445,41000
2004-06-16,4.794323964926324,4.825232982635498,4.739374745675875,4.825232982635498,37200
2004-06-17,4.797760963439941,4.801195045854854,4.784023651210214,4.797760963439941,12900
2004-06-18,4.780589351731641,4.804629566808294,4.74624590660211,4.784023761749268,17200
2004-06-21,4.766852746313196,4.825236415180182,4.766852746313196,4.804630279541016,16400
2004-06-22,4.838972548625638,4.838972548625638,4.773720074631863,4.832103729248047,37000
2004-06-23,4.780587173992427,4.797758888734824,4.756546969867002,4.773718357086182,20500
2004-06-24,4.7737181715812245,4.821798905486892,4.7737181715812245,4.808061599731445,21100
2004-06-25,4.808063957472844,4.818366859960886,4.777154922485352,4.777154922485352,20200
2004-06-28,4.804629566808294,4.804629566808294,4.759983219149249,4.784023761749268,26400
2004-06-29,4.763417519103945,4.8080638657313965,4.759983109165674,4.797760963439941,28000
2004-06-30,4.7977596326794485,4.818365431546903,4.780587915274391,4.801193714141846,11300
2004-07-01,4.821800599878657,4.838972319987948,4.814932108348931,4.835537910461426,7400
2004-07-02,4.8321032960100085,4.893921354772487,4.8321032960100085,4.887052536010742,29200
2004-07-06,4.893921255207065,4.9316987750581704,4.876749536175363,4.883618354797363,14800
2004-07-07,4.883615670314262,4.883615670314262,4.828666461636579,4.84927225112915,42000
2004-07-08,4.8733154634664215,4.8733154634664215,4.845840842127334,4.8664469718933105,29700
2004-07-09,4.869881024463818,4.876749515533447,4.8458404869118725,4.876749515533447,30700
2004-07-12,4.876749536175363,4.893921255207065,4.876749536175363,4.883618354797363,18200
2004-07-13,4.894668672236387,4.901576995849609,4.870489045456044,4.901576995849609,6600
2004-07-14,4.901576283728285,4.908484935760498,4.8773966604608585,4.908484935760498,10800
2004-07-15,4.901579170288898,4.911942154440022,4.898125171661377,4.898125171661377,28200
2004-07-16,4.905035220734359,4.922306537628174,4.898126891630614,4.922306537628174,22900
2004-07-19,4.894668886717009,4.987933400829901,4.894668886717009,4.918848514556885,41100
2004-07-20,4.901579972983594,4.946485256723705,4.901579972983594,4.911942958831787,26600
2004-07-21,4.936120922869217,4.936120922869217,4.891215654389147,4.905032634735107,17200
2004-07-22,4.887762008606037,4.887762008606037,4.8635823719841556,4.870491027832031,54800
2004-07-23,4.8635820149504925,4.86703634262085,4.8635820149504925,4.86703634262085,21500
2004-07-26,4.856673808159479,4.867036462001913,4.853219480404392,4.863582134246826,22500
2004-07-27,4.863582998488027,4.867037326856936,4.84631168606637,4.856674671173096,53700
2004-07-28,4.842857123821019,4.901579052147768,4.842857123821019,4.887762069702148,25600
2004-07-29,4.88775940864948,4.963752935438505,4.88775940864948,4.929210662841797,27600
2004-07-30,4.936121078137501,4.9672093672495095,4.936121078137501,4.956846714019775,14000
2004-08-02,4.991389751434326,5.001752406221502,4.987935423364315,4.991389751434326,24400
2004-08-03,5.005204630821542,5.03974723815918,5.005204630821542,5.03974723815918,14200
2004-08-04,5.046655178070068,5.060472154069512,5.025929878782249,5.046655178070068,13000
2004-08-05,5.046656783297728,5.063928091146319,5.022477149963379,5.022477149963379,37200
2004-08-06,5.046655178070068,5.067380806780579,5.036292528426158,5.046655178070068,20300
2004-08-09,5.060474633241477,5.074291616009985,5.057020634616491,5.067383289337158,6400
2004-08-10,5.088107880551053,5.088107880551053,5.0501112656569,5.060473918914795,7100
2004-08-11,5.057694332818205,5.102852025107452,5.054220562249187,5.09937858581543,18100
2004-08-12,5.064641103564831,5.095904373421411,5.064641103564831,5.088956832885742,11000
2004-08-13,5.088956832885742,5.088956832885742,5.061167333296996,5.088956832885742,23000
2004-08-16,5.0889584216121095,5.109800718448927,5.08201121018455,5.085484981536865,6900
2004-08-17,5.0854871918335025,5.116750153760891,5.082013418971388,5.092434406280518,15800
2004-08-18,5.109799861907959,5.113273632677975,5.082010358301857,5.109799861907959,18100
2004-08-19,5.088958323237652,5.165379635125923,5.088958323237652,5.123695373535156,100400
2004-08-20,5.12716921685796,5.154958724975586,5.12369544552399,5.154958724975586,17800
2004-08-23,5.154957499076099,5.154957499076099,5.113273246812585,5.137588977813721,13800
2004-08-24,5.137590816930204,5.137590816930204,5.102853761970535,5.106327533721924,27900
2004-08-25,5.088957184534459,5.137588977813721,5.088957184534459,5.137588977813721,16200
2004-08-26,5.123697066646047,5.161907569578201,5.120223294212986,5.14106559753418,11400
2004-08-27,5.148012900390284,5.16538143157959,5.148012900390284,5.16538143157959,10100
2004-08-30,5.154960445376878,5.182749962768895,5.148012900390284,5.16538143157959,6700
2004-08-31,5.175800858547518,5.210537910461426,5.175800858547518,5.210537910461426,16800
2004-09-01,5.210536264478071,5.241799535069255,5.210536264478071,5.231378555297852,16300
2004-09-02,5.241800736275709,5.241800736275709,5.196642705215288,5.203589916229248,28800
2004-09-03,5.203589804753788,5.203589804753788,5.144537352930513,5.182747840881348,38800
2004-09-07,5.161907494083329,5.245276374871631,5.161907494083329,5.21748685836792,57000
2004-09-08,5.220961338921754,5.248750860958121,5.210540350977425,5.2418036460876465,10700
2004-09-09,5.245274962375333,5.266116928502015,5.207064139014619,5.210537910461426,23700
2004-09-10,5.2244353696778,5.259172439575195,5.2244353696778,5.259172439575195,13700
2004-09-13,5.2493896478941044,5.284315860575338,5.242404605206487,5.24589729309082,22300
2004-09-14,5.249387006201313,5.280820515179667,5.221446183349639,5.224938869476318,16100
2004-09-15,5.224944306677052,5.2354220428795895,5.207481190952003,5.217958927154541,18900
2004-09-16,5.2354178826664555,5.238910569652322,5.1935066380789525,5.221447467803955,39500
2004-09-17,5.2284359925317965,5.23192834854126,5.203987501978567,5.23192834854126,22100
2004-09-20,5.221451708191405,5.235422134399414,5.210973971805708,5.235422134399414,18800
2004-09-21,5.214465094348417,5.231927872048822,5.214465094348417,5.228435516357422,12800
2004-09-22,5.221447059022731,5.252880573272705,5.221447059022731,5.252880573272705,19000
2004-09-23,5.238910159503932,5.25986594669756,5.238910159503932,5.252880573272705,25400
2004-09-24,5.242402846216359,5.252880573272705,5.235417472791504,5.252880573272705,9900
2004-09-27,5.2354218001467725,5.249392225462847,5.2354218001467725,5.238914489746094,10400
2004-09-28,5.221451374830698,5.245899868944738,5.221451374830698,5.238914489746094,27100
2004-09-29,5.217954372310303,5.252880573272705,5.217954372310303,5.252880573272705,35000
2004-09-30,5.252879692327992,5.252879692327992,5.221446183349639,5.224938869476318,34200
2004-10-01,5.20398337908501,5.217953791298196,5.172550201416016,5.172550201416016,34000
2004-10-04,5.1970035580966885,5.200496247927399,5.1655700157827615,5.186525821685791,19800
2004-10-05,5.186524486339366,5.207479953765869,5.165568685831713,5.207479953765869,41600
2004-10-06,5.203985691070557,5.207478378945782,5.190015272650704,5.203985691070557,26300
2004-10-07,5.203985691070557,5.21795610949041,5.183030229981301,5.203985691070557,19400
2004-10-08,5.231929444577103,5.235422134399414,5.210973971805708,5.235422134399414,37700
2004-10-11,5.210970894336118,5.256374835968018,5.19700047637869,5.256374835968018,20200
2004-10-12,5.291300714321068,5.291300714321068,5.249389460448785,5.256374835968018,34600
2004-10-13,5.250056533589486,5.271127142221303,5.246544709666523,5.26761531829834,15600
2004-10-14,5.267610634796367,5.288681224694044,5.267610634796367,5.271122455596924,10800
2004-10-15,5.299217506471031,5.299217506471031,5.271123603758461,5.285170555114746,22600
2004-10-18,5.306240642842666,5.31677610719797,5.278146741039975,5.309752464294434,16600
2004-10-19,5.344872285711716,5.344872285711716,5.323801682931564,5.330825328826904,16100
2004-10-20,5.3343384544621895,5.355409063710828,5.3343384544621895,5.351897239685059,6400
2004-10-21,5.3167778376605845,5.355406881485527,5.3167778376605845,5.334336280822754,8800
2004-10-22,5.358920179459622,5.36243200302124,5.330826260778533,5.36243200302124,8800
2004-10-25,5.362432419762821,5.3764793801950255,5.341361811661537,5.365943908691406,14700
2004-10-26,5.355408355898004,5.36243200302124,5.34136139655746,5.36243200302124,42100
2004-10-27,5.376480579376221,5.376480579376221,5.358921791193128,5.376480579376221,12400
2004-10-28,5.376478962361785,5.397549233919637,5.351896532336386,5.36243200302124,23800
2004-10-29,5.390524615317881,5.390524615317881,5.372965836671058,5.379989147186279,23900
2004-11-01,5.3799885412085775,5.43266487121582,5.3799885412085775,5.43266487121582,5600
2004-11-02,5.4326629906399075,5.4326629906399075,5.408080577850342,5.408080577850342,14500
2004-11-03,5.513435850534734,5.513435850534734,5.432665930969256,5.443201065063477,25700
2004-11-04,5.394034018018349,5.4361748695373535,5.394034018018349,5.4361748695373535,19000
2004-11-05,5.42564281942224,5.42564281942224,5.348384380340576,5.348384380340576,33000
2004-11-08,5.30975184629628,5.3343339237861125,5.225470150697693,5.228981971740723,61700
2004-11-09,5.197378819561211,5.2992193357763435,5.197378819561211,5.281660556793213,48500
2004-11-10,5.314145750789561,5.321207563303011,5.282366752624512,5.282366752624512,11900
2004-11-11,5.296488643044431,5.338860511779785,5.296488643044431,5.338860511779785,14400
2004-11-12,5.314145855487414,5.36004881632554,5.314145855487414,5.3459248542785645,22700
2004-11-15,5.349455592233945,5.352986666931144,5.321207668139993,5.3459248542785645,30800
2004-11-16,5.3494575471215144,5.35651969909668,5.331802840667481,5.35651969909668,10500
2004-11-17,5.352985192943289,5.402419214866556,5.349454119218401,5.360047340393066,28700
2004-11-18,5.384767102804159,5.395359992980957,5.363580985708654,5.395359992980957,6100
2004-11-19,5.377701292238887,5.377701292238887,5.307081511210665,5.314143657684326,26800
2004-11-22,5.370643912166111,5.370643912166111,5.310616964597011,5.335333824157715,19900
2004-11-23,5.328269004821777,5.3494547762899,5.307082896611889,5.328269004821777,13900
2004-11-24,5.3353329205998,5.349456886062823,5.292961024210733,5.296492099761963,25700
2004-11-26,5.328268898751134,5.328268898751134,5.278834871739996,5.289427757263184,9400
2004-11-29,5.292957478689678,5.292957478689678,5.254116683869592,5.261178493499756,19700
2004-11-30,5.257651093490277,5.271775058455156,5.208217047742254,5.211748123168945,48500
2004-12-01,5.218808122518491,5.2258702709161176,5.208215236663818,5.208215236663818,24500
2004-12-02,5.225869930246961,5.229401004215587,5.169374093715925,5.1905598640441895,49300
2004-12-03,5.1905590240428285,5.24352411477551,5.1905590240428285,5.229400157928467,35700
2004-12-06,5.2258707552860395,5.24352579117473,5.222339680759942,5.2329325675964355,26900
2004-12-07,5.232930894583957,5.239993041378325,5.225869084531283,5.229400157928467,21200
2004-12-08,5.232927966947248,5.257645130157471,5.229397232267077,5.257645130157471,27600
2004-12-09,5.239992712579913,5.264709551325886,5.2329305662286805,5.236461639404297,36400
2004-12-10,5.239992712579913,5.264709551325886,5.229399829794736,5.236461639404297,30400
2004-12-13,5.257120482808242,5.282052516937256,5.257120482808242,5.282052516937256,32300
2004-12-14,5.278493888065647,5.292740821838379,5.278493888065647,5.292740821838379,16600
2004-12-15,5.292739877545959,5.314110444229121,5.292739877545959,5.3069868087768555,6200
2004-12-16,5.314111392334324,5.314111392334324,5.289179343150467,5.292740821838379,13400
2004-12-17,5.29273814591257,5.324793815612793,5.28205303590367,5.324793815612793,17900
2004-12-20,5.3319163151729025,5.342601422910157,5.2713668052060445,5.31766939163208,27800
2004-12-21,5.2998658738797975,5.317674630769928,5.278495297676885,5.289180755615234,9700
2004-12-22,5.274933664090734,5.299865719205012,5.2428779705587925,5.285618782043457,25200
2004-12-23,5.285614333148112,5.289176149358967,5.257120482808242,5.282052516937256,23700
2004-12-27,5.282055518603699,5.282055518603699,5.2571234703063965,5.2571234703063965,7800
2004-12-28,5.27136965053643,5.3069868087768555,5.2535609015794,5.3069868087768555,16700
2004-12-29,5.289180601252289,5.314112656366566,5.285618782043457,5.285618782043457,10000
2004-12-30,5.29985872915954,5.306982018508441,5.285611810788412,5.303420543670654,37300
2004-12-31,5.289178399493459,5.3069868087768555,5.289178399493459,5.3069868087768555,16200
2005-01-03,5.3069868087768555,5.3069868087768555,5.289178399493459,5.3069868087768555,20600
2005-01-04,5.303424353693043,5.306985831089424,5.274930496480573,5.278491973876953,19400
2005-01-05,5.278493065194629,5.2820548830009795,5.253561019897461,5.253561019897461,23900
2005-01-06,5.264245025971652,5.292738883079663,5.264245025971652,5.274930477142334,7300
2005-01-07,5.2606862570427415,5.299865245819092,5.2606862570427415,5.299865245819092,12700
2005-01-10,5.303426088339732,5.306987566901002,5.2571234703063965,5.2571234703063965,69500
2005-01-11,5.253561019897461,5.26424613364287,5.232190452733001,5.253561019897461,82800
2005-01-12,5.218458652496338,5.2506935244823065,5.214877265720887,5.218458652496338,72800
2005-01-13,5.229206036562207,5.236369154697809,5.179062843322754,5.179062843322754,54100
2005-01-14,5.171895976823426,5.196967727714363,5.146824567504823,5.157569408416748,38100
2005-01-18,5.171901277667593,5.200554785421163,5.153993304984052,5.1933913230896,131800
2005-01-19,5.211296014266555,5.222040858721017,5.164734566200626,5.204132556915283,54400
2005-01-20,5.193386830823276,5.229203428354461,5.193386830823276,5.225621700286865,15500
2005-01-21,5.21129553737302,5.236366952663255,5.200550693901835,5.218458652496338,49600
2005-01-24,5.207714285590919,5.232785703175478,5.1898059837851855,5.204132556915283,76200
2005-01-25,5.1933881842947915,5.232786178588867,5.1933881842947915,5.232786178588867,62800
2005-01-26,5.225622449945115,5.2435307512798,5.196969304438595,5.2005510330200195,69600
2005-01-27,5.21845960415716,5.250694482021621,5.204133029725453,5.232786178588867,118600
2005-01-28,5.22204038262823,5.261438369750977,5.214877267502465,5.261438369750977,40500
2005-01-31,5.250691426526307,5.28292628563258,5.250691426526307,5.27934455871582,32000
2005-02-01,5.290092671651033,5.311582361918303,5.268602639811295,5.300837516784668,40700
2005-02-02,5.297254633769994,5.343816074634698,5.2865097909773375,5.333071231842041,57600
2005-02-03,5.322329497827982,5.365309238433838,5.322329497827982,5.365309238433838,26400
2005-02-04,5.361725734228729,5.415450303397217,5.3509805471370475,5.3975419998168945,72000
2005-02-07,5.386796675837751,5.4548478135116385,5.383214947125322,5.440521240234375,53300
2005-02-08,5.440520762999561,5.454847335020117,5.426194190979004,5.426194190979004,66000
2005-02-09,5.426195140435008,5.454848289489746,5.426195140435008,5.454848289489746,27200
2005-02-10,5.4512717422760195,5.458434865113672,5.429781690617494,5.447690010070801,25700
2005-02-11,5.412398925286775,5.4772181851399555,5.412398925286775,5.441207408905029,47000
2005-02-14,5.488021280640747,5.488021280640747,5.441207408905029,5.441207408905029,43900
2005-02-15,5.473611071753097,5.473611071753097,5.408792225986649,5.415994167327881,59300
2005-02-16,5.437602186254233,5.441202986211569,5.376384122468371,5.3943891525268555,50100
2005-02-17,5.376387781684268,5.408797407326104,5.369185490019785,5.401595115661621,72600
2005-02-18,5.408793868432253,5.426798898964699,5.340373516082764,5.340373516082764,35400
2005-02-22,5.376385159674062,5.376385159674062,5.315167084078085,5.32597017288208,36100
2005-02-23,5.3259712582072,5.358380874647612,5.3259712582072,5.3367743492126465,16000
2005-02-24,5.3331694035960435,5.376382077462753,5.3331694035960435,5.365578651428223,26200
2005-02-25,5.379983768146545,5.430398734395964,5.379983768146545,5.423196792602539,17500
2005-02-28,5.423200140102169,5.423200140102169,5.390790523467093,5.4051947593688965,28600
2005-03-01,5.412394526009273,5.415995669390544,5.387187209188249,5.3943891525268555,29500
2005-03-02,5.397992408651303,5.412396644390186,5.3907904624938965,5.3907904624938965,29000
2005-03-03,5.401590893495195,5.401590893495195,5.376383579221199,5.379984378814697,28600
2005-03-04,5.383588233804154,5.4195989952707,5.383588233804154,5.4051947593688965,21600
2005-03-07,5.39799396982938,5.408797407326104,5.39799396982938,5.401595115661621,23700
2005-03-08,5.401588910738698,5.401588910738698,5.3835835456848145,5.3835835456848145,22100
2005-03-09,5.390792158525968,5.390792158525968,5.315169811248779,5.315169811248779,53300
2005-03-10,5.3151671538408065,5.340374475855648,5.307964865594276,5.32236909866333,21200
2005-03-11,5.323093335923439,5.373789587912412,5.301366617456711,5.315851211547852,41800
2005-03-14,5.341201685151042,5.341201685151042,5.290505409240723,5.290505409240723,23200
2005-03-15,5.304985096545912,5.308606329758306,5.2868796211635525,5.294121742248535,34100
2005-03-16,5.294125329435267,5.294125329435267,5.268777370452881,5.268777370452881,38700
2005-03-17,5.276017400167285,5.3086078175329146,5.276017400167285,5.283259868621826,36000
2005-03-18,5.2832619102176785,5.323094466090327,5.272398548677872,5.2796406745910645,6800
2005-03-21,5.297747882373679,5.301369118940158,5.261536207389147,5.290505409240723,38000
2005-03-22,5.286881102849097,5.297744460191006,5.250669451256196,5.283259868621826,17100
2005-03-23,5.294127068372283,5.294127068372283,5.181871488572479,5.189113616943359,59100
2005-03-24,5.160137551629213,5.239802929823165,5.160137551629213,5.214454650878906,32800
2005-03-28,5.250669106978433,5.250669106978433,5.174624919891357,5.174624919891357,19600
2005-03-29,5.196349181355472,5.218075882919471,5.167380015710343,5.214454650878906,37800
2005-03-30,5.199973131792891,5.236184782854445,5.199973131792891,5.221700191497803,41700
2005-03-31,5.236186180896023,5.27239784162595,5.236186180896023,5.254292011260986,10400
2005-04-01,5.283254970759445,5.3411932833242215,5.283254970759445,5.286876201629639,30600
2005-04-04,5.323087474312833,5.3267087051830275,5.286876201629639,5.286876201629639,43800
2005-04-05,5.286882023365571,5.323093335923439,5.283260788507795,5.315851211547852,40700
2005-04-06,5.304988060306371,5.326715126379284,5.290503464704429,5.323093891143799,24100
2005-04-07,5.3303386134743,5.3303386134743,5.30136941003206,5.326717376708984,29100
2005-04-08,5.279637922209802,5.319470457316951,5.279637922209802,5.30860710144043,34500
2005-04-11,5.323095052363165,5.333958415099437,5.297747090865174,5.3303375244140625,51100
2005-04-12,5.323088166956345,5.362921021032392,5.319466935614954,5.355678558349609,54100
2005-04-13,5.381901741027832,5.396467090704911,5.352771041673675,5.381901741027832,18500
2005-04-14,5.3600521615086745,5.389182851468079,5.338203970406513,5.3636932373046875,32200
2005-04-15,5.3636943785211715,5.38918399810791,5.3636943785211715,5.38918399810791,27300
2005-04-18,5.38918393644745,5.4037492843595265,5.38918393644745,5.4001078605651855,19600
2005-04-19,5.396466262145928,5.4219558806162045,5.396466262145928,5.418314456939697,45100
2005-04-20,5.403749109498943,5.454727651908946,5.389183762058189,5.418314456939697,78700
2005-04-21,5.454725436111427,5.45836685830873,5.40010549221242,5.4219536781311035,21900
2005-04-22,5.403747318000447,5.447443345836214,5.389181975388525,5.411029815673828,13500
2005-04-25,5.407388336607026,5.4219536781311035,5.389181572885646,5.4219536781311035,43900
2005-04-26,5.4219588108177135,5.4292413148411525,5.378262744880686,5.407393455505371,69700
2005-04-27,5.414673504727702,5.425597429443113,5.3964667320251465,5.3964667320251465,31200
2005-04-28,5.396464473061907,5.42559515828575,5.396464473061907,5.411029815673828,29600
2005-04-29,5.418316183743127,5.436522960662842,5.418316183743127,5.436522960662842,28300
2005-05-02,5.443805398326406,5.4802189517327555,5.436522896004365,5.447446823120117,25600
2005-05-03,5.451083787967754,5.469290549774593,5.436518447975303,5.465649127960205,25600
2005-05-04,5.443807414855777,5.4692970505884055,5.432883483693513,5.462014198303223,29700
2005-05-05,5.465651693999214,5.491140964136548,5.454727423427276,5.469293117523193,55400
2005-05-06,5.4692970505884055,5.494786339055524,5.39282883792154,5.462014198303223,35900
2005-05-09,5.491143637293388,5.509350416511309,5.465654354747555,5.502067565917969,38200
2005-05-10,5.480219815494683,5.560329437255859,5.480219815494683,5.560329437255859,60900
2005-05-11,5.64892558663194,5.64892558663194,5.546417290340088,5.594010353088379,47800
2005-05-12,5.583025845952026,5.623296726363495,5.568381857698744,5.572042942047119,45000
2005-05-13,5.575702970437831,5.612313111000173,5.568381151809469,5.5976691246032715,29200
2005-05-16,5.5793638979561235,5.645262009465423,5.399974982336549,5.626956939697266,19700
2005-05-17,5.626960265744192,5.637943174440921,5.619638442993164,5.619638442993164,35800
2005-05-18,5.6452580456008965,5.663563102516007,5.575698899151462,5.656240940093994,52700
2005-05-19,5.656244521630889,5.656244521630889,5.623295468148317,5.637939453125,37000
2005-05-20,5.630621351689893,5.630621351689893,5.601333362405034,5.619638442993164,28600
2005-05-23,5.626960893088156,5.637943803009358,5.6086558104592115,5.634283065795898,28700
2005-05-24,5.634279337404478,5.637940072195507,5.509805276864807,5.601330280303955,78600
2005-05-25,5.601331005196817,5.619636078081623,5.579364847907005,5.583025932312012,51800
2005-05-26,5.52810994786911,5.619634944693829,5.52810994786911,5.6049909591674805,35400
2005-05-27,5.615974993676617,5.615974993676617,5.572043028237218,5.583025932312012,26600
2005-05-31,5.59767290053801,5.637943803009358,5.59767290053801,5.634283065795898,24100
2005-06-01,5.645261224470103,5.69285425959325,5.645261224470103,5.685532093048096,26400
2005-06-02,5.696516760774407,5.7258047359647986,5.641601545437269,5.678211688995361,40100
2005-06-03,5.678212004110771,5.736787957742258,5.674550919723747,5.707499980926514,36000
2005-06-06,5.700176455568553,5.718481524007028,5.670888485723047,5.711159706115723,11200
2005-06-07,5.722141505954611,5.747768387350968,5.6708873940218245,5.703836441040039,49300
2005-06-08,5.703836349892353,5.703836349892353,5.656243321531035,5.6928534507751465,22600
2005-06-09,5.68187055165794,5.696514533527571,5.6745483861530905,5.6928534507751465,17200
2005-06-10,5.645260186593077,5.700175029025206,5.645260186593077,5.674548149108887,22400
2005-06-13,5.704728110120735,5.704728110120735,5.6532014072833245,5.660562515258789,43500
2005-06-14,5.649523107412637,5.6605644220983065,5.634801237499389,5.645842552185059,15600
2005-06-15,5.645840806890931,5.678965091705322,5.645840806890931,5.678965091705322,34900
2005-06-16,5.678969030037196,5.75993917018363,5.664247154465372,5.756258964538574,11800
2005-06-17,5.71577102743263,5.770978299773082,5.71577102743263,5.767297744750977,30000
2005-06-20,5.726814774702279,5.7709803980345225,5.704731787537571,5.715773105621338,21500
2005-06-21,5.752577967230128,5.752577967230128,5.712092900258198,5.715773105621338,27600
2005-06-22,5.715772781844304,5.759938402674731,5.682648478472196,5.704731464385986,33900
2005-06-23,5.701050908234162,5.704731464385986,5.690009590775844,5.704731464385986,19600
2005-06-24,5.690005004466428,5.759933760000706,5.690005004466428,5.737851142883301,27300
2005-06-27,5.734172009230491,5.793059470784049,5.667923439484261,5.708408832550049,87000
2005-06-28,5.704732888035751,5.719454765319824,5.667928019326946,5.719454765319824,21700
2005-06-29,5.723134210329445,5.796743582446796,5.723134210329445,5.7452168464660645,46500
2005-06-30,5.782021388588521,5.79306270604684,5.704731464385986,5.704731464385986,15600
2005-07-01,5.756256606284338,5.807782974177523,5.741534736743849,5.774658679962158,46000
2005-07-05,5.745215563590279,5.826186030337681,5.745215563590279,5.807783603668213,25800
2005-07-06,5.80778456363687,5.829867549489747,5.778340816497803,5.778340816497803,15200
2005-07-07,5.723133376432563,5.826186482381361,5.723133376432563,5.818825721740723,16900
2005-07-08,5.8225016593933105,5.848265180246896,5.811460351025696,5.8225016593933105,10600
2005-07-11,5.833548565282743,5.870353076607992,5.826187452419385,5.851950645446777,44200
2005-07-12,5.881394394905849,5.881394394905849,5.826187452419385,5.851950645446777,27900
2005-07-13,5.874882897130143,5.87858253020331,5.819389459481922,5.852685451507568,23700
2005-07-14,5.860088994872446,5.863788630645939,5.845290804595159,5.848990440368652,15800
2005-07-15,5.863785266876221,5.874883815013314,5.852686365922643,5.863785266876221,15100
2005-07-18,5.878585717260816,5.878585717260816,5.841590072104924,5.845289707183838,17100
2005-07-19,5.841590974373758,5.874886989593506,5.8304924202394,5.874886989593506,19200
2005-07-20,5.874887691403284,5.878587327495584,5.834192752838135,5.834192752838135,30700
2005-07-21,5.830491519684805,5.863787529761783,5.826791884605892,5.845289707183838,29500
2005-07-22,5.874888581799557,5.882287502288818,5.8637900246572805,5.882287502288818,29200
2005-07-25,5.882286529165425,5.882286529165425,5.860089418553002,5.878587245941162,28000
2005-07-26,5.8822885660478335,5.937781714611426,5.863791085071192,5.900786399841309,37400
2005-07-27,5.900783989596276,5.915582180023193,5.874887244553342,5.915582180023193,24700
2005-07-28,5.919280009100236,5.9525760156020775,5.904481823190149,5.94887638092041,19400
2005-07-29,5.971073192276712,5.97847246127932,5.90078190083477,5.941476821899414,9400
2005-08-01,5.993274920815068,5.993274920815068,5.8933868408203125,5.8933868408203125,26500
2005-08-02,5.874885451369973,5.94887638092041,5.874885451369973,5.94887638092041,20400
2005-08-03,5.985871356118248,5.985871356118248,5.926678619063659,5.9747724533081055,30400
2005-08-04,5.963674545288086,6.00066947851614,5.882283998666878,5.963674545288086,35900
2005-08-05,6.030269440241746,6.030269440241746,5.882287502288818,5.882287502288818,41900
2005-08-08,5.878589281542605,5.9229838709568465,5.845293251277717,5.900786399841309,42500
2005-08-09,5.897085952050289,5.915583783301506,5.874888836802257,5.90448522567749,19000
2005-08-10,5.897083759307861,5.897083759307861,5.874886652313492,5.897083759307861,34300
2005-08-11,5.912700653076173,5.942450062666822,5.875514068408329,5.912700653076172,29100
2005-08-12,5.942447841409148,5.949885368347168,5.905261270641461,5.949885368347168,24000
2005-08-15,5.9164211646109885,5.998231887817383,5.9164211646109885,5.998231887817383,28000
2005-08-16,5.96848452517891,6.016827789987975,5.96848452517891,5.994515895843506,17500
2005-08-17,6.016821114775784,6.027976694830575,5.953603560432987,6.005664825439453,32000
2005-08-18,5.97963419293622,6.027976694830575,5.97591542982411,6.005664825439453,35300
2005-08-19,6.024262273086841,6.039136625221636,5.9647634459837295,5.987075328826904,28200
2005-08-22,5.9982266148323236,5.9982266148323236,5.953602881141538,5.957321643829346,27500
2005-08-23,5.957324205435089,6.005666722600612,5.949886676861389,5.964761734008789,32100
2005-08-24,5.964763592888297,5.964763592888297,5.942451000213623,5.942451000213623,9800
2005-08-25,5.9573289327478385,5.994515895843505,5.94989139827224,5.994515895843506,24300
2005-08-26,5.990792218470395,6.009385330137896,5.957324050043496,5.968479633331299,6500
2005-08-29,5.994508561425974,6.00938290289575,5.957321643829346,5.957321643829346,26300
2005-08-30,5.972198187366638,6.001947590556841,5.9498863122944154,5.979635715484619,42200
2005-08-31,5.994509725864384,5.994509725864384,5.961041564454347,5.975915908813477,24700
2005-09-01,5.979640093234335,5.998233217859765,5.964765735390438,5.983358860015869,42200
2005-09-02,5.99451534681354,6.0056709382228854,5.987077813019136,6.001952171325684,20600
2005-09-06,6.016827789987975,6.031702149656845,5.94989139827224,5.994515895843506,48800
2005-09-07,6.013105781529675,6.024262077229539,5.987075134178602,6.009387016296387,16000
2005-09-08,6.009385386316416,6.024260443214872,5.979635981801255,5.990792274475098,13700
2005-09-09,5.998229171026924,6.031697340198479,5.95732418259195,6.024260520935059,31700
2005-09-12,5.953603560432987,6.009383588551563,5.953603560432987,6.005664825439453,42800
2005-09-13,5.990346450776862,6.012768008634678,5.979135315463717,6.001556873321533,23400
2005-09-14,5.99781639687927,5.99781639687927,5.96792112229995,5.994080066680908,29400
2005-09-15,5.9903482982004554,5.9903482982004554,5.930556627243306,5.93803071975708,14300
2005-09-16,5.949240481388704,5.964188307467197,5.915607783616023,5.923081874847412,14800
2005-09-19,5.941764141686351,5.960449006309847,5.915605545043945,5.915605545043945,9800
2005-09-20,5.911874434065321,5.941770104912883,5.874505023698122,5.893189907073975,14900
2005-09-21,5.960452284529708,5.960452284529708,5.904398016213793,5.93803071975708,18100
2005-09-22,5.934289716174571,5.945500491084895,5.852076535269271,5.908131122589111,17800
2005-09-23,5.855817942280796,5.893187695005381,5.840870112467836,5.848343849182129,20400
2005-09-26,5.8333943820521394,5.878237858904352,5.829657692935994,5.8408684730529785,22200
2005-09-27,5.840870319509075,5.855818149851889,5.822185442484459,5.82592248916626,13600
2005-09-28,5.840870112467836,5.848343849182128,5.840870112467836,5.848343849182129,7200
2005-09-29,5.840871005862967,5.8483447437204115,5.818449079521777,5.833396911621094,11100
2005-09-30,5.829655384725459,5.855813980102539,5.818444252663169,5.855813980102539,20600
2005-10-03,5.885712559526487,5.885712559526487,5.859553951082683,5.87076473236084,25400
2005-10-04,5.874501705169678,5.874501705169678,5.833394913687282,5.874501705169678,20100
2005-10-05,5.87076179980146,5.874498843822224,5.837129116382854,5.855813980102539,11000
2005-10-06,5.855816703591168,5.855816703591168,5.814710269396928,5.844605922698975,30000
2005-10-07,5.829658444610202,5.837132180190428,5.807236525100884,5.81471061706543,17200
2005-10-10,5.8109713318041525,5.818445064504348,5.803497242719773,5.807234287261963,27400
2005-10-11,5.803500565459843,5.85955519653369,5.803500565459843,5.82592248916626,29200
2005-10-12,5.814277471247894,5.836813588712946,5.633989964325216,5.739157676696777,71700
2005-10-13,5.697838135870631,5.709106008100659,5.633986262901808,5.645254135131836,16400
2005-10-14,5.645253898360814,5.667790000074868,5.618962078193737,5.630229949951172,24800
2005-10-17,5.633983612060547,5.649007554031414,5.611447520004731,5.633983612060547,19900
2005-10-18,5.615209990254657,5.633990028656735,5.615209990254657,5.622722148895264,11600
2005-10-19,5.611456359531428,5.615212440490723,5.592676671134146,5.615212440490723,9600
2005-10-20,5.615210819679501,5.622722979429732,5.585162897077565,5.596430778503418,16500
2005-10-21,5.6152035950472055,5.633983612060547,5.596423578033864,5.633983612060547,17100
2005-10-24,5.6264804713213135,5.664040565490723,5.60018862032249,5.664040565490723,27400
2005-10-25,5.682814094861631,5.72788594125151,5.641498325220708,5.656522274017334,36200
2005-10-26,5.6415034695608535,5.660283154031946,5.57765153940048,5.626479148864746,22100
2005-10-27,5.6640387834575225,5.6640387834575225,5.58891897695268,5.596430778503418,36700
2005-10-28,5.600186031172884,5.622722148895264,5.592674230731716,5.622722148895264,21100
2005-10-31,5.600182288012525,5.6828141868308615,5.600182288012525,5.645254135131836,28300
2005-11-01,5.67154364608723,5.67154364608723,5.630227537018072,5.633983612060547,44400
2005-11-02,5.633986026603378,5.633986026603378,5.61520600154153,5.630229949951172,33600
2005-11-03,5.630236552378175,5.664040565490723,5.630236552378175,5.664040565490723,34400
2005-11-04,5.649016452725184,5.656528614643773,5.615212440490723,5.615212440490723,13300
2005-11-07,5.585160666039962,5.649012565612793,5.585160666039962,5.649012565612793,21500
2005-11-08,5.637739687103021,5.67154364608723,5.633983612060547,5.633983612060547,26800
2005-11-09,5.6377446886879845,5.664036520912322,5.633988610313265,5.649012565612793,22200
2005-11-10,5.644859740094561,5.6675148543022,5.6222049859777465,5.629756450653076,23700
2005-11-11,5.625983556314522,5.641086853858132,5.622208001996882,5.633535385131836,26100
2005-11-14,5.641083143184306,5.6448590551091895,5.622204303741455,5.622204303741455,26000
2005-11-15,5.637307591350205,5.641083143184306,5.622204303741455,5.622204303741455,25700
2005-11-16,5.6222029750164415,5.641081809997559,5.6222029750164415,5.641081809997559,18300
2005-11-17,5.641081809997559,5.659961005069371,5.6259785259582475,5.641081809997559,24600
2005-11-18,5.652411564860715,5.690169608419015,5.629756450653076,5.629756450653076,13000
2005-11-21,5.629757025819051,5.693946102525965,5.629757025819051,5.659963607788086,16200
2005-11-22,5.641080200650806,5.697717769708079,5.641080200650806,5.686390399932861,15300
2005-11-23,5.724148809693326,5.746803910879798,5.724148809693326,5.739252090454102,15900
2005-11-25,5.765684022144783,5.803442050028173,5.765684022144783,5.777011394500732,6800
2005-11-28,5.799667790416735,5.799667790416735,5.720375441168678,5.795892238616943,10300
2005-11-29,5.810998623189823,5.810998623189823,5.701499640638845,5.761912822723389,22900
2005-11-30,5.799667790416735,5.841202101031436,5.76190975178338,5.795892238616943,41000
2005-12-01,5.814771441204072,5.901615619659424,5.814771441204072,5.901615619659424,25800
2005-12-02,5.901616257417856,5.943150215025254,5.882737054836006,5.905392169952393,6900
2005-12-05,5.905390948122574,5.935597521967434,5.863856639017817,5.871408462524414,30000
2005-12-06,5.863859226469812,5.928048314236532,5.863859226469812,5.890290260314941,16700
2005-12-07,5.905393553901762,5.912945020649711,5.871411053308685,5.890290260314941,13100
2005-12-08,5.871407934526558,5.946924362347748,5.871407934526558,5.939372539520264,14900
2005-12-09,5.916721097876792,6.041323363440477,5.89406597682388,5.992237567901611,37800
2005-12-12,5.939373552560148,5.984683777071861,5.939373552560148,5.965804576873779,20500
2005-12-13,5.913327059806988,6.023607741526225,5.913327059806988,6.008396625518799,54800
2005-12-14,6.023606936949474,6.061634540557861,5.932340253095467,6.061634540557861,34800
2005-12-15,6.008395571189645,6.076845399880951,5.996987326851352,6.027409553527832,22100
2005-12-16,6.038817498175234,6.073042592153159,6.027409254403103,6.035014629364014,9800
2005-12-19,6.027409872210371,6.122479426266297,6.027409872210371,6.1034650802612305,10700
2005-12-20,6.095858571928112,6.095858571928112,6.0274083937463,6.031210899353027,35100
2005-12-21,5.970369012023773,6.0768468304578604,5.970369012023773,6.042622089385986,26200
2005-12-22,6.008394883872125,6.084450441863113,6.008394883872125,6.046422481536865,7900
2005-12-23,6.035017367908543,6.084453596902781,6.035017367908543,6.069242477416992,15200
2005-12-27,6.084453596902781,6.1414952043090665,6.065439606880121,6.069242477416992,21400
2005-12-28,6.069242477416992,6.111072965337488,6.065439606880121,6.069242477416992,15200
2005-12-29,6.107266453398953,6.107266453398953,6.076844232566345,6.095858573913574,13900
2005-12-30,6.141494844954248,6.160509196526024,6.107269737448399,6.137691974639893,12700
2006-01-03,6.122481013621304,6.2137477221386295,6.099664517822804,6.1947340965271,96600
2006-01-04,6.187129466588958,6.217551708221435,6.183326595719467,6.2175517082214355,17100
2006-01-05,6.1985321299902365,6.209940732983981,6.183321384654755,6.187124252319336,23500
2006-01-06,6.194732344889435,6.1985344886779785,6.179520868442787,6.1985344886779785,30900
2006-01-09,6.16810991399643,6.194729987648499,6.164307046331849,6.187124252319336,13100
2006-01-10,6.187128954895717,6.194734696005683,6.1605095863342285,6.1605095863342285,12400
2006-01-11,6.148663049381759,6.205984186928803,6.148663049381759,6.183055877685547,23100
2006-01-12,6.183054779809324,6.190697791159237,6.114269135415471,6.1524834632873535,37500
2006-01-13,6.121912612380404,6.163947720246632,6.098983941025618,6.118091106414795,24300
2006-01-17,6.098982678785247,6.133375132041292,6.095161173610534,6.102804183959961,14900
2006-01-18,6.106625324695882,6.137196637216005,6.102804183959961,6.102804183959961,11000
2006-01-19,6.163947251434543,6.163947251434543,6.106626124065559,6.1524834632873535,16300
2006-01-20,6.133375934912572,6.163947251434543,6.102804982829443,6.1524834632873535,17500
2006-01-23,6.137200350734129,6.171593189239502,6.137200350734129,6.171593189239502,24600
2006-01-24,6.17159305482153,6.194521370366389,6.148664739276671,6.175414562225342,18600
2006-01-25,6.179236069629153,6.190700591840587,6.17159305482153,6.175414562225342,10500
2006-01-26,6.171593189239502,6.221272057693051,6.171593189239502,6.171593189239502,32600
2006-01-27,6.248020916262227,6.29387754126848,6.194520548584382,6.205985069274902,13300
2006-01-30,6.232730015319458,6.263301317712642,6.19069493007717,6.194515705108643,17600
2006-01-31,6.232730015319458,6.267122821621458,6.19069493007717,6.194515705108643,19300
2006-02-01,6.232737882289399,6.305345090447128,6.205988050041357,6.2365593910217285,16100
2006-02-02,6.240380899754057,6.255666934683374,6.209809558773687,6.2365593910217285,16500
2006-02-03,6.205981619263858,6.2938740423965385,6.205981619263858,6.244195938110352,12200
2006-02-06,6.248018795225308,6.248018795225308,6.19069766898754,6.232732772827148,17700
2006-02-07,6.236557358763203,6.236557358763203,6.171593189239502,6.171593189239502,17200
2006-02-08,6.171593189239502,6.267128689781531,6.171593189239502,6.171593189239502,23900
2006-02-09,6.19069701692443,6.19069701692443,6.13337516784668,6.13337516784668,34900
2006-02-10,6.13337516784668,6.148661188634771,6.118089875936178,6.13337516784668,42500
2006-02-13,6.1022686958313,6.136831268664155,6.1022686958313,6.102268695831299,21400
2006-02-14,6.106106758117677,6.136829279281836,6.086905457071082,6.106106758117676,31800
2006-02-15,6.106109926776964,6.15987491607666,6.106109926776964,6.15987491607666,18100
2006-02-16,6.156033801699167,6.156033801699167,6.106109226821195,6.136831760406494,19700
2006-02-17,6.144511649314144,6.144511649314144,6.106108305009357,6.117629528045654,22600
2006-02-21,6.13298953348068,6.156031608581542,6.109947458379819,6.156031608581543,33600
2006-02-22,6.121469491749884,6.163712876955578,6.10610822747132,6.109948635101318,31900
2006-02-23,6.106106758117677,6.1291488321114675,6.106106758117677,6.106106758117676,15500
2006-02-24,6.159871719516969,6.159871719516969,6.106106758117677,6.106106758117676,31700
2006-02-27,6.144512576923563,6.163713885733258,6.113790043338264,6.136831760406494,22700
2006-02-28,6.159875280274804,6.163714956717528,6.121471557258058,6.1483540534973145,23700
2006-03-01,6.1598758734866585,6.298126945714937,6.156035464190987,6.205959320068359,25900
2006-03-02,6.144510387910432,6.194434212519808,6.144510387910432,6.156031608581543,12700
2006-03-03,6.132992784035548,6.1675553656433575,6.106110287796292,6.1483540534973145,20600
2006-03-06,6.163712955225104,6.163712955225104,6.106108305009357,6.117629528045654,9900
2006-03-07,6.144512576923563,6.144512576923563,6.106109226821195,6.136831760406494,12300
2006-03-08,6.175232910550675,6.179073317441046,6.140669981020062,6.156031608581543,15700
2006-03-09,6.202117632923481,6.221319675445557,6.144512970323305,6.221319675445557,8300
2006-03-10,6.17139430008865,6.202116831671901,6.144512176513672,6.144512176513672,8700
2006-03-13,6.173450487829309,6.242901923566612,6.131008148193359,6.131008148193359,14900
2006-03-14,6.1348690354455435,6.161878143699501,6.0808515548706055,6.0808515548706055,30800
2006-03-15,6.100144960852202,6.150303955439036,6.069277349463014,6.111720085144043,21800
2006-03-16,6.142584556561173,6.142584556561173,6.0962837123217355,6.123292446136475,17100
2006-03-17,6.146445825986134,6.150303955439036,6.107861587724574,6.111720085144043,13300
2006-03-20,6.100141224472842,6.158017178449186,6.022972795215928,6.115574836730957,19400
2006-03-21,6.127148721315506,6.127148721315506,6.057697296142578,6.057697296142578,11900
2006-03-22,6.038404798018189,6.084705990417913,6.003679455667762,6.019113063812256,28200
2006-03-23,6.022972759902687,6.053839984237938,6.00753914773506,6.0384063720703125,21200
2006-03-24,6.022972759902687,6.076990586472546,6.022972759902687,6.0384063720703125,10300
2006-03-27,6.022971189873696,6.034546671956749,6.007537581729203,6.019113063812256,21400
2006-03-28,6.0113959312438965,6.038404652855913,6.0113959312438965,6.0113959312438965,12100
2006-03-29,6.007535025179671,6.046119213104248,5.999818408374407,6.046119213104248,26600
2006-03-30,6.096278510219764,6.096278510219764,6.038402228332898,6.046119213104248,17500
2006-03-31,6.142582993953955,6.154158110077629,6.073131561279297,6.073131561279297,17700
2006-04-03,6.154158948708481,6.154158948708481,6.073132388868613,6.103999614715576,15500
2006-04-04,6.103995127025027,6.11942872860164,6.038402228332898,6.046119213104248,23200
2006-04-05,6.134864154534605,6.134864154534605,6.030687404904405,6.0345458984375,14500
2006-04-06,6.022974024111572,6.069274870332895,6.015257400391227,6.061558246612549,25200
2006-04-07,6.01139824456527,6.042265471990618,5.999823126272359,6.007539749145508,32300
2006-04-10,6.007540253486674,6.007540253486674,5.93037217844494,5.965097904205322,32800
2006-04-11,5.97091166710399,5.97091166710399,5.8894901275634775,5.889490127563477,38100
2006-04-12,5.854594267881647,5.8739800453186035,5.8158219734877274,5.8739800453186035,74000
2006-04-13,5.87398390622953,5.87398390622953,5.815825796171909,5.819703102111816,35800
2006-04-17,5.819703102111816,5.862352358170055,5.819703102111816,5.819703102111816,41100
2006-04-18,5.8545952717007514,5.901121811094815,5.835209121179875,5.885612964630127,24000
2006-04-19,5.827453470760579,5.932138442993164,5.827453470760579,5.932138442993164,32400
2006-04-20,5.881735694075061,5.936016841890677,5.881735694075061,5.928262233734131,19100
2006-04-21,5.9398966544126806,5.9398966544126806,5.897247398165994,5.905001640319824,16800
2006-04-24,5.912752295939723,5.936015746355853,5.912752295939723,5.932138442993164,8300
2006-04-25,5.95928046117616,5.95928046117616,5.912753917345311,5.91663122177124,9500
2006-04-26,5.939892055819118,5.95152396468495,5.9127516746521,5.9127516746521,16300
2006-04-27,5.9127516746521,5.95152396468495,5.893365529635674,5.9127516746521,20000
2006-04-28,5.970911808806658,5.970911808806658,5.893367571632563,5.908876419067383,14300
2006-05-01,5.970912314818487,6.029070774947831,5.90887691982195,5.974789619445801,25800
2006-05-02,5.974787907767964,6.021314440686285,5.970910604251434,5.982542514801025,21900
2006-05-03,5.974792146965775,6.013564470120551,5.970914840698242,5.970914840698242,10700
2006-05-04,6.067841689221122,6.067841689221122,5.978665916383984,5.986420154571533,21200
2006-05-05,5.998053237835623,6.060088634490967,5.986421323642648,6.060088634490967,30000
2006-05-08,6.021314673410767,6.060086970554596,5.970910835027802,6.009683132171631,45600
2006-05-09,5.974791257075235,6.029072427455181,5.974791257075235,6.025195121765137,21700
2006-05-10,6.056212567562082,6.203546849611582,6.013563316084677,6.1415114402771,48700
2006-05-11,6.1863078389620165,6.1863078389620165,6.065542221069336,6.065542221069336,11400
2006-05-12,6.104497416007358,6.104497416007358,5.975940704345703,5.975940704345703,30900
2006-05-15,5.882450310498259,6.030485153198242,5.882450310498259,6.030485153198242,23600
2006-05-16,5.933093418926542,6.026589595131599,5.890241267992063,5.972050189971924,42700
2006-05-17,5.940884653717401,5.956467287128675,5.886345251018298,5.921406269073486,23300
2006-05-18,5.921405255165929,5.964257768348869,5.90192687385725,5.940883636474609,10600
2006-05-19,5.933091163635253,5.972047919872363,5.925300035299329,5.933091163635254,13000
2006-05-22,6.0304858623791375,6.0304858623791375,5.925303159510335,5.98763370513916,15800
2006-05-23,5.987632124397417,6.018797388984164,5.960362610763829,6.014901638031006,19300
2006-05-24,6.077232484836595,6.077232484836595,5.956466806994344,6.038275718688965,27300
2006-05-25,6.011003221359604,6.065542221069336,6.011003221359604,6.065542221069336,10600
2006-05-26,6.096712045479199,6.116190433502197,6.038277252929556,6.116190433502197,12700
2006-05-30,6.116190269032973,6.116190269032973,6.0577554780546885,6.061651229858398,8800
2006-05-31,6.13566873183441,6.155147119572674,6.038277164662436,6.0460686683654785,44500
2006-06-01,6.057752204675098,6.14735221862793,6.057752204675098,6.14735221862793,18000
2006-06-02,6.15514692001853,6.186312190781615,6.13566853291177,6.1824164390563965,17500
2006-06-05,6.135669246223584,6.186312909981087,6.112295104674206,6.143460750579834,21800
2006-06-06,6.174622516469552,6.178517894914899,6.135665759862757,6.166831016540527,17800
2006-06-07,6.12397842764044,6.186308936376666,6.116186928288843,6.174622058868408,24900
2006-06-08,6.162938341845781,6.16683409375425,6.057755640952554,6.116190433502197,21800
2006-06-09,6.096709815360754,6.1824144684003866,6.085022935429644,6.088918685913086,21300
2006-06-12,6.11618592824737,6.131768552883553,6.05385542970264,6.057751178741455,13600
2006-06-13,6.034663773510716,6.109020685251855,5.956393241882324,5.956393241882324,34300
2006-06-14,5.94856428374554,5.9955265891565706,5.94856428374554,5.983786106109619,12000
2006-06-15,5.968134423412324,6.0033562600531205,5.964220803069263,5.9916157722473145,14500
2006-06-16,6.015096246927225,6.026836733755295,5.964220306374463,5.968133926391602,13700
2006-06-19,5.964218629846986,6.011180937181619,5.964218629846986,6.003354072570801,18300
2006-06-20,6.003354809405114,6.058143988075229,5.960305742480552,6.00726842880249,28000
2006-06-21,5.983787276748931,6.003355001137468,5.9289977231056845,5.9798736572265625,22500
2006-06-22,5.9485631215181325,5.987698554992676,5.944649503526048,5.987698554992676,7100
2006-06-23,5.979874912120919,6.007269881303107,5.952480316162109,5.952480316162109,10000
2006-06-26,5.987700968316975,5.987700968316975,5.909430443044351,5.917257308959961,26100
2006-06-27,5.913343750231631,5.956392819491975,5.901603264625768,5.909430503845215,35200
2006-06-28,5.948562369873879,5.948562369873879,5.901600079572348,5.928994655609131,14900
2006-06-29,5.909427314567489,5.940735508101843,5.901600079572348,5.928994655609131,12500
2006-06-30,5.936824105346646,5.948564588996059,5.913342764824573,5.940737724304199,19400
2006-07-03,5.9446509084850785,6.003354072570801,5.93682404387426,6.003354072570801,9400
2006-07-05,6.007271079971758,6.022925191246553,5.929000150374333,5.972049236297607,24900
2006-07-06,5.987700896271298,6.015095486481271,5.9485654474942224,5.9798736572265625,6600
2006-07-07,5.979871957463004,6.0464019775390625,5.979871957463004,6.0464019775390625,18900
2006-07-10,6.042491260003419,6.042491260003419,5.97596158121104,6.015096664428711,4700
2006-07-11,6.026834036623937,6.026834036623937,5.983785355370616,5.99552583694458,13300
2006-07-12,6.015581897254683,6.015581897254683,5.95267391204834,5.95267391204834,19800
2006-07-13,5.9644654593654645,5.984124286596838,5.948738472572555,5.960533618927002,8200
2006-07-14,5.9644675208428914,6.007716655731201,5.9448086868169066,6.007716655731201,17900
2006-07-17,5.956603312604329,6.011647968036668,5.956603312604329,5.9919891357421875,10700
2006-07-18,5.99592034176733,6.023442479086284,5.984125193625064,5.988056659698486,5400
2006-07-19,6.027376747049275,6.094216571703561,6.003786441266086,6.058830738067627,18900
2006-07-20,6.058824855615384,6.058824855615384,6.015575753695557,6.0548930168151855,7200
2006-07-21,6.058828407573813,6.074555397033692,6.015579280299396,6.074555397033691,15500
2006-07-24,6.094216571703561,6.094216571703561,6.047035585176032,6.058830738067627,16900
2006-07-25,6.054895503339309,6.074554330452678,6.01164638365865,6.043100357055664,29400
2006-07-26,6.054894330148847,6.1020756560635,6.015577058501125,6.03523588180542,29000
2006-07-27,6.054898311184178,6.129601813865131,6.054898311184178,6.070625305175781,16200
2006-07-28,6.094213908038284,6.129599726207748,6.074555078504028,6.078486919403076,9300
2006-07-31,6.1178033272064525,6.172847588691066,6.086348981408361,6.168915748596191,15300
2006-08-01,6.192506733238112,6.192506733238112,6.137462093956727,6.176779747009277,15300
2006-08-02,6.239689512198052,6.239689512198052,6.141395725852851,6.188576698303223,26700
2006-08-03,6.19250895755451,6.2278947830200195,6.157123132088999,6.2278947830200195,17900
2006-08-04,6.2436224600743575,6.247554302215576,6.2043047885843805,6.247554302215576,7600
2006-08-07,6.251485769395691,6.271144605140679,6.200373321404267,6.247554302215576,17300
2006-08-08,6.275076884043406,6.282940193912045,6.204305220419998,6.220032215118408,6300
2006-08-09,6.20430603285277,6.231828558399815,6.070626372930829,6.172852039337158,26500
2006-08-10,6.1767826435180595,6.263281295819346,6.172850801376841,6.247554302215576,11200
2006-08-11,6.240054979807892,6.283498264436997,6.2005608107673895,6.267700672149658,13900
2006-08-14,6.224249443954355,6.275591647524887,6.16895775319136,6.184755325317383,20400
2006-08-15,6.216350078582764,6.228198539414926,6.208451481338461,6.216350078582764,13700
2006-08-16,6.212405140067717,6.212405140067717,6.168961881807441,6.18080997467041,31500
2006-08-17,6.121568020105183,6.212404009936972,6.121568020105183,6.1887078285217285,21300
2006-08-18,6.259791352474422,6.259791352474422,6.121562374016581,6.133410453796387,37800
2006-08-21,6.145263878709245,6.157111968068315,6.117617834679455,6.153162479400635,22100
2006-08-22,6.157109502356248,6.192654132843018,6.1413119306558865,6.192654132843018,15500
2006-08-23,6.1847589010046935,6.240050623734321,6.161062717437744,6.161062717437744,11100
2006-08-24,6.1373638267861725,6.275592892800759,6.1373638267861725,6.236098766326904,33800
2006-08-25,6.2795406881878755,6.2795406881878755,6.188704743635123,6.212400913238525,18400
2006-08-28,6.200553445815705,6.228199481964111,6.196603958273952,6.228199481964111,13700
2006-08-29,6.240048961346512,6.271644115447998,6.216352407448425,6.271644115447998,16300
2006-08-30,6.279542599966958,6.311137753486384,6.255846423149359,6.283492088317871,23200
2006-08-31,6.299289534356866,6.315087110788753,6.267694381493092,6.307188510894775,7900
2006-09-01,6.299289781125811,6.311137869752882,6.271644115447998,6.271644115447998,14400
2006-09-05,6.2676925042587825,6.271641991344828,6.192654132843018,6.192654132843018,38500
2006-09-06,6.1808088803981915,6.224252507611137,6.105770470025673,6.117618560791016,36300
2006-09-07,6.105766983630724,6.129463528274687,6.0741718418679715,6.113665580749512,26000
2006-09-08,6.1255144132276875,6.196603298187256,6.1255144132276875,6.196603298187256,14500
2006-09-11,6.208451660970729,6.208451660970729,6.161058946202258,6.176856517791748,14400
2006-09-12,6.200558992026102,6.224255561828613,6.19660950095165,6.224255561828613,13600
2006-09-13,6.239322826217945,6.259155460702748,6.231389999389648,6.231389999389648,14000
2006-09-14,6.247256974706678,6.282955646514892,6.247256974706678,6.282955646514893,10200
2006-09-15,6.286920382148054,6.286920382148054,6.239321915025407,6.243288516998291,12300
2006-09-18,6.251221262575436,6.267087291027619,6.215522603989035,6.223455429077148,15400
2006-09-19,6.247255259522887,6.247255259522887,6.1242932435289354,6.2036237716674805,24300
2006-09-20,6.148095063260804,6.1599944961755995,6.132229026615693,6.1560282707214355,40000
2006-09-21,6.156027397160585,6.183792862780479,6.152060793993144,6.179826259613037,10600
2006-09-22,6.179827873173673,6.267091274261475,6.1758612689705465,6.267091274261475,41400
2006-09-25,6.243287260604553,6.286919116973877,6.231387835356513,6.286919116973877,12800
2006-09-26,6.2869239170009115,6.298823351334094,6.251225235725165,6.267091274261475,25600
2006-09-27,6.310720214418646,6.334519451664415,6.275021547688015,6.3265862464904785,23800
2006-09-28,6.318655110415739,6.326587939436397,6.267090397814958,6.290889263153076,13700
2006-09-29,6.298819815014014,6.378149963157568,6.298819815014014,6.3464179039001465,37000
2006-10-02,6.334518476247609,6.3741833611813945,6.290886611061666,6.3464179039001465,18200
2006-10-03,6.354354923256835,6.370220584135927,6.247258875251372,6.314689636230469,23900
2006-10-04,6.306753816790367,6.338485881965267,6.298820989634669,6.33055305480957,21100
2006-10-05,6.346421714541076,6.346421714541076,6.298823597075164,6.314689636230469,12400
2006-10-06,6.30675745010376,6.322623491831612,6.286925181651148,6.30675745010376,7500
2006-10-09,6.267086489376539,6.306751366295307,6.267086489376539,6.286919116973877,6800
2006-10-10,6.286919116973877,6.290885339872618,6.2750193134499295,6.286919116973877,11900
2006-10-11,6.294091093048101,6.329943571018867,6.278156700606192,6.321976184844971,8400
2006-10-12,6.361815516105034,6.361815516105034,6.298077914676041,6.325963020324707,5400
2006-10-13,6.2940937991477,6.329946292532983,6.238323211669922,6.238323211669922,20600
2006-10-16,6.266208466051404,6.294093950413488,6.226372656815086,6.262225151062012,10200
2006-10-17,6.226369921283426,6.306041884658546,6.226369921283426,6.250271320343018,11700
2006-10-18,6.262223903974029,6.29010900287689,6.254256515769794,6.266207218170166,16000
2006-10-19,6.294094613008707,6.321979720400271,6.274176516340692,6.317996025085449,14200
2006-10-20,6.3179912266233424,6.325958611201824,6.258237361907959,6.258237361907959,17900
2006-10-23,6.258241848571145,6.278159944391237,6.202471256256103,6.2024712562561035,20400
2006-10-24,6.194500641527227,6.214418725757742,6.18254994295126,6.190516948699951,15300
2006-10-25,6.194500251362849,6.2064509491860935,6.194500251362849,6.198483943939209,4200
2006-10-26,6.2064509491860935,6.218401647009339,6.174582168386887,6.198483943939209,17300
2006-10-27,6.202469224547141,6.222387313842773,6.202469224547141,6.222387313842773,9900
2006-10-30,6.222386228138197,6.266205713018041,6.222386228138197,6.250271320343018,11200
2006-10-31,6.234339584676466,6.266208383608654,6.222388880053408,6.254257678985596,13400
2006-11-01,6.262223108527129,6.2901082038879395,6.246288714048675,6.2901082038879395,11200
2006-11-02,6.29010821595022,6.29010821595022,6.27417382144121,6.282141208648682,20100
2006-11-03,6.2144219520347965,6.262225151062012,6.2144219520347965,6.262225151062012,17600
2006-11-06,6.282141112368234,6.282141112368234,6.214419841766358,6.214419841766357,17200
2006-11-07,6.202472011919471,6.222390110166237,6.198488696195018,6.206455707550049,13600
2006-11-08,6.222389434019523,6.222389434019523,6.198488022645516,6.2104387283325195,8300
2006-11-09,6.214422423530215,6.214422423530215,6.198488022645516,6.2104387283325195,21400
2006-11-10,6.254255637475392,6.254255637475392,6.2104361482236765,6.214419841766357,13700
2006-11-13,6.2216214497686515,6.253629760714269,6.205617294295843,6.241626739501953,9900
2006-11-14,6.221620906145832,6.257630348205566,6.221620906145832,6.257630348205566,26900
2006-11-15,6.241629370490438,6.2936426115249535,6.241629370490438,6.289641857147217,28100
2006-11-16,6.29764134170172,6.301642476120304,6.253630007804832,6.2776360511779785,30200
2006-11-17,6.281640139474401,6.281640139474401,6.25763408481265,6.2736382484436035,14700
2006-11-20,6.273639194736145,6.273639194736145,6.257635028691182,6.265636920928955,12700
2006-11-21,6.273634230227415,6.321646690368652,6.2696330964900335,6.321646690368652,10800
2006-11-22,6.341651895777947,6.3536549152663255,6.31764547523208,6.329648494720459,10500
2006-11-24,6.361655784752213,6.381661068416274,6.33764974961058,6.3496527671813965,8900
2006-11-27,6.349659357818523,6.365663525047508,6.349659357818523,6.3616623878479,18100
2006-11-28,6.373660006380458,6.401667178182897,6.373660006380458,6.381661891937256,20600
2006-11-29,6.393666750112837,6.429676199398826,6.393666750112837,6.39766788482666,13600
2006-11-30,6.409673378370353,6.48969380931633,6.409673378370353,6.469688892364502,12100
2006-12-01,6.5016965816412755,6.553709818513426,6.417675022892742,6.497695446014404,19000
2006-12-04,6.48568541190319,6.569707647934355,6.48568541190319,6.513693332672119,6400
2006-12-05,6.52170039915545,6.577715525366752,6.52170039915545,6.533703804016113,5900
2006-12-06,6.5417044259508375,6.61372331069505,6.46168327331543,6.46168327331543,14100
2006-12-07,6.421670219635416,6.533699637478444,6.421670219635416,6.5016913414001465,19800
2006-12-08,6.521699084228349,6.521699084228349,6.481689269036641,6.485689640045166,5100
2006-12-11,6.501699622686427,6.533707959534095,6.4136768871400776,6.48169469833374,8200
2006-12-12,6.4616866203283045,6.549710086449145,6.4616866203283045,6.469688892364502,9200
2006-12-13,6.526530677478637,6.538623818115421,6.462031364440917,6.462031364440918,12100
2006-12-14,6.510402661380749,6.510402661380749,6.3370609283447275,6.337060928344727,36500
2006-12-15,6.308841466053538,6.39752816515932,6.308841466053538,6.316904067993164,34300
2006-12-18,6.328997586456582,6.337060188396208,6.308841466053538,6.316904067993164,10500
2006-12-19,6.308843968274792,6.333031399240897,6.308843968274792,6.312875270843506,21800
2006-12-20,6.328997586456582,6.333028887426395,6.308841466053538,6.316904067993164,8800
2006-12-21,6.316901538920916,6.393494304452125,6.296745426587694,6.3612446784973145,22800
2006-12-22,6.36930982726267,6.36930982726267,6.312872767023351,6.316904067993164,7200
2006-12-26,6.349152331800893,6.3531836318976325,6.284653068036804,6.288684368133545,27100
2006-12-27,6.308841466053538,6.328997586456582,6.284654429126702,6.316904067993164,11000
2006-12-28,6.341089578376207,6.341089578376207,6.320933847271442,6.333027362823486,9600
2006-12-29,6.3693117543376125,6.409623622894287,6.316905979212412,6.409623622894287,20600
2007-01-03,6.409621341779552,6.490245819091798,6.365278186814616,6.490245819091797,19700
2007-01-04,6.3612471383282845,6.449933836221211,6.3612471383282845,6.4136528968811035,22400
2007-01-05,6.449933976391558,6.457996578396139,6.316904118884164,6.341091156005859,51200
2007-01-08,6.32899725458533,6.34512207317303,6.32093503751448,6.324965953826904,19600
2007-01-09,6.31287532454099,6.373343710247511,6.31287532454099,6.365281105041504,13100
2007-01-10,6.376612485676697,6.392807041624544,6.328028817833153,6.3685150146484375,20300
2007-01-11,6.388761437490582,6.43734512914688,6.372566873605149,6.380664348602295,25700
2007-01-12,6.477829398540322,6.477829398540322,6.37661331418813,6.388759136199951,26100
2007-01-16,6.4332945583701395,6.469732024960357,6.396856705671196,6.449489116668701,20000
2007-01-17,6.449492059685336,6.457589149475098,6.4090054524098194,6.457589149475098,13400
2007-01-18,6.46163493886544,6.46163493886544,6.417100000071579,6.449489116668701,9700
2007-01-19,6.477832490028091,6.4859299659729,6.425200054713544,6.4859299659729,16800
2007-01-22,6.502124108591044,6.502124108591044,6.453540411525766,6.457589149475098,4100
2007-01-23,6.494024744446226,6.494024744446226,6.400905740304977,6.441391944885254,12000
2007-01-24,6.445440726838357,6.485927317814203,6.437343254199689,6.473781108856201,11400
2007-01-25,6.457589458538906,6.498075681643213,6.445443630218506,6.445443630218506,9900
2007-01-26,6.457586249959902,6.481878280639648,6.429245869257471,6.481878280639648,9300
2007-01-29,6.47783276314552,6.489978977574841,6.433297801898106,6.445443630218506,16200
2007-01-30,6.457587848809759,6.518317747491024,6.441393286383186,6.4899773597717285,17200
2007-01-31,6.465683158266074,6.546655943287988,6.453536950931266,6.4778289794921875,24500
2007-02-01,6.526415221758723,6.538560660942621,6.469733674102482,6.4899773597717285,16200
2007-02-02,6.498071886166144,6.498071886166144,6.453536950931266,6.4778289794921875,11800
2007-02-05,6.489979819427177,6.526417695223863,6.489979819427177,6.502125263214111,11300
2007-02-06,6.526413908790048,6.526413908790048,6.473781108856201,6.473781108856201,24600
2007-02-07,6.457586549687612,6.522365172470715,6.457586549687612,6.473781108856201,19600
2007-02-08,6.574996680062154,6.574996680062154,6.437342744964094,6.494024276733398,19100
2007-02-09,6.518317747491024,6.518317747491024,6.477831148370181,6.4899773597717285,12700
2007-02-12,6.494026096905578,6.498074061821778,6.457587848809759,6.4899773597717285,10400
2007-02-13,6.505429971768479,6.550155050986847,6.460705280303955,6.460705280303955,10100
2007-02-14,6.4403776329901286,6.501365901855871,6.436311644998024,6.45664119720459,13700
2007-02-15,6.456637248821486,6.49729594061693,6.452571263315826,6.49323034286499,14700
2007-02-16,6.50136020563426,6.50136020563426,6.4363060057742,6.440371990203857,15700
2007-02-20,6.448503571309557,6.50136020563426,6.440371990203858,6.440371990203857,8600
2007-02-21,6.45257091005723,6.476966434001892,6.44850492477417,6.44850492477417,20600
2007-02-22,6.497297998181924,6.497297998181924,6.4525733067174,6.460705280303955,14100
2007-02-23,6.460705280303955,6.4810344387626575,6.4525733067174,6.460705280303955,9300
2007-02-26,6.440375582655066,6.497297845407134,6.440375582655066,6.489166259765625,26600
2007-02-27,6.497297998181924,6.497297998181924,6.460705280303955,6.460705280303955,6700
2007-02-28,6.472900390625,6.481031973364441,6.452570852145854,6.472900390625,18700
2007-03-01,6.4688321544609435,6.472898138292698,6.436305059314031,6.444437026977539,15200
2007-03-02,6.456634991957965,6.460700976042394,6.436305459289403,6.452569007873535,19500
2007-03-05,6.452576410692296,6.460708388190692,6.367192585729281,6.411917686462402,29200
2007-03-06,6.37532400870008,6.464773426877926,6.37532400870008,6.428180694580078,16800
2007-03-07,6.432241041318481,6.456636564011261,6.411911891453789,6.42410945892334,20300
2007-03-08,6.46070288062335,6.468834463435772,6.424109788583206,6.44850492477417,18600
2007-03-09,6.44037300067926,6.444438985746859,6.411911880713422,6.415977478027344,14300
2007-03-12,6.3956489657559565,6.44037403316225,6.3956489657559565,6.403780937194824,27500
2007-03-13,6.430317788279805,6.450731573416298,6.397655887805641,6.4099040031433105,11100
2007-03-14,6.430318823303442,6.430318823303442,6.3976569175720215,6.3976569175720215,14600
2007-03-15,6.409906625252569,6.430320418739761,6.393575668334961,6.393575668334961,25400
2007-03-16,6.430319382106863,6.430319382106863,6.369078400878682,6.385409355163574,18600
2007-03-19,6.385409042145892,6.418070949114565,6.385409042145892,6.41398811340332,7000
2007-03-20,6.40582046241311,6.442565193737935,6.401738017324091,6.426234245300293,7400
2007-03-21,6.450730552449722,6.450730552449722,6.385406761840287,6.434399604797363,37100
2007-03-22,6.401737709492646,6.434399604797363,6.393572040986214,6.434399604797363,12200
2007-03-23,6.434402145099738,6.462981217434259,6.393574565169859,6.430319309234619,25700
2007-03-26,6.4221546708246535,6.46706509384571,6.418072223663329,6.41807222366333,6500
2007-03-27,6.458898138145084,6.458898138145084,6.3976571599189835,6.41398811340332,12100
2007-03-28,6.430319066887656,6.454815691794483,6.405822441980829,6.41398811340332,11700
2007-03-29,6.45072929834484,6.467060242822253,6.45072929834484,6.462977409362793,10200
2007-03-30,6.479311233475715,6.495642185211182,6.454815000552817,6.495642185211182,14700
2007-04-02,6.503806154849002,6.520137102313511,6.409902914907697,6.446647644042969,30100
2007-04-03,6.446647718196505,6.46706150010208,6.426233936290931,6.434399604797363,16300
2007-04-04,6.45072929834484,6.467060242822253,6.438481187326889,6.462977409362793,13700
2007-04-05,6.462982339967232,6.462982339967232,6.43440326266891,6.438486099243164,23300
2007-04-09,6.446648178721146,6.462979127540128,6.340496816717503,6.401738166809082,102000
2007-04-10,6.4099065506192385,6.4221546708246535,6.377244637164319,6.41807222366333,19900
2007-04-11,6.395520989065309,6.428318500518799,6.395520989065309,6.428318500518799,10000
2007-04-12,6.403718626464519,6.428316949608577,6.403718626464519,6.420117378234863,12700
2007-04-13,6.416021693600354,6.416021693600354,6.334027882339062,6.342227458953857,31800
2007-04-16,6.342228582025752,6.39142487749413,6.342228582025752,6.36682653427124,28200
2007-04-17,6.407821061427598,6.407821061427598,6.358624785776651,6.399621486663818,33300
2007-04-18,6.399621486663818,6.407821061427598,6.395522090259172,6.399621486663818,12300
2007-04-19,6.411920965893033,6.432419121222297,6.395522207043271,6.407821178436279,21500
2007-04-20,6.4078236998323685,6.416022886994899,6.366826591087503,6.370926380157471,35500
2007-04-23,6.3668213372369715,6.420117378234864,6.3668213372369715,6.420117378234863,24800
2007-04-24,6.342228582025752,6.383225299427366,6.342228582025752,6.36682653427124,40700
2007-04-25,6.366820235012895,6.432415230738468,6.366820235012895,6.403717517852783,35800
2007-04-26,6.448818234442807,6.448818234442807,6.416020714941017,6.444718837738037,19200
2007-04-27,6.399623877081728,6.461119537848498,6.399623877081728,6.452919960021973,23900
2007-04-30,6.465214669382731,6.47751363628526,6.452915311503093,6.461114883422852,10300
2007-05-01,6.47751727263015,6.522613770573743,6.457018722300398,6.493916034698486,22400
2007-05-02,6.477517029142195,6.5595108364017545,6.477517029142195,6.522613525390625,24200
2007-05-03,6.522612063343295,6.539010821119415,6.49391433497939,6.514412879943848,11600
2007-05-04,6.543108940124512,6.543108940124512,6.522610400386212,6.543108940124512,2600
2007-05-07,6.543111507792869,6.5841082123803965,6.5103139877319345,6.510313987731934,19500
2007-05-08,6.518514953186222,6.600509166717529,6.518514953186222,6.600509166717529,9500
2007-05-09,6.600506124607965,6.600506124607965,6.526711522831963,6.530811309814453,9100
2007-05-10,6.530811549368082,6.649702248403628,6.375023157113901,6.55950927734375,28900
2007-05-11,6.565682411193848,6.582148056907165,6.557449784623168,6.565682411193848,20600
2007-05-14,6.573915430336486,6.62331236747644,6.565682411193848,6.565682411193848,20500
2007-05-15,6.56980039140288,6.594499061787588,6.565683880910087,6.586266040802002,23700
2007-05-16,6.573915430336486,6.602730604763762,6.565682411193848,6.565682411193848,16000
2007-05-17,6.594499086496986,6.602732107513421,6.578033044464117,6.5903825759887695,8700
2007-05-18,6.5862645664784845,6.5903810760498045,6.565682411193848,6.565682411193848,11600
2007-05-21,6.590380050760733,6.598613068622532,6.5286335945129395,6.5286335945129395,9000
2007-05-22,6.512169437064653,6.586265044437612,6.512169437064653,6.524518966674805,7800
2007-05-23,6.503940582275391,6.5245227509916095,6.466892757100641,6.503940582275391,33700
2007-05-24,6.499817723724535,6.524516380583161,6.438071670435718,6.442187786102295,21500
2007-05-25,6.5203976347554455,6.561561525297932,6.5121646211039295,6.5162811279296875,37000
2007-05-29,6.524517076361201,6.615077911832678,6.524517076361201,6.5533318519592285,30000
2007-05-30,6.462773474022556,6.660361659384081,6.462773474022556,6.586266040802002,48600
2007-05-31,6.627428877047759,6.627428877047759,6.553333275051849,6.565682411193848,13100
2007-06-01,6.6480121279057025,6.6480121279057025,6.549218231510964,6.586266040802002,17600
2007-06-04,6.656248503379915,6.656248503379915,6.520406729235202,6.536872386932373,26500
2007-06-05,6.545100350240212,6.5944976806640625,6.524518587230901,6.5944976806640625,21400
2007-06-06,6.573919704284352,6.619200161291483,6.561570167541504,6.561570167541504,13100
2007-06-07,6.549220582614217,6.594501429146203,6.503940128654421,6.508056640625,11700
2007-06-08,6.508052693026165,6.536867474197613,6.446306228637695,6.446306228637695,19800
2007-06-11,6.442189274881965,6.499819225822394,6.43807315826416,6.43807315826416,14300
2007-06-12,6.43395947160077,6.438075982596379,6.3845625173697504,6.41749382019043,15000
2007-06-13,6.489830736142839,6.489830736142839,6.407157810973399,6.4154253005981445,20700
2007-06-14,6.411291555785772,6.440226981041175,6.411291555785772,6.4154253005981445,9400
2007-06-15,6.48983441877268,6.48983441877268,6.411295193848853,6.423696041107178,12700
2007-06-18,6.423692396007287,6.436093236228802,6.415425300598145,6.4154253005981445,12900
2007-06-19,6.4112902113833,6.44022563057115,6.407156467437745,6.407156467437744,17600
2007-06-20,6.427831632238846,6.47743542971798,6.427831632238846,6.4567670822143555,15000
2007-06-21,6.42783075615968,6.452632454410938,6.3906278145669075,6.394761562347412,26100
2007-06-22,6.386492562382697,6.407160902200697,6.320354190337733,6.365824222564697,21000
2007-06-25,6.407160352084764,6.419561197224516,6.279016971588135,6.279016971588135,28400
2007-06-26,6.29968138321305,6.369953452232589,6.2542113832303246,6.258345127105713,47400
2007-06-27,6.274880707909223,6.320350715134805,6.254212379455566,6.254212379455566,19000
2007-06-28,6.262483173579766,6.262483173579766,6.229413986206055,6.229413986206055,20400
2007-06-29,6.2335452593340435,6.270748178919053,6.2294115139988975,6.2376790046691895,24800
2007-07-02,6.254213157532539,6.270747743509391,6.233544826507568,6.233544826507568,15000
2007-07-03,6.23354889615345,6.2624843419498815,6.229415148406565,6.245949745178223,12900
2007-07-05,6.225277763578056,6.241812349642427,6.171540260314942,6.171540260314941,24100
2007-07-06,6.179806478220412,6.179806478220412,6.12193563232514,6.134336471557617,14000
2007-07-09,6.155005574362596,6.159138925149889,6.064065155376587,6.084733486175537,46900
2007-07-10,6.080598281756761,6.121934933433374,6.080598281756761,6.117801189422607,18700
2007-07-11,6.128184331650542,6.148943842537361,6.094969272613525,6.094969272613525,15000
2007-07-12,6.08251500513705,6.09497095267543,6.06590747104072,6.078363418579102,38000
2007-07-13,6.053446049486313,6.0742055459651425,6.020231013501969,6.036838531494141,30500
2007-07-16,6.028538546707719,6.053449640496434,6.02023458480835,6.02023458480835,39800
2007-07-17,6.020232836178473,6.024384815922179,5.962106307630342,5.982865810394287,42400
2007-07-18,5.966257971478574,6.011928558377468,5.957954408385393,5.991169452667236,24100
2007-07-19,5.999472850111105,5.999472850111105,5.916435241699219,5.916435241699219,47200
2007-07-20,5.916436742511187,5.9911708070168155,5.916436742511187,5.97041130065918,31100
2007-07-23,5.978715908260235,5.982867889446759,5.920589755467791,5.94550085067749,23800
2007-07-24,5.945500063761301,5.953804025035278,5.879069957388162,5.908133029937744,38000
2007-07-25,5.916435797722379,5.9330433209655205,5.854157684549241,5.891524314880371,37900
2007-07-26,5.903980972682179,5.903980972682179,5.85415839689028,5.887373447418213,31800
2007-07-27,5.89567756652832,5.899829547223441,5.874918059007388,5.89567756652832,32000
2007-07-30,5.899829855046295,5.933044910430908,5.883222327353988,5.933044910430908,48900
2007-07-31,5.916436585537715,5.962107181549073,5.874917573924016,5.962107181549072,61700
2007-08-01,5.9704136167362245,5.9704136167362245,5.912287055576986,5.9496541023254395,17800
2007-08-02,5.95380362180019,5.9621071865571205,5.9205885708631865,5.928892135620117,28300
2007-08-03,5.970412341841909,5.970412341841909,5.933045303072641,5.94550085067749,15800
2007-08-06,5.957954243882437,5.96625780674635,5.916435241699219,5.916435241699219,25400
2007-08-07,5.937196096331688,5.941348076687474,5.903981045394684,5.928892135620117,15000
2007-08-08,5.949649410987707,5.949649410987707,5.903978832059374,5.937193870544434,47500
2007-08-09,5.962108379468863,5.962108379468863,5.920589755467791,5.94550085067749,46400
2007-08-10,5.937197931297068,5.957957443537343,5.899830888455527,5.920590400695801,22200
2007-08-13,5.960213757665449,5.960213757665449,5.905992031097412,5.905992031097412,28200
2007-08-14,5.935186386108398,5.935186386108398,5.8893066611759,5.935186386108398,26200
2007-08-15,5.901821615473454,5.901821615473454,5.851770877838135,5.851770877838135,23800
2007-08-16,5.8350850600866115,5.851768632897991,5.605685635604328,5.676590919494629,109500
2007-08-17,5.672423228251751,5.89348078060074,5.672423228251751,5.876797199249268,50400
2007-08-20,5.901818169243676,5.918501738713466,5.8601094444530375,5.889305591583252,10600
2007-08-21,5.839258191386096,5.94353065908942,5.839258191386096,5.939359664916992,15900
2007-08-22,5.939356211391945,6.0019198942961145,5.897647487223499,5.910160064697266,71400
2007-08-23,5.9018214137513665,5.976897716522217,5.893479823314544,5.976897716522217,23600
2007-08-24,5.9643816947937,5.989406849450412,5.935185150670655,5.964381694793701,16100
2007-08-27,5.976894708644581,5.976894708644581,5.86010971692599,5.880964279174805,73500
2007-08-28,5.872624773769859,5.8767957675335705,5.830915631668459,5.860112190246582,25700
2007-08-29,5.889307980278216,5.960213278725829,5.8726244040415905,5.922675132751465,42900
2007-08-30,5.918504419204431,5.956042566954405,5.914333823273874,5.9477009773254395,17000
2007-08-31,5.964380277710275,5.993576417128917,5.960209287002592,5.9810638427734375,31300
2007-09-04,5.993581295163752,6.001923283368464,5.951872547443861,5.976897716522217,40100
2007-09-05,5.943528175354003,5.956040754874521,5.876793887554269,5.943528175354004,48800
2007-09-06,5.910163401956079,5.981068710624574,5.910163401956079,5.976897716522217,34800
2007-09-07,5.976897993091933,6.010265151919005,5.976897993091933,6.001923561096191,30000
2007-09-10,6.006089822021957,6.089508056640625,6.006089822021957,6.089508056640625,28700
2007-09-11,6.122875180168385,6.122875180168385,6.068653486872595,6.072824478149414,19500
2007-09-12,6.136495410027603,6.157439160808108,6.031777055593897,6.082042217254639,65000
2007-09-13,6.06528748341516,6.086231236220397,6.040155299623963,6.061099052429199,23900
2007-09-14,5.998268086886389,6.061099348369914,5.998268086886389,6.044344425201416,30300
2007-09-17,6.052722700362398,6.0652887949752925,5.973136901855469,5.973136901855469,89400
2007-09-18,5.989891827828977,5.989891827828977,5.906117197961435,5.973136901855469,156700
2007-09-19,5.981511114602031,5.985699943826388,5.93543519154034,5.968945026397705,27600
2007-09-20,5.964758634370878,5.964758634370878,5.8851728439331055,5.8851728439331055,21000
2007-09-21,5.885171597807477,5.918681439261579,5.864227847031458,5.889360427856445,46900
2007-09-24,5.8851728439331055,5.906116599143752,5.864229088722459,5.8851728439331055,23100
2007-09-25,5.885173908962863,5.90192883626971,5.868418981656017,5.876796245574951,20200
2007-09-26,5.893548564720199,5.935436064184692,5.893548564720199,5.931247234344482,31600
2007-09-27,5.9396248940249015,5.94800215423652,5.918681144292655,5.931247234344482,9700
2007-09-28,5.952189154540581,5.956377983093262,5.9480003259879,5.956377983093262,14400
2007-10-01,5.9731330001129495,5.985699086517483,5.931245512806258,5.935434341430664,19400
2007-10-02,5.964752767049203,5.981507674842715,5.939620605093192,5.9438090324401855,37400
2007-10-03,5.952186686071197,5.964752767049203,5.918676870484175,5.9438090324401855,35900
2007-10-04,5.952191427496894,6.0066450210698425,5.9270588460521365,5.97732400894165,43300
2007-10-05,5.948000910104672,5.973133484420196,5.927057164753188,5.960566997528076,16000
2007-10-08,5.927058404504273,5.989889653701014,5.927058404504273,5.931247234344482,17900
2007-10-09,5.914489927729512,5.931244840860302,5.897735014598723,5.9061126708984375,44800
2007-10-10,5.939623753342634,5.939623753342634,5.910302349561032,5.927057266235352,20500
2007-10-11,5.9110735974931305,5.9152808635507705,5.856380342424741,5.885830402374268,37400
2007-10-12,5.898452200547187,5.9026590653778515,5.856380342424741,5.885830402374268,18000
2007-10-15,5.898447762744201,5.898447762744201,5.8311327601485425,5.8353400230407715,26600
2007-10-16,5.839546649698946,5.860582560641504,5.768024793230225,5.7722320556640625,40000
2007-10-17,5.805894261089218,5.856380249297145,5.772236935617267,5.847965717315674,52900
2007-10-18,5.852172112489623,5.885829432953288,5.818514792025959,5.860586643218994,51800
2007-10-19,5.881622167588603,5.890036698317973,5.843757982987161,5.860586643218994,33100
2007-10-22,5.87320448198907,5.911069044891254,5.87320448198907,5.906861782073975,22500
2007-10-23,5.8900346755981445,5.911070593970635,5.88162014775844,5.8900346755981445,9200
2007-10-24,5.911069998971176,5.923691388233512,5.81009808241903,5.852169513702393,45600
2007-10-25,5.826930046081543,5.869001501270211,5.81430824842068,5.826930046081543,32500
2007-10-26,5.835340121602678,5.847961509265876,5.805890083312988,5.805890083312988,19200
2007-10-29,5.82692792210883,5.860585234482126,5.810099265922182,5.8185133934021,27000
2007-10-30,5.847964051879146,5.868999974615056,5.814306735992432,5.814306735992432,23700
2007-10-31,5.8143061290487354,5.8479634414220305,5.78906334538217,5.8185133934021,35200
2007-11-01,5.797475428949558,5.864790029964241,5.797475428949558,5.8100972175598145,100900
2007-11-02,5.839548124440056,5.860584040695103,5.814304944688654,5.852169513702393,31500
2007-11-05,5.805892572109787,5.8858285965449175,5.805892572109787,5.843757152557373,34300
2007-11-06,5.8689973237252655,5.877411849509725,5.8143041098062955,5.8353400230407715,50200
2007-11-07,5.822721265577537,5.82692853037009,5.797478078049074,5.814306735992432,31800
2007-11-08,5.797478078049074,5.814306735992432,5.725956181483093,5.814306735992432,66500
2007-11-09,5.763824728869493,5.768031996557519,5.738581925195599,5.742788791656494,20100
2007-11-12,5.742783423115721,5.742783423115721,5.6333973740746,5.637604236602783,51800
2007-11-13,5.651129364321508,5.761024273875804,5.608862370479543,5.7398905754089355,108800
2007-11-14,5.731439005232811,5.735665423682292,5.66381106984657,5.6680378913879395,42100
2007-11-15,5.6426769546675954,5.68071713377898,5.583502670896834,5.6638102531433105,59500
2007-11-16,5.625768384758221,5.714529582215739,5.625768384758221,5.672262191772461,29200
2007-11-19,5.680716945542675,5.69339740791812,5.617316246032715,5.617316246032715,47100
2007-11-20,5.617318439649962,5.659585857890316,5.570824602059153,5.596184730529785,44000
2007-11-21,5.579275255507182,5.668036470160123,5.579275255507182,5.64267635345459,37700
2007-11-23,5.663808209540559,5.680715084075928,5.634221279876584,5.680715084075928,4600
2007-11-26,5.613090420625806,5.672264712929309,5.613090420625806,5.6680378913879395,48900
2007-11-27,5.634222848300874,5.765251464743782,5.613089148475658,5.638449668884277,43500
2007-11-28,5.655357224321365,5.68917098684801,5.617316640705927,5.659584045410156,32800
2007-11-29,5.6426766309581735,5.676490390289684,5.617316109913637,5.621542930603027,42100
2007-11-30,5.61731596905906,5.676490247951309,5.61731596905906,5.638449668884277,46900
2007-12-03,5.672264105584687,5.684944165759218,5.6257702828835106,5.659584045410156,55400
2007-12-04,5.6595843639590635,5.7018513679504395,5.6595843639590635,5.7018513679504395,198500
2007-12-05,5.684943120631788,5.773704331719216,5.672263062788375,5.7398905754089355,82500
2007-12-06,5.748342988027913,5.803290027975088,5.735662529801624,5.773703098297119,76200
2007-12-07,5.790611209874355,5.799064850497811,5.727210517565523,5.7398905754089355,38700
2007-12-10,5.752574029107368,5.777934562856775,5.718760252836166,5.765254497528076,52300
2007-12-11,5.765251295557019,5.769477712924597,5.735663955433266,5.761024475097656,24400
2007-12-12,5.776777958878946,5.789549315493723,5.755493176483387,5.759749889373779,53800
2007-12-13,5.759746756838408,5.77251810650727,5.712919692662186,5.742718696594238,75500
2007-12-14,5.742718236775542,5.742718236775542,5.644806999706551,5.712919235229492,77800
2007-12-17,5.657581851565797,5.712923182662375,5.657581851565797,5.691637992858887,66900
2007-12-18,5.700150882645655,5.712921831113938,5.678865697877761,5.69589376449585,42400
2007-12-19,5.69589511201583,5.7214370149950335,5.683124160526228,5.691637992858887,68700
2007-12-20,5.691635315960939,5.708663378598822,5.661836307839905,5.704406261444092,68000
2007-12-21,5.69164004060114,5.7044109966854855,5.666098128432449,5.670354843139648,113100
2007-12-24,5.687378431336446,5.7001497833227965,5.657579421997069,5.65757942199707,29200
2007-12-26,5.661841678346474,5.683126878329038,5.619271278381348,5.619271278381348,81400
2007-12-27,5.623520564103529,5.644805734428634,5.602235393778424,5.63629150390625,91800
2007-12-28,5.619265027244374,5.6746063232421875,5.619265027244374,5.6746063232421875,132000
2007-12-31,5.7044088947154865,5.721436965213874,5.661838921460133,5.717180252075195,116700
2008-01-02,5.717179482529012,5.810833654673449,5.717179482529012,5.789548873901367,58000
2008-01-03,5.832116139275208,5.921513557434082,5.819345195532793,5.921513557434082,51200
2008-01-04,5.908745860345194,6.04071329881737,5.908745860345194,5.976858139038086,78400
2008-01-07,5.9768601282047324,6.0151733992158745,5.9768601282047324,5.981117248535156,71600
2008-01-08,6.0024024442059405,6.0151733992158745,5.981117248535157,5.981117248535156,37700
2008-01-09,5.998140519909596,6.019425698532884,5.993883402988735,6.010911464691162,22100
2008-01-10,6.015169802747882,6.02794075012207,5.985370790214408,6.02794075012207,48500
2008-01-11,5.998865006300701,6.05017385362368,5.977486217974508,6.011692523956299,50900
2008-01-14,6.024519253987275,6.0501734721479785,6.007416305957991,6.037346363067627,17500
2008-01-15,6.03306924207204,6.054448024507196,6.011690867403242,6.028793811798096,50200
2008-01-16,6.045899250730512,6.097208105085103,6.045899250730512,6.088656425476074,42300
2008-01-17,6.105756937291997,6.105756937291997,6.015966376106834,6.020242214202881,45500
2008-01-18,6.033069016578214,6.033069016578214,5.930451354044561,5.934727191925049,36300
2008-01-22,5.891974785796429,6.0074200630188,5.883423510317013,6.007420063018799,34700
2008-01-23,6.020244188433826,6.08865598933954,6.020244188433826,6.084380149841309,24800
2008-01-24,6.1057576932448425,6.114309370495718,6.045897583554373,6.07155179977417,17700
2008-01-25,6.0758283866058935,6.0758283866058935,6.04589832807493,6.050173759460449,12900
2008-01-28,6.0801034770250455,6.084378907884068,6.03307006767806,6.07155179977417,44500
2008-01-29,6.063002202182043,6.105759376927604,6.063002202182043,6.088656425476074,96900
2008-01-30,6.105759973230176,6.1228629263520205,6.08438117988623,6.118587493896484,83500
2008-01-31,6.144238886295343,6.148514724545654,6.097205888841065,6.114308834075928,25900
2008-02-01,6.101483965978779,6.157068252563477,6.101483965978779,6.157068252563477,43300
2008-02-04,6.157066226371117,6.169893741607666,6.13996328048878,6.169893741607666,26000
2008-02-05,6.1656199322020635,6.1698957720213565,6.135689869000068,6.157068252563477,21900
2008-02-06,6.169893741607666,6.1998237949601585,6.148514957313146,6.169893741607666,47400
2008-02-07,6.169892164981428,6.186995106493358,6.1485133861499435,6.178443431854248,18400
2008-02-08,6.157067748378208,6.212652438177758,6.157067748378208,6.195549488067627,28500
2008-02-11,6.216928290942921,6.229755401611328,6.19554950131791,6.229755401611328,12900
2008-02-12,6.259684582967401,6.345199316115915,6.18699695784956,6.293890476226807,62800
2008-02-13,6.299042558430303,6.311923921330392,6.084351265803479,6.140171051025391,108800
2008-02-14,6.088644125463276,6.092937639351913,5.865365023611257,5.869658946990967,96600
2008-02-15,5.88683518200387,5.88683518200387,5.8267214734501245,5.873953819274902,52600
2008-02-19,5.904013060631587,6.002770900726319,5.904013060631587,6.002770900726318,24000
2008-02-20,6.054296417923845,6.054296417923845,5.882543087005614,5.882543087005615,64200
2008-02-21,5.895422620659469,5.904010468806206,5.83960324567023,5.873953819274902,56200
2008-02-22,5.8653692540701075,5.891132403439231,5.775198845515223,5.788080215454102,52700
2008-02-25,5.775200091009713,5.946953501698133,5.775200091009713,5.91260290145874,57100
2008-02-26,5.925479241363914,5.959829812427615,5.886834746544474,5.955535888671875,32300
2008-02-27,5.946949106189622,5.946949106189622,5.8825414712271344,5.9211859703063965,31600
2008-02-28,5.925480935548046,5.925480935548046,5.800959977466938,5.813841342926025,73600
2008-02-29,5.796666735146685,5.796666735146685,5.654970469935734,5.6807332038879395,50900
2008-03-03,5.676438817899094,5.770902707234344,5.6463817535731415,5.766609191894531,81800
2008-03-04,5.788078778141778,5.8095479957028555,5.268526088213031,5.792372703552246,98700
2008-03-05,5.83960354625385,5.9211860603914825,5.835309621959459,5.904010772705078,66700
2008-03-06,5.925483255827419,5.9426585529953835,5.667853388816554,5.835312843322754,103000
2008-03-07,5.848191923811074,5.891130354662997,5.805253902450375,5.813841342926025,58500
2008-03-10,5.831017880257354,5.835311806158993,5.719378263762626,5.762316703796387,50400
2008-03-11,5.831017118365235,5.831017118365235,5.796666534623066,5.8095479011535645,43700
2008-03-12,5.844919198101123,5.849232890274855,5.737079362015775,5.7500200271606445,41300
2008-03-13,5.762960717855023,5.827664866618888,5.706883953476873,5.775901794433594,28500
2008-03-14,5.853550095885154,5.853550095885154,5.637870279100863,5.672379016876221,33100
2008-03-17,5.633554467192876,5.659435803221104,5.586104665513759,5.616300106048584,37400
2008-03-18,5.624925866974377,5.689629604457159,5.624925866974377,5.629239559173584,35200
2008-03-19,5.65080664953578,5.668061004027249,5.633552295044311,5.646492958068848,12600
2008-03-20,5.6335534749813325,5.659434806451202,5.603358039764689,5.6249260902404785,21700
2008-03-24,5.642179232987617,5.659433587376291,5.637865541546384,5.655119895935059,31100
2008-03-25,5.6680626798967,5.698257706340435,5.650808320303654,5.685317039489746,25300
2008-03-26,5.681002627832844,5.831978563698711,5.681002627832844,5.758647441864014,39000
2008-03-27,5.80178355559995,5.823351606789257,5.788842889436911,5.819037914276123,28900
2008-03-28,5.819037914276123,5.823351606789257,5.7931565819500435,5.819037914276123,22300
2008-03-31,5.849232921108268,5.85785989412488,5.732765700061513,5.758647441864014,99300
2008-04-01,5.801783075511739,5.836291790008545,5.7931561025757015,5.836291790008545,26700
2008-04-02,5.8406055173124285,5.853546182482524,5.801783110425815,5.827664852142334,41300
2008-04-03,5.814721651301929,5.857857734611767,5.814721651301929,5.831976413726807,15200
2008-04-04,5.888052973526354,5.8966803550720215,5.857857960868905,5.8966803550720215,26100
2008-04-07,5.90530780010717,5.991579976996505,5.90530780010717,5.98295259475708,57400
2008-04-08,5.995893740395563,5.995893740395563,5.931190013885498,5.931190013885498,40200
2008-04-09,5.982952627801714,6.013147643054015,5.931189568207955,5.974325656890869,29500
2008-04-10,6.030401267685778,6.090791702270508,6.008833637326256,6.090791702270508,29300
2008-04-11,6.108992814143609,6.117657837084238,6.065666459868256,6.113325119018555,27500
2008-04-14,6.108990345759093,6.1306531009530305,6.078661744744555,6.08299446105957,18000
2008-04-15,6.113321641978188,6.113321641978188,6.031002111504327,6.039667129516602,28200
2008-04-16,6.039669322695741,6.069997929728151,6.00500841167926,6.0223388671875,47900
2008-04-17,6.0223388671875,6.069997929728151,6.013673846028706,6.0223388671875,29200
2008-04-18,6.044002342821007,6.087328690358632,6.026671886444092,6.026671886444092,22800
2008-04-21,6.018005893914037,6.048334084382861,5.98334498675235,6.005007743835449,59100
2008-04-22,6.03100422108535,6.03100422108535,5.9920105934143075,5.992010593414307,14200
2008-04-23,6.022338197416293,6.026670914109156,6.005007743835449,6.005007743835449,19700
2008-04-24,6.0050072015720755,6.044000821905428,5.992009465857814,5.996342182159424,32400
2008-04-25,5.996343691082158,6.035337321227885,5.996343691082158,6.026671886444092,7200
2008-04-28,6.044004194889711,6.048336913609286,6.009343271514707,6.018008708953857,13900
2008-04-29,6.0440036117063,6.052669048309326,6.0180081282787405,6.052669048309326,17400
2008-04-30,6.052666728870653,6.1089908056341296,6.0483340122294775,6.061331748962402,12400
2008-05-01,6.100324368571962,6.100324368571962,6.048333017004595,6.074328899383545,18600
2008-05-02,6.095994659946561,6.134988296156232,6.074331895999621,6.113325119018555,20200
2008-05-05,6.126321600427572,6.156649792224784,6.108991146087646,6.1089911460876465,14600
2008-05-06,6.152316679644997,6.156649396248968,6.108990753177079,6.139318943023682,19700
2008-05-07,6.1479835942674885,6.178312195485492,6.12198812258414,6.126320838928223,18100
2008-05-08,6.100327678349921,6.152319058125597,6.069999476778466,6.1176581382751465,21500
2008-05-09,6.117657973844409,6.143653869628906,6.108992950710074,6.143653869628906,12700
2008-05-12,6.143653732287597,6.143653732287597,6.113325119018555,6.113325119018555,6600
2008-05-13,6.114194169896681,6.170766834025519,6.114194169896681,6.118546009063721,5300
2008-05-14,6.144652327371597,6.149004163785977,6.075024604797363,6.075024604797363,23900
2008-05-15,6.1141989708180375,6.1141989708180375,6.001053553717611,6.040219306945801,51300
2008-05-16,6.040216883372688,6.127251625061035,6.022809935035019,6.127251625061035,43800
2008-05-19,6.140304563700651,6.157711505889892,6.083731897832057,6.157711505889893,22100
2008-05-20,6.157712501836714,6.157712501836714,6.048918991804161,6.114195346832275,15100
2008-05-21,6.1359545927572885,6.166416645050049,6.122899071762388,6.166416645050049,30100
2008-05-22,6.10114402519208,6.127254251383005,6.083736654378713,6.105495452880859,34700
2008-05-23,6.127252625727099,6.135956308824559,6.075031772185695,6.101142406463623,14200
2008-05-27,6.118548155802682,6.127251422176143,6.048919949743142,6.079382419586182,30800
2008-05-28,6.048918523219677,6.096787929534912,6.044567098566334,6.096787929534912,11000
2008-05-29,6.092431535440921,6.092431535440921,6.057617674153805,6.075024604797363,18200
2008-05-30,6.070680355458094,6.092439149709954,6.070680355458094,6.083735466003418,12000
2008-06-02,6.0924351065637055,6.101138784494187,6.061973063835433,6.070676326751709,16000
2008-06-03,6.066320931968603,6.101135208269683,6.0619695105681854,6.075024604797363,24400
2008-06-04,6.088085685959642,6.114196315108766,6.075030578892266,6.079382419586182,25100
2008-06-05,6.070678473256477,6.109844207763672,6.066326632752488,6.109844207763672,21700
2008-06-06,6.1054866296701,6.127245396728038,6.0619695105681854,6.075024604797363,54500
2008-06-09,6.105493575490531,6.105493575490531,6.031513932340119,6.053272724151611,37700
2008-06-10,6.053269864892603,6.075028646426346,6.0271596590635035,6.035862922668457,29500
2008-06-11,6.097934032641206,6.097934032641206,5.993023438222735,6.0105085372924805,15800
2008-06-12,6.010512722574666,6.014884104605425,5.953686006808608,5.966799736022949,20800
2008-06-13,6.054222589505562,6.054222589505562,5.966796661450974,5.971168041229248,8800
2008-06-16,5.971169280253354,5.971169280253354,5.866258645072042,5.892486095428467,45000
2008-06-17,5.892485063850836,5.892485063850836,5.85751485824585,5.85751485824585,19800
2008-06-18,5.85751485824585,5.879371340968399,5.85751485824585,5.85751485824585,8200
2008-06-19,5.8618860741752234,5.905599038397421,5.8618860741752234,5.870628833770752,13900
2008-06-20,5.861884117126465,5.888111970278897,5.857512738788129,5.861884117126465,26000
2008-06-23,5.892484019881895,5.923083257023304,5.822543621063232,5.822543621063232,40600
2008-06-24,5.81380274559745,5.840030193328857,5.787574880988277,5.840030193328857,4500
2008-06-25,5.8531407342046275,5.857511694886405,5.818170547485352,5.818170547485352,32800
2008-06-26,5.87062899800602,5.896856443770893,5.809430929758426,5.85751485824585,38800
2008-06-27,5.861886238165906,5.874999961048343,5.85751485824585,5.85751485824585,9300
2008-06-30,5.861886396615369,5.896856603165617,5.791945983514874,5.800688743591309,28400
2008-07-01,5.787574117733689,5.818173358555313,5.783202738062355,5.8094305992126465,22000
2008-07-02,5.813800160996189,5.844398975372315,5.787572308046954,5.8443989753723145,17100
2008-07-03,5.8225423283463,5.874997615814209,5.805057232523663,5.874997615814209,2100
2008-07-07,5.866258945591289,5.875001290532018,5.774462030885578,5.805060863494873,22700
2008-07-08,5.822545970254159,5.822545970254159,5.7700906499763,5.805060863494873,28300
2008-07-09,5.787573421653901,5.90996953646422,5.787573421653901,5.822543621063232,35200
2008-07-10,5.857512268940956,5.857512268940956,5.791943266635722,5.8531413078308105,42900
2008-07-11,5.818889948004864,5.8496311193690955,5.792540073394775,5.792540073394775,13800
2008-07-14,5.788147052217011,5.805713490451271,5.678356708548657,5.7442307472229,41700
2008-07-15,5.731054185606374,5.731054185606374,5.652005029490615,5.700312614440918,21900
2008-07-16,5.682751329973669,5.7178846458218064,5.656401866609028,5.673968315124512,23700
2008-07-17,5.7003176622481435,5.753017425537109,5.687142930834482,5.753017425537109,30100
2008-07-18,5.753012887394841,5.770579321695201,5.625656134013029,5.735446453094482,31600
2008-07-21,5.761800672603827,5.7705841064453125,5.753017657579519,5.7705841064453125,8300
2008-07-22,5.7530150445563555,5.788147926330566,5.7530150445563555,5.788147926330566,5500
2008-07-23,5.788147968109793,5.788147968109793,5.748623371124268,5.748623371124268,47200
2008-07-24,5.748623371124268,5.766189812138169,5.748623371124268,5.748623371124268,14300
2008-07-25,5.761799381189096,5.770582813061917,5.748624652196948,5.7574076652526855,12000
2008-07-28,5.748621521349553,5.814495549250681,5.748621521349553,5.779362678527832,10100
2008-07-29,5.814499136077641,5.8364572985291066,5.779366243682142,5.832065582275391,18600
2008-07-30,5.796928339251569,5.8584110642091085,5.796928339251569,5.840844631195068,28800
2008-07-31,5.849630311097647,5.854022026062012,5.8013227029406,5.854022026062012,40100
2008-08-01,5.8540203332511505,5.911111354827881,5.8540203332511505,5.911111354827881,10400
2008-08-04,5.928679616147506,5.959420783839424,5.911113174778268,5.955029487609863,8200
2008-08-05,5.9067208412136205,5.976986599332745,5.867196247567374,5.963811874389648,14300
2008-08-06,5.933071331194066,5.976987225208663,5.928679616147506,5.955029487609863,20200
2008-08-07,5.9769871617274575,5.985770591727287,5.871588514631458,5.884763240814209,13500
2008-08-08,5.783755945560303,5.915504455566406,5.779364230836141,5.915504455566406,20300
2008-08-11,5.875980182066848,5.933071220152626,5.849630311097647,5.854022026062012,16300
2008-08-12,5.8408472999859065,5.893546623107319,5.836455585021541,5.854022026062012,15400
2008-08-13,5.824019017674835,6.013740986700315,5.815194965110932,5.819606781005859,10900
2008-08-14,5.815198074247427,5.859319202204712,5.806373596191406,5.806373596191406,23200
2008-08-15,5.8019586797737555,5.837255734161006,5.793134626563982,5.797546863555908,11000
2008-08-18,5.797543585968458,5.815192103184657,5.7887191169734376,5.793131351470947,18800
2008-08-19,5.793133797792591,5.824018610769504,5.788721561431884,5.788721561431885,18500
2008-08-20,5.797549538909658,5.8284343705571855,5.788725060853638,5.806373596191406,14900
2008-08-21,5.863727445986312,5.947557826529375,5.775484829421511,5.872551918029785,33800
2008-08-22,5.872551867810714,5.929909252506853,5.828430349518625,5.846078872680664,39700
2008-08-25,5.819609892501164,5.885792215598501,5.788725060853638,5.806373596191406,31700
2008-08-26,5.806372123274655,5.921087784257082,5.806372123274655,5.863729953765869,20900
2008-08-27,5.9475579261779785,5.9475579261779785,5.846079020621723,5.9475579261779785,13800
2008-08-28,5.947557339648684,5.969618097177436,5.859314730307625,5.89902400970459,15400
2008-08-29,5.947560621909362,5.960797336195887,5.912263558693665,5.929912090301514,11300
2008-09-02,5.960794534594585,5.960794534594585,5.863727445986312,5.872551918029785,11600
2008-09-03,5.899025684343904,5.907850158170113,5.885789394378662,5.885789394378662,8300
2008-09-04,5.890201360741601,5.960795465012443,5.8769646506102795,5.956383228302002,9400
2008-09-05,5.956386404742071,5.960798643805484,5.903440798303944,5.938737869262695,7600
2008-09-08,5.9387374039964795,5.991683006286621,5.93432516527874,5.991683006286621,16000
2008-09-09,5.996091002894393,6.035800281712069,5.929908731273617,6.018151760101318,27800
2008-09-10,6.022565346925076,6.053450584411621,5.9960927671069735,6.053450584411621,16600
2008-09-11,6.028186147095934,6.072510790363972,6.019320964813232,6.019320964813232,3600
2008-09-12,6.072510215034555,6.0902401552050085,6.019320394523193,6.041482925415039,12300
2008-09-15,6.0414822131755885,6.054779561057005,5.943967342376709,5.943967342376709,11900
2008-09-16,5.943968134118612,5.948400724907865,5.81985855102539,5.819858551025391,14400
2008-09-17,5.71790998162631,5.788830152529734,5.562773138142985,5.584935665130615,43600
2008-09-18,5.478556653751127,5.536179065704346,5.2525000194301885,5.536179065704346,100900
2008-09-19,5.540612918059243,5.6691551208496085,5.4962878456286814,5.669155120849609,46000
2008-09-22,5.607098278329179,5.983860003170384,5.571638401016487,5.615963459014893,53800
2008-09-23,5.7001798640850865,5.7001798640850865,5.451960753285518,5.576070308685303,31400
2008-09-24,5.5406097504724485,5.646989356229925,5.460824834796853,5.562772274017334,33400
2008-09-25,5.562772274017334,5.593799553351187,5.500717292634651,5.562772274017334,13400
2008-09-26,5.562778188482445,5.567210782447247,5.128393702386712,5.310125827789307,45200
2008-09-29,5.314552595206316,5.314552595206316,4.476812699214832,4.773789405822754,77200
2008-09-30,4.8713034705846345,4.92006110171582,4.773789053752128,4.78265380859375,67800
2008-10-01,4.80924998014249,4.999846689816483,4.787087454073879,4.955522060394287,43600
2008-10-02,5.03087769715548,5.053039815054028,4.844713032343619,4.951092720031738,53000
2008-10-03,4.928928732487174,5.039740980311207,4.840279018770983,4.9200639724731445,32900
2008-10-06,4.747196775996094,4.747196775996094,4.476815039934216,4.494544982910156,94100
2008-10-07,4.538867534445787,4.587625172165871,4.374865531921387,4.374865531921387,38200
2008-10-08,4.374866156138742,4.432488558120109,4.144376970928322,4.299513816833496,85100
2008-10-09,4.1887014535561695,4.317243600250611,3.803075013472843,3.8119401931762695,83500
2008-10-10,3.460530372831678,3.8132811938030673,3.371226448377156,3.6391382217407227,79600
2008-10-13,3.6837893709468204,4.157100677490234,3.6659285910301582,4.157100677490234,27200
2008-10-14,4.241939299142002,4.983162308542755,4.241939299142002,4.550037860870361,53600
2008-10-15,4.545570610750417,4.545570610750417,4.197284943629335,4.264263153076172,45000
2008-10-16,4.219613194281259,4.277660835469056,4.107983213343477,4.157100677490234,26700
2008-10-17,4.130309382863467,4.295521707077854,4.112448602565549,4.286591529846191,45800
2008-10-20,4.344639090046894,4.545573416583185,4.344639090046894,4.500921249389648,43700
2008-10-21,4.49645618987698,4.7331120925907735,4.465199926657466,4.617016792297363,26800
2008-10-22,4.675064097944746,4.795624265646561,4.576829587563353,4.643807411193848,44600
2008-10-23,4.7331121549756805,4.893859201153606,4.7331121549756805,4.867067813873291,51500
2008-10-24,4.7554378142355125,4.893859201153606,4.692925286972535,4.867067813873291,28800
2008-10-27,4.956371684296234,4.956371684296234,4.78222874807277,4.786694049835205,31900
2008-10-28,4.95637154785484,4.95637154785484,4.759902534062306,4.880463123321533,24900
2008-10-29,4.978696422025868,5.112652469319045,4.70631945233622,5.099256992340088,55500
2008-10-30,5.108188667426668,5.108188667426668,4.9206506571828905,4.996558666229248,30100
2008-10-31,4.925114602327205,4.996557721451128,4.853671483203281,4.916184425354004,44400
2008-11-03,4.983160992893318,4.99209159346058,4.911717891693115,4.911717891693115,28200
2008-11-04,4.911717777141802,4.911717777141802,4.800087827661306,4.893857002258301,50800
2008-11-05,4.911717612675369,5.090325355529785,4.911717612675369,5.090325355529785,26200
2008-11-06,5.081396270584038,5.0903264467238625,4.96976630091172,5.068000793457031,58800
2008-11-07,5.09032844916002,5.09032844916002,5.005489826202393,5.005489826202393,13700
2008-11-10,4.934043967276797,5.032278444344311,4.911717891693115,4.911717891693115,31200
2008-11-11,4.9117189692362695,4.983162086109812,4.782228213444332,4.8179497718811035,33100
2008-11-12,4.738453087877064,4.805824286242478,4.4599848111853815,4.468967437744141,72400
2008-11-13,4.491425443032963,4.58125386622648,4.491425443032963,4.554305553436279,26500
2008-11-14,4.693535663256625,4.693535663256625,4.549810303706181,4.603707313537598,29300
2008-11-17,4.603711515448413,4.644134416800704,4.433037281036377,4.433037281036377,21900
2008-11-18,4.406084856053574,4.518370398040985,4.284816265106201,4.284816265106201,34900
2008-11-19,4.293802149189922,4.293802149189922,4.154567796723928,4.27583646774292,38800
2008-11-20,4.199482539582582,4.707013186831217,4.055756648545403,4.06473970413208,55900
2008-11-21,4.114142627268406,4.221936656235651,3.929994387365514,3.934485912322998,54900
2008-11-24,4.082703269440026,4.307274402603192,3.929994830355403,4.109651565551758,60600
2008-11-25,4.091688111725211,4.262362316918236,4.0782139563597735,4.194991111755371,67600
2008-11-26,4.145584502846251,4.374647249342154,4.1410934039951295,4.280327320098877,28600
2008-11-28,4.459984156895968,4.4644752553486775,4.325241351596571,4.370155334472656,15100
2008-12-01,4.477949455254324,4.477949455254324,4.23541259765625,4.23541259765625,32800
2008-12-02,4.266856063403013,4.30278744861743,4.11863899230957,4.11863899230957,39500
2008-12-03,4.055755141885279,4.154566574953244,4.0422809918463996,4.08719539642334,53900
2008-12-04,4.087199108747702,4.087199108747702,3.903050225391762,4.028810501098633,74900
2008-12-05,3.929995408739555,4.08719539642334,3.929995408739555,4.08719539642334,78500
2008-12-08,4.132108177172928,4.132108177172928,3.9299942717228307,3.952451467514038,28300
2008-12-09,3.8671150214301555,3.979400595635467,3.768304024531022,3.831183671951294,46700
2008-12-10,3.7683047092232353,3.8087271634800164,3.700933095457499,3.7503390312194824,45400
2008-12-11,3.8326018362920227,3.8326018362920227,3.697058615295029,3.720428228378296,53100
2008-12-12,3.626949259444801,3.720427241237053,3.383906061046768,3.538145065307617,108300
2008-12-15,3.53346767204333,3.6456413656744338,3.53346767204333,3.5615110397338867,59500
2008-12-16,3.5474918015731918,3.6736871506516957,3.5474918015731918,3.65966534614563,45100
2008-12-17,3.6596644842331325,4.005533054742643,3.6596644842331325,3.982163906097412,86200
2008-12-18,3.972817719844883,4.173795700073242,3.9260785095514503,4.173795700073242,227000
2008-12-19,4.206511373105768,4.659879945902692,4.206511373105768,4.332706928253174,131700
2008-12-22,4.323358841013964,4.323358841013964,4.136402961319361,4.183141708374023,97900
2008-12-23,4.201837590602329,4.2252071886352445,4.108359644208675,4.1971635818481445,41800
2008-12-24,4.173793527315597,4.243901860521207,4.173793527315597,4.234554290771484,22600
2008-12-26,4.253252620973096,4.257926185995227,4.150426612936826,4.206513404846191,23700
2008-12-29,4.192491890050312,4.20183946599274,4.108361477877425,4.127057075500488,20100
2008-12-30,4.136401039186125,4.370096003078273,4.089661868112588,4.346726417541504,97200
2008-12-31,4.486946208491452,4.636510933528487,4.239229075476312,4.477598190307617,88000
2009-01-02,4.603794104749592,4.921619169159272,4.589772076427963,4.753358840942383,47500
2009-01-05,4.720642367136935,4.977706684196217,4.720642367136935,4.846837520599365,30800
2009-01-06,4.88422612366203,5.001073640714891,4.88422612366203,4.977704048156738,6100
2009-01-07,4.996399499207695,5.024443098673802,4.818791670294617,4.912269592285156,56900
2009-01-08,4.930966141289653,5.178682794457927,4.926292132841312,5.141291618347168,35500
2009-01-09,5.178682494521591,5.281508445739746,5.122595733603857,5.281508445739746,27100
2009-01-12,5.281508564182552,5.281508564182552,5.094552244526147,5.155313014984131,50600
2009-01-13,5.156725398978812,5.156725398978812,5.072111714117408,5.123819828033447,18400
2009-01-14,5.105016185214472,5.105016185214472,4.8323726224568935,5.029804229736328,51800
2009-01-15,4.959292921149282,4.992198038187027,4.658444663823084,4.827672004699707,61500
2009-01-16,4.794765946916004,4.973394539329356,4.794765946916004,4.959292411804199,35900
2009-01-20,4.940486821971677,4.968691062157999,4.89818001339388,4.931085109710693,15600
2009-01-21,4.865278338863826,4.949891567230225,4.860577479427183,4.949891567230225,18700
2009-01-22,4.945190479635377,4.982796453387096,4.8887810707092285,4.8887810707092285,23500
2009-01-23,4.912284916378695,5.006299850757994,4.8887810707092285,4.8887810707092285,14700
2009-01-26,4.959292203598577,5.011000301218998,4.959292203598577,4.996898174285889,4300
2009-01-27,4.98279857635498,4.98279857635498,4.907586148508014,4.9827985763549805,19600
2009-01-28,4.973395824432373,5.043906928576464,4.963994553085873,4.973395824432373,23800
2009-01-29,4.963995581467929,5.011002844536177,4.907586148508014,4.9827985763549805,19100
2009-01-30,4.959291320465748,4.973393444887601,4.916984498901735,4.940488338470459,11900
2009-02-02,4.963993666861524,5.015701770782472,4.940489820243425,5.015701770782471,12600
2009-02-03,5.0298049057918,5.053308757112524,4.9827976514490295,5.02510404586792,19800
2009-02-04,5.081511402163808,5.081511402163808,4.996897751133429,5.006299018859863,35600
2009-02-05,4.9922000218897455,5.058010730414403,4.968696165395313,5.011003017425537,27900
2009-02-06,4.9827976514490295,5.095615599830092,4.9827976514490295,5.02510404586792,25900
2009-02-09,5.053309738918558,5.137923440793264,4.9780977587182695,5.133222579956055,34600
2009-02-10,5.137919343136238,5.250737223460757,5.0298018716014345,5.095612525939941,18900
2009-02-11,5.10648753854143,5.177410794956548,5.10648753854143,5.144313335418701,13500
2009-02-12,5.149044053788132,5.333444786105976,5.144315714262219,5.224695682525635,47700
2009-02-13,5.224695384814484,5.361814066817794,5.224695384814484,5.271977424621582,14600
2009-02-17,5.271975745921391,5.328714897093854,4.974097682321049,4.978825569152832,48400
2009-02-18,4.941000960045472,4.997739673976078,4.931544733183313,4.936272621154785,42900
2009-02-19,4.898445142481427,4.964640511634077,4.789696090572496,4.813337326049805,44400
2009-02-20,4.79915446955403,4.79915446955403,4.524917097060615,4.690405368804932,30900
2009-02-23,4.676221323896343,4.704590461643804,4.477635555986855,4.5249176025390625,44800
2009-02-24,4.487088975514165,5.115943363188503,4.439806958565745,4.870075702667236,84200
2009-02-25,4.941002844005132,5.149045325327947,4.941002844005132,5.0166544914245605,36500
2009-02-26,5.073390354161283,5.106488269354995,4.950456722176073,5.097031593322754,38700
2009-02-27,5.097032434934669,5.144314921064802,5.087576208260167,5.115945339202881,16500
2009-03-02,5.106490381643905,5.115946610668564,4.917360841038239,4.988284587860107,27000
2009-03-03,4.912631246349318,4.978826179297395,4.709317207336426,4.709317207336426,50100
2009-03-04,4.737687204733854,4.813338821022592,4.728230527238161,4.799153804779053,12300
2009-03-05,4.7376852621974495,4.775511054832561,4.652577003308939,4.7235002517700195,29200
2009-03-06,4.695133851402297,4.714046758671097,4.524917235063816,4.586384296417236,29800
2009-03-09,4.543829873893839,4.647851083186551,4.539101985545409,4.553286552429199,41100
2009-03-10,4.543827511293729,4.7235002517700195,4.5343712885944605,4.7235002517700195,43000
2009-03-11,4.791543285652917,4.8296091355936595,4.582181110978839,4.663071155548096,52700
2009-03-12,4.6392822889422005,4.739205310239886,4.6392822889422005,4.686864852905273,15500
2009-03-13,4.5916997049702415,4.696381072964265,4.563150529741573,4.667831897735596,30300
2009-03-16,4.682102850138387,4.77250910654518,4.663069930169556,4.767751216888428,34300
2009-03-17,4.73444618944121,4.87719340422344,4.724929950472201,4.848643779754639,25900
2009-03-18,4.8391280712593785,4.920018153377258,4.796303856752155,4.881952285766602,27900
2009-03-19,4.877194383258885,4.991391996496049,4.834370164849704,4.867677688598633,14000
2009-03-20,4.805816830869249,4.924772688526601,4.805816830869249,4.900981426239014,22900
2009-03-23,4.900984524468851,4.967599556449071,4.682105589860545,4.729687690734863,73400
2009-03-24,4.710655256514662,4.7582378161889185,4.691622323401143,4.748721122741699,27800
2009-03-25,4.748722520344072,4.772513807183243,4.705898748570827,4.710656642913818,14100
2009-03-26,4.743964678507519,4.777272208182376,4.705898800655951,4.758239269256592,33800
2009-03-27,4.767755551871558,4.824854363693964,4.767755551871558,4.820096015930176,35100
2009-03-30,4.829612257676734,4.877194827752581,4.820096015930176,4.820096015930176,19100
2009-03-31,4.796303422297659,4.905743122100831,4.796303422297659,4.90574312210083,19300
2009-04-01,4.939050616462222,4.962841894896669,4.877193474045017,4.886710166931152,18200
2009-04-02,4.910500648247155,5.234060923258463,4.839127271715066,4.996149063110352,48600
2009-04-03,5.038974264370503,5.038974264370503,4.972358767029458,5.019941329956055,14200
2009-04-06,5.043732558253848,5.043732558253848,4.900985324759693,4.97711706161499,21600
2009-04-07,4.896223627293615,4.939047813415527,4.881949049846523,4.939047813415527,24900
2009-04-08,4.948567411482062,4.99614997369631,4.9057436500263725,4.967600345611572,18000
2009-04-09,4.981875408613683,5.062765492467673,4.939051193187342,4.97711706161499,16400
2009-04-13,4.9306806947296105,4.949828950656445,4.858874392606154,4.921106338500977,22500
2009-04-14,4.921108159098512,4.921108159098512,4.873237729836649,4.9019598960876465,17800
2009-04-15,4.892383823080628,5.035995960235597,4.88759664531837,5.035995960235596,25700
2009-04-16,4.9977020761258775,5.0455729702036605,4.9785538098009,5.040785789489746,19300
2009-04-17,5.045573448763376,5.093444347381592,5.04078626759541,5.093444347381592,13800
2009-04-20,5.103019714355469,5.146103444142059,5.050362076022331,5.103019714355469,42000
2009-04-21,5.146100997924805,5.170036442709653,5.0551468555791494,5.146100997924805,44800
2009-04-22,5.14610066098185,5.179610007568217,5.112591314395484,5.17482328414917,24900
2009-04-23,5.189185053661607,5.275352478027344,5.189185053661607,5.275352478027344,24000
2009-04-24,5.232267502485427,5.308860547191983,5.193970980132149,5.260989665985107,15700
2009-04-27,5.198758687103076,5.2609906618397035,5.141313892699416,5.217906951904297,36600
2009-04-28,5.217902285617431,5.25141206145029,5.198754037940183,5.237050533294678,20700
2009-04-29,5.241840839385986,5.260989098497157,5.222692580274815,5.241840839385986,17800
2009-04-30,5.222693490346054,5.337583065032959,5.222693490346054,5.337583065032959,24200
2009-05-01,5.385452629014199,5.433323501662072,5.366304371261146,5.409388065338135,34800
2009-05-04,5.457261349491851,5.481196798394943,5.423751994945953,5.462048530578613,22600
2009-05-05,5.409391088972661,5.485984162797358,5.409391088972661,5.44768762588501,10600
2009-05-06,5.462049296252581,5.600874371514249,5.409391666508769,5.414178848266602,42000
2009-05-07,5.433326803729745,5.52906815068117,5.390243083468915,5.399816989898682,17000
2009-05-08,5.514704470701583,5.553000991481688,5.4285370706810765,5.466833591461182,37900
2009-05-11,5.505130359363363,5.505130359363363,5.4189629554748535,5.4189629554748535,34200
2009-05-12,5.409387494471302,5.495554417001385,5.390239238739014,5.390239238739014,19500
2009-05-13,5.46585134940185,5.470666728260806,5.39361515535431,5.456219673156738,35100
2009-05-14,5.432139873504639,5.436955710680096,5.355088315751362,5.432139873504639,41800
2009-05-15,5.39361515535431,5.461035511279294,5.388799317231753,5.456219673156738,27400
2009-05-18,5.432137582309029,5.465847969055177,5.369533103224261,5.465847969055176,47900
2009-05-19,5.46584730684387,5.485110185823608,5.432136924181884,5.451399803161621,49100
2009-05-20,5.432137582309029,5.514004942707317,5.417690536139719,5.465847969055176,28200
2009-05-21,5.494742061393797,5.509189107563108,5.451400463622549,5.465847969055176,16400
2009-05-22,5.465849979493601,5.494744082459995,5.451402468746918,5.489928245544434,15800
2009-05-26,5.427322444134335,5.566978454589844,5.427322444134335,5.566978454589844,36600
2009-05-27,5.542899629924799,5.658476920633693,5.542899629924799,5.639214038848877,26500
2009-05-28,5.64403037625525,5.721081910249718,5.533268451690674,5.533268451690674,20300
2009-05-29,5.600689191915698,5.6055050279659175,5.591057519815259,5.5958733558654785,31400
2009-06-01,5.634395028942988,5.778866790559592,5.600685119628906,5.600685119628906,14000
2009-06-02,5.610318183898926,5.730711281916184,5.610318183898926,5.610318183898926,16100
2009-06-03,5.672922114464997,5.677737948154254,5.485109193215767,5.514003276824951,38200
2009-06-04,5.485109193215767,5.514003276824951,5.451398816654148,5.514003276824951,9200
2009-06-05,5.51400835283661,5.533271246063234,5.446588456175227,5.456219673156738,17900
2009-06-08,5.470661269779867,5.470661269779867,5.200981033686929,5.335821151733398,96700
2009-06-09,5.345455277757446,5.422506809234619,5.278034958083243,5.422506809234619,27400
2009-06-10,5.441769396506391,5.461032278329323,5.379164915766032,5.383980751037598,13000
2009-06-11,5.406749928769096,5.4309738115101736,5.3631470322415815,5.401905059814453,36100
2009-06-12,5.358303550629407,5.382526975521428,5.246873855590821,5.24687385559082,30600
2009-06-15,5.212958941033091,5.256561830452002,5.203269204703529,5.232337951660156,54200
2009-06-16,5.193579913087571,5.29047496589979,5.193579913087571,5.266251087188721,25500
2009-06-17,5.275943924193465,5.3583048829959505,5.266254182201488,5.305012226104736,19500
2009-06-18,5.266250125806252,5.363145160929758,5.266250125806252,5.334076881408691,15400
2009-06-19,5.353458293007739,5.353458293007739,5.285631506940029,5.30016565322876,21600
2009-06-22,5.300166569281771,5.300166569281771,5.1257553975761505,5.179047584533691,47600
2009-06-23,5.1548230742642005,5.237184003552764,5.125754320737347,5.1935811042785645,84000
2009-06-24,5.222650439894984,5.280787496539396,5.169358253479005,5.169358253479004,63500
2009-06-25,5.193582415097601,5.290477514589067,5.193582415097601,5.2517194747924805,22000
2009-06-26,5.280785083770753,5.319543103825316,5.242027063716189,5.280785083770752,30200
2009-06-29,5.295317034374237,5.319540438246152,5.232335167837269,5.275938034057617,35500
2009-06-30,5.271095972914286,5.2953198517061315,5.212958941033091,5.232337951660156,19200
2009-07-01,5.237184171018656,5.256563186645508,5.2032705471475325,5.256563186645508,28400
2009-07-02,5.246875786258331,5.300167987475547,5.203272866156799,5.290478706359863,28400
2009-07-06,5.300163496361266,5.314698098767414,5.169355308929881,5.227492332458496,22000
2009-07-07,5.203273090100993,5.237186730546455,5.130601861492323,5.208117961883545,37800
2009-07-08,5.193579913087571,5.266251087188721,5.193579913087571,5.266251087188721,17300
2009-07-09,5.256563214362568,5.30016565322876,5.217805182904499,5.30016565322876,7300
2009-07-10,5.300165683622064,5.377682209014893,5.198425734953171,5.377682209014893,41500
2009-07-13,5.424963739622325,5.493202443867727,5.376221741613018,5.4054670333862305,25600
2009-07-14,5.4639591519500925,5.4688334465026855,5.410343306386514,5.4688334465026855,9200
2009-07-15,5.449333469150328,5.493201164171658,5.410340065762042,5.463955879211426,30800
2009-07-16,5.385970327150137,5.449334738626979,5.361599328145483,5.4054670333862305,51200
2009-07-17,5.410339654828855,5.463955464205941,5.400591072303203,5.459081172943115,25700
2009-07-20,5.463953243623353,5.522443320492554,5.449330840615504,5.483449935913086,35900
2009-07-21,5.527321676617523,5.556566504150715,5.502950677114428,5.537069797515869,25600
2009-07-22,5.532192071041111,5.580933570861816,5.532192071041111,5.580933570861816,11100
2009-07-23,5.610182365237339,5.615056657731308,5.483453549422863,5.49807596206665,48300
2009-07-24,5.502946799278428,5.580933570861816,5.4834501063825805,5.580933570861816,65200
2009-07-27,5.580932499055163,5.615052053698673,5.571184386898256,5.590681076049805,59000
2009-07-28,5.561437574746492,5.615053835555906,5.561437574746492,5.600430965423584,32300
2009-07-29,5.600430263757664,5.639423649549358,5.5370658956367045,5.580933570861816,41400
2009-07-30,5.571187731941581,5.63942595252461,5.546816739659921,5.62480354309082,23300
2009-07-31,5.673542121146415,5.702786922454834,5.6491711434975755,5.702786922454834,25000
2009-08-03,5.7515322756258005,5.849015778974439,5.683293590862748,5.736909866333008,75000
2009-08-04,5.741784974803613,5.741784974803613,5.693043444666088,5.712540149688721,30800
2009-08-05,5.707661210952149,5.722283611606358,5.6832902333033095,5.702786922454834,29000
2009-08-06,5.678415905363108,5.678415905363108,5.654045392721285,5.668667793273926,30000
2009-08-07,5.683292260905905,5.7759019160438765,5.658921274562338,5.766153335571289,45600
2009-08-10,5.766156787321019,5.834395496964634,5.688169956207275,5.688169956207275,37800
2009-08-11,5.71253773058238,5.7564054145160455,5.697914859379213,5.75153112411499,18600
2009-08-12,5.799081980737584,5.882416248321534,5.79417985499913,5.882416248321533,67800
2009-08-13,5.857904416162181,5.906924724578857,5.848100634974229,5.906924724578857,50400
2009-08-14,5.906921858239764,5.926529878593164,5.857901573610223,5.877509593963623,36200
2009-08-17,5.818689570596624,5.867709889242244,5.784375628040133,5.843199729919434,34100
2009-08-18,5.882416248321534,5.9167301935058285,5.838298051660332,5.882416248321533,50800
2009-08-19,5.8775098387129745,5.9118242263793945,5.8431959185386555,5.9118242263793945,26600
2009-08-20,5.921633208315103,5.965751411600189,5.921633208315103,5.960849285125732,28700
2009-08-21,5.946140280921323,5.995160117695725,5.946140280921323,5.955944061279297,39000
2009-08-24,5.941240322627824,5.9608483579833305,5.916730161560331,5.931436538696289,43800
2009-08-25,5.9020221005797735,5.970650433054659,5.9020221005797735,5.955944061279297,28200
2009-08-26,5.960848345984984,5.960848345984984,5.926534401055026,5.941240310668945,12700
2009-08-27,5.911826830693514,5.960846671466761,5.911826830693514,5.936336517333984,23200
2009-08-28,5.965751411600189,5.970653538074645,5.916731081840647,5.960849285125732,19700
2009-08-31,5.9559499636507285,6.019676235353495,5.936341916010856,6.000068187713623,46300
2009-09-01,6.078495501581249,6.1226136902487385,6.009867623647248,6.088299751281738,35200
2009-09-02,6.073594307318023,6.107908248901366,6.053986273914344,6.107908248901367,32500
2009-09-03,6.152026890531009,6.156929016113281,6.088300660438752,6.156929016113281,47600
2009-09-04,6.112807503971475,6.19123960075988,6.088297356852056,6.147121429443359,103200
2009-09-08,6.1569251901974695,6.27457332611084,6.1569251901974695,6.27457332611084,36700
2009-09-09,6.323596952186779,6.348107112116208,6.245164814406543,6.333401203155518,44700
2009-09-10,6.362813487848824,6.362813487848824,6.308891506042333,6.343205451965332,36100
2009-09-11,6.3816433845052,6.386571407318115,6.361931763215661,6.386571407318115,24300
2009-09-14,6.371786767560664,6.4062819816896,6.366858745553089,6.3816423416137695,37300
2009-09-15,6.357001901748484,6.430920812676063,6.357001901748484,6.416137218475342,50400
2009-09-16,6.406277818541822,6.465412634317568,6.396421780931661,6.440773010253906,32600
2009-09-17,6.460486830259853,6.465414850754329,6.416136055695268,6.430919647216797,34000
2009-09-18,6.406280607912702,6.4900550842285165,6.406280607912702,6.490055084228516,48700
2009-09-21,6.509763897175074,6.529475502535202,6.48512427298448,6.519619464874268,33300
2009-09-22,6.509768431131588,6.539336094746086,6.435849977038448,6.48020076751709,57000
2009-09-23,6.499908156377446,6.554115426064852,6.455557394762882,6.509764194488525,23500
2009-09-24,6.544264045189021,6.544264045189021,6.475273609161377,6.475273609161377,32800
2009-09-25,6.490056812042613,6.490056812042613,6.470345192953637,6.48020076751709,16600
2009-09-28,6.514695850545948,6.5196234023906605,6.490056211474282,6.499911785125732,19000
2009-09-29,6.539332866668701,6.5442604165369564,6.514693237480075,6.539332866668701,20600
2009-09-30,6.5393330439261055,6.5541166338552745,6.519620964071412,6.549188613891602,9700
2009-10-01,6.593543873501507,6.593543873501507,6.524552961834207,6.559048652648926,25400
2009-10-02,6.559042402124408,6.6329607963562,6.554114383852505,6.632960796356201,34100
2009-10-05,6.628041522290297,6.65268117619459,6.608329893159324,6.642825126647949,24400
2009-10-06,6.667460357938987,6.677316400947986,6.6329651473314835,6.662532806396484,25700
2009-10-07,6.687172855377249,6.736452136993356,6.672389258877241,6.711812496185303,48600
2009-10-08,6.74630502023985,6.74630502023985,6.716737839034176,6.721665859222412,21500
2009-10-09,6.800518629658043,6.800518629658043,6.632969547063617,6.642825126647949,56800
2009-10-12,6.677317082599646,6.677317082599646,6.327435509416579,6.3816423416137695,109200
2009-10-13,6.3608337319329245,6.469820110665097,6.336064035978887,6.385603427886963,37400
2009-10-14,6.370742145274995,6.370742145274995,6.1032304339789745,6.1180925369262695,89100
2009-10-15,6.033875885247722,6.142861806295413,5.98433648663134,6.1032304763793945,96200
2009-10-16,6.152771198561401,6.187448501586914,6.10818582470413,6.187448501586914,25900
2009-10-19,6.123043775826514,6.227076094776014,6.123043775826514,6.212214469909668,26500
2009-10-20,6.227082345603317,6.331114768981934,6.227082345603317,6.331114768981934,32500
2009-10-21,6.345974670688126,6.350928233928841,6.261757953838971,6.3261590003967285,53500
2009-10-22,6.331113290260922,6.35092896282657,6.281574345068251,6.345975399017334,17400
2009-10-23,6.350925749884486,6.355879783630371,6.3360641210894935,6.355879783630371,11000
2009-10-26,6.3756983925301585,6.39551406422832,6.286527633666992,6.286527633666992,34800
2009-10-27,6.306343257768861,6.311297293766732,6.291481622218127,6.301389694213867,13000
2009-10-28,6.321202935085144,6.345972633106986,6.251847875112526,6.26175594329834,32200
2009-10-29,6.271663539041461,6.271663539041461,6.222124615440471,6.26175594329834,27300
2009-10-30,6.276619628750923,6.291481263454191,6.118094265401793,6.123047828674316,47600
2009-11-02,6.202309406127269,6.236986702434001,6.113138675689696,6.113138675689697,57900
2009-11-03,6.152770379302298,6.1973557472228995,6.113139046137933,6.1973557472229,34800
2009-11-04,6.2171693746264065,6.2568006947920365,6.2171693746264065,6.241939067840576,19400
2009-11-05,6.2964379073811525,6.2964379073811525,6.241944909267637,6.251852512359619,17100
2009-11-06,6.2617568815530475,6.316249847412109,6.241941214654955,6.316249847412109,20800
2009-11-09,6.341018803168853,6.355880433483364,6.311295070097121,6.350926399230957,20300
2009-11-10,6.384793261030768,6.384793261030768,6.3051079278138555,6.320048809051514,24100
2009-11-11,6.325028730948265,6.369851845866176,6.265264736045054,6.275225639343262,32700
2009-11-12,6.26028439906267,6.275225754283656,6.175618619325169,6.195539951324463,23200
2009-11-13,6.2005233049458095,6.2005233049458095,6.160680622300615,6.175621509552002,16100
2009-11-16,6.180601813207465,6.4047170163730085,6.175621359257463,6.255307197570801,20700
2009-11-17,6.225424214641528,6.270247344980895,6.190561991027431,6.200522422790527,51200
2009-11-18,6.2005205749541705,6.2005205749541705,6.160677909851074,6.160677909851074,12700
2009-11-19,6.145739593427007,6.150720047383447,6.115857344650595,6.125818252563477,25900
2009-11-20,6.155699174501786,6.155699174501786,6.046132052396277,6.06605339050293,34600
2009-11-23,6.05609170669589,6.085973947501698,6.031189918518066,6.031189918518066,32400
2009-11-24,6.051111920033263,6.0760137109516945,6.051111920033263,6.061072826385498,17900
2009-11-25,6.036173475514784,6.140760659680534,6.036173475514784,6.085977077484131,20900
2009-11-27,6.071032035471513,6.235383632458765,6.071032035471513,6.155697822570801,15600
2009-11-30,6.100917257962793,6.200523975345238,6.100917257962793,6.1407599449157715,28600
2009-12-01,6.2005229369726305,6.2005229369726305,6.165660710467562,6.180601596832275,16000
2009-12-02,6.195540620484462,6.245344193342826,6.1656588567391015,6.2254228591918945,33400
2009-12-03,6.265265527493757,6.2702459797720085,6.215461954635394,6.2254228591918945,21000
2009-12-04,6.21546407885384,6.25032678175432,6.20052319187491,6.235385894775391,15500
2009-12-07,6.250325236179672,6.389774588411987,6.205502111364471,6.230403900146484,40600
2009-12-08,6.260285666715208,6.260285666715208,6.200521658615644,6.230403900146484,22100
2009-12-09,6.235386041553129,6.2453464747861345,6.200523337831998,6.220444679260254,52600
2009-12-10,6.215463965811388,6.295149803161622,6.205503532993999,6.295149803161621,74700
2009-12-11,6.261091770609335,6.356260155341904,6.261091770609335,6.3011627197265625,33200
2009-12-14,6.371283367699697,6.371283367699697,6.266097068786621,6.266097068786621,19500
2009-12-15,6.236045489245151,6.24105447584478,6.160912600983732,6.175939083099365,38100
2009-12-16,6.216006944357223,6.261086846078269,6.210997960236436,6.246060371398926,36500
2009-12-17,6.341228293897283,6.341228293897283,6.200980090864046,6.311175346374512,47400
2009-12-18,6.33622085749782,6.33622085749782,6.221017067720783,6.251070022583008,22300
2009-12-21,6.2761085650182595,6.336214895872904,6.226020194814051,6.296144008636475,15000
2009-12-22,6.296145598188788,6.306163561368402,6.221012785072791,6.226021766662598,14000
2009-12-23,6.160912014327887,6.216009428627545,6.160912014327887,6.211000442504883,39300
2009-12-24,6.185957114844493,6.246063521559145,6.185957114844493,6.241054534912109,17300
2009-12-28,6.216005899367794,6.256076810231625,6.216005899367794,6.231032371520996,10200
2009-12-29,6.2109957661335375,6.24104918255854,6.135862941595306,6.2009782791137695,44600
2009-12-30,6.226026163323243,6.226026163323243,6.135866341769262,6.1909637451171875,56900
2009-12-31,6.226027400872868,6.226027400872868,6.211000442504883,6.211000442504883,17500
2010-01-04,6.236039252159435,6.261083682425693,6.170923924540275,6.226021766662598,23500
2010-01-05,6.175933845040077,6.2009782791137695,6.175933845040077,6.2009782791137695,32600
2010-01-06,6.200981421973088,6.231034375947057,6.1959724370830624,6.221016883850098,10700
2010-01-07,6.2210190660072255,6.246063521559145,6.175939141550422,6.241054534912109,20100
2010-01-08,6.266098687240374,6.291143141580364,6.200983297029695,6.2711076736450195,29500
2010-01-11,6.256079378174577,6.296150305486385,6.241052899853432,6.2861328125,18600
2010-01-12,6.261083421938602,6.286127851162907,6.261083421938602,6.281118869781494,9700
2010-01-13,6.277092957313144,6.31739528124119,6.256941795349121,6.256941795349121,36600
2010-01-14,6.261977939759724,6.272053277679187,6.231750965118408,6.231750965118408,13700
2010-01-15,6.231752521492143,6.2670169336797095,6.201526019743252,6.226714611053467,31200
2010-01-19,6.201524470918555,6.267015368498724,6.201524470918555,6.231750965118408,25100
2010-01-20,6.297243369135858,6.317394528699431,6.211600820880287,6.287167549133301,29600
2010-01-21,6.287169329630358,6.312358406328639,6.2569428219457635,6.29220724105835,38100
2010-01-22,6.297243969233717,6.3173951307176015,6.261979556747316,6.282130718231201,20500
2010-01-25,6.28213151960911,6.317395936594004,6.277093608485083,6.307320594787598,23400
2010-01-26,6.277093960402066,6.337547455954693,6.272056048995595,6.312358379364014,45900
2010-01-27,6.3173985141555455,6.337549686431885,6.297247341879205,6.337549686431885,21000
2010-01-28,6.3173950843980995,6.357697407070369,6.2720548512814,6.322432994842529,37800
2010-01-29,6.337547707409473,6.337547707409473,6.29724537544198,6.30228328704834,13800
2010-02-01,6.3627320824700915,6.3627320824700915,6.2972407213154495,6.317391872406006,36300
2010-02-02,6.362736478703021,6.362736478703021,6.342585313689334,6.352660655975342,32900
2010-02-03,6.357699871063232,6.403040121752019,6.347624526711152,6.357699871063232,50700
2010-02-04,6.352660851598822,6.382887840270996,6.352660851598822,6.382887840270996,3400
2010-02-05,6.357698763117798,6.3879257517899735,6.352660851598822,6.382887840270996,44100
2010-02-08,6.362733734344374,6.423187203310794,6.347620487213135,6.347620487213135,52600
2010-02-09,6.352661227926648,6.382888218389451,6.322434717905558,6.367774963378906,27800
2010-02-10,6.333320339648201,6.3839870956429845,6.333320339648201,6.343453884124756,15200
2010-02-11,6.338387217479295,6.348520278930664,6.323186900511237,6.348520278930664,41000
2010-02-12,6.318120307794925,6.353586745961548,6.318120307794925,6.333320140838623,10700
2010-02-16,6.328253567409924,6.343453884124756,6.3181205061273635,6.343453884124756,47200
2010-02-17,6.323188144174407,6.373854910978549,6.323188144174407,6.36372184753418,34000
2010-02-18,6.424520414188946,6.424520414188946,6.333320445156609,6.348520278930664,38500
2010-02-19,6.313052453401375,6.353585656698182,6.297852622963547,6.302918910980225,30600
2010-02-22,6.277589683594236,6.302922588038264,6.247189521789551,6.247189521789551,49900
2010-02-23,6.26238825076457,6.297855180447395,6.26238825076457,6.287721633911133,45600
2010-02-24,6.267453723801817,6.33332031304072,6.267453723801817,6.31812047958374,55100
2010-02-25,6.333320445156609,6.368786885027405,6.302920294414496,6.348520278930664,39500
2010-02-26,6.373851501354384,6.404251641813457,6.363718443330586,6.3839850425720215,38700
2010-03-01,6.409317761585661,6.449850959008341,6.378918105115565,6.399184703826904,45200
2010-03-02,6.373852620238745,6.439719200134277,6.373852620238745,6.439719200134277,30600
2010-03-03,6.429584360297,6.434651130773292,6.399184703826904,6.399184703826904,17700
2010-03-04,6.373855056893304,6.4245218248573455,6.373855056893304,6.419455051422119,29600
2010-03-05,6.414387453992395,6.45998744266342,6.414387453992395,6.449853897094727,68800
2010-03-08,6.439722360488965,6.459988973234089,6.434655586504143,6.454922199249268,35800
2010-03-09,6.444784916153808,6.480251344445312,6.4346513748168945,6.4346513748168945,45100
2010-03-10,6.475186973899899,6.530920505523682,6.439720532462238,6.530920505523682,52000
2010-03-11,6.542130834730687,6.542130834730687,6.486084232217594,6.491179466247559,25800
2010-03-12,6.480985691410823,6.491175667599299,6.4147491455078125,6.4147491455078125,91400
2010-03-15,6.419842439784433,6.440222871920886,6.404556751251221,6.404556751251221,48700
2010-03-16,6.389271548625839,6.440222871920886,6.389271548625839,6.404556751251221,27100
2010-03-17,6.389275248390399,6.3994657133134165,6.297563007715688,6.363799571990967,87000
2010-03-18,6.3688967322437815,6.40965763245748,6.3434210481331545,6.373991966247559,44500
2010-03-19,6.353609561920166,6.373990005758472,6.343419097046959,6.353609561920166,27200
2010-03-22,6.353609592976061,6.379085269375493,6.343419128053044,6.363799571990967,37800
2010-03-23,6.394368707222885,6.4147491455078125,6.36889303788973,6.4147491455078125,45300
2010-03-24,6.424940888602253,6.455511797390859,6.404560444712554,6.450416564941406,72000
2010-03-25,6.445317548777184,6.480983669077495,6.445317548777184,6.4606032371521,9700
2010-03-26,6.419845721649393,6.470796585083008,6.419845721649393,6.470796585083008,24500
2010-03-29,6.475893071107374,6.506463983813363,6.465702604902653,6.496273517608643,56400
2010-03-30,6.5217445329282855,6.5217445329282855,6.455508007693794,6.4606032371521,31800
2010-03-31,6.440228309429711,6.491179189834946,6.440228309429711,6.475893974304199,10800
2010-04-01,6.516649086420713,6.516649086420713,6.465697765350342,6.465697765350342,30700
2010-04-05,6.496274423647941,6.511559639178688,6.455513524960457,6.475893974304199,26300
2010-04-06,6.506459330461196,6.5217445329282855,6.419842373301308,6.4606032371521,55500
2010-04-07,6.460607477008086,6.470797456704175,6.409656120803208,6.440227031707764,36400
2010-04-08,6.424936902857168,6.47079299463894,6.419842159476378,6.465697765350342,29100
2010-04-09,6.470799720204307,6.501370641802639,6.4504192677748575,6.486084938049316,16100
2010-04-12,6.521750725097779,6.537035942077637,6.501370273821872,6.537035942077637,36800
2010-04-13,6.553428361951,6.553428361951,6.502189477034328,6.517561435699463,39000
2010-04-14,6.548307573713258,6.548307573713258,6.527812107467303,6.532936096191406,39200
2010-04-15,6.548305753723798,6.548305753723798,6.486819372075021,6.491943359375,44600
2010-04-16,6.481697185897758,6.517564618314068,6.481697185897758,6.486821174621582,20700
2010-04-19,6.491941993241126,6.522684933270953,6.486818007019416,6.517561435699463,33900
2010-04-20,6.579049529590174,6.579049529590174,6.522686643672122,6.553430080413818,44600
2010-04-21,6.5636744856505835,6.594417417021265,6.532931065629818,6.543179035186768,37600
2010-04-22,6.553426849616513,6.579046286162651,6.553426849616513,6.558550834655762,34900
2010-04-23,6.543179368188123,6.579046286162651,6.517559931641985,6.558550834655762,47300
2010-04-26,6.532934618802804,6.573925542024833,6.532934618802804,6.553430080413818,38200
2010-04-27,6.563677812086867,6.609792232513428,6.563677812086867,6.609792232513428,25000
2010-04-28,6.620035984145337,6.650778911484546,6.604664520475733,6.635407447814941,40100
2010-04-29,6.635412540189012,6.671279967811384,6.625165052761474,6.650784015655518,33400
2010-04-30,6.635408472486233,6.676399374368534,6.620037006442894,6.661027908325195,37300
2010-05-03,6.686652878110356,6.696900367736816,6.666157410206934,6.696900367736816,60800
2010-05-04,6.676395746226034,6.702015168142677,6.666148270649275,6.691767692565918,36300
2010-05-05,6.691772750536993,6.727639675140381,6.681524778564482,6.727639675140381,35800
2010-05-06,6.727637207132608,6.727637207132608,6.635407447814941,6.635407447814941,33000
2010-05-07,6.661032254141851,6.758385587465434,6.655908265901028,6.686651706695557,53100
2010-05-10,6.794254206765943,6.794254206765943,6.686652878110356,6.696900367736816,43900
2010-05-11,6.702023029327393,6.737889968891172,6.702023029327393,6.702023029327393,32500
2010-05-12,6.739120608740658,6.7597295207318595,6.703055135594861,6.733968257904053,55300
2010-05-13,6.713356845977874,6.7391180992126465,6.713356845977874,6.7391180992126465,13700
2010-05-14,6.7082072555970536,6.74942507816112,6.703054904937744,6.703054904937744,57400
2010-05-17,6.687597987636745,6.718511600859944,6.65153251500569,6.67729377746582,58900
2010-05-18,6.6463770864633736,6.692747239147651,6.6463770864633736,6.666985988616943,16800
2010-05-19,6.6360727586424995,6.666985865625079,6.6360727586424995,6.651529312133789,13800
2010-05-20,6.625769610561074,6.651530866637104,6.610313053457492,6.646378517150879,33300
2010-05-21,6.646378517150879,6.692748679816714,6.620617752429941,6.646378517150879,22200
2010-05-24,6.656682484263148,6.739118101559094,6.656682484263148,6.718509197235107,25300
2010-05-25,6.708205922162544,6.80094575881958,6.703053572527401,6.80094575881958,60100
2010-05-26,6.806096781983737,6.862771142859464,6.79579208472178,6.857619285583496,42700
2010-05-27,6.862774111264991,6.924600847514064,6.8421651991819665,6.893687725067139,46000
2010-05-28,6.929748649467218,6.965814590454102,6.929748649467218,6.965814590454102,28500
2010-06-01,6.986425996475849,7.007034902427191,6.965817090524507,7.001882553100586,19900
2010-06-02,7.027643459742817,7.027643459742817,6.862771728956162,6.955512046813965,33800
2010-06-03,6.934903144836426,6.965816747920534,6.9297507957632325,6.934903144836426,14000
2010-06-04,6.934903141885014,6.955512046813965,6.929750792814014,6.955512046813965,12300
2010-06-07,6.924597615270278,7.012185573577881,6.924597615270278,7.012185573577881,33500
2010-06-08,7.022491459051928,7.022491459051928,6.9709689484960355,7.001882553100586,34500
2010-06-09,7.022488598476305,7.053401699133482,7.007032048147716,7.043097496032715,24700
2010-06-10,7.058557855996994,7.1100803733731235,7.048253647334852,7.084319114685059,47100
2010-06-11,7.071364402770996,7.138710791584496,7.071364402770996,7.071364402770996,21000
2010-06-14,7.0972661952173315,7.112807515921437,7.050641739055335,7.086905479431152,47900
2010-06-15,7.097267751912476,7.097267751912476,6.957394846796827,6.9625749588012695,77300
2010-06-16,6.962573989072176,6.983295916353205,6.95221327245652,6.972935199737549,15700
2010-06-17,6.97811866512784,7.004021208357994,6.947035514441671,6.9832987785339355,18300
2010-06-18,6.988480993926017,7.019564151763916,6.9729396620320845,7.019564151763916,19900
2010-06-21,7.019562694076693,7.050645351409912,7.019562694076693,7.050645351409912,16800
2010-06-22,7.07654508643652,7.092086408934551,6.96775484085083,6.96775484085083,73800
2010-06-23,6.936674075551711,6.988478662599712,6.936674075551711,6.978117942810059,14000
2010-06-24,6.983298575691521,6.99365979030259,6.931493984785889,6.947035312652588,33300
2010-06-25,6.952217275799879,6.998841762542725,6.952217275799879,6.998841762542725,27200
2010-06-28,7.01956010650706,7.024740712169551,6.9781162493066295,7.004018783569336,25800
2010-06-29,6.962576098944153,7.009200572967529,6.962576098944153,7.009200572967529,20800
2010-06-30,7.019561786772665,7.019561786772665,6.972937312749289,7.009200572967529,32400
2010-07-01,6.993657374380706,7.009198696878737,6.9573941238687205,6.96775484085083,48100
2010-07-02,6.972936100868192,7.024741172790527,6.962574888863812,7.024741172790527,38300
2010-07-06,7.050646815551782,7.071368756093704,7.019564151763916,7.019564151763916,14600
2010-07-07,7.019565574702657,7.061009464187607,6.998843629960183,7.029926300048828,37300
2010-07-08,7.050646532368192,7.081729688957661,7.019563869828736,7.0558271408081055,56300
2010-07-09,7.035105201098464,7.0558271408081055,7.014383261388822,7.0558271408081055,26900
2010-07-12,7.066187329574238,7.117991924285889,7.04546539287959,7.117991924285889,33900
2010-07-13,7.125805240949234,7.136222826320368,7.0841339059417,7.09976053237915,30200
2010-07-14,7.115384249527623,7.1414289474487305,7.1049666684159565,7.1414289474487305,31800
2010-07-15,7.141436016878188,7.203943055708855,7.125809381360969,7.183107376098633,41600
2010-07-16,7.198727467244556,7.209145545959473,7.172683263979933,7.209145545959473,13900
2010-07-19,7.20914404629035,7.25081535895875,7.203935008016493,7.214353084564209,19100
2010-07-20,7.245614414929299,7.245614414929299,7.157062652395409,7.183107376098633,66800
2010-07-21,7.151851639783192,7.261239051818848,7.151851639783192,7.261239051818848,49500
2010-07-22,7.292487907946432,7.308114528656006,7.266443208922931,7.308114528656006,25900
2010-07-23,7.2768623788731945,7.344578407788169,7.2768623788731945,7.334160327911377,23000
2010-07-26,7.313326019783441,7.3393707275390625,7.302908434738081,7.3393707275390625,39300
2010-07-27,7.308113833237883,7.328949491121762,7.261233478808839,7.287278175354004,35600
2010-07-28,7.282074725694132,7.287283768353365,7.25082146326203,7.261239051818848,18100
2010-07-29,7.261232938745234,7.266441977019092,7.214353084564209,7.214353084564209,19300
2010-07-30,7.2404031020095,7.245612144470215,7.224776471388985,7.245612144470215,35200
2010-08-02,7.266447678606804,7.339372781377495,7.245612005923981,7.328954696655273,42900
2010-08-03,7.302909044184304,7.365416049957275,7.302909044184304,7.365416049957275,18900
2010-08-04,7.365416049957275,7.365416049957275,7.339371340028157,7.365416049957275,20200
2010-08-05,7.36541695069707,7.3706254959106445,7.360207908721912,7.3706254959106445,16400
2010-08-06,7.370620406715102,7.391456063467747,7.297695856461467,7.318531513214111,86100
2010-08-09,7.334161686635642,7.3393707275390625,7.292490352931239,7.3393707275390625,34800
2010-08-10,7.339371887532926,7.381043227823519,7.31853621738763,7.360207557678223,43600
2010-08-11,7.368060671279366,7.378534345014434,7.2999832902381785,7.305220127105713,51900
2010-08-12,7.284273279047828,7.352350660089016,7.284273279047828,7.305220127105713,57300
2010-08-13,7.315693510743934,7.347113531878704,7.310456674084062,7.336640357971191,24400
2010-08-16,7.331401824951172,7.36805867426405,7.310454982570653,7.331401824951172,35900
2010-08-17,7.331404128276185,7.357587814331055,7.310457279314744,7.357587814331055,33100
2010-08-18,7.357583932587099,7.383767604827881,7.310453422436094,7.383767604827881,39600
2010-08-19,7.357585917299963,7.436136455799351,7.357585917299963,7.430899620056152,43400
2010-08-20,7.394242077100115,7.404715747606915,7.368058400245212,7.399478912353516,26000
2010-08-23,7.394242768678058,7.436136455799351,7.394242768678058,7.430899620056152,27000
2010-08-24,7.420429872965953,7.488507270812988,7.420429872965953,7.488507270812988,44600
2010-08-25,7.4780295264762175,7.519923210144043,7.457082684642305,7.519923210144043,36200
2010-08-26,7.5094501031517495,7.5356337805210805,7.457082748413086,7.457082748413086,58400
2010-08-27,7.488507270812988,7.504217285881573,7.472797255744403,7.488507270812988,14300
2010-08-30,7.457082605069239,7.5094499588012695,7.451845769813616,7.5094499588012695,23700
2010-08-31,7.488505227935083,7.540872097015381,7.488505227935083,7.540872097015381,42500
2010-09-01,7.572294148367906,7.59324100011587,7.478033065795898,7.478033065795898,41700
2010-09-02,7.514686526430963,7.546106538021521,7.478029180359207,7.504212856292725,19300
2010-09-03,7.5042131235456475,7.530396800411663,7.483266281935254,7.5094499588012695,16600
2010-09-07,7.5251600454555465,7.540870051977955,7.514686874244642,7.519923210144043,7700
2010-09-08,7.504217199806576,7.5461109057838565,7.504217199806576,7.51469087600708,20900
2010-09-09,7.540866997978756,7.587997497870558,7.493736997498856,7.561813831329346,42600
2010-09-10,7.525162086232515,7.567055781261649,7.525162086232515,7.540872097015381,34200
2010-09-13,7.543508505079545,7.569829291267413,7.511923963275895,7.538244247436523,38800
2010-09-14,7.51718292088449,7.5277114294504806,7.448749121286303,7.459277629852295,66500
2010-09-15,7.459281824099984,7.459281824099984,7.243452297408492,7.280301094055176,132600
2010-09-16,7.280298339148803,7.296090602874756,7.2539775649208735,7.296090602874756,47300
2010-09-17,7.285562858674604,7.343468162454882,7.264506338933863,7.3382039070129395,67600
2010-09-20,7.3645195960998535,7.4013688567175295,7.348727342707527,7.3645195960998535,34100
2010-09-21,7.369783847906191,7.41189685830352,7.3645195960998535,7.3645195960998535,24900
2010-09-22,7.348734755704006,7.411904335021973,7.348734755704006,7.411904335021973,21800
2010-09-23,7.411904335021973,7.438225118577923,7.385583551466023,7.411904335021973,29700
2010-09-24,7.406637084870946,7.432957857790627,7.380316813978251,7.390844821929932,16900
2010-09-27,7.401374502468077,7.411902512084807,7.317147915398897,7.348732948303223,33800
2010-09-28,7.317145038320526,7.364522318034884,7.285560519862201,7.343465805053711,48800
2010-09-29,7.332938915207185,7.375051947576594,7.332938915207185,7.369787693023682,12800
2010-09-30,7.380319220252371,7.396111488342285,7.3487341820453915,7.396111488342285,32600
2010-10-01,7.417165359386933,7.432957621826612,7.396108842125038,7.4276933670043945,29700
2010-10-04,7.4382219040725825,7.443486158914208,7.41190113189143,7.432957649230957,24300
2010-10-05,7.448748169599089,7.448748169599089,7.385578632354736,7.385578632354736,28900
2010-10-06,7.406634330749512,7.422427089845052,7.396106326712619,7.406634330749512,18800
2010-10-07,7.38557857851051,7.4224278514878765,7.364522066249238,7.380314826965332,33800
2010-10-08,7.390844209208385,7.406636470840177,7.369787693023682,7.369787693023682,20400
2010-10-11,7.3961120656992785,7.417168592138601,7.375055539259956,7.411904335021973,19900
2010-10-12,7.3697883039995835,7.417165594849613,7.3697883039995835,7.390844821929932,27800
2010-10-13,7.409367450503895,7.451706652700355,7.409367450503895,7.4146599769592285,26400
2010-10-14,7.409364451732443,7.435826568576067,7.372317790985107,7.372317790985107,31400
2010-10-15,7.377614327183002,7.3881993822898275,7.31410551071167,7.31410551071167,44600
2010-10-18,7.319397871982361,7.345860004425049,7.29822826697285,7.345860004425049,37900
2010-10-19,7.324688960588098,7.335273508652077,7.28234975888599,7.298226833343506,22400
2010-10-20,7.329984725759484,7.329984725759484,7.2770604478855345,7.30352258682251,28100
2010-10-21,7.292936156701067,7.298228684436981,7.266474022744726,7.277059078216553,57400
2010-10-22,7.2717661345301625,7.367029609434559,7.2717661345301625,7.345860004425049,41200
2010-10-25,7.404076095010482,7.404076095010482,7.314105149933236,7.356444358825684,42600
2010-10-26,7.372321940702738,7.382906490564259,7.329982731810291,7.356444358825684,26800
2010-10-27,7.367029413410386,7.382906490564259,7.335274754379459,7.356444358825684,25200
2010-10-28,7.382901159583576,7.382901159583576,7.308807849884033,7.308807849884033,50600
2010-10-29,7.31410551071167,7.329983093371909,7.308813487881465,7.31410551071167,29000
2010-11-01,7.31410778131992,7.335277393382306,7.28764614478446,7.319400310516357,58100
2010-11-02,7.324688960588098,7.324688960588098,7.287642285279528,7.298226833343506,17600
2010-11-03,7.292936156701067,7.303521212172894,7.271766550480639,7.277059078216553,36300
2010-11-04,7.308813739908807,7.308813739908807,7.261181999732037,7.277059078216553,18800
2010-11-05,7.292938245672097,7.292938245672097,7.218844855039085,7.245306491851807,46800
2010-11-08,7.218842504147138,7.240012109537232,7.150041160448529,7.171210765838623,49500
2010-11-09,7.144747741293967,7.144747741293967,6.996560522056275,7.023022651672363,112500
2010-11-10,7.020359922942728,7.020359922942728,6.807460652248383,6.8819756507873535,123100
2010-11-11,6.823427101399576,6.892619482458628,6.706332771230568,6.844717025756836,185600
2010-11-12,6.786169860672332,6.844717025756836,6.738267403970539,6.844717025756836,77600
2010-11-15,6.8447190224423755,6.850041631982317,6.339082790763515,6.56262731552124,163700
2010-11-16,6.456180405575125,6.64246725028876,6.296505604683295,6.599887371063232,158700
2010-11-17,6.599885629610887,6.690367975988423,6.567950982414149,6.679723262786865,91300
2010-11-18,6.6424601771258045,6.658427995526342,6.530688493871997,6.541333198547363,135800
2010-11-19,6.567950982414149,6.679723262786865,6.562628372017337,6.679723262786865,47800
2010-11-22,6.663753238881723,6.850039958953857,6.663753238881723,6.850039958953857,93600
2010-11-23,6.897945668401847,6.940525539202492,6.839398472948984,6.871333122253418,86300
2010-11-24,6.8660069501140955,6.9085867988286145,6.844717025756836,6.844717025756836,24600
2010-11-26,6.834077017565452,6.913914161915852,6.8287544059175085,6.897946834564209,61300
2010-11-29,6.84472224664461,6.935204621077355,6.84472224664461,6.913914680480957,29500
2010-11-30,6.881980023382472,6.95117245721882,6.881980023382472,6.913914680480957,44000
2010-12-01,6.94584346736875,6.95648817409667,6.81278133392334,6.81278133392334,63300
2010-12-02,6.786169001670605,6.881973902947086,6.653106864382947,6.66375207901001,61400
2010-12-03,6.631820892521542,6.716980629890667,6.599885737212084,6.658433437347412,94200
2010-12-06,6.653110766937237,6.6744007010877535,6.621175611915428,6.626498222351074,67700
2010-12-07,6.626497476896769,6.631820086733643,6.4668227349346274,6.514725208282471,101400
2010-12-08,6.498760285788985,6.498760285788985,6.3869879759069255,6.445535182952881,112700
2010-12-09,6.34440643303175,6.4348887795713425,6.34440643303175,6.402953624725342,179600
2010-12-10,6.296504849913997,6.397632431646495,6.296504849913997,6.386987209320068,96600
2010-12-13,6.421794175082548,6.421794175082548,6.336098920058422,6.352166652679443,57400
2010-12-14,6.3307473917914585,6.3361034767783915,6.23969599015111,6.27183198928833,111500
2010-12-15,6.228987150410675,6.314682505852692,6.228987150410675,6.2932586669921875,96200
2010-12-16,6.271831605531135,6.550341367613443,6.271831605531135,6.534273624420166,111800
2010-12-17,6.625322339416956,6.68423771447389,6.593186866034678,6.6467461585998535,49900
2010-12-20,6.6306856210086655,6.6306856210086655,6.405735019961715,6.416446685791016,98700
2010-12-21,6.427155760875299,6.427155760875299,6.389664182387883,6.400375843048096,108000
2010-12-22,6.352172093116019,6.475359510807375,6.352172093116019,6.400375843048096,84500
2010-12-23,6.416443815884447,6.416443815884447,6.378952236073852,6.405732154846191,44000
2010-12-27,6.45393590647951,6.45393590647951,6.384308321985213,6.405732154846191,46400
2010-12-28,6.400375142192059,6.427155057086799,6.352171397538405,6.362883567810059,64500
2010-12-29,6.357528428129624,6.411088265884217,6.320036848172088,6.395020008087158,92000
2010-12-30,6.421799853617239,6.470003604888916,6.395019935045811,6.470003604888916,47800
2010-12-31,6.544987868046315,6.593191623687744,6.5128518606905255,6.593191623687744,44100
2011-01-03,6.571766641175023,6.571766641175023,6.502139063052873,6.544986724853516,38600
2011-01-04,6.550343053336587,6.566411311449358,6.523563644717591,6.528919219970703,45600
2011-01-05,6.512851958732597,6.53427579369746,6.48071646167756,6.496784210205078,35200
2011-01-06,6.507493973855647,6.507493973855647,6.4700024013007305,6.475358486175537,46500
2011-01-07,6.507495872295252,6.507495872295252,6.47000428880287,6.496784210205078,36300
2011-01-10,6.528917539543839,6.534273624202869,6.486069883840294,6.502138137817383,60000
2011-01-11,6.5128505485382595,6.518206633815879,6.475358973163738,6.48607063293457,52600
2011-01-12,6.499544221853045,6.499544221853045,6.3594212594557415,6.391757011413574,107400
2011-01-13,6.343252680318906,6.3701989659742315,6.2839696183553,6.3324737548828125,67700
2011-01-14,6.327086006817101,6.327086006817101,6.25163556418705,6.26241397857666,70400
2011-01-18,6.278578510156546,6.337861556583337,6.235463847646509,6.327082633972168,81800
2011-01-19,6.327082634835952,6.327082634835952,6.219295978546143,6.219295978546143,63200
2011-01-20,6.235467158949766,6.29475023685844,6.197741937711586,6.251635551452637,59400
2011-01-21,6.273192589904967,6.3863687620980425,6.2624136620924995,6.364811420440674,80000
2011-01-24,6.332476306553807,6.434873569620396,6.332476306553807,6.424095153808594,42800
2011-01-25,6.424093704015149,6.483376262520286,6.413314776668282,6.467208385467529,27200
2011-01-26,6.445648666820373,6.494152794052103,6.429480795732249,6.488763332366943,58100
2011-01-27,6.467210544727008,6.472600010199866,6.440263731330436,6.46182107925415,30200
2011-01-28,6.43487024307251,6.45642757751957,6.413312908625449,6.43487024307251,29600
2011-01-31,6.4348723769295075,6.4456513047111175,6.407926085410615,6.4402618408203125,61500
2011-02-01,6.461817947172735,6.48337528464748,6.42948219794435,6.4779863357543945,57800
2011-02-02,6.494152335649217,6.494152335649217,6.456426620483398,6.456426620483398,105900
2011-02-03,6.456430171920324,6.472598564728145,6.451041221618652,6.451041221618652,56800
2011-02-04,6.440261590700829,6.4564294677777685,6.429483177305385,6.445651054382324,56200
2011-02-07,6.467208632918695,6.467208632918695,6.424093949816641,6.429483413696289,30500
2011-02-08,6.407925605773926,6.440261358763275,6.375589338817051,6.407925605773926,28400
2011-02-09,6.380980013881213,6.424094702031684,6.380980013881213,6.413315773010254,15900
2011-02-10,6.386368730594237,6.429483413696289,6.386368730594237,6.429483413696289,36700
2011-02-11,6.448465359469746,6.502699407197729,6.426771636934724,6.4593119621276855,62500
2011-02-14,6.432194699603659,6.470159102072053,6.405077934265137,6.405077934265137,38000
2011-02-15,6.40507080595375,6.432187541113601,6.356259855116308,6.388800144195557,61200
2011-02-16,6.410502382317447,6.443043231964111,6.377962049890041,6.443043231964111,51100
2011-02-17,6.443044536289407,6.551513195037842,6.443044536289407,6.551513195037842,64200
2011-02-18,6.535240140370473,6.594897747039795,6.535240140370473,6.594897747039795,44400
2011-02-22,6.578629057912168,6.594899223880174,6.513547876820893,6.535241603851318,31500
2011-02-23,6.535238225657548,6.605742931365967,6.535238225657548,6.605742931365967,57000
2011-02-24,6.611168384552002,6.611168384552002,6.5623578940701215,6.611168384552002,40700
2011-02-25,6.611166499269168,6.611166499269168,6.567779064178467,6.567779064178467,32500
2011-02-28,6.600319388607764,6.616589546203613,6.584049231011913,6.616589546203613,31700
2011-03-01,6.616589073607765,6.67082361801216,6.616589073607765,6.632859230041504,39900
2011-03-02,6.65997883867814,6.670825958251953,6.649132236323457,6.670825958251953,15600
2011-03-03,6.67081977298823,6.692513474802067,6.649126071174392,6.687089920043945,40300
2011-03-04,6.6979427200326,6.7196364402771,6.6762489997881005,6.7196364402771,27500
2011-03-07,6.72505808799978,6.741328762723787,6.703364372253418,6.703364372253418,27000
2011-03-08,6.697946555575603,6.730486895966859,6.692522993103933,6.7087931632995605,24200
2011-03-09,6.697937029560189,6.725053768913499,6.67081977298823,6.687089920043945,23200
2011-03-10,6.687094684360678,6.71421196025273,6.65455436706543,6.65455436706543,23300
2011-03-11,6.69547985889751,6.69547985889751,6.662738898336681,6.690022945404053,21900
2011-03-14,6.673652955990216,6.684566784205394,6.629998683929443,6.629998683929443,32200
2011-03-15,6.646369830525403,6.646369830525403,6.591801726930283,6.61362886428833,31700
2011-03-16,6.657285959585989,6.673656189440318,6.602718353271484,6.602718353271484,46900
2011-03-17,6.64636726180459,6.64636726180459,6.5754289627075195,6.5754289627075195,36300
2011-03-18,6.629999871511021,6.629999871511021,6.548148226835603,6.564518451690674,41800
2011-03-21,6.597259034973822,6.613629258869033,6.57543189631353,6.59180212020874,38600
2011-03-22,6.575429506420872,6.597256637147919,6.569972593639149,6.586342811584473,20200
2011-03-23,6.6027170015394425,6.646371285814073,6.6027170015394425,6.624544143676758,45600
2011-03-24,6.6245451568531575,6.6518286983975345,6.6245451568531575,6.635458469390869,17400
2011-03-25,6.624545499877331,6.646372646483178,6.602718353271484,6.602718353271484,28800
2011-03-28,6.586342811584473,6.624540680656689,6.586342811584473,6.586342811584473,48100
2011-03-29,6.619082902964249,6.6245398150329216,6.597255775089337,6.608169078826904,38600
2011-03-30,6.597261428833008,6.619088575413422,6.597261428833008,6.597261428833008,14800
2011-03-31,6.6245420650717115,6.6245420650717115,6.580887794494629,6.580887794494629,18500
2011-04-01,6.635455598037033,6.640912512144623,6.619085376114237,6.629998683929443,25700
2011-04-04,6.657285614866489,6.657285614866489,6.619088240384204,6.635458469390869,22900
2011-04-05,6.619088575413422,6.635458805248677,6.580891198997753,6.597261428833008,36400
2011-04-06,6.619085778727843,6.619085778727843,6.591801726930283,6.61362886428833,13800
2011-04-07,6.635456001646378,6.635456001646378,6.608171949848818,6.61362886428833,16700
2011-04-08,6.624545499877331,6.624545499877331,6.57543428991412,6.602718353271484,27600
2011-04-11,6.58634601731498,6.602716763628179,6.55360556548878,6.559062480926514,18600
2011-04-12,6.537231005029077,6.55905865404467,6.531774613174973,6.5536017417907715,12600
2011-04-13,6.5673318418392865,6.589296141363691,6.5453675423148825,6.5728230476379395,38800
2011-04-14,6.583806037902832,6.594788451338942,6.5618417347009075,6.583806037902832,23300
2011-04-15,6.583806037902832,6.600279658056997,6.578314831184777,6.583806037902832,18000
2011-04-18,6.556347626683677,6.6222410308007555,6.556347626683677,6.578311920166016,22300
2011-04-19,6.572824297500544,6.600279808044434,6.561841883814865,6.600279808044434,17800
2011-04-20,6.633228349929088,6.63871955871582,6.605772829665923,6.63871955871582,14900
2011-04-21,6.616750768806848,6.633223860347026,6.611259563736743,6.622241973876953,15200
2011-04-25,6.644205324283094,6.644205324283094,6.578311920166016,6.578311920166016,35800
2011-04-26,6.61126184463501,6.61126184463501,6.583806333482417,6.61126184463501,22200
2011-04-27,6.611264038452655,6.63871955871582,6.605772829665923,6.63871955871582,26200
2011-04-28,6.616748272100292,6.6551856457471255,6.616748272100292,6.649694442749023,28400
2011-04-29,6.638715444148218,6.6936259269714355,6.638715444148218,6.6936259269714355,17000
2011-05-02,6.715592470543829,6.715592470543829,6.666173176578061,6.68264627456665,32000
2011-05-03,6.710100072155074,6.710100072155074,6.682644566743751,6.699117660522461,12000
2011-05-04,6.677153186700651,6.7265729904174805,6.677153186700651,6.7265729904174805,21000
2011-05-05,6.743048902931404,6.748540110900219,6.7210845947265625,6.7210845947265625,31000
2011-05-06,6.732065497535208,6.7650116906021305,6.721083084066036,6.759521007537842,59500
2011-05-09,6.759519551987309,6.825412447602508,6.743045935330872,6.797956943511963,41000
2011-05-10,6.814429610135669,6.836393907299815,6.786974107762949,6.803447723388672,39000
2011-05-11,6.844880576665085,6.855929342870967,6.728865633777227,6.773061752319336,56200
2011-05-12,6.817259336486776,6.822783984207092,6.789636624744598,6.806210041046143,36000
2011-05-13,6.800686862584573,6.822784929668655,6.789637565612793,6.789637565612793,25600
2011-05-16,6.828304268653761,6.828304268653761,6.800682099290227,6.811730861663818,41300
2011-05-17,6.833833681301998,6.861456396797277,6.817260262748621,6.839358329772949,31400
2011-05-18,6.822780176405221,6.87250039756094,6.822780176405221,6.855926990509033,21000
2011-05-19,6.855930316367033,6.878028378775864,6.850405669049984,6.861454963684082,24700
2011-05-20,6.872501833897666,6.89459989020502,6.8227816023505365,6.828305721282959,53400
2011-05-23,6.828306189608166,6.89460036307707,6.828306189608166,6.883551597595215,39100
2011-05-24,6.8448839434142155,6.900128855335166,6.8448839434142155,6.894604206085205,35500
2011-05-25,6.900127890353101,6.90565253883044,6.878029823303223,6.878029823303223,34200
2011-05-26,6.900128334841621,7.0050945552348045,6.894603686008398,6.994045257568359,48100
2011-05-27,7.021669390195452,7.021669390195452,6.949850521465946,6.982997894287109,24300
2011-05-31,6.971946687605537,7.005094051361084,6.949848620721664,7.005094051361084,50200
2011-06-01,7.027195500984827,7.032719625220384,7.005097423463417,7.010621547698975,35800
2011-06-02,6.999564666439486,7.010613428975177,6.960893207275891,6.988515377044678,29400
2011-06-03,6.988520608735137,6.9995699064015815,6.982996486761425,6.994045257568359,34500
2011-06-06,6.960893207275891,6.999564666439486,6.960893207275891,6.988515377044678,22500
2011-06-07,6.9995698873613685,7.005094536179563,6.955373750534833,6.960898399353027,36200
2011-06-08,6.977475195690812,6.988523971814736,6.933279037475586,6.933279037475586,34900
2011-06-09,6.966424465179443,6.971949115539202,6.944326390600065,6.966424465179443,34700
2011-06-10,6.960900341679341,6.966424465179443,6.933277616740206,6.966424465179443,35600
2011-06-13,6.9414098630364025,6.996985815555353,6.930294990539551,6.930294990539551,47000
2011-06-14,6.969198703765869,7.002544385415801,6.958083829890311,6.969198703765869,33000
2011-06-15,6.9969859814436095,7.002543682829582,6.9191797520747205,6.924737453460693,36900
2011-06-16,6.9080695202231395,6.980318096743358,6.9080695202231395,6.963644981384277,28000
2011-06-17,6.952529152155329,7.002547431381346,6.952529152155329,6.996989727020264,22000
2011-06-20,7.019221137675594,7.035893723414944,6.991433141435381,7.024778842926025,37000
2011-06-21,7.002548551936244,7.041451428665375,7.002548551936244,7.024778842926025,15500
2011-06-22,7.058118492543326,7.074791065239023,7.058118492543326,7.0692338943481445,25600
2011-06-23,7.069238522881925,7.10814139464711,7.069238522881925,7.091468811035156,30300
2011-06-24,7.113697975417838,7.113697975417838,7.097025394439697,7.097025394439697,11200
2011-06-27,7.035890789253376,7.08035135269165,7.035890789253376,7.08035135269165,35200
2011-06-28,7.0970227344255665,7.108137607574463,7.074791928104585,7.108137607574463,26500
2011-06-29,7.097025356572155,7.097025356572155,7.035891676625509,7.047007083892822,34600
2011-06-30,7.069236476837943,7.08035135269165,7.013660507534239,7.08035135269165,49100
2011-07-01,7.085912036303152,7.091469741573708,7.019221163092321,7.041451454162598,60900
2011-07-05,7.041450190845706,7.0636804779276146,7.008104495216917,7.035892486572266,43400
2011-07-06,7.063679559254096,7.085909843444824,7.03589157151274,7.085909843444824,67900
2011-07-07,7.113696886268417,7.1192545890808105,7.0859089022181605,7.1192545890808105,19400
2011-07-08,7.124812611468226,7.169273179245581,7.124812611468226,7.158158302307129,15500
2011-07-11,7.163716202848634,7.174831080092844,7.135928214720424,7.169273376464844,44400
2011-07-12,7.197064898733634,7.213737487792969,7.163719720614964,7.213737487792969,28100
2011-07-13,7.26683800669604,7.26683800669604,7.188579559326172,7.188579559326172,40200
2011-07-14,7.188579585764877,7.188579585764877,7.160630635186902,7.1774001121521,34600
2011-07-15,7.177400769490689,7.182990773355067,7.1326818047598906,7.138271808624268,31700
2011-07-18,7.17181152941302,7.17181152941302,7.082373590426421,7.093553066253662,41600
2011-07-19,7.138271892473117,7.14945136724108,7.110322405915035,7.127091884613037,29400
2011-07-20,7.110321645048363,7.188579559326172,7.099141638384642,7.188579559326172,66900
2011-07-21,7.188578484181291,7.216527963568328,7.182989014777467,7.205348491668701,31300
2011-07-22,7.227712166906315,7.233301639556885,7.199762671284312,7.233301639556885,28300
2011-07-25,7.222117966064132,7.233297437963758,7.182989014777467,7.205348491668701,40000
2011-07-26,7.177404678710398,7.227713674706694,7.177404678710398,7.216533660888672,21700
2011-07-27,7.222117257712756,7.222117257712756,7.1438588297231025,7.155038833618164,38000
2011-07-28,7.149450628482062,7.199759592469717,7.132681151516864,7.1774001121521,27600
2011-07-29,7.104731492382061,7.166219928463922,7.104731492382061,7.1215009689331055,43100
2011-08-01,7.216531827735176,7.289200299815767,7.166222844518439,7.199762344360352,45700
2011-08-02,7.233297437963758,7.238887440459561,7.182989014777467,7.205348491668701,25900
2011-08-03,7.210933264476833,7.3003716468811035,7.194163801003621,7.3003716468811035,30100
2011-08-04,7.3227386474609375,7.4457155503161925,7.278019676769539,7.3227386474609375,44800
2011-08-05,7.283605948062449,7.328324899105519,7.210937519344472,7.305965423583984,39700
2011-08-08,7.205351729122618,7.205351729122618,6.925857875856154,7.043245315551758,71500
2011-08-09,6.998522714501454,7.155039041946001,6.892314806773697,7.110320091247559,24000
2011-08-10,7.00410810466845,7.3171411103543145,7.00410810466845,7.3003716468811035,40100
2011-08-11,7.280699859077148,7.342543985724318,7.224478559418368,7.263833522796631,49900
2011-08-12,7.336921595703365,7.348165641014623,7.280699760633606,7.331299304962158,17200
2011-08-15,7.32004810731481,7.381891636528008,7.32004810731481,7.353780746459961,23100
2011-08-16,7.342542590775148,7.421252502578225,7.342542590775148,7.387519836425781,38000
2011-08-17,7.449366873362931,7.494344139893304,7.4212559477386195,7.48872184753418,37300
2011-08-18,7.466226776600792,7.477471351623535,7.4324941238742595,7.477471351623535,36400
2011-08-19,7.393144891561538,7.466233082425585,7.387523135472996,7.4100117683410645,66000
2011-08-22,7.44373568846329,7.483091151790471,7.40438076130678,7.471846580505371,24500
2011-08-23,7.494339466094971,7.494339466094971,7.460606805320011,7.494339466094971,37300
2011-08-24,7.52245391614885,7.52245391614885,7.483098947990714,7.505587577819824,25400
2011-08-25,7.505584043800608,7.505584043800608,7.477473135707491,7.494339466094971,14200
2011-08-26,7.5112108780271996,7.5393218051381465,7.48310048708759,7.5336995124816895,28400
2011-08-29,7.578671654203347,7.578671654203347,7.494339466094971,7.494339466094971,41600
2011-08-30,7.522454776964315,7.55618745748249,7.499966144561768,7.499966144561768,63100
2011-08-31,7.544938943020578,7.561805273295374,7.51682803511527,7.539316654205322,20900
2011-09-01,7.589918581287599,7.612407207489013,7.561807664493046,7.612407207489014,49300
2011-09-02,7.612408785229325,7.612408785229325,7.522454261779785,7.522454261779785,38500
2011-09-06,7.55056518440058,7.55056518440058,7.516831970021375,7.522454261779785,24100
2011-09-07,7.595538495312961,7.595538495312961,7.5168280601501465,7.5168280601501465,29500
2011-09-08,7.550566390451062,7.601165952016499,7.528077755996571,7.5336995124816895,22500
2011-09-09,7.5674286170370575,7.5842949496630805,7.539317705212989,7.544939994812012,21900
2011-09-12,7.601163605200054,7.646140860222561,7.601163605200054,7.634896278381348,29200
2011-09-13,7.684084408283688,7.75193497776619,7.667121900720161,7.712355613708496,33700
2011-09-14,7.689743024608442,7.7858648528582,7.689743024608442,7.757593631744385,34700
2011-09-15,7.791520142972674,7.791520142972674,7.6558189029717925,7.66712760925293,49800
2011-09-16,7.684085868538032,7.684085868538032,7.604926586151123,7.604926586151123,39800
2011-09-19,7.616238174720279,7.616238174720279,7.571004435980409,7.576658248901367,15700
2011-09-20,7.576654869927416,7.616234778094807,7.514458641705029,7.520112991333008,38200
2011-09-21,7.531426429748535,7.571006365655461,7.5201182617957265,7.531426429748535,47100
2011-09-22,7.571006353745052,7.576660168098143,7.525772603547301,7.554043292999268,39100
2011-09-23,7.554039916123584,7.689741645283051,7.525769239309432,7.655816078186035,40400
2011-09-26,7.655817514678953,7.701051253143305,7.627546293331559,7.633200645446777,25000
2011-09-27,7.684086816630488,7.701049329510407,7.576656310191026,7.58796501159668,83500
2011-09-28,7.633199216683377,7.650161730625333,7.599273649570869,7.61058235168457,41500
2011-09-29,7.650164109324709,7.650164109324709,7.599276012447383,7.616239070892334,29000
2011-09-30,7.655814185471798,7.655814185471798,7.599271767365044,7.65015983581543,38000
2011-10-03,7.701049808162992,7.718012322097202,7.565348618232121,7.655816078186035,67200
2011-10-04,7.672779592903222,7.672779592903222,7.474882133248842,7.514461517333984,75700
2011-10-05,7.5088090896606445,7.5427346698760385,7.49184656916735,7.5088090896606445,29600
2011-10-06,7.508806656315812,7.531423522720462,7.491844141319483,7.5257697105407715,35000
2011-10-07,7.497501386661272,7.537080783339359,7.491847033070448,7.531426429748535,26300
2011-10-10,7.548384200244442,7.576654869927416,7.520112991333008,7.520112991333008,22700
2011-10-11,7.5088066791129915,7.5088066791129915,7.457918594740874,7.474881649017334,44300
2011-10-12,7.507299423217773,7.507299423217773,7.416301939918664,7.507299423217773,30000
2011-10-13,7.507298159381121,7.615358059398012,7.478861315040481,7.586921215057373,52400
2011-10-14,7.6324215976738845,7.689295298640058,7.598297268616618,7.677920341491699,21700
2011-10-17,7.683607820065879,7.694982234826427,7.655170969582792,7.677920341491699,27500
2011-10-18,7.689297605900446,7.689297605900446,7.621048927307129,7.621048927307129,25500
2011-10-19,7.64379184870748,7.655166799659674,7.632417440142799,7.6381049156188965,29700
2011-10-20,7.626729382194016,7.677915572794642,7.626729382194016,7.666540622711182,20200
2011-10-21,7.689295115798225,7.7006695302883035,7.67223268048141,7.694982051849365,19800
2011-10-24,7.700671382659421,7.712046342273507,7.666547046205093,7.683609485626221,45000
2011-10-25,7.68360424185966,7.694978651323218,7.649479928693872,7.672229290008545,28100
2011-10-26,7.694977522009965,7.7063524721916945,7.677915639124848,7.70066499710083,21200
2011-10-27,7.751852210299685,7.785975980569465,7.723415373483169,7.734790325164795,20900
2011-10-28,7.7802915622619,7.797353452912412,7.763229129223665,7.768916606903076,26500
2011-10-31,7.797354991359091,7.820104364177549,7.780293097342206,7.814416885375977,14500
2011-11-01,7.803043462019597,7.859916630101076,7.797355982495079,7.848542213439941,28400
2011-11-02,7.8599172567624,7.905416011810302,7.831480941648419,7.905416011810303,39500
2011-11-03,7.916792105525291,7.916792105525291,7.8599183823765895,7.899730205535889,40500
2011-11-04,7.899723883845168,7.899723883845168,7.808725891150056,7.854225158691406,40900
2011-11-07,7.854228229749034,7.9509126517143685,7.837165794354152,7.945225715637207,55200
2011-11-08,7.950916290283203,7.9566037713509195,7.916792488653001,7.950916290283203,45700
2011-11-09,7.933850362902157,7.945225319264602,7.871289730072022,7.8712897300720215,32800
2011-11-10,7.921048668693553,7.921048668693553,7.852418166045801,7.892452716827393,37300
2011-11-11,7.932483351978152,7.932483351978152,7.846696078249814,7.921045303344727,21800
2011-11-14,7.972522735595703,7.995399393766123,7.9096120619826875,7.972522735595703,35400
2011-11-15,7.978238311139658,7.995395660400391,7.898170317641371,7.995395660400391,37500
2011-11-16,7.978239985781589,8.0068359375,7.972520686353424,8.0068359375,27700
2011-11-17,8.001113891601562,8.006833189066516,7.972517949699023,8.001113891601562,40100
2011-11-18,8.001113891601562,8.006833189066516,7.995394594136609,8.001113891601562,14800
2011-11-21,7.997683652804255,7.997683652804255,7.9233136816322105,7.940475940704346,39800
2011-11-22,7.969078086882534,7.9805194082246285,7.923311710357666,7.923311710357666,28800
2011-11-23,7.957635260626107,7.969077126167067,7.871823451381621,7.9061479568481445,31000
2011-11-25,7.911873081364337,7.940477214793156,7.911873081364337,7.934756278991699,9300
2011-11-28,7.980523416712735,7.980523416712735,7.911873817443848,7.911873817443848,9800
2011-11-29,7.9061528811101445,7.911873817443848,7.883269681353849,7.911873817443848,21700
2011-11-30,7.929039001464844,7.940480878346775,7.871831253791345,7.929039001464844,43200
2011-12-01,7.957635014677522,7.957635014677522,7.894706392881727,7.946193695068359,51000
2011-12-02,7.923310755159584,7.923310755159584,7.900427569655842,7.9061479568481445,34300
2011-12-05,7.923311710357666,7.969078086882534,7.911869843437327,7.923311710357666,42900
2011-12-06,7.911873081364337,7.951918540817604,7.911873081364337,7.934756278991699,33000
2011-12-07,7.951915173422928,7.9805192947387695,7.946194785622348,7.9805192947387695,21700
2011-12-08,7.980518570426473,8.009122689146205,7.980518570426473,8.003401756286621,28500
2011-12-09,8.03200717725179,8.03772811103892,7.951915740966796,7.951915740966797,41300
2011-12-12,7.963359850371903,8.04917169902335,7.9576389149742255,8.043451309204102,43900
2011-12-13,8.04747689364467,8.105000179734686,8.041724455319127,8.053229331970215,29000
2011-12-14,8.081988080232945,8.128006473189142,8.007208054533496,8.070483207702637,70600
2011-12-15,8.076233992218462,8.110748054168061,8.024463173585266,8.081986427307129,53900
2011-12-16,8.104995855758977,8.133757483459796,8.087739098571452,8.110748291015625,30300
2011-12-19,8.139508505038096,8.151013374328613,8.099242559686008,8.151013374328613,32500
2011-12-20,8.13376118301909,8.162522275219182,8.104999542236328,8.104999542236328,36300
2011-12-21,8.133759141403772,8.133759141403772,8.093492634981937,8.099245071411133,16900
2011-12-22,8.139509370134023,8.145261805390673,8.087739098571452,8.110748291015625,31600
2011-12-23,8.145263337819593,8.145263337819593,8.053226550727342,8.09349250793457,16800
2011-12-27,8.13375769842721,8.156766891479492,8.122252827609852,8.156766891479492,29600
2011-12-28,8.1682710647583,8.1682710647583,8.15101430742939,8.1682710647583,22400
2011-12-29,8.162520763551456,8.19703483581543,8.15101643851851,8.19703483581543,15600
2011-12-30,8.208541493862288,8.225798259454391,8.179779852153661,8.1912841796875,24200
2012-01-03,8.15101430742939,8.179775935365857,8.15101430742939,8.1682710647583,30600
2012-01-04,8.139509436821834,8.1682710647583,8.122252679492924,8.1682710647583,42500
2012-01-05,8.145264001710753,8.202787272623187,8.145264001710753,8.19703483581543,41300
2012-01-06,8.202788930121311,8.208541368091435,8.179779726823492,8.185531616210938,10800
2012-01-09,8.179777581308949,8.29482356762206,8.179777581308949,8.254557609558105,38700
2012-01-10,8.306331698429615,8.306331698429615,8.225799745397055,8.271818161010742,33800
2012-01-11,8.281645870691937,8.333695410351533,8.252729950024014,8.270079612731934,44600
2012-01-12,8.322131604093215,8.356830939731488,8.287431716918945,8.287431716918945,37900
2012-01-13,8.281645229560988,8.368394639456476,8.281645229560988,8.345261573791504,37100
2012-01-17,8.339475099528602,8.339475099528602,8.293208985230336,8.30477523803711,33300
2012-01-18,8.333692036589417,8.397308359990795,8.322125783311826,8.379958152770996,40800
2012-01-19,8.385749687302978,8.414666175842285,8.36261660677876,8.414666175842285,55800
2012-01-20,8.391524947209925,8.455140718997047,8.385741544810475,8.397308349609375,45200
2012-01-23,8.443575227261878,8.501407601865465,8.432008421419765,8.43779182434082,47000
2012-01-24,8.432013511657715,8.437796918070099,8.385747363430632,8.432013511657715,38700
2012-01-25,8.466711061921918,8.478277320018595,8.420444926463535,8.449360847473145,19200
2012-01-26,8.48984592584924,8.518761852976597,8.478279113769531,8.478279113769531,53800
2012-01-27,8.507192288954958,8.530325352595481,8.484059225314432,8.512975692749023,85800
2012-01-30,8.5534596035233,8.582376074971725,8.50719346982015,8.518759727478027,70900
2012-01-31,8.541889611546674,8.55923926621653,8.507189750671387,8.507189750671387,70000
2012-02-01,8.553456858631813,8.651772499084473,8.541890604685666,8.651772499084473,42100
2012-02-02,8.651776521491774,8.674909591674805,8.634426856738477,8.674909591674805,50200
2012-02-03,8.674905662356561,8.674905662356561,8.570806617916876,8.622856140136719,57800
2012-02-06,8.657556621317243,8.657556621317243,8.553457569472469,8.565024375915527,39900
2012-02-07,8.541890465940414,8.582373181397841,8.536107063293457,8.536107063293457,50400
2012-02-08,8.536115153281804,8.634430885314941,8.536115153281804,8.634430885314941,37800
2012-02-09,8.640211204560726,8.645994610990433,8.617078130377891,8.628644943237305,13400
2012-02-10,8.669127585627178,8.669127585627178,8.628644844156073,8.64021110534668,51400
2012-02-13,8.6675335826336,8.673346950880038,8.632654481941595,8.650094032287598,27600
2012-02-14,8.632654298627484,8.64428048048017,8.510576340011164,8.557082176208496,54700
2012-02-15,8.562892616736551,8.562892616736551,8.528013526451925,8.545453071594238,22200
2012-02-16,8.522199522527645,8.591958252272484,8.469880336620742,8.475693702697754,53300
2012-02-17,8.504760021040036,8.528012931070771,8.48732047711526,8.510573387145996,38300
2012-02-21,8.528010972954442,8.591956322258202,8.51057143303396,8.56289005279541,32400
2012-02-22,8.597769434427644,8.597769434427644,8.53963689720999,8.580329895019531,25700
2012-02-23,8.609400251273886,8.696598544108165,8.597773516552929,8.684971809387207,51900
2012-02-24,8.66171932220459,8.719851889894521,8.644279773654912,8.66171932220459,41000
2012-02-27,8.679162313322722,8.743107715546232,8.655909389387498,8.696601867675781,31600
2012-02-28,8.731473218975708,8.766352294479196,8.702406953127529,8.714033126831055,49600
2012-02-29,8.737294013164913,8.801239967346191,8.731481198197592,8.801239967346191,74500
2012-03-01,8.847742238770577,8.882621332056278,8.754730584151117,8.783796310424805,47000
2012-03-02,8.824489754700913,8.859368849684564,8.754731010340391,8.760543823242188,61600
2012-03-05,8.789611957854671,8.789611957854671,8.696600279103828,8.748919486999512,52400
2012-03-06,8.777986122963584,8.777986122963584,8.679161071777344,8.679161071777344,24700
2012-03-07,8.737287453370335,8.743100818366505,8.690781642186977,8.725661277770996,20800
2012-03-08,8.748916521549257,8.748916521549257,8.661717686481435,8.702410697937012,32300
2012-03-09,8.673342471384162,8.719848284550322,8.667529106140137,8.667529106140137,45500
2012-03-12,8.708228052446676,8.731481530775339,8.690788498093616,8.696601867675781,36500
2012-03-13,8.73574744523412,8.77665098998914,8.689001014595306,8.76496410369873,25200
2012-03-14,8.75912022686231,8.75912022686231,8.630567827601306,8.6364107131958,54000
2012-03-15,8.677318020998232,8.677318020998232,8.198166086879402,8.256599426269531,167900
2012-03-16,8.20400701705701,8.24491000773294,7.987804619216236,8.057924270629883,248400
2012-03-19,8.057924783815551,8.262440864743143,8.005334902590658,8.215694427490234,131300
2012-03-20,8.215694427490234,8.315030188706547,8.16310454626534,8.215694427490234,65000
2012-03-21,8.244908789564695,8.244908789564695,8.122199278405528,8.180632591247559,114500
2012-03-22,8.209843624126515,8.373456007847802,8.174783548984317,8.285806655883789,82300
2012-03-23,8.332554158714853,8.367613681255833,8.227374476569784,8.23906135559082,43200
2012-03-26,8.274127195425626,8.274127195425626,8.19232120886378,8.215694427490234,62300
2012-03-27,8.215694709125914,8.239067928553608,8.157261381925927,8.209851264953613,69700
2012-03-28,8.262438711811681,8.355931561956204,8.250751826912945,8.350088119506836,31400
2012-03-29,8.414365491901487,8.437738707707712,8.355932731016631,8.408522605895996,36000
2012-03-30,8.431894189428023,8.443580516438148,8.350087671311899,8.402677536010742,46300
2012-04-02,8.426050747292305,8.449423958573867,8.396834093875023,8.402677536010742,50500
2012-04-03,8.390992454361122,8.431896000837076,8.344246021755545,8.361776351928711,38400
2012-04-04,8.402677536010742,8.408520978146461,8.34424422917618,8.402677536010742,51200
2012-04-05,8.390992378467482,8.44942569732666,8.390992378467482,8.44942569732666,29600
2012-04-09,8.461113848959723,8.525390625,8.437740627834591,8.525390625,27000
2012-04-10,8.507858661217634,8.554605091450034,8.507858661217634,8.54291820526123,23600
2012-04-11,8.599898172914033,8.599898172914033,8.558778061233166,8.564652442932129,41200
2012-04-12,8.564653124223069,8.564653124223069,8.500036601030057,8.517659187316895,29600
2012-04-13,8.558779104457775,8.558779104457775,8.511785165561756,8.535282135009766,14500
2012-04-16,8.52353402084507,8.541156608065105,8.505910873413086,8.505910873413086,22900
2012-04-17,8.5587789947201,8.5587789947201,8.51178505642662,8.523533821105957,26500
2012-04-18,8.535284790996698,8.576404920485322,8.523536582722887,8.552907943725586,22900
2012-04-19,8.582277096322075,8.611648451684115,8.547031918057233,8.599900245666504,56300
2012-04-20,8.623391521629477,8.641014099121094,8.576397608177407,8.641014099121094,27900
2012-04-23,8.664520015191501,8.664520015191501,8.635148648860273,8.658645629882812,45500
2012-04-24,8.635143554995457,8.682137489318848,8.635143554995457,8.682137489318848,50300
2012-04-25,8.688008486678154,8.723254203796387,8.66451152866989,8.723254203796387,30700
2012-04-26,8.7467535238776,8.752627344807149,8.705633416099843,8.711507797241211,32600
2012-04-27,8.682138243624747,8.705635212827863,8.641018687572275,8.699761390686035,61800
2012-04-30,8.70563555537905,8.71738432054887,8.670390380293508,8.676264762878418,36000
2012-05-01,8.72912909110083,8.781997393140491,8.72912909110083,8.735003471374512,57600
2012-05-02,8.76437602296601,8.76437602296601,8.71738209470977,8.74087905883789,35000
2012-05-03,8.764379762325916,8.811373710632324,8.740882788172712,8.811373710632324,60000
2012-05-04,8.799624943449695,8.811373710632324,8.77612796929649,8.811373710632324,33600
2012-05-07,8.805496784617553,8.805496784617553,8.74675464630127,8.74675464630127,40000
2012-05-08,8.776125435353466,8.78199981724866,8.740880264406073,8.74675464630127,40700
2012-05-09,8.776132225876122,8.805503597866277,8.75850962676696,8.799629211425781,29000
2012-05-10,8.805503597866277,8.823126757187765,8.787880998757114,8.799629211425781,61700
2012-05-11,8.786041678130735,8.821468949930535,8.768328042230834,8.791946411132812,27000
2012-05-14,8.815566066220574,8.845088609325618,8.750615119934082,8.750615119934082,62700
2012-05-15,8.786039154804875,8.82737114773632,8.78013442349862,8.81556224822998,35000
2012-05-16,8.845084778548916,8.845084778548916,8.80375278561747,8.81556224822998,31000
2012-05-17,8.850989909343452,8.850989909343452,8.756516456604004,8.756516456604004,41600
2012-05-18,8.756522400669162,8.809663894684933,8.75061766508817,8.79785442352295,22800
2012-05-21,8.809660254234782,8.809660254234782,8.756518782178867,8.762423515319824,44800
2012-05-22,8.732898178220971,8.756516541635182,8.721089278066966,8.738802909851074,35000
2012-05-23,8.756518782178867,8.780137151636346,8.721091509545822,8.762423515319824,41000
2012-05-24,8.762424886296513,8.786043259449343,8.744711247208498,8.768329620361328,15300
2012-05-25,8.791951718377984,8.815570101537155,8.768333335218813,8.786046981811523,39700
2012-05-29,8.815570101537155,8.815570101537155,8.774237508678603,8.786046981811523,31200
2012-05-30,8.77423017341929,8.786039636679496,8.726993446590868,8.738802909851074,65800
2012-05-31,8.738808757032764,8.79785442352295,8.721095113396368,8.79785442352295,36000
2012-06-01,8.797850581028557,8.809660047032713,8.77423221212658,8.791946411132812,59900
2012-06-04,8.715186865666082,8.750614138661975,8.715186865666082,8.744709968566895,57800
2012-06-05,8.75061172503124,8.7742300882161,8.738802824991906,8.756516456604004,26900
2012-06-06,8.774233492281965,8.78013822614554,8.721092576829038,8.750615119934082,23100
2012-06-07,8.791949287220023,8.791949287220023,8.726998329162598,8.726998329162598,21300
2012-06-08,8.780140779886551,8.79785442352295,8.738808757032764,8.79785442352295,35900
2012-06-11,8.815568630265926,8.815568630265926,8.77423604430556,8.79785442352295,58400
2012-06-12,8.797857217088005,8.797857217088005,8.597101211547852,8.597101211547852,48300
2012-06-13,8.731845848682244,8.803077697753906,8.731845848682244,8.803077697753906,66600
2012-06-14,8.814950739582148,8.826822432432992,8.755590577026528,8.773398399353027,52300
2012-06-15,8.767457425288386,8.779329110812819,8.696225047741324,8.749649047851562,46200
2012-06-18,8.749656023996907,8.803080066702409,8.725912067916749,8.797143936157227,47700
2012-06-19,8.761528285087271,8.820887892237385,8.761528285087271,8.797143936157227,24900
2012-06-20,8.797141109423698,8.832757315149875,8.797141109423698,8.809013366699219,44400
2012-06-21,8.838692026613826,8.844627588199508,8.77933188195465,8.814948081970215,59600
2012-06-22,8.81494187452838,8.868365287780762,8.809005751022594,8.868365287780762,30300
2012-06-25,8.898049889114349,8.921793829178755,8.892113762573201,8.915858268737793,58400
2012-06-26,8.933664512583949,8.96334457397461,8.903984451193287,8.96334457397461,49700
2012-06-27,8.993026091500296,8.998962218333284,8.89805032657333,8.969282150268555,83500
2012-06-28,8.969280133372674,8.981152384368972,8.94553619748016,8.96334457397461,39800
2012-06-29,8.998961944636617,9.004898071289062,8.951474063617441,9.004898071289062,45100
2012-07-02,9.05832224547136,9.093937873840332,9.004898236817695,9.093937873840332,78500
2012-07-03,9.1117468958908,9.12955471132954,9.105810768711137,9.117682456970215,31400
2012-07-05,9.147360642166232,9.188912391662598,9.12955283039638,9.188912391662598,35600
2012-07-06,9.129557601196211,9.218597272674742,9.129557601196211,9.200789451599121,34700
2012-07-09,9.20078821547866,9.248276109367296,9.20078821547866,9.236404418945312,43600
2012-07-10,9.277955657054763,9.301699602649068,9.242339455613147,9.289827346801758,40400
2012-07-11,9.347690076174539,9.371551419163717,9.252244704217825,9.258210182189941,41900
2012-07-12,9.288036746383245,9.294002224555838,9.132938296191034,9.162764549255371,43900
2012-07-13,9.198556304578695,9.234348033695749,9.13293775526458,9.13890266418457,43600
2012-07-16,9.174697640414928,9.174697640414928,9.079252243041992,9.079252243041992,78700
2012-07-17,9.097141666908586,9.115037524010773,9.037488051369241,9.073280334472656,114800
2012-07-18,9.06134810684501,9.138897568557972,9.06134810684501,9.132932662963867,28200
2012-07-19,9.10311382610893,9.174697875976562,9.097148346395096,9.174697875976562,43000
2012-07-20,9.204522327564202,9.204522327564202,9.103111474227385,9.162764549255371,30700
2012-07-23,9.168727652164513,9.264173002602533,9.097143639335998,9.109074592590332,40900
2012-07-24,9.126968935219903,9.162760651230307,9.085211174675674,9.150830268859863,56400
2012-07-25,9.138906098237662,9.222421112391347,9.138906098237662,9.198559761047363,24900
2012-07-26,9.252243450351187,9.252243450351187,9.156798091329254,9.228382110595703,18200
2012-07-27,9.258207160538065,9.31786021409207,9.186622586034687,9.276103019714355,44000
2012-07-30,9.288035587598921,9.288035587598921,9.162763406100126,9.204521179199219,34000
2012-07-31,9.246279174275962,9.282071473008202,9.192591010627247,9.222417831420898,30400
2012-08-01,9.26417383577932,9.317861992453961,9.198555293676547,9.228382110595703,30900
2012-08-02,9.282072263871305,9.282072263871305,9.168730448978193,9.240314483642578,27500
2012-08-03,9.293999366808523,9.293999366808523,9.156796824422232,9.264172554016113,27800
2012-08-06,9.28206898303104,9.288033890470214,9.240311217562013,9.264172554016113,29000
2012-08-07,9.30593677655121,9.30593677655121,9.2641789821079,9.27014446258545,43000
2012-08-08,9.30593031948514,9.311895226924314,9.246276693900322,9.264172554016113,36900
2012-08-09,9.282068838449845,9.282068838449845,9.186622925221014,9.216449737548828,56100
2012-08-10,9.234346330810368,9.258208237687118,9.144866455619242,9.156797409057617,67900
2012-08-13,9.18497843544268,9.18497843544268,9.08305630320458,9.131019592285156,67400
2012-08-14,9.131016387952416,9.166989128022744,9.089048667676453,9.160993576049805,67400
2012-08-15,9.190973335365536,9.244932174682617,9.160996138881883,9.244932174682617,57700
2012-08-16,9.25092323644377,9.32286813001041,9.244927685704752,9.304882049560547,55700
2012-08-17,9.334862639990584,9.334862639990584,9.268913269042969,9.268913269042969,40500
2012-08-20,9.268914566155832,9.268914566155832,9.226946830749512,9.226946830749512,35800
2012-08-21,9.274909725150533,9.310881904889849,9.184978132267263,9.21495532989502,48400
2012-08-22,9.244926682189602,9.244926682189602,9.11302743908452,9.14900016784668,75400
2012-08-23,9.172987802665478,9.292896024106906,9.172987802665478,9.232941627502441,38800
2012-08-24,9.232936584226717,9.310877028532376,9.232936584226717,9.304882049560547,34400
2012-08-27,9.27490683048426,9.27490683048426,9.18497526566832,9.202961921691895,31900
2012-08-28,9.178978720541364,9.196964801731255,9.10103827302889,9.172983169555664,71300
2012-08-29,9.226943655535086,9.286897460945776,9.208956999321297,9.280901908874512,37000
2012-08-30,9.23893239290269,9.244927943809094,9.172983048233862,9.220946311950684,50800
2012-08-31,9.262917188565401,9.262917188565401,9.095045708219025,9.13701343536377,64600
2012-09-04,9.1310155463675,9.143006649208186,9.101038932800293,9.101038932800293,51300
2012-09-05,9.113033491035129,9.13701513554703,9.07706131015103,9.11902904510498,46000
2012-09-06,9.131017473619137,9.131017473619137,9.089049748353263,9.113031387329102,68200
2012-09-07,9.089051846523228,9.125024599174832,9.089051846523228,9.11902904510498,63400
2012-09-10,9.131016387952416,9.160993576049805,9.10103977162233,9.160993576049805,39700
2012-09-11,9.190973335365536,9.244932174682617,9.166991692532106,9.244932174682617,53400
2012-09-12,9.273252487182617,9.285303198482277,9.231073561041457,9.273252487182617,71600
2012-09-13,9.303376197814941,9.315427479405672,9.255172220725491,9.303376197814941,67200
2012-09-14,9.327479362487793,9.351581928708413,9.255173387736354,9.327479362487793,36900
2012-09-17,9.357608579831664,9.357608579831664,9.303378945928026,9.33350658416748,46000
2012-09-18,9.303378211866924,9.3576078414917,9.303378211866924,9.3576078414917,26900
2012-09-19,9.381712465077426,9.435942109903518,9.351585395406948,9.417865753173828,42300
2012-09-20,9.460041454804722,9.490169090654808,9.40581182520194,9.441965103149414,58000
2012-09-21,9.490168571472168,9.526321847441789,9.44196458660389,9.490168571472168,44600
2012-09-24,9.52029358559296,9.610675888687648,9.514267945483535,9.598625183105469,34600
2012-09-25,9.62272743993377,9.707084679931654,9.604650519096355,9.689007759094238,53300
2012-09-26,9.74926483008175,9.803494453430176,9.701060848135768,9.803494453430176,36800
2012-09-27,9.797468539365282,9.845672519969751,9.7251619938218,9.77336597442627,48700
2012-09-28,9.791449350358254,9.791449350358254,9.652862958455943,9.701066970825195,44600
2012-10-01,9.731181627235998,9.761309814809271,9.664901913120481,9.682977676391602,54800
2012-10-02,9.743241239902328,9.743241239902328,9.616705616995665,9.670934677124023,39900
2012-10-03,9.689010154357765,9.689010154357765,9.646831811250069,9.658883094787598,38900
2012-10-04,9.695034749701675,9.695034749701675,9.550422810680853,9.586575508117676,58300
2012-10-05,9.59862858869082,9.62875565065366,9.59862858869082,9.616704940795898,40800
2012-10-08,9.592601255261268,9.610677604179475,9.544397275054873,9.556447982788086,62600
2012-10-09,9.54439885756112,9.54439885756112,9.466067233078782,9.478117942810059,39900
2012-10-10,9.502217115835414,9.544395446777344,9.478114555712413,9.544395446777344,33100
2012-10-11,9.530468322964245,9.603127479553223,9.530468322964245,9.603127479553223,19500
2012-10-12,9.591017908843549,9.603127479553223,9.554688041827237,9.603127479553223,32700
2012-10-15,9.603128018661128,9.663677607939613,9.560743652632395,9.651567459106445,54200
2012-10-16,9.615241282837465,9.645516087285761,9.536527022249444,9.572856903076172,26500
2012-10-17,9.542584084554408,9.542584084554408,9.506254196166992,9.506254196166992,21100
2012-10-18,9.5970755557985,9.621295281154556,9.469921853318262,9.494141578674316,25500
2012-10-19,9.482029157197106,9.482029157197106,9.457809437639455,9.475974082946777,15200
2012-10-22,9.463867583461374,9.488087310879726,9.451757431030273,9.451757431030273,22200
2012-10-23,9.506250578569174,9.530470302462655,9.475975779341384,9.500195503234863,14900
2012-10-24,9.482029850447097,9.572854238511386,9.482029850447097,9.56679916381836,20700
2012-10-25,9.554690390115208,9.603129839746318,9.506250940484097,9.51836109161377,31500
2012-10-26,9.506254728571216,9.554694197504663,9.506254728571216,9.536529541015625,21500
2012-10-31,9.548634517182984,9.572854238511386,9.53652436779693,9.56679916381836,38500
2012-11-01,9.627352735066735,9.657627545417306,9.597078502160143,9.609188079833984,40500
2012-11-02,9.651570039647927,9.651570039647927,9.53652648219201,9.542581558227539,35500
2012-11-05,9.518361304030371,9.524415802286534,9.421482402606152,9.494141578674316,52400
2012-11-06,9.518361304030371,9.518361304030371,9.469921853318262,9.494141578674316,31500
2012-11-07,9.512305776756076,9.578909873962402,9.469921403756027,9.578909873962402,32400
2012-11-08,9.615242184415798,9.651571491205097,9.58496737712877,9.627351760864258,49100
2012-11-09,9.675791541505925,9.687901695798764,9.609187425227127,9.681846618652344,44700
2012-11-12,9.657624787832503,9.687899589538574,9.657624787832503,9.687899589538574,29900
2012-11-13,9.710411940563016,9.710411940563016,9.643485751521442,9.704327583312988,50000
2012-11-14,9.728660642661787,9.728660642661787,9.533965928386475,9.576555252075195,45800
2012-11-15,9.576559100957645,9.582643458283096,9.44270672121522,9.55222225189209,39900
2012-11-16,9.52788447331136,9.64348493027226,9.497463269888167,9.606979370117188,50200
2012-11-19,9.661737208381558,9.759085173248495,9.661737208381558,9.6982421875,58600
2012-11-20,9.72866526750151,9.740833983046524,9.643486579631592,9.722580909729004,65400
2012-11-21,9.765173336680395,9.771257696373828,9.704331480455492,9.710415840148926,42200
2012-11-23,9.740833282470703,9.740833282470703,9.710412076032403,9.740833282470703,15300
2012-11-26,9.740835307667869,9.740835307667869,9.649571669378533,9.667824745178223,34600
2012-11-27,9.740831230842499,9.78342056274414,9.704325674758143,9.78342056274414,81900
2012-11-28,9.783426813287285,9.862521171569824,9.765173733465314,9.862521171569824,75800
2012-11-29,9.856430468760168,9.923356056213379,9.850346113451309,9.923356056213379,56100
2012-11-30,9.850349290396924,9.947696685791016,9.826011861312153,9.947696685791016,58600
2012-12-03,9.947696479672368,9.978117104925515,9.753001692918303,9.826011657714844,92400
2012-12-04,9.777331707773474,9.844258433093273,9.777331707773474,9.801669120788574,38100
2012-12-05,9.765173288275616,9.819931364772133,9.765173288275616,9.789510726928711,45200
2012-12-06,9.826011827132326,9.856433613382464,9.704327583312988,9.704327583312988,81800
2012-12-07,9.710411253581658,9.753001171082504,9.631316355635745,9.643485069274902,89100
2012-12-10,9.643484002555764,9.692157691255922,9.564389113358976,9.5826416015625,106000
2012-12-11,9.582643456997495,9.686075210571289,9.582643456997495,9.686075210571289,38700
2012-12-12,9.743532659114612,9.780208698229151,9.682406704518199,9.725194931030273,80600
2012-12-13,9.712971487202202,9.755759720383468,9.67018267107498,9.737421989440918,78700
2012-12-14,9.71907845348074,9.841331481933594,9.71907845348074,9.841331481933594,54600
2012-12-17,9.82299856744278,9.835224110174062,9.670182780977543,9.719083786010742,92000
2012-12-18,9.694631665243655,9.816884157419983,9.621280169937858,9.688519477844238,96400
2012-12-19,9.657961955634235,9.810777224571646,9.657961955634235,9.75576400756836,60900
2012-12-20,9.786321250662082,9.884123242195294,9.75575798257149,9.79854679107666,52900
2012-12-21,9.822993562620402,9.871894542738517,9.767979814251106,9.829106330871582,57500
2012-12-24,9.761873715428067,9.890239014009694,9.761873715428067,9.780211448669434,34000
2012-12-26,9.731305981427383,9.798545277428945,9.664067268371582,9.664067268371582,32100
2012-12-27,9.731308067968117,9.761871337890625,9.639618841146481,9.761871337890625,28400
2012-12-28,9.749649678972059,9.865789451388409,9.682410924725342,9.792438507080078,29700
2012-12-31,9.786317735718939,9.90245799616002,9.780204967707167,9.841331481933594,46500
2013-01-02,9.859675432325478,10.000266861951088,9.841338281511943,9.975815773010254,36500
2013-01-03,10.036941416712546,10.091955195934387,9.975814865811392,10.055279731750488,30700
2013-01-04,10.024713299276213,10.134740829467773,10.024713299276213,10.134740829467773,26100
2013-01-07,10.0308240943308,10.10417615531282,9.969697571161028,10.018598556518555,51400
2013-01-08,9.975816872472029,10.098069998865862,9.975816872472029,10.036943435668945,31000
2013-01-09,10.03694436756285,10.110296483388073,10.018606047133462,10.073619842529297,28400
2013-01-10,10.024718820609925,10.110296483388073,10.024718820609925,10.073619842529297,39700
2013-01-11,10.100632006995456,10.100632006995456,10.002388875996576,10.057649612426758,39000
2013-01-14,10.05150882241294,10.076069015631287,9.983966241549437,9.990106582641602,13900
2013-01-15,9.98396594115378,10.033087497262828,9.916423362322487,9.940984725952148,20800
2013-01-16,9.898011468667628,9.971693276495607,9.879590431135021,9.94713306427002,40100
2013-01-17,10.014671780654595,10.026952468976154,9.940989993027044,9.97783088684082,24500
2013-01-18,9.977829790529132,9.977829790529132,9.940988900763239,9.9594087600708,29000
2013-01-22,10.0085291559882,10.0085291559882,9.916426356864505,9.971688270568848,18400
2013-01-23,9.971690142305082,10.07607364654541,9.971690142305082,10.07607364654541,11600
2013-01-24,10.088351693542773,10.100632378156527,9.996248901240696,10.05151081085205,26200
2013-01-25,10.020809841511527,10.051511555319845,9.971688270568848,9.971688270568848,18900
2013-01-28,10.026948486988358,10.026948486988358,9.842742919921875,9.842742919921875,22900
2013-01-29,9.88572777798853,9.891868121969962,9.732222691905326,9.762923240661621,29800
2013-01-30,9.756778197475349,9.812039506649532,9.701516302726052,9.72607707977295,33600
2013-01-31,9.719936739117447,9.762917952555737,9.707656643381556,9.72607707977295,15400
2013-02-01,9.812042092953853,9.824322777501859,9.762920525912365,9.781341552734375,21800
2013-02-04,9.824324410511958,9.824324410511958,9.719940916804239,9.732221603393555,12800
2013-02-05,9.713799619776456,9.756781433043598,9.713799619776456,9.738360404968262,29200
2013-02-06,9.762920525912365,9.781341552734375,9.732219985692886,9.781341552734375,23200
2013-02-07,9.793622748829678,9.873445450607987,9.781342648481273,9.805903434753418,37400
2013-02-08,9.818183535101824,9.830464221025565,9.805903434753418,9.805903434753418,17500
2013-02-11,9.824325196385939,9.83046554017178,9.79976440681799,9.818184852600098,31200
2013-02-12,9.824323066968903,9.842744094333677,9.799762282724492,9.830463409423828,13300
2013-02-13,9.814425440732698,9.857606257345848,9.814425440732698,9.826763153076172,20200
2013-02-14,9.814426285526697,9.832932267340338,9.734232913274845,9.777414321899414,59300
2013-02-15,9.814426285526697,9.814426285526697,9.734232913274845,9.777414321899414,12400
2013-02-19,9.820592687171185,9.820592687171185,9.752737045288086,9.752737045288086,20000
2013-02-20,9.771245601188157,9.81442642211914,9.752739619116959,9.81442642211914,18500
2013-02-21,9.783580940889562,9.869943155284304,9.783580940889562,9.863774299621582,21600
2013-02-22,9.88844830067376,9.88844830067376,9.808254365176252,9.857604026794434,50100
2013-02-25,9.814428758613452,9.814428758613452,9.771247927402525,9.789753913879395,22600
2013-02-26,9.795920303713055,9.795920303713055,9.746570626680308,9.777414321899414,15300
2013-02-27,9.777412931918175,9.79591891110096,9.73423152943238,9.758906364440918,38300
2013-02-28,9.740399334966936,9.758905312154253,9.728062212940195,9.752737045288086,43900
2013-03-01,9.752737489422934,9.765074612011501,9.71572494506836,9.71572494506836,32400
2013-03-04,9.69721852543173,9.752737045288086,9.69721852543173,9.752737045288086,30800
2013-03-05,9.74657012439019,9.75273898077501,9.734232411620551,9.740401268005371,30500
2013-03-06,9.72806219135619,9.802086688235622,9.709555625915527,9.709555625915527,48300
2013-03-07,9.7095588821182,9.74657143711767,9.666378058197656,9.697221755981445,43600
2013-03-08,9.672546003928186,9.734232805388153,9.666377147293824,9.72806453704834,39100
2013-03-11,9.7404019691701,9.7404019691701,9.598521791873123,9.610858917236328,22500
2013-03-12,9.598518861048795,9.66637450056371,9.573844029562064,9.592350006103516,41700
2013-03-13,9.613426129592241,9.613426129592241,9.303515556164568,9.346902847290039,95600
2013-03-14,9.315910635894669,9.315910635894669,9.235333824829866,9.266324996948242,89800
2013-03-15,9.111366267628775,9.204339748679333,9.018393377685435,9.04318618774414,181100
2013-03-18,9.092779103887496,9.334509639254335,9.06798627393508,9.278725624084473,107200
2013-03-19,9.253929220842528,9.346902149486832,9.229136400463549,9.334506034851074,54700
2013-03-20,9.309713167216483,9.483262908988403,9.309713167216483,9.470866203308105,40700
2013-03-21,9.415086907635766,9.501862117372099,9.359303477563577,9.390294075012207,26100
2013-03-22,9.41508004476856,9.41508004476856,9.371692767080251,9.384089469909668,38300
2013-03-25,9.384089469909668,9.439872859320069,9.322107137977232,9.384089469909668,31000
2013-03-26,9.365497999648106,9.427480355299908,9.284921173743784,9.328309059143066,40900
2013-03-27,9.322107028947629,9.371692657470703,9.322107028947629,9.371692657470703,26200
2013-03-28,9.40888360795583,9.483262062072754,9.396486903382637,9.483262062072754,24600
2013-04-01,9.477063216048196,9.526648849542823,9.415080878626222,9.439873695373535,44500
2013-04-02,9.470869324224108,9.470869324224108,9.415085312495307,9.458473205566406,37100
2013-04-03,9.433675802502865,9.439873563272428,9.365495114071335,9.396486282348633,36800
2013-04-04,9.377895134165511,9.41508407636364,9.309715012730559,9.322111129760742,39400
2013-04-05,9.315909432634099,9.501855850219727,9.315909432634099,9.501855850219727,60000
2013-04-08,9.501859067072518,9.514255774958567,9.408886122357412,9.415083885192871,41300
2013-04-09,9.427475648346189,9.483259622359455,9.427475648346189,9.47706127166748,33400
2013-04-10,9.433675091017143,9.47706236866868,9.433675091017143,9.452269554138184,30300
2013-04-11,9.454763672553158,9.48590536956974,9.436077941555453,9.442306518554688,16400
2013-04-12,9.411165378999701,9.46722139087165,9.40493739522827,9.460992813110352,23700
2013-04-15,9.448537135631023,9.4547657139751,9.398709696858262,9.436079978942871,32700
2013-04-16,9.404939159835433,9.442309445435107,9.380025438105655,9.41116714477539,46800
2013-04-17,9.404937744140625,9.448536602107446,9.404937744140625,9.404937744140625,20000
2013-04-18,9.411164904410423,9.436078620209392,9.386251188611455,9.39870834350586,16900
2013-04-19,9.37379395353249,9.454763672553158,9.37379395353249,9.442306518554688,20600
2013-04-22,9.467217398492036,9.504588255310454,9.442303691942962,9.498359680175781,27700
2013-04-23,9.523280902691859,9.529509482742254,9.504595756530762,9.504595756530762,30500
2013-04-24,9.529501705007453,9.529501705007453,9.448532012407966,9.51081657409668,20200
2013-04-25,9.485910016379577,9.510824336581155,9.473453450268874,9.504595756530762,39500
2013-04-26,9.460991599432369,9.510819621140834,9.460991599432369,9.473448753356934,27900
2013-04-29,9.504588255310454,9.523273386724854,9.473445973626708,9.498359680175781,22900
2013-04-30,9.5357305369942,9.5357305369942,9.47967454876138,9.498359680175781,23500
2013-05-01,9.548188827829737,9.554417404095913,9.498361405679775,9.53573226928711,32800
2013-05-02,9.56064754715057,9.598017822892379,9.529505254705848,9.591789245605469,29500
2013-05-03,9.566873135037163,9.566873135037163,9.504589159732573,9.529502868652344,26200
2013-05-06,9.535732755026338,9.604245315475055,9.529504178442885,9.598016738891602,41000
2013-05-07,9.598017505831491,9.641616357419965,9.591788928750336,9.635388374328613,35900
2013-05-08,9.654074668884277,9.654074668884277,9.604247234241484,9.654074668884277,44400
2013-05-09,9.616705564505951,9.63539130142588,9.598020421576006,9.604249000549316,28800
2013-05-10,9.6416135899591,9.6416135899591,9.560644487104108,9.573101043701172,24400
2013-05-13,9.631935385876345,9.631935385876345,9.500505447387695,9.500505447387695,31000
2013-05-14,9.487986528733673,9.556831140849305,9.487986528733673,9.519279479980469,36200
2013-05-15,9.506763052271513,9.52553918309594,9.481728808035738,9.487987518310547,46800
2013-05-16,9.50050563965572,9.550574131820524,9.481729507446289,9.481729507446289,25200
2013-05-17,9.481725279782003,9.494242695673755,9.456691044861742,9.462949752807617,33700
2013-05-20,9.45669415835619,9.500504531538079,9.45669415835619,9.46921157836914,21900
2013-05-21,9.444174766540527,9.500501947551825,9.41914053018698,9.444174766540527,43900
2013-05-22,9.425399238491185,9.487984530943415,9.425399238491185,9.444174766540527,30600
2013-05-23,9.42540158548708,9.450435828074342,9.387849923174477,9.431659698486328,45600
2013-05-24,9.369078585053654,9.406629667314723,9.337785618593633,9.400371551513672,41100
2013-05-28,9.369072946406085,9.369072946406085,9.29397023021979,9.337779998779297,20000
2013-05-29,9.31900470206729,9.31900470206729,9.143764429718896,9.206350326538086,89000
2013-05-30,9.131250018106604,9.131250018106604,9.037371148104247,9.081181526184082,126100
2013-05-31,9.031111593170655,9.031111593170655,8.761993044382614,8.849613189697266,163900
2013-06-03,8.787027359008789,8.868388795288725,8.668114857900212,8.787027359008789,137100
2013-06-04,8.76199133960965,8.837094050896996,8.705664156928318,8.830835342407227,119300
2013-06-05,8.887163065795793,8.98730002027139,8.837094588557994,8.98104190826416,93700
2013-06-06,9.018597757657519,9.087442398071289,8.98104667821696,9.087442398071289,85200
2013-06-07,9.093696849104155,9.112472978122256,9.049887075122069,9.099955558776855,39100
2013-06-10,9.074917002403472,9.074917002403472,8.974780082702637,8.974780082702637,25800
2013-06-11,8.949747137108767,8.987298188953774,8.824575969520065,8.887161254882812,115000
2013-06-12,8.845641107508614,8.845641107508614,8.707231196583026,8.776435852050781,98400
2013-06-13,8.770142868521836,8.789017353167095,8.682064340137197,8.70093822479248,85200
2013-06-14,8.751269162705118,8.801599922807736,8.694646907592174,8.726103782653809,73400
2013-06-17,8.763854476283345,8.807893753051758,8.688358316113149,8.807893753051758,44300
2013-06-18,8.713528428764928,8.72611082895583,8.600283827094447,8.656906127929688,56600
2013-06-19,8.669489526485046,8.719820333025613,8.606576318304606,8.688364028930664,50800
2013-06-20,8.625445806622418,8.625445806622418,8.430413581094033,8.480744361877441,108200
2013-06-21,8.468164180851264,8.493329577822976,8.34862869523323,8.380084991455078,104300
2013-06-24,8.317169287328142,8.317169287328142,8.040349404245456,8.122137069702148,124200
2013-06-25,8.14729819075225,8.178755060984788,7.908226816970831,8.040345191955566,126300
2013-06-26,8.109555831019271,8.398958150046848,8.109555831019271,8.367501258850098,119500
2013-06-27,8.424122915814959,8.63802844004856,8.411539920276967,8.606572151184082,50800
2013-06-28,8.59398915564609,8.644319937817556,8.518492982388892,8.606572151184082,32400
2013-07-01,8.619154546731824,8.700942217758017,8.531075977926884,8.606572151184082,56700
2013-07-02,8.531074908885422,8.587696581740287,8.524783411904822,8.543657302856445,23600
2013-07-03,8.512204380601466,8.512204380601466,8.380085882455083,8.417834281921387,26500
2013-07-05,8.336042168203223,8.361207554522721,8.203923740028321,8.279419898986816,66100
2013-07-08,8.24796424094382,8.329751908625504,8.235381845910606,8.298295021057129,95200
2013-07-09,8.235381804131313,8.279421086509483,8.197633419242722,8.216507911682129,148200
2013-07-10,8.185047180025636,8.203921063610377,8.09696805664694,8.147298812866211,159800
2013-07-11,8.181471479252972,8.339659245806581,8.175143823765602,8.3016939163208,163500
2013-07-12,8.27638475798482,8.320677144122893,8.213109403411714,8.2637300491333,82000
2013-07-15,8.244744726107214,8.276382394358466,8.162487030029297,8.162487030029297,91000
2013-07-16,8.194128936620768,8.200456594231609,8.13085417082829,8.149836540222168,44600
2013-07-17,8.156160925445175,8.238418631067011,8.143505615301015,8.225763320922852,43000
2013-07-18,8.219432321003293,8.232087625997453,8.175139960400038,8.194122314453125,47900
2013-07-19,8.162491255525623,8.162491255525623,8.092888832092285,8.092888832092285,82000
2013-07-22,8.086557754374672,8.086557754374672,7.8777499689485415,7.896732330322266,128400
2013-07-23,7.8840786161761605,8.06757640838623,7.8840786161761605,8.06757640838623,98400
2013-07-24,8.06757206234837,8.06757206234837,7.953676734250306,7.978986740112305,35300
2013-07-25,7.928369923902717,7.941025233653485,7.846112220837876,7.915715217590332,67600
2013-07-26,7.915715361381665,8.004300117492676,7.890405344858748,8.004300117492676,55700
2013-07-29,7.966332038900375,7.991642044762373,7.934694380713341,7.978986740112305,46200
2013-07-30,7.972664815678673,7.9789918686323,7.922044771418496,7.947354793548584,44100
2013-07-31,7.928369496028674,7.997972489024833,7.909387135865335,7.966334819793701,61400
2013-08-01,8.010627194654274,8.029609554817615,7.966334819793701,7.966334819793701,87900
2013-08-02,7.972659691225409,8.004296745974303,7.953676734250306,7.978986740112305,59900
2013-08-05,7.953679359134596,7.972662322374483,7.814474582672119,7.814474582672119,121800
2013-08-06,7.789166606174768,7.871423721313477,7.7828389501060995,7.871423721313477,60600
2013-08-07,7.80814608065135,7.884076115053356,7.789163722910417,7.852438449859619,43300
2013-08-08,7.8397846984100275,7.890404727495232,7.789164669324823,7.820801734924316,36500
2013-08-09,7.782836072556034,7.884076118469239,7.751198407348589,7.884076118469238,59200
2013-08-12,7.884080424222994,7.941028132009742,7.846115084552293,7.909390449523926,50400
2013-08-13,7.880110000383326,7.905570751312183,7.7782669966679014,7.784631729125977,108000
2013-08-14,7.746440968083607,7.803727809888863,7.727345556492584,7.733710289001465,123400
2013-08-15,7.7209802388653,7.759171062155739,7.6127718944887395,7.689154148101807,136500
2013-08-16,7.638236003502615,7.682792185939327,7.625505318787864,7.663696765899658,91000
2013-08-19,7.663693418902196,7.67005875847961,7.580945825492399,7.644598007202148,64700
2013-08-20,7.612773228713592,7.714616251380161,7.612773228713592,7.701886177062988,42400
2013-08-21,7.657325698034162,7.720977859949235,7.657325698034162,7.708247184753418,34400
2013-08-22,7.720976656837735,7.924662571975656,7.695515917445494,7.905567169189453,91000
2013-08-23,7.892838413644651,7.981951326684583,7.873743006218972,7.924664497375488,78400
2013-08-26,7.962855377544984,7.9819507836716,7.931029295979279,7.9564900398254395,46000
2013-08-27,7.931029835528067,7.975585988532004,7.905569089949809,7.924664497375488,53200
2013-08-28,7.962855503207124,7.96922084102712,7.861012526215293,7.892838001251221,68700
2013-08-29,7.848280965870466,7.854646302972924,7.7782640788393085,7.816454887390137,118900
2013-08-30,7.854646302972924,7.854646302972924,7.752803337461436,7.816454887390137,59200
2013-09-03,7.797358438828207,7.822819176796167,7.765532364610288,7.810089111328125,41300
2013-09-04,7.816454887390138,7.822820224492594,7.752803337461436,7.816454887390137,70800
2013-09-05,7.861010168124451,7.867374897003174,7.797358023082468,7.867374897003174,36600
2013-09-06,7.867377692373278,7.867377692373278,7.8037261317470055,7.835552215576172,34300
2013-09-09,7.886474677835333,7.89920474871503,7.835553180252278,7.854648590087891,75800
2013-09-10,7.880110255042758,7.886475594738725,7.835554091235396,7.8610148429870605,27300
2013-09-11,7.8507670588598115,7.8507670588598115,7.780327486911999,7.799538612365723,75900
2013-09-12,7.837958771489023,7.8891872122942175,7.80594084331298,7.812344551086426,53700
2013-09-13,7.844366125876905,7.844366125876905,7.748312907387653,7.831558704376221,81800
2013-09-16,7.844362254919847,7.934012329110609,7.844362254919847,7.882783889770508,79100
2013-09-17,7.889183167753483,7.985236903037827,7.882780073953892,7.978833198547363,24800
2013-09-18,8.017257324011908,8.247785261600574,7.966028282745584,8.228574752807617,54600
2013-09-19,8.196558214116656,8.266997165370777,8.158136579356395,8.202961921691895,70100
2013-09-20,8.196558214116656,8.202961921691895,8.138926067321847,8.202961921691895,72000
2013-09-23,8.1965601328613,8.22857806754145,8.145331681649587,8.164542198181152,68500
2013-09-24,8.202966823766667,8.273405817114973,8.151737743241544,8.26700210571289,72300
2013-09-25,8.28620961929713,8.311823844909668,8.241384877148018,8.311823844909668,20100
2013-09-26,8.279801669254573,8.311818974490803,8.22857324804746,8.260590553283691,30400
2013-09-27,8.279803183382876,8.279803183382876,8.209363633323598,8.228574752807617,9400
2013-09-30,8.209366283493004,8.21576999205494,8.164541544941978,8.183752059936523,22000
2013-10-01,8.215772333824678,8.215772333824678,8.151736451335477,8.196561813354492,44900
2013-10-02,8.183753242531306,8.228578598251092,8.132524788015568,8.151735305786133,42400
2013-10-03,8.151732923601013,8.151732923601013,8.068487167358398,8.068487167358398,60000
2013-10-04,8.068491487034162,8.126123054358716,8.068491487034162,8.09410572052002,37400
2013-10-07,8.081292492499529,8.113310414026735,8.042871475219727,8.042871475219727,31800
2013-10-08,8.062081983859628,8.074888786055874,8.017257260136173,8.042871475219727,48400
2013-10-09,8.049277960577236,8.094103313868006,8.010856927118079,8.030067443847656,52800
2013-10-10,8.026201853773642,8.064851571083464,8.000435580339234,8.019760131835938,40300
2013-10-11,8.02620152439883,8.02620152439883,7.961785536298067,7.974668979644775,56500
2013-10-14,8.000436557182624,8.000436557182624,7.968228557877951,7.981112003326416,43600
2013-10-15,7.955344428941103,8.000435252021804,7.942460985594394,7.974668979644775,91000
2013-10-16,7.974668460001728,8.045525550842285,7.955343910557276,8.045525550842285,30500
2013-10-17,8.019759037006477,8.21944808959961,8.019759037006477,8.21944808959961,30500
2013-10-18,8.251658730625204,8.33539867401123,8.219450729306294,8.33539867401123,38400
2013-10-21,8.322507977114903,8.354715947996551,8.316066260075383,8.348274230957031,35600
2013-10-22,8.406255885104578,8.406255885104578,8.361164440292209,8.367606163024902,95200
2013-10-23,8.361162927934684,8.470669737317062,8.361162927934684,8.464228630065918,73300
2013-10-24,8.483550422250463,8.528641229930285,8.470666983304126,8.489992141723633,55600
2013-10-25,8.477109412325762,8.535083663804464,8.477109412325762,8.509317398071289,80300
2013-10-28,8.496435717291257,8.560851702120079,8.496435717291257,8.554409980773926,89800
2013-10-29,8.541526445239109,8.573734434986997,8.51576017630406,8.53508472442627,98600
2013-10-30,8.535084980097544,8.54796842210915,8.470668998672163,8.522201538085938,79500
2013-10-31,8.50931668582696,8.515758405300128,8.483550422250463,8.489992141723633,31100
2013-11-01,8.489991569070758,8.489991569070758,8.419133888277635,8.43201732635498,52400
2013-11-04,8.38049030303955,8.464230862555265,8.38049030303955,8.38049030303955,57600
2013-11-05,8.374046170541352,8.41913699180149,8.328955349281213,8.41269588470459,40800
2013-11-06,8.374047885757596,8.412697607837273,8.34828160914331,8.367606163024902,53200
2013-11-07,8.36760089019083,8.47066593170166,8.36760089019083,8.47066593170166,74800
2013-11-08,8.386927995886868,8.399810821912489,8.2903040362716,8.328953742980957,65800
2013-11-11,8.309630541824092,8.341838535956946,8.245215167874774,8.26453971862793,39800
2013-11-12,8.28386599098032,8.28386599098032,8.180800879788734,8.213008880615234,48500
2013-11-13,8.183203401631902,8.286870169940663,8.176724074136935,8.24151611328125,62500
2013-11-14,8.22855960717545,8.241518265549532,8.183205538671846,8.189684867858887,77400
2013-11-15,8.18320096069486,8.19615899391691,8.157284276348262,8.170242309570312,52000
2013-11-18,8.13201543154762,8.17089324632951,8.11905574798584,8.11905574798584,74800
2013-11-19,8.099609609538811,8.164406733595591,8.099609609538811,8.125528335571289,71100
2013-11-20,8.112571564393267,8.16440903104519,8.112571564393267,8.132010459899902,58800
2013-11-21,8.144974497157675,8.144974497157675,8.099616840594896,8.11905574798584,49900
2013-11-22,8.151449355406536,8.157929193225863,8.067213317609326,8.132010459899902,55300
2013-11-25,8.112575356284424,8.164412847165659,8.067217088299618,8.093135833740234,90900
2013-11-26,8.086653288536672,8.112572643260918,8.021856755580338,8.073694229125977,95500
2013-11-27,8.067214810308155,8.09313354842993,8.054255750222996,8.086653709411621,42300
2013-11-29,8.067219526896062,8.073699369702883,8.002422952683329,8.041300773620605,31900
2013-12-02,8.054259669259553,8.067218735650323,7.9635437327171035,8.02186107635498,77300
2013-12-03,8.041298449903328,8.041298449903328,7.937623466760757,8.028339385986328,81400
2013-12-04,8.047775651032731,8.047775651032731,7.93762086308845,7.9635396003723145,87200
2013-12-05,7.924664669667758,7.957063260004971,7.905225762646115,7.944104194641113,71400
2013-12-06,7.950579966606594,7.989457760749362,7.918181392853357,7.9700188636779785,72300
2013-12-09,7.937620289924741,7.989457760749362,7.8987418778305765,7.9700188636779785,88900
2013-12-10,7.937621403476853,8.00889778137207,7.918182503678427,8.00889778137207,62500
2013-12-11,8.018023490905762,8.024542358291585,7.920242345138654,8.018023490905762,122400
2013-12-12,8.024543884862798,8.070174721897443,8.01802501623684,8.063655853271484,97500
2013-12-13,8.004987217955234,8.063655791794508,8.004987217955234,8.044099807739258,104700
2013-12-16,8.05713692321825,8.05713692321825,7.9984689710525,8.044099807739258,119300
2013-12-17,8.083215206110951,8.12232781249313,8.063659213756756,8.089734077453613,183800
2013-12-18,8.089733570472125,8.122327303469001,8.083214699538,8.09625244140625,237800
2013-12-19,8.057137066996583,8.213586807250977,8.057137066996583,8.213586807250977,100900
2013-12-20,8.200552920404958,8.272258644671957,8.200552920404958,8.265740394592285,144600
2013-12-23,8.30485196152069,8.389595425006469,8.298333090097062,8.376558303833008,119300
2013-12-24,8.389594021858114,8.402631762524825,8.330925432205294,8.370038032531738,66800
2013-12-26,8.383075151524757,8.383075151524757,8.363519162198383,8.370038032531738,64500
2013-12-27,8.370036625270322,8.370036625270322,8.278774320968425,8.298330307006836,80900
2013-12-30,8.259218780855965,8.337443350906643,8.259218780855965,8.304849624633789,94700
2013-12-31,8.376558303833008,8.376558303833008,8.298333090097062,8.376558303833008,147500
2014-01-02,8.383074137702886,8.383074137702886,8.25921872471626,8.350481033325195,56000
2014-01-03,8.38307565908952,8.396113400545621,8.272257343407594,8.363519668579102,34900
2014-01-06,8.330925540297875,8.46129984028812,8.330925540297875,8.441743850708008,99300
2014-01-07,8.448264077735457,8.47433894192057,8.370039485180124,8.396114349365234,120900
2014-01-08,8.383070972473838,8.448258399963379,8.298327565406787,8.448258399963379,53500
2014-01-09,8.48085734871838,8.48085734871838,8.396113889341422,8.454782485961914,63900
2014-01-10,8.448260446166508,8.585153579711914,8.448260446166508,8.585153579711914,70300
2014-01-13,8.627107724311678,8.633663427414389,8.56155256884333,8.594329833984375,57100
2014-01-14,8.607441755916115,8.620552537720831,8.587775270615893,8.613997459411621,75900
2014-01-15,8.620555549568955,8.640222666926766,8.587778271012297,8.607444763183594,89300
2014-01-16,8.60744417137689,8.653332858350335,8.60744417137689,8.646777153015137,56000
2014-01-17,8.659888400887244,8.895888161839553,8.659888400887244,8.764777183532715,120100
2014-01-21,8.751664386874912,8.836886034297775,8.751664386874912,8.797553062438965,70600
2014-01-22,8.804105758666992,8.836883015623872,8.797550057201176,8.804105758666992,31000
2014-01-23,8.804108553399889,8.922108091311273,8.804108553399889,8.86310863494873,47000
2014-01-24,8.882775670045481,8.889331373997958,8.797553394222303,8.810664176940918,114000
2014-01-27,8.81066454050598,8.836886732211585,8.718887182129546,8.725442886352539,67500
2014-01-28,8.725441499725445,8.784440952797224,8.718885796544269,8.758218765258789,31000
2014-01-29,8.804108103899056,8.83688536958712,8.771330213024724,8.784440994262695,84800
2014-01-30,8.817222360139397,8.902444659925568,8.804111573734263,8.88277816772461,71700
2014-01-31,8.88277754306909,8.915555444556686,8.88277754306909,8.895888328552246,30400
2014-02-03,8.915554377219232,8.961443058696359,8.902442968119255,8.928665161132812,45500
2014-02-04,8.954888426192625,8.961444131527438,8.889333248403902,8.895888328552246,33400
2014-02-05,8.902442968119255,8.967998763246348,8.869665070555708,8.928665161132812,127700
2014-02-06,8.94177657023279,8.94177657023279,8.882776479655686,8.928665161132812,29400
2014-02-07,8.96144404908554,8.967999754360042,8.922110442624984,8.954888343811035,25900
2014-02-10,8.935222717400757,9.0270007245613,8.935222717400757,9.01388931274414,26800
2014-02-11,9.03355571811751,9.07288932800293,9.007333519922737,9.07288932800293,57300
2014-02-12,9.042569773401995,9.095296076455888,8.970070635292561,8.98325252532959,61300
2014-02-13,8.970070635292561,9.022796938346453,8.970070635292561,8.98325252532959,29600
2014-02-14,8.983250262304246,8.983250262304246,8.90416082764731,8.923933029174805,36700
2014-02-18,8.950300420839818,8.950300420839818,8.877801895141602,8.877801895141602,24600
2014-02-19,8.917343085816912,9.03597756537959,8.917343085816912,9.022795677185059,45100
2014-02-20,9.055758155256827,9.082121327512619,8.996440860544396,9.075531005859375,53700
2014-02-21,9.101889078548627,9.141433500502735,9.095298132040524,9.115070343017578,32400
2014-02-24,9.167794534866538,9.167794534866538,9.121659177088572,9.128250122070312,19300
2014-02-25,9.154612743998477,9.154612743998477,9.10847676034165,9.141430854797363,16800
2014-02-26,9.18097834673656,9.187568664550781,9.154615189837958,9.187568664550781,32900
2014-02-27,9.194159301872988,9.22711340402538,9.187568355733065,9.207341194152832,23000
2014-02-28,9.227111409225659,9.279837709851751,9.213929519795592,9.273246765136719,29200
2014-03-03,9.319386692136876,9.319386692136876,9.134843933328135,9.167798042297363,85100
2014-03-04,9.20734320359781,9.20734320359781,9.16120719909668,9.16120719909668,31700
2014-03-05,9.200745682249126,9.200745682249126,9.161200653580575,9.194154739379883,38600
2014-03-06,9.19415768624639,9.19415768624639,9.115068232106832,9.128250122070312,111600
2014-03-07,9.095299506705219,9.108480773166388,9.016210022296155,9.029391288757324,79600
2014-03-10,9.009619389049199,9.055754766093527,9.009619389049199,9.049163818359375,87200
2014-03-11,9.02938759457201,9.0755235796789,9.02938759457201,9.062341690063477,25300
2014-03-12,9.098129249818813,9.131261676110743,9.098129249818813,9.124635696411133,45500
2014-03-13,9.118004467942166,9.17101607038791,9.118004467942166,9.144510269165039,25600
2014-03-14,9.144514899406902,9.177647325698834,9.124635696411133,9.124635696411133,22700
2014-03-17,9.177642822265625,9.190895407110323,9.164389605472767,9.177642822265625,19000
2014-03-18,9.18427345571686,9.18427345571686,9.111382622240392,9.131261825561523,35400
2014-03-19,9.151136583763451,9.177642384135652,9.091498374938965,9.091498374938965,16500
2014-03-20,9.038488868526684,9.051741455809513,9.011983062012753,9.031862258911133,37800
2014-03-21,9.031864637723604,9.09150287607454,9.031864637723604,9.038491249084473,36400
2014-03-24,9.038488337691778,9.124632361789844,9.038488337691778,9.118005752563477,30900
2014-03-25,9.137889044868878,9.164394861708839,9.124636452423157,9.157768249511719,18500
2014-03-26,9.171017312253355,9.19752311706543,9.151138116631357,9.19752311706543,20700
2014-03-27,9.164388328946577,9.224026532310997,9.157761721473182,9.19089412689209,35700
2014-03-28,9.197526598615038,9.217405801761933,9.190899986916582,9.210779190063477,30300
2014-03-31,9.237279112327325,9.237279112327325,9.184267516453419,9.204147338867188,39100
2014-04-01,9.243908168123273,9.243908168123273,9.111379143337109,9.118005752563477,42800
2014-04-02,9.137884954795553,9.144511564026635,9.098125931357297,9.104752540588379,35200
2014-04-03,9.051740924196274,9.151138166747076,9.051740924196274,9.118005752563477,53900
2014-04-04,9.118009840226037,9.204153902943043,9.118009840226037,9.157768249511719,93200
2014-04-07,9.250530097611453,9.250530097611453,9.137880325544394,9.15113353729248,52400
2014-04-08,9.124631076234921,9.184268655025273,9.124631076234921,9.144510269165039,73100
2014-04-09,9.157761718516465,9.204147338867188,9.137882528050767,9.204147338867188,15600
2014-04-10,9.184273375218128,9.224032413460389,9.184273375218128,9.210779190063477,36500
2014-04-11,9.200118329669726,9.233427445047944,9.193456252461823,9.213441848754883,23400
2014-04-14,9.206779585193035,9.233427258154626,9.180131912231445,9.180131912231445,32300
2014-04-15,9.233426119876288,9.240088196128058,9.213440526451539,9.226764678955078,26800
2014-04-16,9.260075860185779,9.280062093410182,9.23342818455061,9.266737937927246,34300
2014-04-17,9.300045509291698,9.306707585470084,9.253412246704102,9.253412246704102,15200
2014-04-21,9.280062566232221,9.306710243225098,9.260076331989513,9.306710243225098,23500
2014-04-22,9.333352560202155,9.386647883581137,9.333352560202155,9.379985809326172,40100
2014-04-23,9.406632989638027,9.44660479779192,9.399970915723989,9.426618576049805,35200
2014-04-24,9.413300514221191,9.439948189977054,9.40663843644955,9.413300514221191,22000
2014-04-25,9.413301317210045,9.526554107666016,9.406639238870104,9.526554107666016,49800
2014-04-28,9.573183356891509,9.586507507964454,9.493240356445312,9.493240356445312,50600
2014-04-29,9.493239793890998,9.533211609410676,9.466592128654698,9.473254203796387,24100
2014-04-30,9.466592788696289,9.519888122884813,9.459930713090099,9.466592788696289,27100
2014-05-01,9.50656850797695,9.546539707355082,9.479920194617184,9.526554107666016,14800
2014-05-02,9.466592788696289,9.493240455790552,9.459930713090099,9.466592788696289,42000
2014-05-05,9.446608414582654,9.519889349702886,9.43994633811793,9.479917526245117,38000
2014-05-06,9.446607197208218,9.526550198491003,9.419959530113955,9.466592788696289,112600
2014-05-07,9.506562704121153,9.559858027641816,9.499900629848478,9.55319595336914,28000
2014-05-08,9.539874002070885,9.559860229492188,9.5265504857872,9.559860229492188,31100
2014-05-09,9.533211976477428,9.573183158205701,9.526549901079223,9.54653549194336,37600
2014-05-12,9.573183158205701,9.586507309002112,9.539873416545154,9.54653549194336,24100
2014-05-13,9.522428512573242,9.535821187988262,9.51573185555155,9.522428512573242,55000
2014-05-14,9.52912453096657,9.569303834468355,9.50903519852986,9.522428512573242,33200
2014-05-15,9.555909974859524,9.602785290945723,9.542516662475876,9.582695960998535,48600
2014-05-16,9.589392114651348,9.602785427225069,9.535820141613051,9.555910110473633,45900
2014-05-19,9.549214363098145,9.60278634123552,9.542517706173884,9.549214363098145,69700
2014-05-20,9.582699648853387,9.596092327762857,9.535823676098916,9.562609672546387,90700
2014-05-21,9.555910110473633,9.575999440705921,9.535820141613051,9.555910110473633,49000
2014-05-22,9.58269609699278,9.602785427225069,9.535820141613051,9.555910110473633,26700
2014-05-23,9.569302649658706,9.57599930585126,9.529123351131664,9.535820007324219,40700
2014-05-27,9.52912453096657,9.555911159053336,9.522428512573242,9.522428512573242,22000
2014-05-28,9.555912556648348,9.589394569396973,9.54921589864724,9.589394569396973,35700
2014-05-29,9.602785882438438,9.629571870227357,9.575999894649518,9.622875213623047,34100
2014-05-30,9.596089639937992,9.609482953724582,9.54251766204834,9.54251766204834,62300
2014-06-02,9.555911020022405,9.582697009091092,9.542517706173884,9.549214363098145,64000
2014-06-03,9.555911020022405,9.616179016455686,9.542517706173884,9.549214363098145,94300
2014-06-04,9.558010654674144,9.591832477173009,9.537717819213867,9.537717819213867,88700
2014-06-05,9.558008823735415,9.558008823735415,9.517422515491997,9.530951499938965,54400
2014-06-06,9.578303490134418,9.578303490134418,9.524188832175279,9.537717819213867,55300
2014-06-09,9.524187504972632,9.632416805809079,9.524187504972632,9.625652313232422,79300
2014-06-10,9.652710674134834,9.652710674134834,9.605359869279704,9.618888854980469,104300
2014-06-11,9.618888355774223,9.618888355774223,9.470072746276855,9.470072746276855,361000
2014-06-12,9.470070543452126,9.524185180664062,9.470070543452126,9.524185180664062,241000
2014-06-13,9.49713270686272,9.510661695615973,9.436253547668457,9.436253547668457,262200
2014-06-16,9.415957045222708,9.456542705492344,9.382135231599719,9.39566421508789,232200
2014-06-17,9.37197983639591,9.405813181425529,9.16897653956974,9.25694465637207,446200
2014-06-18,9.223108072749083,9.2772421839712,9.21634114751394,9.243408203125,359700
2014-06-19,9.284013286842363,9.297546498072835,9.209578366420468,9.250179290771484,248600
2014-06-20,9.223112717007355,9.317847782014246,9.223112717007355,9.290780067443848,223400
2014-06-23,9.338143987890275,9.41257823560574,9.331377062098987,9.405811309814453,152200
2014-06-24,9.392280697749898,9.432880973052464,9.392280697749898,9.419347763061523,182400
2014-06-25,9.45318282961293,9.466716041140812,9.42611576122735,9.446415901184082,110100
2014-06-26,9.439648972755233,9.45318282961293,9.42611576122735,9.446415901184082,141900
2014-06-27,9.439653671566804,9.527621848940631,9.42612045330244,9.51408863067627,251800
2014-06-30,9.493781539985969,9.507315394606207,9.43288048485431,9.453181266784668,148800
2014-07-01,9.44641221923261,9.453179145023896,9.324610136307701,9.405811309814453,221100
2014-07-02,9.371984772324279,9.405818135172861,9.270482747788437,9.284016609191895,216700
2014-07-03,9.243414036925227,9.284014968631055,9.22988082324323,9.27048110961914,206700
2014-07-07,9.270478605790505,9.351679801940918,9.2637116781122,9.351679801940918,238100
2014-07-08,9.371980201393793,9.385513410866762,9.32461235491411,9.338146209716797,211800
2014-07-09,9.324611056634089,9.338144909552435,9.29077706966785,9.331377983093262,257500
2014-07-10,9.35168052165189,9.35168052165189,9.277246247451272,9.29754638671875,178500
2014-07-11,9.324612854934976,9.419347907644674,9.324612854934976,9.37874698638916,147100
2014-07-14,9.412582132499347,9.487017056361102,9.304313856332973,9.426115989685059,372100
2014-07-15,9.426115873946067,9.446416014145548,9.392281876727049,9.399048805236816,127600
2014-07-16,9.40581520390649,9.466716270582534,9.399048920643464,9.426115989685059,114500
2014-07-17,9.419353247136142,9.493787558747334,9.419353247136142,9.439653396606445,153900
2014-07-18,9.466715577908849,9.466715577908849,9.392281304823232,9.412581443786621,137000
2014-07-21,9.399048920643464,9.466716270582534,9.399048920643464,9.426115989685059,201500
2014-07-22,9.459946632385254,9.459946632385254,9.39904622848269,9.459946632385254,204600
2014-07-23,9.459949000717476,9.507316853828819,9.44641578934981,9.493782997131348,176000
2014-07-24,9.459949112711964,9.480249897998506,9.42611576122735,9.446415901184082,96700
2014-07-25,9.43964741216443,9.47348140338532,9.43964741216443,9.453181266784668,140200
2014-07-28,9.453186917723018,9.466720135103454,9.432886123657227,9.432886123657227,70400
2014-07-29,9.439648510847734,9.453182367043182,9.399048232920956,9.412581443786621,162700
2014-07-30,9.405813932707861,9.426114715742772,9.351679801940918,9.351679801940918,252200
2014-07-31,9.331379282315453,9.385513410866762,9.317846072842485,9.338146209716797,200500
2014-08-01,9.3719765041996,9.385509708333794,9.344909450601753,9.365209579467773,199600
2014-08-04,9.351679419189766,9.358446346591109,9.338146209716797,9.338146209716797,201200
2014-08-05,9.338142525869925,9.365209579467773,9.338142525869925,9.365209579467773,81500
2014-08-06,9.371982953240355,9.41935016829851,9.365216023852074,9.385516166687012,136100
2014-08-07,9.385519234465557,9.459953546076749,9.378752302865417,9.439653396606445,163300
2014-08-08,9.439648861001075,9.507316853828819,9.439648861001075,9.493782997131348,117000
2014-08-11,9.493787835284524,9.561455862596741,9.480254617020162,9.51408863067627,186100
2014-08-12,9.561451797830129,9.568218726750619,9.500550728205436,9.534384727478027,195400
2014-08-13,9.561606807078753,9.561606807078753,9.493552407421026,9.513968467712402,220500
2014-08-14,9.554802652546648,9.554802652546648,9.479943321047031,9.50716495513916,197200
2014-08-15,9.5071612886722,9.520771775961862,9.486744584215659,9.50035572052002,192200
2014-08-18,9.459524154663086,9.486745781693196,9.452719234666645,9.459524154663086,276600
2014-08-19,9.466330331029026,9.534384727478027,9.466330331029026,9.534384727478027,226700
2014-08-20,9.541191149552484,9.588828841914923,9.527580009440426,9.568412780761719,233000
2014-08-21,9.575215135576576,9.609242327722308,9.54118859244555,9.55479907989502,169700
2014-08-22,9.582021809720452,9.582021809720452,9.52757855560958,9.547994613647461,100000
2014-08-25,9.52757855560958,9.554800182665016,9.466329732481153,9.547994613647461,216600
2014-08-26,9.575213492756284,9.616046246128425,9.547991873513055,9.602435111999512,201700
2014-08-27,9.629661456662623,9.677299800476073,9.595634902672193,9.663688659667969,271300
2014-08-28,9.656879040660657,9.704517364501953,9.656879040660657,9.704517364501953,169800
2014-08-29,9.690906229400255,9.718127850589006,9.616046933384853,9.704517364501953,160400
2014-09-02,9.697714955448541,9.70452052521593,9.656882185859065,9.690909385681152,170800
2014-09-03,9.69771206010025,9.79298806135353,9.69771206010025,9.752155303955078,263000
2014-09-04,9.718129866465011,9.758962631225586,9.718129866465011,9.758962631225586,295000
2014-09-05,9.765765128710868,9.786181180162616,9.731737943614904,9.738543510437012,254100
2014-09-08,9.772570046518402,9.799791664792258,9.731737943614904,9.738543510437012,155100
2014-09-09,9.765765751482594,9.80659785698999,9.74534904971428,9.799792289733887,164200
2014-09-10,9.779379943386804,9.847434343711388,9.772574373551373,9.833823204040527,180900
2014-09-11,9.854351938717647,9.854351938717647,9.792762785676576,9.813292503356934,149700
2014-09-12,9.772232814018174,9.799605989584636,9.621680674716634,9.703800201416016,274500
2014-09-15,9.724329670345456,9.73117312721842,9.614836970889897,9.669583320617676,321700
2014-09-16,9.628520052588314,9.64220696181471,9.57377372093824,9.594304084777832,238500
2014-09-17,9.58062187971584,9.628524780273438,9.57377842174245,9.628524780273438,282300
2014-09-18,9.614834271958216,9.703797228450508,9.614834271958216,9.696953773498535,146700
2014-09-19,9.696956495481567,9.717486213472492,9.64905360262675,9.669583320617676,224300
2014-09-22,9.69695557017258,9.69695557017258,9.649052681888785,9.690112113952637,87700
2014-09-23,9.642211367106084,9.72433090209961,9.642211367106084,9.72433090209961,132600
2014-09-24,9.738016238345942,9.74485969543457,9.69695680107015,9.74485969543457,168300
2014-09-25,9.738017164951172,9.751704080430784,9.703801181508242,9.72433090209961,110700
2014-09-26,9.696953696445872,9.75854348526866,9.696953696445872,9.710639953613281,133500
2014-09-29,9.710643986619996,9.751704080430784,9.703801181508242,9.72433090209961,107800
2014-09-30,9.71748757945674,9.751704216003418,9.71748757945674,9.751704216003418,108100
2014-10-01,9.806447107203262,9.806447107203262,9.75170076913065,9.792760848999023,151200
2014-10-02,9.833822221037291,9.84066567780673,9.772232415368261,9.813292503356934,211900
2014-10-03,9.779070893966864,9.840660668282768,9.779070893966864,9.799600601196289,174400
2014-10-06,9.820131074820752,9.833817328923052,9.785914460623555,9.80644416809082,180400
2014-10-07,9.833820598243172,9.888566938108426,9.820134339590783,9.868037223815918,165400
2014-10-08,9.85435554773151,9.970691744906562,9.85435554773151,9.93647575378418,231800
2014-10-09,9.943318560431738,9.957005478983248,9.881728732206334,9.93647575378418,230000
2014-10-10,9.929589145228862,9.950232597520658,9.895182953913523,9.902064323425293,137300
2014-10-13,9.950230463805111,9.950230463805111,9.840131200200396,9.853893280029297,177000
2014-10-14,9.860776292254448,9.895182481928664,9.833251471763772,9.867657661437988,160700
2014-10-15,9.888303168758675,9.977759018014243,9.888303168758675,9.970877647399902,193200
2014-10-16,9.998401765700907,10.02592658996582,9.9502334872982,10.02592658996582,171800
2014-10-17,9.991520305710294,10.080975485708604,9.991520305710294,10.074094772338867,273000
2014-10-20,10.053453400484665,10.074097514944675,10.012166484052054,10.0465726852417,184800
2014-10-21,10.080971655598201,10.080971655598201,9.991516509587,10.005278587341309,163400
2014-10-22,10.039689188270252,10.074095382175823,10.019045734424335,10.067214012145996,117100
2014-10-23,10.080973017447572,10.129141936703036,10.074092305762534,10.087854385375977,158900
2014-10-24,10.122267381776362,10.129148754336418,10.087861175219897,10.115386009216309,141500
2014-10-27,10.136029470652666,10.136029470652666,10.094742547779951,10.115386009216309,73800
2014-10-28,10.142908707231522,10.142908707231522,10.094740421942447,10.136027336120605,129200
2014-10-29,10.142908439251556,10.197958094197112,10.122264982707886,10.149789810180664,136500
2014-10-30,10.177313194865768,10.191075934772906,10.129144917677898,10.184194564819336,136500
2014-10-31,10.211717260243109,10.218598628762583,10.17042970536968,10.204835891723633,126600
2014-11-03,10.232359271546933,10.232359271546933,10.163547564752944,10.170428276062012,122400
2014-11-04,10.211714744567871,10.21859611139211,10.177308566689945,10.211714744567871,136700
2014-11-05,10.2323637008667,10.266769897278893,10.21860161604799,10.2323637008667,138400
2014-11-06,10.308055877685547,10.328699987415916,10.266768970711913,10.308055877685547,298700
2014-11-07,10.280534629110653,10.31494083438169,10.211722874812358,10.253009796142578,188200
2014-11-10,10.218598628762583,10.287410345227071,10.204835891723633,10.204835891723633,138900
2014-11-11,10.239244147314974,10.308055877685547,10.225481407494726,10.308055877685547,113000
2014-11-12,10.3080527423421,10.314971057066167,10.225034944953723,10.238871574401855,176400
2014-11-13,10.204279667041403,10.23195226347661,10.162770442505224,10.19044303894043,127400
2014-11-14,10.14893965386134,10.183530582001122,10.12126704330293,10.169693946838379,174600
2014-11-17,10.176612225254914,10.19044820059733,10.045167490550101,10.065921783447266,145900
2014-11-18,10.06592332567239,10.142022851132776,10.052086688442952,10.07284164428711,157700
2014-11-19,10.100514258978812,10.100514258978812,10.06592332567239,10.07284164428711,97900
2014-11-20,10.079758658452587,10.155858838812927,10.072841000047484,10.128186225891113,243000
2014-11-21,10.08667727030097,10.135104179382324,10.08667727030097,10.135104179382324,148700
2014-11-24,10.10743153859635,10.12126817530664,10.031332015991211,10.031332015991211,253500
2014-11-25,9.996735612389422,10.04516315460205,9.96906301388226,10.04516315460205,392400
2014-11-26,10.031326861412182,10.107426344913739,10.024408546612001,10.100508689880371,223800
2014-11-28,10.045167490550101,10.093594393899178,10.038249172995354,10.065921783447266,139600
2014-12-01,10.14202102125893,10.14202102125893,10.07283982689528,10.114348411560059,217800
2014-12-02,10.093591723440644,10.266545657948491,10.093591723440644,10.259627342224121,192300
2014-12-03,10.211205117088838,10.28730464552535,10.211205117088838,10.218123435974121,276500
2014-12-04,10.21812277711898,10.238877072669409,10.19736782180139,10.225040435791016,156800
2014-12-05,10.22503963792554,10.259630567655217,10.190448708195866,10.25271224975586,156200
2014-12-08,10.238873054817912,10.259627342224121,10.218118767411703,10.259627342224121,240700
2014-12-09,10.252709026499751,10.2872999453547,10.211200451687333,10.259627342224121,208300
2014-12-10,10.28730240101989,10.342647620492414,10.280384083644059,10.328811645507812,246400
2014-12-11,10.384457468650227,10.384457468650227,10.224482229619285,10.280125617980957,311600
2014-12-12,10.25925709745771,10.266212685195484,10.141014759200962,10.19665813446045,299400
2014-12-15,10.238390705453721,10.398365238930163,10.1827473317818,10.384454727172852,263400
2014-12-16,10.314892022364626,10.405312598915648,10.280114775487954,10.300981521606445,178000
2014-12-17,10.294029142607997,10.426181925874406,10.294029142607997,10.398360252380371,162900
2014-12-18,10.40532112121582,10.440098396576223,10.349677745967716,10.40532112121582,270500
2014-12-19,10.398362235921267,10.460961179054168,10.370540557120105,10.412273406982422,109800
2014-12-22,10.426181925874406,10.460959183572204,10.398360252380371,10.398360252380371,115600
2014-12-23,10.467919787680735,10.467919787680735,10.384454727172852,10.384454727172852,136000
2014-12-24,10.41227494249506,10.419229865730143,10.356631576686931,10.377497673034668,67500
2014-12-26,10.398367729108783,10.447056190222524,10.363590446405107,10.426189422607422,159500
2014-12-29,10.398360252380371,10.460959183572204,10.391404668176609,10.398360252380371,216400
2014-12-30,10.384457214020209,10.454011116106061,10.377501624815176,10.426189422607422,181400
2014-12-31,10.460962809381497,10.516606175655767,10.426185539629767,10.467918395996094,190800
2015-01-02,10.398365313297196,10.481830374402005,10.363588038673191,10.474875450134277,166300
2015-01-05,10.45400846981311,10.488785743713379,10.426186783357158,10.488785743713379,166700
2015-01-06,10.509648838067198,10.537470516569066,10.48182715956533,10.51660442352295,195800
2015-01-07,10.51660699559835,10.572250366210938,10.509651408441453,10.572250366210938,166700
2015-01-08,10.537470516569066,10.565292195070933,10.509648838067198,10.51660442352295,200800
2015-01-09,10.502696484605854,10.572250366210938,10.467919212142663,10.572250366210938,183500
2015-01-12,10.544432026867035,10.662674392769809,10.544432026867035,10.655718803405762,237000
2015-01-13,10.63473834192378,10.75360134816697,10.63473834192378,10.72563362121582,250600
2015-01-14,10.73262877511447,10.760596510027723,10.704661040201216,10.739620208740234,228300
2015-01-15,10.788561141173844,10.830512398073045,10.739617119053834,10.76059341430664,269800
2015-01-16,10.802546029068138,10.816530227661133,10.788562497278432,10.816530227661133,163500
2015-01-20,10.865473506408794,10.865473506408794,10.816530145312507,10.858481407165527,159800
2015-01-21,10.90043409859208,10.90043409859208,10.802546702746438,10.844498634338379,177900
2015-01-22,10.837506256379422,10.900433818750155,10.830514156826382,10.872466087341309,152300
2015-01-23,10.907427591552597,10.907427591552597,10.837507918902826,10.86547565460205,156900
2015-01-26,10.851490011141626,10.865473542871799,10.823521614074707,10.823521614074707,169300
2015-01-27,10.8794584274292,10.907426159456387,10.844498595694382,10.8794584274292,131500
2015-01-28,10.914416358871978,10.956368285573243,10.865473000056548,10.907424926757812,208300
2015-01-29,10.94238329585296,10.99132731792963,10.921407667421931,10.956367492675781,251400
2015-01-30,10.991325334484978,11.026285153430138,10.97734114018568,10.998316764831543,187800
2015-02-02,11.08222012625317,11.096203653155367,10.977340673872925,11.012300491333008,273500
2015-02-03,11.040272315030528,11.061247946580897,10.963361221476976,10.984336853027344,253500
2015-02-04,10.963363884320097,10.963363884320097,10.907428408730992,10.942387580871582,166400
2015-02-05,10.928400556706817,10.970351816604829,10.907424926757812,10.907424926757812,133800
2015-02-06,10.900436401367188,10.921412038192708,10.872468663332006,10.900436401367188,185200
2015-02-09,10.893440213542993,10.956367767216094,10.86547248599975,10.928400039672852,155800
2015-02-10,10.914417987227596,10.935394287109375,10.87945882103134,10.935394287109375,156900
2015-02-11,10.942422654956676,10.942422654956676,10.837004590973917,10.865116119384766,187600
2015-02-12,10.837002593502348,10.84403064186758,10.724556500584963,10.731584548950195,237300
2015-02-13,10.766723832016256,10.766723832016256,10.668333832341203,10.682389259338379,195200
2015-02-17,10.598056012447927,10.647251018439611,10.43641489548571,10.471553802490234,562000
2015-02-18,10.513715324643265,10.55588292688929,10.457492301802763,10.520743370056152,418100
2015-02-19,10.49966243407944,10.612109184265137,10.49966243407944,10.612109184265137,181600
2015-02-20,10.62616722827054,10.661306804475268,10.61913917898326,10.654278755187988,103000
2015-02-23,10.661305005487499,10.682388479560045,10.654276957386132,10.668333053588867,102100
2015-02-24,10.64724962048891,10.717528765733904,10.64724962048891,10.710500717163086,145400
2015-02-25,10.724553108215332,10.773748090747532,10.696441593878166,10.724553108215332,151500
2015-02-26,10.717527042375245,10.738610514465918,10.619136388899609,10.626164436340332,199000
2015-02-27,10.640221277374021,10.780778884887695,10.633193229440451,10.780778884887695,95100
2015-03-02,10.80186582848203,10.80186582848203,10.717531236881918,10.759698867797852,250300
2015-03-03,10.759695640088474,10.914308676525089,10.759695640088474,10.858085632324219,451800
2015-03-04,10.879167135990162,10.914306699809385,10.865111712601331,10.886195182800293,107900
2015-03-05,10.886195182800293,10.900251276420555,10.844028242402372,10.886195182800293,153800
2015-03-06,10.815917153716267,10.822944530573256,10.576968914560636,10.619135856628418,442900
2015-03-09,10.61913977770813,10.689418934080042,10.605084348572772,10.633195877075195,185700
2015-03-10,10.668333832341203,10.71752883217873,10.668333832341203,10.682389259338379,164500
2015-03-11,10.703583303310243,10.710648536682129,10.639998224296486,10.710648536682129,134700
2015-03-12,10.710648122919117,10.7389083815372,10.696518330498932,10.717713356018066,98200
2015-03-13,10.731847346534725,10.738912582397461,10.703587076861757,10.738912582397461,42900
2015-03-16,10.760103335354808,10.760103335354808,10.632932509309713,10.647062301635742,149000
2015-03-17,10.69651895651818,10.69651895651818,10.5976077086772,10.639998435974121,113500
2015-03-18,10.689451513307025,10.823687553405762,10.611735982068558,10.823687553405762,140100
2015-03-19,10.80956359346887,10.80956359346887,10.66826224510403,10.738912582397461,130800
2015-03-20,10.738912211863093,10.830758253575686,10.738912211863093,10.816628456115723,158900
2015-03-23,10.830752937409443,10.851947960084999,10.795427450431767,10.809557914733887,103400
2015-03-24,10.809557524963065,10.809557524963065,10.738906553555244,10.788362503051758,145300
2015-03-25,10.774236556447878,10.774236556447878,10.731845821074996,10.760106086730957,127400
2015-03-26,10.745976290791917,10.767171321589418,10.724781259994415,10.760106086730957,66700
2015-03-27,10.788366161614181,10.80956119071317,10.767170458737366,10.802495956420898,126600
2015-03-30,10.802496021507832,10.802496021507832,10.738910260049925,10.745975494384766,126500
2015-03-31,10.738910195346108,10.802495956420898,10.710649931954848,10.802495956420898,124100
2015-04-01,10.809556831599604,10.8378170835945,10.774231348161596,10.795426368713379,216000
2015-04-02,10.774235310697213,10.809560807127191,10.753040282350348,10.78130054473877,149300
2015-04-06,10.809557524963065,10.837817778770674,10.774232039259154,10.788362503051758,123300
2015-04-07,10.795427450431767,10.837818169560503,10.77423242775621,10.809557914733887,137400
2015-04-08,10.802494972946244,10.830755233764648,10.781299945776881,10.830755233764648,119500
2015-04-09,10.80249980496301,10.880215388531784,10.80249980496301,10.873150825500488,237500
2015-04-10,10.880210876464844,10.91553637208396,10.851950614725109,10.880210876464844,156500
2015-04-13,10.887314138588158,10.887314138588158,10.830498463129215,10.84470272064209,197200
2015-04-14,10.866005498993108,10.929923285969505,10.866005498993108,10.915719032287598,137500
2015-04-15,10.937024735514365,10.944126862355319,10.901515455901784,10.915719032287598,101400
2015-04-16,10.901513662991961,10.95832931378326,10.880207285973238,10.951227188110352,69100
2015-04-17,10.95123493556792,10.993846365158882,10.929929220772438,10.944132804870605,230900
2015-04-20,10.993841908378434,11.000944036196625,10.95123049606166,10.965434074401855,82500
2015-04-21,10.986738432705659,10.986738432705659,10.958330603965406,10.9725341796875,64100
2015-04-22,10.97963798470987,10.993841562603338,10.937025896437133,10.986740112304688,180300
2015-04-23,11.00094390737175,11.029351741015663,10.986740329197884,11.015148162841797,118700
2015-04-24,10.993843915806865,11.015150303151893,10.979640334873157,11.000946044921875,119800
2015-04-27,11.02225029057682,11.036453868750685,10.986740329197884,11.015148162841797,135800
2015-04-28,10.979638201462862,11.036453868750685,10.979638201462862,11.015148162841797,154700
2015-04-29,11.008048174036883,11.015150303151893,10.979640334873157,11.000946044921875,146400
2015-04-30,10.97963967789007,11.000945386663929,10.937027583046083,10.958333969116211,154500
2015-05-01,10.986741708994947,10.986741708994947,10.901518197360204,10.922823905944824,154300
2015-05-04,10.951227189049806,10.958329314723324,10.894411538253635,10.908615112304688,216800
2015-05-05,10.929926034571785,10.929926034571785,10.866008231521663,10.922823905944824,201300
2015-05-06,10.880210442665943,10.922822531770521,10.773681235848768,10.823394775390625,358600
2015-05-07,10.830498482617013,10.851804191628384,10.79498851606721,10.802090644836426,205000
2015-05-08,10.830498463129215,10.908619847561193,10.816294205616341,10.84470272064209,185900
2015-05-11,10.84470031781339,10.84470031781339,10.787883977646802,10.816291809082031,234600
2015-05-12,10.773681235848768,10.851802609028285,10.74527340221111,10.823394775390625,204900
2015-05-13,10.837673032347553,10.851951562108558,10.80197568663968,10.823393821716309,145400
2015-05-14,10.801978172150017,10.887651413039983,10.801978172150017,10.85909366607666,121800
2015-05-15,10.844813684592173,10.90192985534668,10.837674759009415,10.90192985534668,76100
2015-05-18,10.901925681050527,10.901925681050527,10.801973271589384,10.844809532165527,126700
2015-05-19,10.809115291955303,10.866230772739803,10.780557551563053,10.823393821716309,172100
2015-05-20,10.816255134881224,10.830534346725011,10.759139649246666,10.79483699798584,153200
2015-05-21,10.816251471461799,10.816251471461799,10.787693738316905,10.809112548828125,144500
2015-05-22,10.809114816978607,10.809114816978607,10.744859733701997,10.773417472839355,135000
2015-05-26,10.75200366973877,10.80911917102029,10.737724453983148,10.75200366973877,157000
2015-05-27,10.80197672325263,10.816255254383876,10.759139768118281,10.780558586120605,153800
2015-05-28,10.766276873918446,10.773416478261225,10.737719137417475,10.744858741760254,108100
2015-05-29,10.737722429000199,10.780559387318133,10.716304290276407,10.766280174255371,221600
2015-06-01,10.80911287530877,10.851949135884913,10.773415537581927,10.844809532165527,131900
2015-06-02,10.837667810380209,10.837667810380209,10.801970481872559,10.801970481872559,254500
2015-06-03,10.780557077841246,10.794835606974821,10.759138262835572,10.773417472839355,137800
2015-06-04,10.737719021698117,10.780555966422996,10.716300889770745,10.759137153625488,141100
2015-06-05,10.70916060380225,10.730578734366228,10.609208193053528,10.6663236618042,300900
2015-06-08,10.68060522394316,10.68060522394316,10.537816520589024,10.58779239654541,322100
2015-06-09,10.573511865518762,10.573511865518762,10.323631171288369,10.337909698486328,612500
2015-06-10,10.273655816092594,10.387886762841815,10.230818870626562,10.316492080688477,360200
2015-06-11,10.371039662848899,10.37821701729458,10.313622196223855,10.356685638427734,436900
2015-06-12,10.392572682853372,10.42128210516972,10.335155207161277,10.363863945007324,146000
2015-06-15,10.36386433086333,10.442813876232048,10.36386433086333,10.435636520385742,162000
2015-06-16,10.399748121767985,10.45716558687809,10.33515330240157,10.378216743469238,188700
2015-06-17,10.349510579943633,10.428459442949736,10.33515586786779,10.414105415344238,118500
2015-06-18,10.399747975818006,10.514582904426625,10.399747975818006,10.507406234741211,120900
2015-06-19,10.507404059131483,10.543289453538804,10.485872001123061,10.536112785339355,148100
2015-06-22,10.485876358070907,10.507408425026037,10.457167619934372,10.471522331237793,138900
2015-06-23,10.457165716638517,10.49305180389518,10.457165716638517,10.464343070983887,99700
2015-06-24,10.435636805274575,10.449991517359067,10.385396681919547,10.399750709533691,114500
2015-06-25,10.421280459498458,10.421280459498458,10.356685638427734,10.356685638427734,170000
2015-06-26,10.34233283996582,10.371041578581403,10.24185259704644,10.34233283996582,294800
2015-06-29,10.306450379625987,10.306450379625987,10.148552603800795,10.177261352539062,293800
2015-06-30,10.162901447885316,10.320799827575684,10.155724093247068,10.320799827575684,188200
2015-07-01,10.349508682619987,10.435634885874926,10.284913859061229,10.421280860900879,267900
2015-07-02,10.44281348743668,10.44281348743668,10.335155207161277,10.363863945007324,142800
2015-07-06,10.335155870978832,10.414105418479046,10.335155870978832,10.406928062438965,105000
2015-07-07,10.42845888179784,10.485876358070907,10.42845888179784,10.471522331237793,157500
2015-07-08,10.428458879064568,10.500231066622247,10.421282207885048,10.478699684143066,117800
2015-07-09,10.485871851720734,10.485871851720734,10.435631752690284,10.449986457824707,88200
2015-07-10,10.43563190137679,10.536112785339355,10.421277880507867,10.536112785339355,199200
2015-07-13,10.540447114421427,10.540447114421427,10.446657972509506,10.453872680664062,149400
2015-07-14,10.453870566759246,10.453870566759246,10.403368995954283,10.43222713470459,150300
2015-07-15,10.417798468949133,10.425013176162551,10.388940328127815,10.410584449768066,88400
2015-07-16,10.425011746897757,10.432226453122041,10.374510179392281,10.388938903808594,130900
2015-07-17,10.410585686611693,10.425014414720403,10.345654690041423,10.367298126220703,84000
2015-07-20,10.3456564306678,10.381729289057374,10.324012990847075,10.37451457977295,68500
2015-07-21,10.360083418150133,10.403370978541123,10.338439981970852,10.367298126220703,112500
2015-07-22,10.388938903808594,10.388938903808594,10.360080766943712,10.388938903808594,48000
2015-07-23,10.360078917846023,10.417795181274414,10.345650196004991,10.417795181274414,95400
2015-07-24,10.439441159346325,10.439441159346325,10.374510179392281,10.388938903808594,52200
2015-07-27,10.432230877983248,10.432230877983248,10.37451457977295,10.37451457977295,69600
2015-07-28,10.367295473167996,10.410583022481445,10.367295473167996,10.388938903808594,74400
2015-07-29,10.396155035341232,10.439442590589385,10.388940328127815,10.410584449768066,93000
2015-07-30,10.432226453122041,10.432226453122041,10.367295473167996,10.388938903808594,81500
2015-07-31,10.396152756404392,10.446654319763184,10.388938050772508,10.446654319763184,61700
2015-08-03,10.468302096973176,10.497160241558964,10.425014536078274,10.453872680664062,105500
2015-08-04,10.489945533404407,10.497160241558964,10.453872680664062,10.453872680664062,121400
2015-08-05,10.489940854575968,10.489940854575968,10.403366459433382,10.417795181274414,111200
2015-08-06,10.42501242800894,10.461085273454898,10.417797721313287,10.43222713470459,94600
2015-08-07,10.439440302163499,10.461083731026953,10.42501089089973,10.446654319763184,70700
2015-08-10,10.446657972509506,10.489945533404407,10.446657972509506,10.453872680664062,149100
2015-08-11,10.453873386025881,10.533233805015872,10.453873386025881,10.526019096374512,106400
2015-08-12,10.530368212339155,10.559377462581063,10.515863241400659,10.552124977111816,118800
2015-08-13,10.544871365437183,10.588385581970215,10.523114602988171,10.588385581970215,86300
2015-08-14,10.544872130063393,10.573881379310587,10.501357910375072,10.530367851257324,89100
2015-08-17,10.53762000617332,10.552124977111816,10.515863241400659,10.552124977111816,120800
2015-08-18,10.573883620276145,10.602892875671387,10.537621878123291,10.602892875671387,159300
2015-08-19,10.595638660453018,10.595638660453018,10.544872644701579,10.566629409790039,109800
2015-08-20,10.58838457542755,10.602888851803097,10.552122847036268,10.595636367797852,111900
2015-08-21,10.602891742198036,10.61014422818034,10.544873237609863,10.544873237609863,151300
2015-08-24,10.602887324503987,10.610139807464543,10.515859603881836,10.515859603881836,208700
2015-08-25,10.566630003921645,10.57388248990395,10.508611499333472,10.544873237609863,103100
2015-08-26,10.5448680990935,10.5448680990935,10.508606378487453,10.523111343383789,116100
2015-08-27,10.573878084296602,10.573878084296602,10.479597880713895,10.515859603881836,168400
2015-08-28,10.4795988419619,10.501355601204379,10.450589599093624,10.465094566345215,116300
2015-08-31,10.50861015495497,10.523115125063942,10.472348421317585,10.47960090637207,157500
2015-09-01,10.52311688426297,10.566630418594162,10.501359425462217,10.559378623962402,189700
2015-09-02,10.602888473549667,10.631897716900811,10.55937495434041,10.624645233154297,112000
2015-09-03,10.631901741027832,10.631901741027832,10.573883232365798,10.631901741027832,75800
2015-09-04,10.60289100540373,10.74068546295166,10.60289100540373,10.74068546295166,104800
2015-09-08,10.733430862426758,10.755187622939445,10.70442161786486,10.733430862426758,99600
2015-09-09,10.733431398571494,10.733431398571494,10.697169668149078,10.718926429748535,97100
2015-09-10,10.776948964275137,10.776948964275137,10.71167865499344,10.72618293762207,107600
2015-09-11,10.737842501547064,10.759712335773061,10.723263307270459,10.745132446289062,75600
2015-09-14,10.745131401224656,10.788870370215234,10.701393127441406,10.701393127441406,108400
2015-09-15,10.730553776510765,10.730553776510765,10.657655715942383,10.657655715942383,93100
2015-09-16,10.694106498107613,10.752424678032884,10.664947408144979,10.730555534362793,127300
2015-09-17,10.723263249161082,10.79616130577125,10.708683359756092,10.752422332763672,147800
2015-09-18,10.861769558630339,10.905508535005023,10.796162136879477,10.876349449157715,127500
2015-09-21,10.869060495797203,10.89821958430555,10.803452372851543,10.818032264709473,80800
2015-09-22,10.796161276727853,10.854479443776144,10.796161276727853,10.81074047088623,115700
2015-09-23,10.854477882385254,10.883636961714936,10.825318803055572,10.854477882385254,71100
2015-09-24,10.854481299146784,10.86177054986824,10.796163122130089,10.818032264709473,102600
2015-09-25,10.818029951631686,10.818029951631686,10.767001731454652,10.781580924987793,136200
2015-09-28,10.7742884792749,10.854476458316615,10.7742884792749,10.8253173828125,96200
2015-09-29,10.861769008801186,10.920087177543703,10.839899869324595,10.912797927856445,131100
2015-09-30,10.87634996695678,10.927378195817052,10.87634996695678,10.898219108581543,167200
2015-10-01,10.978408039041689,11.007567128718515,10.927379110701592,10.956538200378418,134700
2015-10-02,11.022143396032414,11.073171615600586,10.97840512074751,11.073171615600586,125600
2015-10-05,11.058595219923081,11.087754309225675,11.022146184492959,11.080464363098145,133600
2015-10-06,11.044012907265946,11.09504182376765,11.036723657943453,11.058592796325684,136900
2015-10-07,11.080461559883855,11.09504144845039,11.058592422241402,11.073171615600586,65700
2015-10-08,11.073170898441402,11.13877900232697,11.065881649837577,11.131489753723145,99300
2015-10-09,11.153365190086612,11.153365190086612,11.095046997070312,11.095046997070312,146300
2015-10-12,11.160646438598633,11.197094759417581,11.116907480325873,11.160646438598633,144500
2015-10-13,11.209001680668779,11.238306231913738,11.15771819198339,11.230979919433594,95000
2015-10-14,11.187028120658978,11.209006368615764,11.165049174026285,11.179701805114746,107200
2015-10-15,11.22365830102832,11.22365830102832,11.172375489570516,11.179701805114746,122400
2015-10-16,11.238308960520609,11.238308960520609,11.201678087901708,11.209004402160645,83000
2015-10-19,11.2090003585521,11.245631217956543,11.194347735320111,11.245631217956543,108300
2015-10-20,11.252962864529337,11.252962864529337,11.143070926069498,11.179701805114746,257900
2015-10-21,11.201679401945583,11.201679401945583,11.113765716552734,11.113765716552734,189000
2015-10-22,11.150391138240117,11.1943476100933,11.128412203638003,11.157716751098633,117900
2015-10-23,11.20168177297698,11.267617225646973,11.16505088830743,11.267617225646973,112700
2015-10-26,11.238304780622006,11.274935639616674,11.047824872790153,11.157716751098633,298000
2015-10-27,11.113762275357997,11.165045067955981,11.084457722634056,11.099109649658203,129600
2015-10-28,11.077133020935804,11.194351248880773,11.077133020935804,11.165046691894531,126800
2015-10-29,11.172375489570516,11.201680053071533,11.121092678112712,11.179701805114746,119300
2015-10-30,11.201677510170143,11.223655753137631,11.143068396473007,11.194351196289062,180400
2015-11-02,11.21633244942061,11.304246138083775,11.201679818638805,11.296919822692871,140400
2015-11-03,11.311570988928663,11.326223618718387,11.26761449691118,11.289592742919922,150200
2015-11-04,11.304248809814453,11.34087899807464,11.26761792287821,11.304248809814453,128600
2015-11-05,11.267613383719008,11.348200743573269,11.179699709693693,11.187026023864746,157400
2015-11-06,11.150393735482746,11.157719350047604,10.989218337569206,11.003870964050293,317100
2015-11-09,10.952588954627391,10.952588954627391,10.813392477567886,10.90130615234375,245500
2015-11-10,10.913089848791941,11.00145486633026,10.905726624027466,10.986727714538574,88400
2015-11-11,11.060362912265612,11.15609113147651,10.98672506428216,11.067726135253906,137600
2015-11-12,11.023542941686522,11.082452933575277,11.023542941686522,11.060361862182617,96900
2015-11-13,11.067727860999682,11.082455713797852,11.023545707130518,11.038272857666016,138700
2015-11-16,11.075092315673828,11.082456242424168,11.045637310935176,11.075092315673828,47000
2015-11-17,11.075089266343094,11.082453191065907,11.001451423639992,11.045634269714355,108400
2015-11-18,11.020001112371226,11.064199286785179,11.012634632884543,11.02736759185791,119700
2015-11-19,11.034732030243811,11.071563720703125,10.983168085104413,11.071563720703125,105300
2015-11-20,11.071566281848858,11.108397980828316,11.012635844484217,11.078932762145996,84100
2015-11-23,11.10103150053118,11.152596160104912,11.056834023760812,11.078932762145996,111300
2015-11-24,11.071563720703125,11.101028932569362,11.049464987429962,11.071563720703125,79600
2015-11-25,11.108397980828316,11.1304967192135,11.064200504057949,11.078932762145996,112000
2015-11-27,11.064200504057949,11.10103150053118,11.056834023760812,11.078932762145996,24700
2015-11-30,11.071562597979238,11.093662031517447,10.99789992703652,11.034730911254883,112000
2015-12-01,11.108395411162437,11.137860623028674,11.064197944616113,11.071563720703125,163600
2015-12-02,11.093661261994868,11.115759991494183,10.990532686821485,11.0126314163208,210500
2015-12-03,10.997902851048641,11.027368067760843,10.909507200912035,10.91687297821045,209700
2015-12-04,10.91687007574174,11.049463866947022,10.902137822555593,11.034730911254883,199300
2015-12-07,10.968434718158235,11.042097389100952,10.902137822555593,11.034730911254883,149700
2015-12-08,10.924237556485252,11.056831359863281,10.924237556485252,11.056831359863281,200800
2015-12-09,10.990534888134533,11.027366579681106,10.93160446266245,11.005267143249512,168500
2015-12-10,10.990534888134533,11.086297005153188,10.97580193051347,11.005267143249512,113000
2015-12-11,11.061535898279535,11.194807644820782,11.031920033059027,11.054132461547852,249400
2015-12-14,11.076346012822507,11.083750156874657,10.957882532380241,11.00230598449707,138300
2015-12-15,10.96528419382438,11.031919356913013,10.935668330419027,11.017111778259277,143800
2015-12-16,11.046727520157628,11.12817096710205,10.994899936292802,11.12817096710205,113800
2015-12-17,11.091156080993375,11.202216148376465,11.091156080993375,11.202216148376465,174700
2015-12-18,11.209616684762798,11.28365599974713,11.172596674221648,11.268848419189453,145200
2015-12-21,11.313271031652636,11.313271031652636,11.254039301599319,11.283655166625977,92600
2015-12-22,11.28365754301683,11.28365754301683,11.239234089170013,11.25404167175293,90100
2015-12-23,11.28365648778931,11.328080643579726,11.28365648778931,11.29846477508545,124000
2015-12-24,11.268847929219083,11.283655509132927,11.21701963427578,11.239232063293457,55200
2015-12-28,11.261445632800314,11.268849777020295,11.20221389123658,11.246637344360352,181000
2015-12-29,11.254039301599319,11.328079317214925,11.239231722134948,11.283655166625977,118800
2015-12-30,11.291060771469144,11.394716665533652,11.291060771469144,11.372504234313965,129000
2015-12-31,11.402114915507493,11.461346626281738,11.365095625846857,11.461346626281738,162200
2016-01-04,11.42433482499027,11.453950699789866,11.3799106597418,11.44654655456543,103700
2016-01-05,11.461350531219535,11.527986405068148,11.424331228946242,11.513178825378418,258400
2016-01-06,11.542799949645996,11.565011682349011,11.483568191705785,11.542799949645996,201300
2016-01-07,11.498368943301374,11.579813091630964,11.446541362435513,11.535388946533203,189400
2016-01-08,11.52058311600178,11.587218284606935,11.483563107155849,11.587218284606934,183700
2016-01-11,11.587218163220582,11.587218163220582,11.498370566579863,11.572410583496094,73100
2016-01-12,11.58722275234264,11.602031044029887,11.446547511804859,11.505779266357422,279000
2016-01-13,11.554877733180046,11.569758792294053,11.428391568982798,11.450713157653809,156000
2016-01-14,11.495356570368017,11.56231992688307,11.428393213852964,11.547439575195312,166100
2016-01-15,11.569759310422098,11.629282130407828,11.554878250641673,11.606961250305176,159400
2016-01-19,11.66648994332498,11.673929767392492,11.502801751177866,11.52512264251709,329200
2016-01-20,11.562324790620403,11.562324790620403,11.34655427862277,11.458159446716309,217000
2016-01-21,11.487919807434082,11.53256229627487,11.420957138525333,11.487919807434082,223200
2016-01-22,11.562321698151688,11.629285064925073,11.487917799610559,11.569762229919434,124900
2016-01-25,11.614412492226142,11.614412492226142,11.540009248859915,11.599532127380371,114100
2016-01-26,11.651606734362732,11.651606734362732,11.547442120880696,11.636726379394531,111900
2016-01-27,11.636723506380036,11.673924739399954,11.577200682066525,11.584640502929688,121200
2016-01-28,11.636728983787602,11.696251836118515,11.599527023688687,11.688811302185059,193100
2016-01-29,11.726011169782662,11.755772590637207,11.673928151111026,11.755772590637207,157000
2016-02-01,11.703687809970996,11.755770820801516,11.666486571679657,11.733449935913086,147300
2016-02-02,11.740895219614181,11.785537719726562,11.718574324342224,11.785537719726562,146100
2016-02-03,11.792974297073329,11.830175540186083,11.748331811942503,11.807854652404785,122900
2016-02-04,11.822734659122954,11.852496076690331,11.792973241555577,11.837615013122559,79200
2016-02-05,11.87481580462532,11.919458281407621,11.852494921018215,11.897136688232422,99000
2016-02-08,11.897138630324662,11.934341291689634,11.83761579127713,11.904579162597656,208500
2016-02-09,11.934340371036965,11.941779483599658,11.874816827013056,11.912018775939941,149300
2016-02-10,11.946408888014957,11.976312974778011,11.9314575575861,11.961360931396484,64400
2016-02-11,11.95388565753608,11.96136167969454,11.864175530492698,11.938934326171875,202800
2016-02-12,11.938931546306723,11.938931546306723,11.83426939931599,11.871648788452148,166700
2016-02-16,11.864171219942822,11.864171219942822,11.752033780119106,11.759509086608887,124100
2016-02-17,11.804366362466375,11.804366362466375,11.654849514670765,11.729607582092285,217900
2016-02-18,11.699707847954008,11.73708724975586,11.677280492054013,11.73708724975586,75300
2016-02-19,11.774463694089786,11.811843086502815,11.722132972483111,11.804367065429688,110800
2016-02-22,11.849226168359403,11.856701478807475,11.796894717505893,11.841750144958496,111800
2016-02-23,11.84174567172884,11.931455779793142,11.84174567172884,11.923979759216309,101100
2016-02-24,11.938929937864255,11.998735954291325,11.916501879632596,11.95388126373291,118000
2016-02-25,11.953883254379248,11.968835295690274,11.834269775701312,11.886600494384766,163000
2016-02-26,11.834276120853223,11.84922817018105,11.6772831676758,11.744565963745117,242600
2016-02-29,11.781943383656914,11.871653525609288,11.781943383656914,11.841750144958496,105400
2016-03-01,11.909030205466479,11.961360931396484,11.84922345784571,11.961360931396484,246300
2016-03-02,11.961361080623012,11.961361080623012,11.796892166137695,11.796892166137695,218400
2016-03-03,11.84922422366161,11.87912759940465,11.789417472175527,11.811844825744629,176000
2016-03-04,11.789414405822754,11.849221141753478,11.78193838559328,11.789414405822754,152400
2016-03-07,11.82679557800293,11.834271599810782,11.744561476974601,11.82679557800293,162100
2016-03-08,11.87165099589736,11.901554370176086,11.789416894869031,11.82679557800293,199800
2016-03-09,11.826794536584725,11.89407730102539,11.819319228387798,11.89407730102539,110500
2016-03-10,11.923979759216309,11.938931800369973,11.864173020506774,11.923979759216309,167900
2016-03-11,11.92097727434986,11.936000904103903,11.890930731207872,11.905954360961914,97800
2016-03-14,11.868396434149387,11.988582611083984,11.868396434149387,11.988582611083984,106300
2016-03-15,11.943512002614828,11.981070360633838,11.875907817819925,11.905954360961914,137500
2016-03-16,11.920977707466744,11.988582611083984,11.920977707466744,11.988582611083984,76300
2016-03-17,11.951023697863922,12.003604968744547,11.936000784626353,11.97355842590332,100100
2016-03-18,11.936000864404681,11.97355850593268,11.928489049552645,11.943511962890625,76000
2016-03-21,11.958537779055064,11.981072511365257,11.91346759806845,11.95102596282959,78800
2016-03-22,11.973556605343017,12.033650398254395,11.958533694389658,12.033650398254395,126800
2016-03-23,12.018626770935056,12.048674025573733,11.981068419002687,12.033650398254395,179700
2016-03-24,11.98858130121047,12.048675099478036,11.98106948688127,12.011116027832031,173900
2016-03-28,12.018629033388942,12.05618667602539,11.988582489460114,12.05618667602539,85200
2016-03-29,12.056189685938895,12.116282788799221,12.033655667824139,12.086236953735352,198800
2016-03-30,12.093746584979392,12.101258400570893,12.018629861796697,12.078722953796387,137900
2016-03-31,12.05618805929901,12.101258954912659,12.05618805929901,12.09374713897705,89200
2016-04-01,12.093745310439383,12.22895511137223,12.071209866039851,12.198907852172852,192500
2016-04-04,12.213936675838877,12.259006151071892,12.206424857844578,12.236472129821777,177700
2016-04-05,12.251487057316332,12.25899887084961,12.213929422381879,12.25899887084961,150800
2016-04-06,12.25900093783943,12.289048197038808,12.16886202570565,12.198907852172852,162500
2016-04-07,12.1989031955017,12.258996258229033,12.168857380503848,12.17636775970459,155000
2016-04-08,12.258999291265107,12.266511105055999,12.10125549985235,12.116277694702148,171500
2016-04-11,12.198908170084689,12.213931800075903,12.138815082852043,12.168862342834473,117900
2016-04-12,12.20641803741455,12.221441665008584,12.168860401161455,12.20641803741455,148700
2016-04-13,12.203402942410985,12.233589956127652,12.135480362217638,12.188308715820312,180200
2016-04-14,12.150566313228328,12.195847522695273,12.075096671140958,12.090190887451172,189800
2016-04-15,12.150569915771484,12.173209807485648,12.120381474200435,12.150569915771484,115500
2016-04-18,12.226043169308378,12.233588842452123,12.12793214486515,12.210948944091797,129200
2016-04-19,12.226042280603377,12.226042280603377,12.07510291833837,12.105291366577148,220700
2016-04-20,12.165665511021748,12.195852516539173,12.090195838031761,12.135477066040039,103700
2016-04-21,12.165665511021748,12.173211182802891,12.135477066040039,12.135477066040039,62800
2016-04-22,12.158116677843143,12.180756568908691,12.135475347313514,12.180756568908691,121600
2016-04-25,12.16566524289546,12.1732109145103,12.120382576420909,12.1279296875,118300
2016-04-26,12.16566566347426,12.180758446689962,12.10529021221854,12.112835884094238,143300
2016-04-27,12.1732118982704,12.210947456715404,12.135477779289767,12.195853233337402,151500
2016-04-28,12.203401454566672,12.21849567931705,12.150573107404853,12.173213005065918,110700
2016-04-29,12.210948944091799,12.233588842452123,12.203401831483507,12.210948944091797,87000
2016-05-02,12.271321564370991,12.293962896953818,12.263774453510049,12.278868675231934,161500
2016-05-03,12.34679419227494,12.376981203488446,12.30905862892736,12.361886978149414,146400
2016-05-04,12.37698234996308,12.392076576700285,12.271325641732036,12.286419868469238,136900
2016-05-05,12.354338344377146,12.354338344377146,12.263774453510049,12.278868675231934,133900
2016-05-06,12.346799587891473,12.346799587891473,12.24868851977727,12.339252471923828,106800
2016-05-09,12.369433708521429,12.512825965881346,12.3392466982409,12.512825965881348,173500
2016-05-10,12.467542380789135,12.527917829434866,12.444901047747898,12.45999526977539,149400
2016-05-11,12.517618413596804,12.555527036359873,12.47970834471247,12.547945022583008,148400
2016-05-12,12.487288586360759,12.540362675266836,12.464543994379211,12.472126007080078,153800
2016-05-13,12.532782229490474,12.563108837964506,12.434217498177082,12.456963539123535,173200
2016-05-16,12.487294546827004,12.517622612106743,12.419057846069336,12.419057846069336,145900
2016-05-17,12.525199209684489,12.525199209684489,12.358397815052237,12.434216499328613,169300
2016-05-18,12.39631340673284,12.434222042710767,12.320494688655225,12.343240737915039,126900
2016-05-19,12.28258468411959,12.290165253573115,12.077874601955887,12.085455894470215,272200
2016-05-20,12.093032753582579,12.176432720164902,12.093032753582579,12.161270141601562,132900
2016-05-23,12.19160334646616,12.290166668043254,12.176439313570677,12.282586097717285,145600
2016-05-24,12.358398526171065,12.358398526171065,12.2598352432251,12.259835243225098,93100
2016-05-25,12.320487022399902,12.320487022399902,12.2977409872935,12.320487022399902,70200
2016-05-26,12.320494688655225,12.350822754334978,12.29774863939541,12.343240737915039,119700
2016-05-27,12.38873104616266,12.38873104616266,12.328076362609863,12.328076362609863,61000
2016-05-31,12.252254138856024,12.27500018097185,12.199181486707081,12.237090110778809,233900
2016-06-01,12.252253875090474,12.411473274230957,12.252253875090474,12.411473274230957,149000
2016-06-02,12.464544551487613,12.49487115752549,12.396307880250987,12.434216499328613,143400
2016-06-03,12.464546490992435,12.50245511596871,12.373563766479492,12.373563766479492,130100
2016-06-06,12.39630924648019,12.464545925237356,12.39630924648019,12.411473274230957,101800
2016-06-07,12.494870599061626,12.510034624463362,12.42663393087487,12.472126007080078,160700
2016-06-08,12.532778330951059,12.555522918701172,12.510032297080157,12.555522918701172,239500
2016-06-09,12.570688560951348,12.585852585485757,12.434215232383615,12.50245189666748,210300
2016-06-10,12.532783727128091,12.563110339226082,12.46454704225585,12.47970962524414,135800
2016-06-13,12.482755449298782,12.551300289871733,12.45229188273973,12.490371704101562,100400
2016-06-14,12.54368632870234,12.642696206590527,12.505606500377551,12.597000122070312,114300
2016-06-15,12.650306993834505,12.802627693935063,12.612225729320585,12.779780387878418,211500
2016-06-16,12.787405782418006,12.787405782418006,12.665547101509155,12.726475715637207,189400
2016-06-17,12.77978388458897,12.795014941910239,12.734086354668841,12.756935119628906,159600
2016-06-20,12.772167234781492,12.779783489532742,12.696006139921057,12.718854904174805,81800
2016-06-21,12.7112347081683,12.741698265075684,12.688385950999054,12.741698265075684,133400
2016-06-22,12.749314517465432,12.787395779414174,12.7112347081683,12.741698265075684,151400
2016-06-23,12.711238649423557,12.756934725278994,12.711238649423557,12.718854904174805,108000
2016-06-24,12.696008815107371,12.810249755143795,12.696008815107371,12.79501724243164,139300
2016-06-27,12.84070860277932,12.863555908203125,12.810243592012021,12.863555908203125,106100
2016-06-28,12.871176295570299,12.886408805847168,12.82548021739183,12.886408805847168,100700
2016-06-29,12.916870782993824,12.947335799795693,12.878790964643443,12.909255981445312,119000
2016-06-30,12.939719545595226,12.947335799795693,12.878790964643443,12.909255981445312,101600
2016-07-01,12.977800791452477,12.977800791452477,12.886407193875902,12.962568283081055,147400
2016-07-05,13.015882068168835,13.03111457824707,12.993033303051481,13.03111457824707,131000
2016-07-06,13.069195144249525,13.069195144249525,12.985417786705554,13.038731575012207,176300
2016-07-07,13.061578145751428,13.069194400790545,13.015882068168835,13.03111457824707,122600
2016-07-08,13.076805859265749,13.08442211151123,13.015877293953478,13.08442211151123,119500
2016-07-11,13.099657604883506,13.099657604883506,12.99303150177002,12.99303150177002,187400
2016-07-12,13.00064812654701,13.023496889148412,12.88640721884391,12.909255981445312,206100
2016-07-13,12.93526427445313,12.95056357718037,12.728728064700833,12.736377716064453,249800
2016-07-14,12.843469285973104,12.874066427426358,12.476293375383024,12.514541625976562,573200
2016-07-15,12.537492597246699,12.65988411507414,12.537492597246699,12.591038703918457,194000
2016-07-18,12.65988258065389,12.751676937409677,12.621635783101697,12.690481185913086,184000
2016-07-19,12.751680212056272,12.812875979268007,12.667535485006818,12.80522632598877,139600
2016-07-20,12.828170319115962,12.85876746136438,12.797571717845932,12.843469619750977,107400
2016-07-21,12.866419332283577,12.904667590472341,12.858769680645825,12.881718635559082,95700
2016-07-22,12.858768042979396,12.91231413860228,12.858768042979396,12.90466594696045,74800
2016-07-25,12.919966622565799,12.919966622565799,12.874070167541504,12.874070167541504,83100
2016-07-26,12.897015800271642,12.91231364198862,12.874066849163743,12.889366149902344,76400
2016-07-27,12.912312279759014,12.958210177132655,12.897014439655937,12.919961929321289,162200
2016-07-28,12.958212042583334,12.958212042583334,12.866417693642905,12.90466594696045,101900
2016-07-29,12.9276123046875,12.935261954679254,12.874066213766781,12.9276123046875,124000
2016-08-01,12.9276123046875,12.942911604671005,12.89701516374204,12.9276123046875,135400
2016-08-02,12.912313728791538,12.950561980895161,12.874066935709548,12.935262680053711,134900
2016-08-03,12.919963379212263,12.958211631315885,12.897015886971722,12.935262680053711,175700
2016-08-04,12.958217853251448,13.019413626978984,12.919969582782779,12.950568199157715,160900
2016-08-05,12.927611578883562,12.965859826694928,12.919961929321289,12.919961929321289,146500
2016-08-08,12.935262680053713,12.942912330474437,12.904665537392447,12.935262680053711,77800
2016-08-09,12.935261228445835,12.981157666798005,12.90466408921821,12.919961929321289,84300
2016-08-10,12.93526259309652,12.958211544204419,12.866417198794444,12.889366149902344,161400
2016-08-11,12.930851762295564,12.984634036881491,12.930851762295564,12.976950645446777,92700
2016-08-12,12.976958394999642,13.007691979091916,12.923176088296108,13.000008583068848,157400
2016-08-15,13.000006024614398,13.000006024614398,12.869391248843648,12.91549015045166,198500
2016-08-16,12.953913564385347,12.953913564385347,12.830982121997451,12.838664054870605,150600
2016-08-17,12.877070294461623,12.907802396668782,12.830971408422302,12.854020118713379,83600
2016-08-18,12.900126373858512,12.923175094697669,12.861709396696858,12.907808303833008,107600
2016-08-19,12.877070294461623,12.923169180500944,12.830971408422302,12.854020118713379,132300
2016-08-22,12.907803254271366,12.907803254271366,12.861704365169206,12.892437934875488,85900
2016-08-23,12.907805992495842,12.907805992495842,12.861707093614395,12.869390487670898,86100
2016-08-24,12.846343361782875,12.877076945320734,12.76951233385407,12.823294639587402,152100
2016-08-25,12.777192956455693,12.830976722141843,12.777192956455693,12.8156099319458,97300
2016-08-26,12.807921686627934,12.830971863193149,12.723405838012695,12.723405838012695,168500
2016-08-29,12.73877502028676,12.777190523002751,12.723408233017365,12.754141807556152,133400
2016-08-30,12.800248528671284,12.861714249865232,12.731099409145793,12.838664054870605,129500
2016-08-31,12.854023573424467,12.938539441759097,12.838656785462252,12.84634017944336,160400
2016-09-01,12.90012264251709,12.90012264251709,12.869389069677407,12.90012264251709,152600
2016-09-02,12.930853431551078,12.938536823977648,12.869387757595776,12.892437934875488,152100
2016-09-06,12.923169680837177,12.984635353088379,12.892437577440187,12.984635353088379,112200
2016-09-07,12.984639235592507,12.984639235592507,12.91549015045166,12.91549015045166,101600
2016-09-08,12.946219857477836,12.984635353088379,12.930853073050729,12.984635353088379,116200
2016-09-09,12.93085604777799,12.953906229721314,12.823291462957593,12.84634017944336,177800
2016-09-12,12.846340753592266,12.846340753592266,12.677310474825997,12.708044052124023,260400
2016-09-13,12.737744062667858,12.745459408173554,12.614301477680119,12.660592079162598,160600
2016-09-14,12.7068855221871,12.7068855221871,12.57572756236383,12.629734992980957,215400
2016-09-15,12.598873604056886,12.676025604815047,12.598873604056886,12.629734992980957,92000
2016-09-16,12.676021740363927,12.676021740363927,12.51400244101029,12.537148475646973,146500
2016-09-19,12.575728293982722,12.598874337022345,12.521722331775706,12.583443641662598,129200
2016-09-20,12.614306086280648,12.629736782929598,12.537154074588122,12.544869422912598,81300
2016-09-21,12.61430429851892,12.629734992980957,12.552582992222796,12.629734992980957,109700
2016-09-22,12.67602374602888,12.753175735473633,12.67602374602888,12.753175735473633,110200
2016-09-23,12.768608436263307,12.776323784465815,12.699171773992932,12.71460247039795,127600
2016-09-26,12.76088885402316,12.807179450988768,12.69145222279897,12.80717945098877,106600
2016-09-27,12.80718635097002,12.838046275055959,12.714603635607524,12.760895729064941,115800
2016-09-28,12.753179211410492,12.79946982907334,12.71460247039795,12.71460247039795,189000
2016-09-29,12.676026808372232,12.714602076637929,12.61430549621582,12.61430549621582,95900
2016-09-30,12.614304085371796,12.68374073772565,12.591158044069845,12.676025390625,124200
2016-10-03,12.622016823185813,12.706882680645078,12.622016823185813,12.660592079162598,89000
2016-10-04,12.691454958294184,12.699168833158135,12.552581665913289,12.560297012329102,170200
2016-10-05,12.568017273351392,12.606592548963093,12.421428577232536,12.460003852844238,231300
2016-10-06,12.421424154980937,12.459999416859148,12.321126855390482,12.405993461608887,243700
2016-10-07,12.498580849512711,12.52944077630763,12.398282776436174,12.444573402404785,185200
2016-10-10,12.444570391004403,12.48314712960364,12.405995123957277,12.421425819396973,87900
2016-10-11,12.40599858466874,12.413713934540821,12.313416593532557,12.3519926071167,94000
2016-10-12,12.366320548077752,12.381816806084045,12.08738125352712,12.095129013061523,321100
2016-10-13,12.09513066569678,12.09513066569678,11.885926350933252,11.893674850463867,348700
2016-10-14,11.909170945379396,11.971157462889254,11.715462893426698,11.73095989227295,440900
2016-10-17,11.769702721614161,11.81619298636523,11.630233405236332,11.723213195800781,370900
2016-10-18,11.777449574317385,11.893674850463867,11.707714556417013,11.893674850463867,240000
2016-10-19,11.932414471325345,12.009897979672425,11.901421215774013,11.978904724121094,309200
2016-10-20,12.048640996060263,12.071885755424505,11.924667960867533,12.033143997192383,189200
2016-10-21,12.071889285582559,12.071889285582559,11.986657983697935,11.994405746459961,152000
2016-10-24,12.040892496626322,12.064137255990564,12.0021507383942,12.033143997192383,116700
2016-10-25,12.033146007633293,12.05639150981886,11.978907980409035,12.040894508361816,78000
2016-10-26,12.033146267324469,12.071888032865479,11.893676945889633,11.940166473388672,110300
2016-10-27,11.901422545645687,11.940164304148253,11.738707751084975,11.754204750061035,240600
2016-10-28,11.777450612826442,11.777450612826442,11.622484303237474,11.645729064941406,381800
2016-10-31,11.692221046336485,11.692221046336485,11.459771178308248,11.614737510681152,297900
2016-11-01,11.606988262085697,11.630233764648438,11.529505470356362,11.630233764648438,187200
2016-11-02,11.665969081906706,11.689223298044379,11.588454042463525,11.658217430114746,220800
2016-11-03,11.596200942993164,11.642710095450715,11.56519508776743,11.596200942993164,172700
2016-11-04,11.634961499847243,11.642713150497185,11.588452335185693,11.619458198547363,130500
2016-11-07,11.634962841322015,11.673720359802244,11.588453671298103,11.673720359802246,93800
2016-11-08,11.68147164625242,11.704726601628296,11.627211562185115,11.658217430114746,312800
2016-11-09,11.549694841255684,11.61945821875026,11.425671387593367,11.464428901672363,679200
2016-11-10,11.44117375526784,11.46442796612235,11.0846059854672,11.092357635498047,979400
2016-11-11,11.045849618842137,11.131115560300461,10.852062783423854,11.022595405578613,728500
2016-11-14,10.937326232999853,10.968332090033101,10.658273519700623,10.759042739868164,1099000
2016-11-15,10.822889691793943,10.978615321648112,10.75281404942537,10.93968391418457,786900
2016-11-16,10.99418830871582,11.064264699182111,10.90075336894573,10.99418830871582,576300
2016-11-17,10.922203063964844,10.968945312848955,10.906621819033706,10.922203063964844,575300
2016-11-18,10.906619448525037,10.937781188659786,10.797552986576171,10.883248329162598,482400
2016-11-21,10.906621819033706,10.953364810872468,10.88325069459165,10.922203063964844,401400
2016-11-22,10.961154690383387,10.984526557780093,10.88325069459165,10.922203063964844,479600
2016-11-23,10.867672414008211,10.945577174004484,10.828720034010075,10.906624794006348,331700
2016-11-25,10.781974411745919,10.836507280973064,10.71186029819409,10.80534553527832,622500
2016-11-28,10.82093071566539,10.891044111766014,10.797558840676958,10.859882354736328,393400
2016-11-29,10.914413555382502,10.914413555382502,10.774185308509708,10.828718185424805,503000
2016-11-30,10.758608642476633,10.906626822452578,10.75081801643711,10.891045570373535,510100
2016-12-01,10.828716658810723,10.859878404505466,10.78976503390826,10.80534553527832,389800
2016-12-02,10.844303300046391,10.898836196413058,10.789770403679725,10.891045570373535,428200
2016-12-05,10.891043875536878,10.891043875536878,10.820930480957031,10.820930480957031,385700
2016-12-06,10.820931605988433,10.867673873901367,10.805350354714152,10.867673873901367,565800
2016-12-07,10.867671585992865,11.007899846120125,10.867671585992865,10.961156845092773,690400
2016-12-08,10.953367292015937,11.015690799948631,10.875462535622658,10.945576667785645,570200
2016-12-09,10.976738929412022,10.992319435638365,10.867672414008211,10.906624794006348,479000
2016-12-12,10.844299431946105,10.891041685600552,10.828718185424805,10.828718185424805,538700
2016-12-13,10.890175007909807,10.984123229980469,10.835372065027112,10.984123229980469,498400
2016-12-14,10.984125596615506,11.054586965008605,10.968467929547185,10.991954803466797,495500
2016-12-15,10.968463927092744,10.984121588447497,10.905831788405758,10.952805519104004,501100
2016-12-16,10.952807394384022,10.968465805053711,10.898004450308346,10.968465805053711,328300
2016-12-19,10.976296402486334,11.023270147184737,10.960637989830726,11.015440940856934,419100
2016-12-20,10.976295199474503,11.038927349963974,10.976295199474503,11.007611274719238,287800
2016-12-21,11.00761248116334,11.038928559840345,10.960637989830726,11.015440940856934,763500
2016-12-22,11.01544348184035,11.070247192142592,11.007615020340928,11.062417984008789,532700
2016-12-23,11.070240776107758,11.07806923307,11.023266301164549,11.031095504760742,383300
2016-12-27,10.960639118491535,11.070245778464795,10.960639118491535,11.054587364196777,591500
2016-12-28,11.054582368915371,11.054582368915371,11.007608640606113,11.031095504760742,489700
2016-12-29,11.054587364196777,11.078074238964515,11.038929696563047,11.054587364196777,368100
2016-12-30,11.070243835449219,11.101559911854464,11.054585423929518,11.070243835449219,602400
2017-01-03,11.085901720598264,11.101560132429078,11.038927978374163,11.093730926513672,350200
2017-01-04,11.132873954517319,11.211163757911448,11.11721554585808,11.19550609588623,265900
2017-01-05,11.234655318545295,11.289458274841309,11.211167697303333,11.289458274841309,317700
2017-01-06,11.265972953344342,11.265972953344342,11.18768236501334,11.211169242858887,319700
2017-01-09,11.234653233206446,11.273797768075275,11.226824027579024,11.250310897827148,375400
2017-01-10,11.250312400305583,11.375576720536817,11.250312400305583,11.367748260498047,296700
2017-01-11,11.374435313887192,11.398033517290685,11.209246389716021,11.311506271362305,463300
2017-01-12,11.327241038815597,11.413769056932042,11.319375469128826,11.390170097351074,308100
2017-01-13,11.374434658787246,11.445230015093694,11.35870202397545,11.421631813049316,220500
2017-01-17,11.460958346784855,11.460958346784855,11.390163012425273,11.398029327392578,322700
2017-01-18,11.390164989377194,11.4137639383751,11.358700474219866,11.382299423217773,185100
2017-01-19,11.366571377525228,11.421634863901295,11.287910432974945,11.33510684967041,293900
2017-01-20,11.327240530163326,11.350839488684578,11.280044113467861,11.33510684967041,201800
2017-01-23,11.34296791702769,11.390164311869746,11.335101601162958,11.358699798583984,224700
2017-01-24,11.358695640937514,11.382294579893744,11.335097452154178,11.350830078125,176900
2017-01-25,11.335103094263955,11.366567611694336,11.3193712106354,11.366567611694336,180400
2017-01-26,11.342971801757814,11.35870368870195,11.319373596254895,11.342971801757812,142900
2017-01-27,11.335105587864307,11.429499160921013,11.335105587864307,11.405900955200195,180300
2017-01-30,11.429497380281898,11.429497380281898,11.390166543425725,11.421631813049316,170300
2017-01-31,11.453094954176896,11.484559469840574,11.421630438513219,11.476693153381348,206400
2017-02-01,11.46096195704242,11.48456090937812,11.429497437434808,11.453096389770508,239000
2017-02-02,11.460960336024481,11.484559285022387,11.374433106885137,11.382299423217773,267300
2017-02-03,11.405900595938292,11.445231437683105,11.398034277554645,11.445231437683105,138500
2017-02-06,11.484562310969505,11.523892402648926,11.437365150711422,11.523892402648926,237500
2017-02-07,11.523889612931232,11.523889612931232,11.476693214271924,11.508157730102539,187800
2017-02-08,11.523889193209813,11.563220024108887,11.523889193209813,11.563220024108887,157300
2017-02-09,11.57895362416666,11.57895362416666,11.476693755352706,11.516024589538574,261500
2017-02-10,11.48456090937812,11.500292794095266,11.445230072325275,11.453096389770508,202700
2017-02-13,11.475622983518907,11.499332736571949,11.420299221435862,11.459815979003906,269000
2017-02-14,11.491425495286295,11.491425495286295,11.32545577047856,11.35706901550293,356200
2017-02-15,11.341263763898418,11.40449025948888,11.199003771960239,11.206907272338867,522800
2017-02-16,11.285938290626046,11.420294761657715,11.183195062559525,11.420294761657715,846100
2017-02-17,11.42029616485912,11.428199665001294,11.37287667144459,11.396586418151855,117200
2017-02-21,11.412391309021736,11.42029480822504,11.34126207734949,11.404488563537598,175500
2017-02-22,11.396584910840023,11.436101652605153,11.36497166817175,11.388681411743164,245700
2017-02-23,11.38868191797234,11.436102160942166,11.38868191797234,11.412391662597656,409600
2017-02-24,11.451906248302384,11.475616742179263,11.420293010185599,11.436100006103516,179900
2017-02-27,11.412391262486636,11.451908004622863,11.388681518692568,11.420294761657715,345100
2017-02-28,11.428201469233468,11.4993314743042,11.412394466453582,11.4993314743042,198800
2017-03-01,11.45981367005025,11.475620671380415,11.412393419779065,11.467717170715332,389800
2017-03-02,11.46771500296502,11.48352124758801,11.396585017863647,11.420294761657715,291000
2017-03-03,11.444004906671145,11.451908406119314,11.372875672795193,11.412391662597656,277000
2017-03-06,11.41239675967682,11.41239675967682,11.285943726905591,11.309654235839844,386100
2017-03-07,11.325455004978735,11.325455004978735,11.230615276315953,11.285938262939453,295100
2017-03-08,11.246423770939886,11.246423770939886,11.167391024768628,11.23061752319336,427100
2017-03-09,11.22271123746868,11.22271123746868,11.064645030632047,11.1278715133667,510900
2017-03-10,11.151583112308318,11.151583112308318,11.06464687250613,11.080453872680664,487100
2017-03-13,11.095145564021493,11.142797875808876,11.063377103689957,11.126914024353027,319200
2017-03-14,11.08720325958365,11.142797875808876,11.08720325958365,11.126914024353027,287900
2017-03-15,11.118971989077421,11.222219677009237,11.103087379817206,11.206335067749023,316800
2017-03-16,11.230161604158253,11.230161604158253,11.103087006607494,11.134856224060059,369600
2017-03-17,11.150743598922208,11.214280539064893,11.150743598922208,11.198396682739258,187700
2017-03-20,11.198395651623523,11.253990279774362,11.182511039340424,11.246047973632812,192600
2017-03-21,11.24604629745034,11.30958322227278,11.198393982543454,11.285757064819336,225400
2017-03-22,11.293699495251335,11.349294115733661,11.293699495251335,11.333410263061523,157600
2017-03-23,11.341351509094238,11.34929381392905,11.317525352009678,11.341351509094238,174500
2017-03-24,11.317525352009678,11.37311997101361,11.317525352009678,11.341351509094238,111400
2017-03-27,11.365181405024503,11.42871834553088,11.365181405024503,11.389007568359375,154900
2017-03-28,11.389003244818996,11.420771703012113,11.373118637012544,11.412829399108887,178100
2017-03-29,11.43665684680988,11.444599151611328,11.412830689825407,11.444599151611328,119100
2017-03-30,11.412830759323205,11.420773064173018,11.389004602193644,11.396946907043457,151400
2017-03-31,11.396946837642384,11.444599151611328,11.389004532840934,11.444599151611328,182600
2017-04-03,11.468422235255819,11.484306840601915,11.420769934056871,11.460480690002441,278600
2017-04-04,11.484312243245975,11.484312243245975,11.404890693992009,11.428717613220215,285300
2017-04-05,11.420771703012113,11.428714006915339,11.373118637012544,11.412829399108887,269200
2017-04-06,11.420772485214645,11.476367101505296,11.396946329292915,11.468424797058105,237200
2017-04-07,11.47636913081097,11.516079902648926,11.460485276527772,11.516079902648926,190600
2017-04-10,11.516079178170022,11.5637322528617,11.492253019534147,11.555789947509766,234900
2017-04-11,11.562574162498063,11.610452651977539,11.562574162498063,11.610452651977539,179400
2017-04-12,11.610449585761117,11.690246032483016,11.594489839815195,11.64236831665039,210600
2017-04-13,11.666306969513489,11.690245827009038,11.634388239185236,11.674286842346191,163100
2017-04-17,11.722168655598853,11.722168655598853,11.658331172623722,11.698229789733887,339000
2017-04-18,11.706209665356484,11.714189540979081,11.674290923868918,11.698229789733887,193900
2017-04-19,11.706209665356484,11.706209665356484,11.682270799491516,11.698229789733887,94700
2017-04-20,11.714189540979081,11.714189540979081,11.674290923868918,11.698229789733887,118200
2017-04-21,11.706205368041992,11.738124097812284,11.698225495348783,11.706205368041992,110200
2017-04-24,11.706209665356484,11.706209665356484,11.674290923868918,11.698229789733887,146600
2017-04-25,11.674289443042875,11.682269317653265,11.618431842775601,11.634390830993652,183500
2017-04-26,11.634391773838876,11.666310513864387,11.618432784327517,11.650351524353027,162500
2017-04-27,11.64237218238135,11.730148531221452,11.64237218238135,11.698229789733887,152300
2017-04-28,11.714185995522264,11.730144980934433,11.690246375900122,11.72216510772705,99600
2017-05-01,11.738127708435059,11.754086697727884,11.706208968846632,11.738127708435059,244200
2017-05-02,11.72216510772705,11.730144980934433,11.698226249107503,11.72216510772705,203000
2017-05-03,11.722167958139455,11.74610758358286,11.722167958139455,11.738127708435059,118200
2017-05-04,11.730144225119075,11.738124097812284,11.698225495348783,11.706205368041992,132600
2017-05-05,11.746108282466647,11.746108282466647,11.690249914111288,11.698229789733887,168000
2017-05-08,11.698229789733885,11.714189540979081,11.682270799491516,11.698229789733887,180900
2017-05-09,11.658327096680786,11.69822569984174,11.650347984850642,11.674286842346191,326500
2017-05-10,11.690249378632823,11.690249378632823,11.634391773838876,11.650351524353027,232400
2017-05-11,11.633111875588218,11.705267756178142,11.633111875588218,11.681215286254883,173200
2017-05-12,11.729317680898523,11.77742108426267,11.697248490459154,11.76138687133789,187000
2017-05-15,11.769404360095185,11.785438573019965,11.745351893823301,11.76138687133789,137400
2017-05-16,11.761387737188759,11.793456929988999,11.753370247841232,11.777421951293945,148500
2017-05-17,11.785440455621993,11.857596336784178,11.785440455621993,11.817509651184082,232300
2017-05-18,11.817508633441713,11.85759531558948,11.761387737188759,11.777421951293945,207300
2017-05-19,11.785443305969238,11.825530001264429,11.76139159462817,11.785443305969238,145900
2017-05-22,11.809495017310306,11.825530001264429,11.76139159462817,11.785443305969238,133100
2017-05-23,11.817513466204225,11.857600164745415,11.793461752915583,11.84958267211914,240700
2017-05-24,11.857596358092362,11.889665553712081,11.825527162472644,11.881648063659668,167700
2017-05-25,11.881644291506426,11.889661779013469,11.801471710205078,11.801471710205078,261800
2017-05-26,11.80147738363431,11.8335465844897,11.793459892272947,11.79345989227295,169200
2017-05-30,11.817508811483584,11.865612983703613,11.817508811483584,11.865612983703613,155000
2017-05-31,11.857597366853922,11.921735763549806,11.857597366853922,11.921735763549805,255300
2017-06-01,11.937771662149611,12.017944281883805,11.937771662149611,11.97785758972168,231700
2017-06-02,11.98587220500407,11.99388969443067,11.945785522460938,11.945785522460938,278800
2017-06-05,11.945784671032355,11.985871350718334,11.921732969056697,11.961819648742676,186200
2017-06-06,11.977856734447515,11.993891716003418,11.969840008259569,11.993891716003418,136500
2017-06-07,12.001911118015899,12.025962829589844,11.97785864185183,12.025962829589844,177800
2017-06-08,12.025959077930652,12.066045761108398,12.017941588377125,12.066045761108398,128100
2017-06-09,12.066048670622573,12.098117871979712,12.033979469265432,12.074066162109375,93300
2017-06-12,12.058028221130371,12.098114904140482,12.033976517160257,12.058028221130371,191300
2017-06-13,12.070911405062512,12.11922759989363,12.070911405062512,12.087017059326172,172300
2017-06-14,12.095072948204056,12.119230667754968,12.046756741142177,12.0548095703125,304900
2017-06-15,12.030648796628684,12.111175537109377,12.030648796628684,12.111175537109375,110100
2017-06-16,12.078964232194343,12.1111747727618,12.078964232194343,12.087017059326172,104500
2017-06-19,12.087018579726784,12.151439668965091,12.087018579726784,12.143386840820312,83700
2017-06-20,12.143389693625526,12.207810797998064,12.135336863588924,12.15949535369873,130100
2017-06-21,12.127280807339547,12.1997539499192,12.127280807339547,12.183649063110352,80000
2017-06-22,12.159494210958098,12.240020199875925,12.151441381678294,12.167546272277832,141500
2017-06-23,12.167545122524677,12.256124700312187,12.15949306196581,12.199755668640137,66300
2017-06-26,12.240015215840858,12.248068041841616,12.191699795755824,12.21585750579834,86000
2017-06-27,12.19975717587212,12.296389594117048,12.191705114318452,12.264178276062012,177300
2017-06-28,12.248071281479419,12.312492370605467,12.231965625217928,12.312492370605469,146700
2017-06-29,12.223915309276387,12.231967370596122,12.167546272277832,12.167546272277832,165100
2017-06-30,12.167543794669912,12.175596622309964,12.078964994509082,12.111175537109375,277300
2017-07-03,12.111175154019739,12.191701891953281,12.103122326634406,12.175596237182617,111100
2017-07-05,12.183648683242533,12.24001693725586,12.127280429229206,12.24001693725586,246600
2017-07-06,12.191702653077355,12.223913196669688,12.167544169413153,12.207807540893555,190900
2017-07-07,12.16754131775355,12.223910331799098,12.15143643371179,12.21585750579834,135500
2017-07-10,12.215862834899639,12.264178276062012,12.19975717587212,12.264178276062012,114400
2017-07-11,12.256124109610164,12.312492370605467,12.231965625217928,12.312492370605469,111200
2017-07-12,12.325433773133943,12.341609253534257,12.252645653911248,12.276908874511719,177200
2017-07-13,12.27691131376822,12.341611705645853,12.27691131376822,12.31734848022461,142800
2017-07-14,12.35778191460075,12.438657760620117,12.341607208170412,12.438657760620117,122400
2017-07-17,12.414394824757036,12.414394824757036,12.333518981933594,12.333518981933594,144300
2017-07-18,12.341609561725368,12.414397682765708,12.317346340519004,12.357784271240234,117200
2017-07-19,12.390133628090288,12.430571556091309,12.349696471378591,12.430571556091309,107100
2017-07-20,12.430572392280574,12.430572392280574,12.341609561725368,12.357784271240234,128600
2017-07-21,12.357781426264946,12.414394824757036,12.301168799062058,12.333518981933594,132400
2017-07-24,12.317346595010564,12.325434335579788,12.268821694174004,12.293084144592285,151000
2017-07-25,12.284991651528824,12.30116712640973,12.268816947937012,12.268816947937012,121200
2017-07-26,12.252648088346975,12.32543622203169,12.252648088346975,12.31734848022461,130400
2017-07-27,12.309254863850182,12.309254863850182,12.252641473056105,12.268816947937012,137400
2017-07-28,12.293086026092874,12.357786417970507,12.284998284285791,12.31734848022461,94600
2017-07-31,12.333519452480779,12.462920188903809,12.325431713632032,12.462920188903809,222600
2017-08-01,12.487183734136277,12.551884879336438,12.479096765864393,12.511446952819824,310800
2017-08-02,12.543795196711008,12.592320083982885,12.519531981785892,12.559969902038574,182400
2017-08-03,12.568057807165138,12.600407989538839,12.551883101622881,12.584233283996582,188300
2017-08-04,12.55997074122108,12.576146218918574,12.454832450055061,12.462920188903809,123300
2017-08-07,12.49527191231108,12.511447392001243,12.43865927597416,12.454833984375,158700
2017-08-08,12.446747758436379,12.471010208129883,12.43057227778113,12.471010208129883,186800
2017-08-09,12.471009464065162,12.487184172466,12.446747015819241,12.454833984375,135600
2017-08-10,12.446746345944973,12.454833314065496,12.333520308075547,12.341608047485352,202300
2017-08-11,12.249008247857548,12.395216817742815,12.249008247857548,12.346480369567871,243200
2017-08-14,12.362726110506042,12.411461784041421,12.346480369567871,12.346480369567871,101300
2017-08-15,12.346484601453248,12.346484601453248,12.273380291453355,12.30587100982666,159500
2017-08-16,12.297745199344378,12.338358004072841,12.281499457741317,12.322113037109375,175600
2017-08-17,12.346484601453248,12.378975319826553,12.30587100982666,12.30587100982666,179300
2017-08-18,12.338359832763672,12.354605576774546,12.305869119381637,12.338359832763672,82700
2017-08-21,12.338359832763672,12.370850546145707,12.32211486339251,12.338359832763672,139800
2017-08-22,12.330235929587184,12.378971605202853,12.330235929587184,12.35460376739502,171200
2017-08-23,12.36272465347977,12.395215356887308,12.346478914456265,12.37084674835205,191600
2017-08-24,12.37084674835205,12.395215356887308,12.346478914456265,12.37084674835205,192800
2017-08-25,12.35460417373176,12.370849141258073,12.313990592956543,12.313990592956543,175400
2017-08-28,12.32211486339251,12.354605576774546,12.32211486339251,12.338359832763672,112600
2017-08-29,12.354601939453996,12.45207405090332,12.354601939453996,12.45207405090332,168600
2017-08-30,12.452077849041714,12.460200721133338,12.411464263223317,12.419587135314941,121700
2017-08-31,12.460200309753418,12.47644527876061,12.42770959709934,12.460200309753418,111300
2017-09-01,12.476441885105782,12.492687624333744,12.411460477472898,12.45207405090332,177900
2017-09-05,12.42770752497959,12.443952491278196,12.322112532800181,12.346480369567871,386900
2017-09-06,12.387092487375556,12.395215356887308,12.330233950072234,12.37084674835205,196500
2017-09-07,12.387095044490152,12.427708625793457,12.370849302112978,12.427708625793457,146400
2017-09-08,12.42771236656023,12.476448059082031,12.42771236656023,12.476448059082031,98900
2017-09-11,12.46832359322496,12.46832359322496,12.39521929367979,12.419587135314941,122400
2017-09-12,12.460201278533152,12.492691993713379,12.387096975717704,12.492691993713379,190800
2017-09-13,12.484567135820429,12.50893497467041,12.468322168133653,12.50893497467041,136800
2017-09-14,12.510566007892209,12.510566007892209,12.41269987527857,12.437166213989258,158300
2017-09-15,12.469786940565724,12.502408981323242,12.437164899808208,12.502408981323242,94000
2017-09-18,12.502413294343137,12.502413294343137,12.412702845754804,12.445324897766113,163500
2017-09-19,12.469790317276782,12.469790317276782,12.355612754821777,12.355612754821777,205800
2017-09-20,12.380079875343501,12.396390511253637,12.331146412071066,12.355612754821777,221400
2017-09-21,12.355611510111077,12.371922922149006,12.322989463806154,12.322989463806152,153700
2017-09-22,12.339297413639997,12.355608043330497,12.30667537648828,12.347453117370605,202900
2017-09-25,12.355611627077632,12.363767333173804,12.298523239946313,12.331145286560059,166400
2017-09-26,12.331143319197063,12.339299023992039,12.298521277787977,12.31483268737793,125900
2017-09-27,12.28221651729867,12.28221651729867,12.19250527721045,12.233283042907715,225100
2017-09-28,12.200657728305652,12.233279776599078,12.168035680012228,12.19250202178955,166200
2017-09-29,12.233279602862403,12.233279602862403,12.127257752971747,12.168035507202148,216700
2017-10-02,12.168035216912713,12.20881297017029,12.119101757449428,12.13541316986084,230900
2017-10-03,12.127256685814428,12.168034436456526,12.09463464085493,12.159878730773926,164300
2017-10-04,12.1272579252027,12.19250202178955,12.102791583425377,12.19250202178955,216500
2017-10-05,12.159878730773926,12.184345070050824,12.10279034653753,12.159878730773926,183300
2017-10-06,12.094634892864255,12.143568350208554,12.086479187011719,12.086479187011719,234500
2017-10-09,12.086480429035827,12.119102478027342,12.078325500116199,12.119102478027344,170800
2017-10-10,12.119102825515638,12.151724875442518,12.110947896362184,12.143569946289062,217100
2017-10-11,12.151717548215558,12.17618465423584,12.119095517959067,12.17618465423584,141900
2017-10-12,12.194206187371165,12.24334291282206,12.153258395485974,12.235153198242188,245100
2017-10-13,12.235153764161632,12.251533194078982,12.186017036437988,12.186017036437988,151100
2017-10-16,12.186014930967056,12.186014930967056,12.153256857806422,12.161446571350098,200100
2017-10-17,12.145070896010212,12.226966494717296,12.145070896010212,12.202397346496582,156800
2017-10-18,12.177827321479313,12.202395685341134,12.145069242658815,12.186017036437988,118400
2017-10-19,12.177828979290183,12.226966494717296,12.177828979290183,12.202397346496582,69600
2017-10-20,12.177827447837982,12.177827447837982,12.128690719604492,12.128690719604492,154800
2017-10-23,12.161446571350098,12.169635503879704,12.128688498189463,12.161446571350098,114700
2017-10-24,12.153258395485974,12.235153198242188,12.136878966326229,12.235153198242188,197700
2017-10-25,12.177827770071135,12.177827770071135,12.087743245249897,12.095932960510254,222700
2017-10-26,12.095933238816379,12.095933238816379,11.989469281024876,12.005847930908203,266200
2017-10-27,11.99766077842759,12.005850495625888,11.874818144510833,11.94033432006836,328700
2017-10-30,11.956712419156302,11.98128078699301,11.883006534631848,11.891196250915527,375200
2017-10-31,11.899385186184876,11.915764618752235,11.858437385780809,11.891196250915527,394600
2017-11-01,11.915768604993636,11.915768604993636,11.842062695811975,11.858441352844238,253000
2017-11-02,11.891194975727972,11.948521421537496,11.858436114106247,11.92395305633545,281100
2017-11-03,11.932140668224285,11.940330382722008,11.874814228768555,11.899382591247559,314400
2017-11-06,11.89119644042653,11.93214346046884,11.89119644042653,11.915764808654785,299200
2017-11-07,11.915761754045024,12.005846268464992,11.915761754045024,11.98946762084961,229000
2017-11-08,12.014040366973251,12.063177108764647,12.005850649669876,12.063177108764648,242700
2017-11-09,12.038606452168546,12.05498588366543,12.0140380859375,12.0140380859375,238500
2017-11-10,12.014041278550838,12.014041278550838,11.956714815106361,11.981283187866211,198500
2017-11-13,12.005847728358862,12.079553604125978,11.981279363441237,12.079553604125977,211200
2017-11-14,12.089424334077641,12.122320695877821,12.064752258805289,12.097648620605469,205500
2017-11-15,12.089424565795287,12.130545214911454,12.056528203364582,12.114096641540527,132600
2017-11-16,12.06474995304636,12.097646308559543,12.06474995304636,12.081197738647461,141400
2017-11-17,12.12232092822599,12.12232092822599,12.064752490050045,12.114096641540527,148500
2017-11-20,12.10587302677417,12.10587302677417,12.048303804821556,12.056528091430664,124200
2017-11-21,12.048304974265163,12.056529261672543,11.949615878310238,11.966064453125,379700
2017-11-22,11.957010379091269,11.981698509042587,11.8994063121313,11.907635688781738,315200
2017-11-24,11.932322136092772,11.932322136092772,11.825342602076361,11.850029945373535,178700
2017-11-27,11.866490242648155,11.907636343365672,11.850031488442509,11.874719619750977,218300
2017-11-28,11.907634124660154,11.907634124660154,11.825341938558319,11.841800689697266,350200
2017-11-29,11.825342664353094,11.899405479431152,11.792425944851345,11.899405479431152,384100
2017-11-30,11.882946727282029,11.907634855505712,11.850030007780282,11.899405479431152,287900
2017-12-01,11.924093657286065,11.924093657286065,11.850030837025217,11.907635688781738,322400
2017-12-04,11.850030007780282,11.907634855505712,11.850030007780282,11.899405479431152,324500
2017-12-05,11.87471831780112,11.95700972541709,11.87471831780112,11.9405517578125,338500
2017-12-06,11.965238634744408,12.022842696307576,11.95700925886496,12.01461410522461,389700
2017-12-07,12.022840809028784,12.055757522583008,11.989924095474558,12.055757522583008,379000
2017-12-08,12.055760794773713,12.063990171594988,11.989927349796663,12.039302825927734,332100
2017-12-11,12.039301448066471,12.080447542667224,12.006384729345163,12.01461410522461,323100
2017-12-12,11.998156658216104,12.006386034990461,11.940552590388728,11.948781967163086,378900
2017-12-13,11.948779957449265,12.014613390978205,11.924091831278586,11.998154640197754,259800
2017-12-14,12.005594366340123,12.013857180774554,11.956019055704243,11.96428108215332,304900
2017-12-15,11.980803157659874,11.980803157659874,11.90643942577609,11.922965049743652,262100
2017-12-18,11.898174202029965,11.91469982264778,11.848598916146445,11.865123748779297,709600
2017-12-19,11.848603356250642,11.865128195075956,11.790765238384159,11.807290077209473,483000
2017-12-20,11.774238764959595,11.782501577770752,11.732925488889013,11.765975952148438,456900
2017-12-21,11.765975952148438,11.799026415407864,11.732925488889013,11.765975952148438,479500
2017-12-22,11.7742370337149,11.799024680518476,11.749449386911325,11.757711410522461,316100
2017-12-26,11.765975952148438,11.823814853841334,11.757713139337282,11.765975952148438,482900
2017-12-27,11.782499649055907,11.87338821114519,11.774236837597316,11.840337753295898,586100
2017-12-28,11.840336105837537,11.873386559088205,11.807285652586868,11.865123748779297,447300
2017-12-29,11.865125921555402,11.889914357021453,11.81555062659351,11.823813438415527,585400
2018-01-02,11.81555070412882,11.889914435044748,11.81555070412882,11.856863975524902,327300
2018-01-03,11.881652132482822,11.939490242125538,11.848601671546248,11.906439781188965,331900
2018-01-04,11.88991217970602,11.922962632956688,11.865123748779297,11.865123748779297,457300
2018-01-05,11.898175759478539,11.93122621705545,11.856863278496201,11.881650924682617,320800
2018-01-08,11.881651623168509,11.922964894564593,11.856863975524902,11.856863975524902,292900
2018-01-09,11.88991217970602,11.88991217970602,11.832073295528629,11.865123748779297,390300
2018-01-10,11.856864509437807,11.856864509437807,11.799025611684767,11.832076072692871,413700
2018-01-11,11.847838681425864,11.856135677279147,11.798058288796323,11.814651489257812,235200
2018-01-12,11.822947837642554,11.822947837642554,11.756573456941357,11.77316665649414,228700
2018-01-16,11.789762841720338,11.798059838663566,11.739981651306152,11.739981651306152,299900
2018-01-17,11.739979466143541,11.781463651893048,11.739979466143541,11.77316665649414,306600
2018-01-18,11.73168348164527,11.764870672617242,11.73168348164527,11.756573677062988,186300
2018-01-19,11.756579694530721,11.764876694331699,11.723392486572266,11.723392486572266,138300
2018-01-22,11.748278648249379,11.748278648249379,11.723388448664876,11.739981651306152,220200
2018-01-23,11.739981651306152,11.789762841720338,11.723388448664876,11.739981651306152,414300
2018-01-24,11.739980949745057,11.764871939087298,11.71509075164795,11.71509075164795,263700
2018-01-25,11.715088137183459,11.723385131779226,11.657010757503,11.690197944641113,390700
2018-01-26,11.665312225582067,11.673608432114358,11.532562634877056,11.598937034606934,633700
2018-01-29,11.557452383181838,11.565748588820417,11.408109604254953,11.424703598022461,626200
2018-01-30,11.408110205151514,11.424704199793075,11.29195461639624,11.350032806396484,719000
2018-01-31,11.366623628959223,11.399810820045795,11.33343643787265,11.39151382446289,447400
2018-02-01,11.399812056770534,11.416406049736567,11.341734663879686,11.358327865600586,397300
2018-02-02,11.316845924859955,11.316845924859955,11.25876773323542,11.308548927307129,550500
2018-02-05,11.30854909055795,11.30854909055795,11.05134770142408,11.05964469909668,1301900
2018-02-06,11.001568266915546,11.200691481125569,11.001568266915546,11.175801277160645,591700
2018-02-07,11.167503164525982,11.316845955905565,11.167503164525982,11.300251960754395,336000
2018-02-08,11.275358534401485,11.283655529604042,11.192390164865936,11.225577354431152,269200
2018-02-09,11.2338797826135,11.275363987444052,11.225582783398309,11.258769989013672,472400
2018-02-12,11.250473781043878,11.267066988228862,11.200692576998135,11.258769989013672,315700
2018-02-13,11.250472538871032,11.308549944474201,11.233878542272807,11.291955947875977,374100
2018-02-14,11.274454202172866,11.282787322998047,11.249455634387466,11.282787322998047,271700
2018-02-15,11.257790312895024,11.299455128095728,11.191126926449996,11.23279094696045,443400
2018-02-16,11.232788158654671,11.282786083422625,11.207789593615722,11.224455833435059,314500
2018-02-20,11.157793326434037,11.232789027350734,11.157793326434037,11.216123580932617,333500
2018-02-21,11.216123396879286,11.224456517296659,11.166125469065157,11.182791709899902,257400
2018-02-22,11.182791709899902,11.191124830317273,11.149460022920517,11.182791709899902,203700
2018-02-23,11.166125469065157,11.199457156044543,11.141126902503146,11.182791709899902,367100
2018-02-26,11.207792636175693,11.282789146341768,11.199459514003847,11.274456024169922,805700
2018-02-27,11.282787225711939,11.282787225711939,11.207790728312258,11.25778865814209,394400
2018-02-28,11.249455366415251,11.25778848704193,11.199457437345307,11.241122245788574,300300
2018-03-01,11.257788303008477,11.274453749299276,11.19112492846506,11.20779037475586,329600
2018-03-02,11.182793971871028,11.249457359313965,11.157795400252494,11.249457359313965,347900
2018-03-05,11.241122513562287,11.282787322998047,11.207790824951708,11.282787322998047,321300
2018-03-06,11.291119759941461,11.341116892484028,11.257788073349719,11.324451446533203,218500
2018-03-07,11.282787601053238,11.349450979917261,11.282787601053238,11.341117858886719,203400
2018-03-08,11.332784381732093,11.357782947595023,11.291119575500488,11.291119575500488,253800
2018-03-09,11.26612360351983,11.299455297241298,11.232791115108098,11.249457359313965,268500
2018-03-12,11.249457284035994,11.399450302124025,11.232791039941654,11.399450302124023,455700
2018-03-13,11.382783889770508,11.382783889770508,11.291121932677349,11.382783889770508,274900
2018-03-14,11.38194428065187,11.423789024353027,11.340098738813387,11.423789024353027,260400
2018-03-15,11.390316084029692,11.390316084029692,11.264780219911911,11.273149490356445,299500
2018-03-16,11.222938407002008,11.348475111105108,11.222938407002008,11.33173656463623,251000
2018-03-19,11.298259388669273,11.32336640827663,11.264783096480208,11.28152084350586,228000
2018-03-20,11.231303797859777,11.264780081087805,11.19782751463175,11.206196784973145,311300
2018-03-21,11.164349753566837,11.222933041926764,11.164349753566837,11.181087493896484,197200
2018-03-22,11.18945616303903,11.214563171255731,11.17271842360703,11.19782543182373,210400
2018-03-23,11.15597915649414,11.15597915649414,11.15597915649414,11.15597915649414,225300
2018-03-26,11.164349753566837,11.222933041926764,11.155980484333293,11.181087493896484,237700
2018-03-27,11.172717692968929,11.181086163068974,11.130872149919309,11.15597915649414,392700
2018-03-28,11.181088042984582,11.214564323425293,11.147611762543873,11.214564323425293,478900
2018-03-29,11.206196784973145,11.231303797859777,11.172720501745118,11.206196784973145,427600
2018-04-02,11.206196573927297,11.298256151536227,11.172720291329728,11.256410598754883,453400
2018-04-03,11.256410598754883,11.281517611168676,11.222934316157314,11.256410598754883,315300
2018-04-04,11.256410949467377,11.28151796266342,11.197827652630753,11.273149490356445,327200
2018-04-05,11.256410774241413,11.273149314869917,11.2145652208077,11.264780044555664,202200
2018-04-06,11.273152369061915,11.314997933832686,11.239676076872849,11.28152084350586,496900
2018-04-09,11.26477998851357,11.340101824692022,11.231303705560654,11.314994812011719,296200
2018-04-10,11.323361799498777,11.323361799498777,11.248039973196052,11.289885520935059,204600
2018-04-11,11.306625541739104,11.32336328414679,11.298256271466489,11.314994812011719,155300
2018-04-12,11.314154207005497,11.339371265255355,11.272125242165181,11.297342300415039,174100
2018-04-13,11.30574798860813,11.30574798860813,11.23850196709477,11.255313873291016,256400
2018-04-16,11.230097501903872,11.26372051711536,11.230097501903872,11.238503456115723,253800
2018-04-17,11.255312500929715,11.263717651367188,11.221689494272692,11.263717651367188,166800
2018-04-18,11.246904379723004,11.272121429443358,11.230092478819062,11.27212142944336,181900
2018-04-19,11.230096283255637,11.238502236555306,11.204879224992462,11.221691131591797,222000
2018-04-20,11.204874992370605,11.21328094249494,11.162846043384455,11.204874992370605,319500
2018-04-23,11.171256333333739,11.204879345257467,11.154445228189793,11.162850379943848,226600
2018-04-24,11.1796616001766,11.1796616001766,11.120820731696634,11.129226684570312,234300
2018-04-25,11.120821687526693,11.120821687526693,11.07879352281757,11.104010581970215,249500
2018-04-26,11.11241626739502,11.120821419152492,11.104010314001709,11.11241626739502,122000
2018-04-27,11.112415731216247,11.171255798858681,11.112415731216247,11.154444694519043,205200
2018-04-30,11.154443475902164,11.188066482543945,11.137631571763418,11.188066482543945,232400
2018-05-01,11.188071792183267,11.19647694660585,11.162853924007242,11.171259880065918,241000
2018-05-02,11.17966079711914,11.204877852292997,11.17966079711914,11.17966079711914,216800
2018-05-03,11.188068120028953,11.238502236555306,11.188068120028953,11.221691131591797,231600
2018-05-04,11.25531372229835,11.263718873647905,11.213284759007376,11.230095863342285,190900
2018-05-07,11.22169071199273,11.23850181632764,11.18806770168711,11.230095863342285,429800
2018-05-08,11.188066487615668,11.263717651367188,11.188066487615668,11.263717651367188,180200
2018-05-09,11.213284759007376,11.263718873647905,11.213284759007376,11.230095863342285,199600
2018-05-10,11.238500328644951,11.272123334499767,11.221689226535391,11.246906280517578,273700
2018-05-11,11.255312654201028,11.314152716243155,11.255312654201028,11.288935661315918,140800
2018-05-14,11.296534249167488,11.296534249167488,11.203663182020781,11.228991508483887,285100
2018-05-15,11.220548154432096,11.237434241722701,11.186776785023849,11.203662872314453,232600
2018-05-16,11.203664157770515,11.262763859722531,11.18677806854248,11.18677806854248,262500
2018-05-17,11.186776785023849,11.228991198077399,11.186776785023849,11.203662872314453,171200
2018-05-18,11.195222205967973,11.228993582547552,11.186779160529795,11.220550537109375,204600
2018-05-21,11.203664157770515,11.228992486439514,11.18677806854248,11.18677806854248,169300
2018-05-22,11.203663991754533,11.245877603852996,11.186777902776718,11.195220947265625,304700
2018-05-23,11.220552612734872,11.237438706734888,11.186781229908119,11.212109565734863,231700
2018-05-24,11.237434073909588,11.254319355775078,11.203662705005662,11.24587631225586,336400
2018-05-25,11.245878359445433,11.27964973449707,11.22899307450616,11.27964973449707,317600
2018-05-29,11.313420891371218,11.389406685065302,11.313420891371218,11.37252140045166,398000
2018-05-30,11.338749240302393,11.380962851497731,11.296534823934032,11.3640775680542,872700
2018-05-31,11.338748433664916,11.397848129272461,11.338748433664916,11.397848129272461,509300
2018-06-01,11.34719226577158,11.389406685065302,11.34719226577158,11.37252140045166,227400
2018-06-04,11.372521452191775,11.380963691950464,11.288092613220215,11.288092613220215,473200
2018-06-05,11.288090211656613,11.347189903259277,11.271204930558527,11.347189903259277,324400
2018-06-06,11.330305887806142,11.338748931884766,11.27120618960178,11.338748931884766,255800
2018-06-07,11.321862699761725,11.330305743732989,11.296534373020926,11.304977416992188,138000
2018-06-08,11.296534228516412,11.313419511069954,11.27120590209961,11.27120590209961,209100
2018-06-11,11.304976938708993,11.32186222076416,11.27964780786681,11.32186222076416,236700
2018-06-12,11.313418866185778,11.330304952949763,11.27120525962168,11.296533584594727,244000
2018-06-13,11.296533768198223,11.304976811717442,11.237434073909588,11.24587631225586,648000
2018-06-14,11.267921350360147,11.318792683029082,11.25096477851877,11.284878730773926,393500
2018-06-15,11.293357932416932,11.344229271031894,11.259443976197788,11.335750579833984,424600
2018-06-18,11.344227514361794,11.344227514361794,11.259442232656813,11.276399612426758,158100
2018-06-19,11.31031608581543,11.361186619325641,11.284880819060323,11.31031608581543,229400
2018-06-20,11.301835915480638,11.327271178908184,11.284879342719755,11.318793296813965,170400
2018-06-21,11.310313992822193,11.318792683029082,11.259442660153256,11.284878730773926,198700
2018-06-22,11.284879342719755,11.318793296813965,11.259443270719762,11.318793296813965,342200
2018-06-25,11.352708489937207,11.378143756140746,11.318794532141643,11.327272415161133,264100
2018-06-26,11.301835302615304,11.318792683029082,11.267921350360147,11.284878730773926,188700
2018-06-27,11.293356612408415,11.301835302615304,11.276400040567037,11.284878730773926,217200
2018-06-28,11.293356612408415,11.310313992822193,11.267921350360147,11.284878730773926,154900
2018-06-29,11.310315840549618,11.335751106753158,11.293358457365569,11.327272415161133,223500
2018-07-02,11.361183782481136,11.412055111861523,11.344227211735907,11.395097732543945,389400
2018-07-03,11.41205631049743,11.420535001046757,11.361184975773904,11.378142356872559,202000
2018-07-05,11.378141928755698,11.378141928755698,11.344227976406879,11.36966323852539,175500
2018-07-06,11.361183836632218,11.378141216030622,11.327269886407766,11.352705955505371,106400
2018-07-09,11.361186027526855,11.361186027526855,11.33575076209666,11.361186027526855,220200
2018-07-10,11.395099357515134,11.395099357515134,11.36966409348398,11.386621475219727,154300
2018-07-11,11.378141161798716,11.403576422202734,11.369662472139925,11.395097732543945,138500
2018-07-12,11.408721923828125,11.408721923828125,11.357638547559349,11.408721923828125,248000
2018-07-13,11.383180618286133,11.425750641244656,11.383180618286133,11.383180618286133,213400
2018-07-16,11.366150675658426,11.451289891487956,11.366150675658426,11.44277572631836,217800
2018-07-17,11.442776105175334,11.451290270626826,11.3916927363774,11.417234420776367,169200
2018-07-18,11.442777299472217,11.442777299472217,11.374665592662398,11.425749778747559,150700
2018-07-19,11.425750641244656,11.425750641244656,11.366153096276115,11.383180618286133,216500
2018-07-20,11.383180235693738,11.417236090524797,11.383180235693738,11.408721923828125,157900
2018-07-23,11.3916927363774,11.42574858622786,11.37466440547442,11.417234420776367,232700
2018-07-24,11.417235039401334,11.417235039401334,11.366151667835528,11.40020751953125,187100
2018-07-25,11.383179329774983,11.400207661813143,11.357637643673304,11.366151809692383,221700
2018-07-26,11.366153480014427,11.374666835329032,11.349125145473854,11.35763931274414,125700
2018-07-27,11.366153480014427,11.383181002599319,11.35763931274414,11.35763931274414,139200
2018-07-30,11.357637643673304,11.374665163755903,11.332095957571624,11.366151809692383,233000
2018-07-31,11.366152049071257,11.391693735710861,11.340609550476074,11.340609550476074,235900
2018-08-01,11.34060921549489,11.357637547388691,11.323581695556642,11.32358169555664,255400
2018-08-02,11.332096196233259,11.366152049071257,11.332096196233259,11.340609550476074,284500
2018-08-03,11.357637166760199,11.366151332421765,11.340608835437067,11.349123001098633,151300
2018-08-06,11.349123573996438,11.383179426406297,11.349123573996438,11.374665260314941,315300
2018-08-07,11.366151906179152,11.391693592497653,11.366151906179152,11.374665260314941,288600
2018-08-08,11.35763892929328,11.383180618286133,11.35763892929328,11.383180618286133,158900
2018-08-09,11.391694785268967,11.408722307278985,11.366153096276115,11.383180618286133,259100
2018-08-10,11.400206901828893,11.417234420776367,11.38317857092591,11.417234420776367,206400
2018-08-13,11.417234042765047,11.44277572631836,11.400206524381334,11.44277572631836,200900
2018-08-14,11.465003770873855,11.48210334777832,11.430805432417626,11.48210334777832,245300
2018-08-15,11.465005338812654,11.499203681945803,11.430806995679506,11.4992036819458,239200
2018-08-16,11.473554275405982,11.490653038024902,11.447905723801227,11.490653038024902,251400
2018-08-17,11.48210438461767,11.533401489257812,11.45645501694482,11.533401489257812,161000
2018-08-20,11.533403736214597,11.533403736214597,11.490655597117696,11.516304969787598,230100
2018-08-21,11.49065232087785,11.516301686234549,11.473553559326088,11.48210334777832,241100
2018-08-22,11.490653793097064,11.516303161740042,11.473555029354554,11.507753372192383,280300
2018-08-23,11.516302404982412,11.516302404982412,11.473554275405982,11.490653038024902,186700
2018-08-24,11.507751897782317,11.516301686234549,11.473553559326088,11.48210334777832,236600
2018-08-27,11.473554710269358,11.490653473536344,11.456455131649587,11.465004920959473,322900
2018-08-28,11.5248518154231,11.5248518154231,11.439356368382603,11.465004920959473,359200
2018-08-29,11.465006928868766,11.473556719676008,11.44790816260721,11.456457138061523,369300
2018-08-30,11.456455549191164,11.499203681945803,11.439356785300996,11.4992036819458,185700
2018-08-31,11.51630453051439,11.541953086853027,11.473556393048057,11.541953086853027,197200
2018-09-04,11.550504034294718,11.550504034294718,11.482107333639256,11.52485466003418,198100
2018-09-05,11.524852354831676,11.5676004880291,11.499203801054351,11.559051513671875,372700
2018-09-06,11.5676004880291,11.5676004880291,11.499203801054351,11.559051513671875,250000
2018-09-07,11.52485170003353,11.559050856930662,11.52485170003353,11.533401489257812,188700
2018-09-10,11.516303261188783,11.550501604321932,11.499203681945803,11.4992036819458,205400
2018-09-11,11.50775517889763,11.541953527104564,11.50775517889763,11.516304969787598,126700
2018-09-12,11.516305683966987,11.53340445145436,11.439359191891345,11.52485466003418,465900
2018-09-13,11.547176505867952,11.547176505867952,11.487079937618535,11.530006408691406,195400
2018-09-14,11.495665078089653,11.555761644679285,11.478494162633007,11.487079620361328,294200
2018-09-17,11.478492879206348,11.49566379274309,11.444151870887087,11.461322784423828,230200
2018-09-18,11.435569439284677,11.46132581640338,11.40981388092041,11.40981388092041,233800
2018-09-19,11.426981903687603,11.426981903687603,11.298202506986877,11.315373420715332,330500
2018-09-20,11.315373875586419,11.366884981334039,11.195179930918199,11.212350845336914,422300
2018-09-21,11.220935635997966,11.263862103872766,11.100742508453655,11.178009986877441,473400
2018-09-24,11.07498692975454,11.143668955772062,10.963379251541816,11.083572387695312,818000
2018-09-25,11.057813789507795,11.074983881909786,11.006301874793609,11.023472785949707,389500
2018-09-26,11.032059857480704,11.07498550415039,10.997718848892417,11.07498550415039,449600
2018-09-27,11.092157990707571,11.135084462218531,11.023475963791775,11.066402435302734,382000
2018-09-28,11.074986305211983,11.10932731628418,11.032060655437453,11.10932731628418,237300
2018-10-01,11.109326512738678,11.117911969574306,11.049229952397733,11.07498550415039,341600
2018-10-02,11.066400827975306,11.083570922833232,10.97196244061693,10.997718811035156,526700
2018-10-03,10.989132561319616,10.989132561319616,10.920450549335143,10.929035186767578,410800
2018-10-04,10.860354541401595,10.911866466249062,10.516944438266044,10.748746871948242,1556700
2018-10-05,10.722989555696257,10.783086932517472,10.697234004918137,10.731575012207031,516900
2018-10-08,10.74874799130804,10.774503547036787,10.680065144774124,10.697236061096191,501300
2018-10-09,10.740160468717804,10.774501476006698,10.671478454140015,10.731575012207031,527900
2018-10-10,10.722988452421212,10.783085823059082,10.697232904293047,10.783085823059082,690400
2018-10-11,10.74016032024443,10.77450132705859,10.697233857038183,10.765915870666504,472100
2018-10-12,10.771090507507324,10.779714476470968,10.745219423043338,10.771090507507324,325400
2018-10-15,10.753847579987168,10.762470729882066,10.69348059615928,10.702104568481445,419500
2018-10-16,10.702104568481445,10.745223607665004,10.69348059615928,10.702104568481445,473800
2018-10-17,10.710723032235247,10.736594113468874,10.702099064348424,10.71934700012207,252400
2018-10-18,10.693474769592285,10.72796981765832,10.641732608706645,10.693474769592285,422400
2018-10-19,10.702101896234584,10.727972984313965,10.69347792606577,10.727972984313965,227400
2018-10-22,10.70209864981161,10.719346584917172,10.658979634474516,10.676227569580078,410000
2018-10-23,10.693476240223388,10.779714283461855,10.684853093841086,10.745219230651855,539200
2018-10-24,10.762466453964047,10.814209444912327,10.736595369703377,10.753843307495117,353500
2018-10-25,10.771090422859917,10.788338360651657,10.736595369703377,10.753843307495117,296200
2018-10-26,10.736595261842622,10.82283330508109,10.736595261842622,10.745219230651855,227100
2018-10-29,10.74521947628895,10.762466591874755,10.65898143107907,10.66760540008545,466400
2018-10-30,10.667603383269487,10.70209843034642,10.633108336192555,10.658979415893555,489200
2018-10-31,10.641736136939413,10.684855166924633,10.63311216645695,10.650360107421875,483700
2018-11-01,10.650360107421875,10.658983255477246,10.607241077436656,10.650360107421875,630900
2018-11-02,10.650360743559101,10.658983892129527,10.607241710998418,10.624488830566406,379100
2018-11-05,10.650356793538815,10.727970036450161,10.607237776970177,10.710722923278809,594700
2018-11-06,10.702098955479713,10.745217972048351,10.693474987680618,10.710722923278809,410200
2018-11-07,10.72797148511605,10.788338445434611,10.72797148511605,10.771090507507324,431500
2018-11-08,10.771087954930255,10.831454900942807,10.745216876597306,10.805583000183105,614500
2018-11-09,10.796961026405791,10.840079220827102,10.788337058550793,10.822832107543945,210400
2018-11-12,10.848708336212908,10.934946410827736,10.788342177438867,10.874579429626465,493400
2018-11-13,10.900445270454068,10.952187428444349,10.883197336172792,10.943563461303711,262700
2018-11-14,10.922774377615342,10.94876095496064,10.922774377615342,10.940098762512207,423400
2018-11-15,10.974748551628306,10.974748551628306,10.91411484643805,10.95742416381836,252200
2018-11-16,10.879469754496,10.931441279432141,10.879469754496,10.922779083251953,328800
2018-11-19,10.89679435336437,10.940104512296891,10.775526073567828,10.784188270568848,594800
2018-11-20,10.766861828206032,10.82749553888061,10.7062272914591,10.740875244140625,373200
2018-11-21,10.749535525014716,10.801507857820184,10.732211964794365,10.775521278381348,388000
2018-11-23,10.784185467678435,10.818833420604674,10.784185467678435,10.801509857177734,80200
2018-11-26,10.76686281259172,10.784186377480154,10.74953842163086,10.74953842163086,203800
2018-11-27,10.740875279922621,10.8361577696685,10.73221391127765,10.827495574951172,504100
2018-11-28,10.79284669308171,10.870804786682129,10.79284669308171,10.870804786682129,620400
2018-11-29,10.879467964172363,10.922777285801342,10.853481379908146,10.879467964172363,785300
2018-11-30,10.862140682620593,10.966084513785367,10.85347849017216,10.940098762512207,524900
2018-12-03,10.95742416381836,11.000734307270946,10.896790458628104,10.95742416381836,584100
2018-12-04,10.974748535786805,11.061368822566948,10.957424148001866,11.02672004699707,550300
2018-12-06,11.000736264941702,11.052708611548166,10.99207406949522,11.009398460388184,639900
2018-12-07,11.000736279120009,11.052708625793457,10.957426127904208,11.052708625793457,379400
2018-12-10,11.070029284288232,11.122001617316757,11.035381337626617,11.1133394241333,599200
2018-12-11,11.113341313283996,11.156651460491334,11.052707602837135,11.07003116607666,527000
2018-12-12,11.078691446910907,11.13932514688342,11.070029253751347,11.104677200317383,447400
2018-12-13,11.031599828878772,11.092499560965466,11.031599828878772,11.083799362182617,543800
2018-12-14,11.092496100921847,11.092496100921847,10.97939604111359,10.988096237182617,657100
2018-12-17,10.961999717627092,10.988099483849538,10.892399787902832,10.892399787902832,646600
2018-12-18,10.901098416534213,10.909798614583053,10.848898887634277,10.848898887634277,662900
2018-12-19,10.848898895140438,10.927199018241067,10.848898895140438,10.909798622131348,651200
2018-12-20,10.918498812631892,10.94459857708186,10.700998839590207,10.848898887634277,1002100
2018-12-21,10.796697060693822,10.892397566822748,10.73579734202737,10.822796821594238,915100
2018-12-24,10.787998716748781,10.892399437674943,10.787998716748781,10.814099311828613,311300
2018-12-26,10.79669930367245,10.831499268668061,10.718399175008166,10.77929973602295,812000
2018-12-27,10.761902013464637,10.840202161589819,10.761902013464637,10.831501960754395,767600
2018-12-28,10.86629924000118,10.96199976606739,10.831499274985271,10.90109920501709,1090500
2018-12-31,10.918502719243406,11.09250259399414,10.892402945455009,11.09250259399414,1056500
2019-01-02,11.101198009667637,11.275197809410791,11.092497812256356,11.266497611999512,425700
2019-01-03,11.196897311507945,11.309997384920727,11.196897311507945,11.301297187805176,421500
2019-01-04,11.301299087465074,11.30999928604306,11.153399030425707,11.179499626159668,665300
2019-01-07,11.223000645104376,11.31000098455658,11.205601075031973,11.28390121459961,280900
2019-01-08,11.301297187805176,11.362197737917574,11.24039746738924,11.301297187805176,331100
2019-01-09,11.301301625495753,11.301301625495753,11.196901708203729,11.223001480102539,576000
2019-01-10,11.249097664504792,11.301297187805176,11.249097664504792,11.301297187805176,180100
2019-01-11,11.344795780086677,11.362196171919566,11.292595434284358,11.318696022033691,257300
2019-01-14,11.297729126568369,11.332679530545363,11.288991317253279,11.306466102600098,294000
2019-01-15,11.28899097442627,11.315203568292146,11.24530276246092,11.28899097442627,686400
2019-01-16,11.271517014855473,11.315205233249253,11.254042227468036,11.297730445861816,258200
2019-01-17,11.315205233249253,11.315205233249253,11.280254825190921,11.297730445861816,200900
2019-01-18,11.315202713012695,11.332678329791243,11.254039720854317,11.315202713012695,289100
2019-01-22,11.31520218453085,11.402578597776094,11.306464376549679,11.393840789794922,389700
2019-01-23,11.393845063822583,11.428795475574535,11.385107252563708,11.411320686340332,178300
2019-01-24,11.420055310563944,11.51616954803467,11.420055310563944,11.516169548034668,330600
2019-01-25,11.507433184090715,11.516170994646274,11.481220585707518,11.498695373535156,265900
2019-01-28,11.481220132760129,11.603546142578123,11.481220132760129,11.603546142578125,406400
2019-01-29,11.551120853183196,11.60354604745157,11.524907422765573,11.577333450317383,417800
2019-01-30,11.577333450317383,11.5948090705958,11.542383043043989,11.577333450317383,264200
2019-01-31,11.577333299845899,11.621021516690682,11.5511207030524,11.612283706665039,241100
2019-02-01,11.655970916341225,11.673445701599121,11.621020512542078,11.673445701599121,279100
2019-02-04,11.664709486672152,11.673446463229464,11.60354565107051,11.621021270751953,251700
2019-02-05,11.62102087674755,11.664709091186523,11.61228306720308,11.664709091186523,308800
2019-02-06,11.6297594221119,11.655972019120412,11.612283801917267,11.638496398925781,200700
2019-02-07,11.664708725611852,11.682183510869748,11.6472331070706,11.673445701599121,220300
2019-02-08,11.647230922843306,11.7433443069458,11.638493115211299,11.7433443069458,246600
2019-02-11,11.743347780619084,11.769561211269021,11.717135183252593,11.725872993469238,162000
2019-02-12,11.717131717332975,11.760819922209818,11.717131717332975,11.7433443069458,228200
2019-02-13,11.74334882840803,11.769562261396835,11.725874039699011,11.752086639404297,212800
2019-02-14,11.731027776200673,11.783672996479803,11.731027776200673,11.757349967956543,106900
2019-02-15,11.739799915702665,11.766122102518358,11.739799915702665,11.748574256896973,127200
2019-02-19,11.748575573997801,11.766123421586427,11.66960816793067,11.713479042053223,229800
2019-02-20,11.713479042053224,11.739801231819825,11.704704699875249,11.713479042053223,152300
2019-02-21,11.704708474108775,11.739805017370383,11.652063240832566,11.669611930847168,218600
2019-02-22,11.678381448085277,11.695929294078114,11.625736236572266,11.625736236572266,470200
2019-02-25,11.625736828225602,11.660833358764648,11.608188144572432,11.660833358764648,240300
2019-02-26,11.660837585839866,11.704708474108775,11.63451538758556,11.669611930847168,191000
2019-02-27,11.660837585839866,11.704708474108775,11.63451538758556,11.669611930847168,308800
2019-02-28,11.669611930847168,11.67838627585447,11.63451538758556,11.669611930847168,168200
2019-03-01,11.68715940991248,11.713482444091612,11.669611557227295,11.704708099365234,274000
2019-03-04,11.739802407920424,11.792446792727572,11.704705872459854,11.783673286437988,233100
2019-03-05,11.748575734613317,11.827542304992678,11.739801392315385,11.827542304992676,169300
2019-03-06,11.801219940185547,11.827542129922382,11.783672092616765,11.801219940185547,191000
2019-03-07,11.801217496196934,11.818766176898771,11.801217496196934,11.809991836547852,162800
2019-03-08,11.783673286437988,11.818769821898558,11.774898943380993,11.783673286437988,231300
2019-03-11,11.818769821898558,11.818769821898558,11.774898943380993,11.783673286437988,345100
2019-03-12,11.818768624521653,11.836316472090434,11.792445598017494,11.801219940185547,375500
2019-03-13,11.827545038460272,11.845093727111815,11.80999718657626,11.845093727111816,314400
2019-03-14,11.83275709320071,11.867999820050223,11.797514366351198,11.850378036499023,271600
2019-03-15,11.841566738653563,11.867999413073935,11.797513961791994,11.797513961791992,241700
2019-03-18,11.850377188688741,11.859188079833984,11.82394535550584,11.859188079833984,119400
2019-03-19,11.859188079833984,11.894430804162129,11.841566297543498,11.859188079833984,226600
2019-03-20,11.876808379185537,11.894430160522461,11.841565656764471,11.894430160522461,336700
2019-03-21,11.903242084181585,12.017781152053209,11.894431192748494,12.008970260620117,215400
2019-03-22,12.026589400140146,12.0794539005601,12.000157570056535,12.017779350280762,241200
2019-03-25,12.061830844118116,12.09707356058494,12.0089671895442,12.088263511657715,331300
2019-03-26,12.114695338944673,12.123506228124539,12.070641733297983,12.088263511657715,145100
2019-03-27,12.070643719698536,12.246857331031178,12.070643719698536,12.211614608764648,303400
2019-03-28,12.185185336798247,12.202807121759605,12.149942607128486,12.167564392089844,251200
2019-03-29,12.149942293315119,12.24685958734051,12.132321349061836,12.141131401062012,209400
2019-04-01,12.149941646650895,12.193995265318808,12.123509811551303,12.176373481750488,368500
2019-04-02,12.22923755645752,12.246858499145093,12.1851839393593,12.22923755645752,261200
2019-04-03,12.229237140685926,12.24685808277442,12.167562582996954,12.18518352508545,332200
2019-04-04,12.202806157102968,12.2204271004184,12.158752538435055,12.176373481750488,228300
2019-04-05,12.202805307426772,12.211615358344604,12.158751691826293,12.18518352508545,243600
2019-04-08,12.202807322068669,12.21161737444101,12.158753699195087,12.19399642944336,204000
2019-04-09,12.193996533751957,12.229239264301697,12.185185641051278,12.202807426452637,215000
2019-04-10,12.202805616912848,12.229237450842364,12.185183834124604,12.220426559448242,165600
2019-04-11,12.229237450842364,12.246858393377758,12.193994725518726,12.220426559448242,273700
2019-04-12,12.190351967715396,12.287663011462415,12.154966363714484,12.225737571716309,429000
2019-04-15,12.234579678877044,12.234579678877044,12.163808496933065,12.17265510559082,161400
2019-04-16,12.172657807592634,12.172657807592634,12.075346778074962,12.128425598144531,312400
2019-04-17,12.137271558320371,12.137271558320371,12.039960534017672,12.048807144165039,287100
2019-04-18,12.075343223005525,12.084189831022485,11.960340693420957,11.978033065795898,378500
2019-04-22,11.995727080134698,12.03111267089844,11.951494880765264,12.031112670898438,210900
2019-04-23,12.039961159584307,12.075346758353152,11.978036572653632,12.05765438079834,328300
2019-04-24,12.057651387079712,12.09303697706289,12.057651387079712,12.084190368652344,168400
2019-04-25,12.093039999317893,12.146117975728238,12.075346778074962,12.128425598144531,237800
2019-04-26,12.146117509416813,12.181503950544126,12.137271742794177,12.163810729980469,197300
2019-04-29,12.181503485587243,12.199195861816406,12.146117045810598,12.199195861816406,125700
2019-04-30,12.208042771247507,12.225735147910697,12.18150378442313,12.216889381408691,158600
2019-05-01,12.243427006619378,12.31419819271991,12.225733788264701,12.296504974365234,198100
2019-05-02,12.296504974365234,12.323044801897248,12.252273615796716,12.296504974365234,202700
2019-05-03,12.314196626853766,12.402661020059893,12.28765764635552,12.384967803955078,198700
2019-05-06,12.384970527520574,12.420356123852837,12.358431541186167,12.41150951385498,179500
2019-05-07,12.420354383601298,12.623822166747733,12.384968792227012,12.455739974975586,438100
2019-05-08,12.455739841520932,12.508818649843182,12.455739841520932,12.482278823852539,158300
2019-05-09,12.535359870825092,12.570745468139648,12.499974273510535,12.570745468139648,169900
2019-05-10,12.570746055293304,12.588438432947362,12.393818060456578,12.438050270080566,439400
2019-05-13,12.429200992359632,12.491125566349872,12.402662009743679,12.455739974975586,336700
2019-05-14,12.47883378573239,12.49659680950037,12.390016125808552,12.487715721130371,292200
2019-05-15,12.469952549080421,12.549888278085428,12.469952549080421,12.514361381530762,136600
2019-05-16,12.558769510258248,12.558769510258248,12.47883378573239,12.487715721130371,360100
2019-05-17,12.50547941154778,12.576533204463436,12.452189490375051,12.558770179748535,279600
2019-05-20,12.558768049638175,12.58541300570525,12.532122246543217,12.541004180908203,76300
2019-05-21,12.514361381530762,12.541006342189755,12.505479445635087,12.514361381530762,262800
2019-05-22,12.541004180908203,12.567649136975279,12.48771426877405,12.541004180908203,207600
2019-05-23,12.549889821724415,12.558771758712568,12.514362920799933,12.523244857788086,235500
2019-05-24,12.558768638272495,12.576531660807145,12.53212283392864,12.549886703491211,232100
2019-05-28,12.567652552395636,12.603179452482587,12.52324456255803,12.594298362731934,290300
2019-05-29,12.585414047445276,12.665349769290954,12.5765321123451,12.603177070617676,194900
2019-05-30,12.603177990794485,12.674232629755743,12.603177990794485,12.647586822509766,238500
2019-05-31,12.656468758258425,12.683113718476388,12.638704886761108,12.647586822509766,133600
2019-06-03,12.683112337735489,12.745285034179688,12.656467380418215,12.745285034179688,228800
2019-06-04,12.736402905320638,12.736402905320638,12.674231056851736,12.683112144470215,245200
2019-06-05,12.665349006652832,12.718638919989154,12.647585137522123,12.665349006652832,251200
2019-06-06,12.665350879852323,12.718640801070201,12.656468943973335,12.709759712219238,269300
2019-06-07,12.700875034157514,12.745283856936341,12.674230079301354,12.727519989013672,261000
2019-06-10,12.727519989013672,12.745283856936341,12.709756968118848,12.727519989013672,151500
2019-06-11,12.754167556762694,12.754167556762694,12.700877636133093,12.754167556762695,214900
2019-06-12,12.780811926278693,12.780811926278693,12.718639229834494,12.745285034179688,192200
2019-06-13,12.768466289189906,12.768466289189906,12.706050872802734,12.706050872802734,142400
2019-06-14,12.741718026290197,12.741718026290197,12.706051949568419,12.71496868133545,97600
2019-06-17,12.723884602850687,12.750633946102045,12.714967871651469,12.732800483703613,120200
2019-06-18,12.759554742157526,12.759554742157526,12.714971922304828,12.750638008117676,185100
2019-06-19,12.741721274077824,12.759554742157526,12.697138454225126,12.750638008117676,182300
2019-06-20,12.768468289609448,12.804134368896486,12.759552407547492,12.804134368896484,165700
2019-06-21,12.82196700191047,12.82196700191047,12.786300924937207,12.813050270080566,146500
2019-06-24,12.839799880981444,12.857633345010367,12.813050535284427,12.839799880981445,158600
2019-06-25,12.839801909765105,12.857635376611848,12.813052559841493,12.848718643188477,159400
2019-06-26,12.848718073507802,12.90221762132949,12.848718073507802,12.884384155273438,153700
2019-06-27,12.902218818664549,12.911134702173511,12.866552733589074,12.90221881866455,171500
2019-06-28,12.902216930295968,12.928966277600903,12.884383465195064,12.9111328125,147400
2019-07-01,12.91113484075582,12.928968308658245,12.893302223199946,12.920051574707031,199000
2019-07-02,12.928965813798117,12.96463189237405,12.920049081567537,12.946799278259277,283000
2019-07-03,12.973549964541352,12.991382580497914,12.937883882281747,12.982466697692871,134200
2019-07-05,12.973548501638762,12.973548501638762,12.911132226962682,12.937882423400879,179100
2019-07-08,12.964635153152415,12.991384506225586,12.946802534552502,12.991384506225586,140800
2019-07-09,12.99137915635089,13.018129348754883,12.982463275895812,13.018129348754883,137100
2019-07-10,13.01813235045209,13.035964965820312,13.009215617594755,13.035964965820312,161900
2019-07-11,13.035964965820312,13.044881698677647,12.973549536511864,13.035964965820312,285600
2019-07-12,13.041333538080993,13.05923557281494,13.01448133959607,13.059235572814941,126300
2019-07-15,13.032383374330019,13.077136753932889,13.032383374330019,13.059235572814941,126700
2019-07-16,13.023432356963044,13.077136753932889,13.01448133959607,13.059235572814941,238900
2019-07-17,13.06818699886422,13.086088180541994,13.05923598121732,13.086088180541992,182900
2019-07-18,13.077137363761937,13.157694816589355,13.077137363761937,13.157694816589355,182700
2019-07-19,13.15769610720649,13.202450346902266,13.139794923497854,13.17559814453125,230100
2019-07-22,13.193499185664548,13.247204443442337,13.17559800214936,13.229302406311035,200200
2019-07-23,13.238252639770508,13.238252639770508,13.202449421247362,13.238252639770508,249700
2019-07-24,13.265103849451615,13.300907065300521,13.256153685701388,13.291956901550293,214600
2019-07-25,13.309857876933659,13.309857876933659,13.211399248275063,13.22035026550293,239500
2019-07-26,13.256155082804048,13.265105247497559,13.211400844872145,13.265105247497559,239000
2019-07-29,13.2830074117236,13.33671181486494,13.25615521015293,13.32776165008545,127200
2019-07-30,13.345662325342646,13.381465543946282,13.300908088684084,13.300908088684082,194600
2019-07-31,13.31880988605268,13.336711068225586,13.24720345012896,13.28300666809082,293300
2019-08-01,13.354614875382737,13.363565894464484,13.300909614508408,13.336712837219238,265300
2019-08-02,13.309859067611187,13.381465504607956,13.309859067611187,13.354613304138184,252200
2019-08-05,13.39041440849448,13.399365425109863,13.345660179033494,13.399365425109863,219800
2019-08-06,13.408315588109318,13.4172666047247,13.372512375263716,13.399365425109863,170900
2019-08-07,13.426222249774224,13.470976494663383,13.408320210372072,13.45307445526123,273600
2019-08-08,13.46202559278883,13.515730857849121,13.41727134750796,13.515730857849121,169400
2019-08-09,13.533629964964108,13.533629964964108,13.470974543364786,13.5067777633667,276200
2019-08-12,13.515729161845119,13.632088989911397,13.462023903523963,13.470974922180176,235200
2019-08-13,13.515728612818132,13.533629795787265,13.453072338385946,13.49782657623291,290800
2019-08-14,13.503217293772037,13.646963983390172,13.494233768269295,13.530170440673828,283200
2019-08-15,13.539154235989598,13.628996347190265,13.539154235989598,13.548138618469238,235200
2019-08-16,13.58407738635002,13.611029681147304,13.539156323822542,13.557125091552734,253900
2019-08-19,13.530170124699357,13.628995757304454,13.512201360517793,13.566106796264648,196300
2019-08-20,13.575091226674019,13.62899666601501,13.575091226674019,13.620012283325195,199500
2019-08-21,13.628997300064905,13.673918358805905,13.620012916957117,13.655949592590332,170500
2019-08-22,13.65594882205004,13.673917587251719,13.62001214844456,13.664933204650879,215400
2019-08-23,13.655948139115221,13.718837957378096,13.602043559801716,13.682900428771973,321500
2019-08-26,13.655951175730417,13.691887855529785,13.620014495931049,13.691887855529785,180500
2019-08-27,13.718837554189731,13.727821079279401,13.68290002663979,13.709853172302246,193700
2019-08-28,13.727822303771973,13.826648799753793,13.682901247125498,13.727822303771973,265100
2019-08-29,13.754774093627931,13.790710764036977,13.745789711826218,13.75477409362793,177800
2019-08-30,13.772741460319997,13.871567085869865,13.75477355421901,13.835630416870117,163400
2019-09-03,13.880552928352898,13.916489601135256,13.844616255570541,13.916489601135254,262700
2019-09-04,13.835631554091442,13.889536990420718,13.826648028701433,13.844615936279297,374000
2019-09-05,13.817663184558624,13.862584237198236,13.628995448910509,13.709853172302246,604300
2019-09-06,13.700867652893066,13.736804320661532,13.68289889060996,13.700867652893066,309300
2019-09-09,13.673917538775376,13.682901064546485,13.593059809250233,13.611027717590332,353000
2019-09-10,13.62000937920134,13.628993759975462,13.33251604881114,13.404389381408691,819300
2019-09-11,13.386423109461925,13.386423109461925,13.215724126995644,13.278613090515137,996400
2019-09-12,13.262385271174724,13.289432722953412,13.073051389077916,13.172225952148438,926300
2019-09-13,13.10009826744863,13.10911437092121,12.84765338897705,12.84765338897705,1080800
2019-09-16,12.89273583661554,12.982894311383552,12.820608712871875,12.946830749511719,520300
2019-09-17,12.95584327615176,13.046002585838266,12.9378119301082,13.018954277038574,298000
2019-09-18,13.04600145480335,13.136159896850586,13.04600145480335,13.136159896850586,194700
2019-09-19,13.226322308640734,13.271401970175397,13.172226542834531,13.208290100097656,262500
2019-09-20,13.244350592398856,13.253366694583919,13.163208252201775,13.235335350036621,142600
2019-09-23,13.253366470336914,13.32549356695137,13.208286819997175,13.253366470336914,259000
2019-09-24,13.27140351768978,13.289434868512377,13.21730774557573,13.244355201721191,176200
2019-09-25,13.235337849606239,13.298448857174899,13.226321745718433,13.271401405334473,253100
2019-09-26,13.307462868885098,13.424669621530548,13.298446766414788,13.388606071472168,235800
2019-09-27,13.433687371099849,13.442703475252694,13.397623814311483,13.42467212677002,138500
2019-09-30,13.442701578545892,13.514828681945803,13.406638026845938,13.5148286819458,101400
2019-10-01,13.49679584899705,13.505811091061613,13.388605205817095,13.469747543334961,287500
2019-10-02,13.514828747883199,13.559908402683805,13.478765196007293,13.505812644958496,180800
2019-10-03,13.532861350935224,13.577941007058962,13.51482914455656,13.568924903869629,272700
2019-10-04,13.595971689756539,13.595971689756539,13.415653933888988,13.541876792907715,272400
2019-10-07,13.541878539480374,13.568925991393247,13.505814123832549,13.550893783569336,161100
2019-10-08,13.55990873456619,13.59597228732476,13.541877388098364,13.577940940856934,110900
2019-10-09,13.568925630323134,13.614005288860348,13.568925630323134,13.586956977844238,100900
2019-10-10,13.595971689756539,13.604987792505636,13.523844587409519,13.541876792907715,349500
2019-10-11,13.489404596988289,13.543688295478011,13.453215752265178,13.48035717010498,240500
2019-10-14,13.48035717010498,13.525593441711397,13.48035717010498,13.48035717010498,157600
2019-10-15,13.498450830837964,13.498450830837964,13.398931732347739,13.444167137145996,255300
2019-10-16,13.471309898327943,13.552734147569799,13.453215045511929,13.507498741149902,229600
2019-10-17,13.516545304747838,13.525592731155847,13.471309898327943,13.507498741149902,142700
2019-10-18,13.507498659263316,13.516545222806409,13.435120974058172,13.498451232910156,136600
2019-10-21,13.453216085403529,13.453216085403529,13.362744402760487,13.380838394165039,221200
2019-10-22,13.389883995056154,13.43512026161307,13.362742580246012,13.389883995056152,133300
2019-10-23,13.407977112096667,13.489402214042187,13.380835699051481,13.398930549621582,154800
2019-10-24,13.417027086527867,13.462263358737744,13.335601969112114,13.353696823120117,158300
2019-10-25,13.32655295023987,13.353695228009705,13.254175268473695,13.263222694396973,145000
2019-10-28,13.254175829960904,13.254175829960904,13.13656273921594,13.1998929977417,308300
2019-10-29,13.236082077026367,13.263223493621682,13.19084580749412,13.236082077026367,245200
2019-10-30,13.263223403794914,13.389884785065355,13.254175977387725,13.371789932250977,235600
2019-10-31,13.435121536254883,13.48940437102519,13.407979256059628,13.435121536254883,159900
2019-11-01,13.507498739928607,13.516545303525724,13.362743368653858,13.371789932250977,229300
2019-11-04,13.353694286006295,13.426071962666766,13.353694286006295,13.398930549621582,139800
2019-11-05,13.353696823120117,13.38083824132199,13.29941312390624,13.353696823120117,139900
2019-11-06,13.32655541336369,13.380839116126495,13.32655541336369,13.344650268554688,114900
2019-11-07,13.335599658944094,13.34464708438078,13.254174555633869,13.299410820007324,291300
2019-11-08,13.236082546898782,13.308460235595705,13.236082546898782,13.308460235595703,139800
2019-11-11,13.263224286457525,13.317507985703152,13.217988014221191,13.217988014221191,142200
2019-11-12,13.24513029524907,13.254176859448233,13.172752604794987,13.217988014221191,204000
2019-11-13,13.245130690956735,13.272272109985352,13.217988409117963,13.272272109985352,191300
2019-11-14,13.274085926503485,13.319483110727248,13.274085926503485,13.301323890686035,172600
2019-11-15,13.301323458250518,13.410277043197102,13.301323458250518,13.40119743347168,228600
2019-11-18,13.383038843826784,13.41027767428491,13.35580087924794,13.392118453979492,117600
2019-11-19,13.401200217689555,13.446597409869092,13.401200217689555,13.428438186645508,144600
2019-11-20,13.437517090766711,13.482914280556068,13.437517090766711,13.464755058288574,177200
2019-11-21,13.510152248077933,13.510152248077933,13.446596701900457,13.464755058288574,164000
2019-11-22,13.48291579985565,13.519233382603646,13.464756575541914,13.510153770446777,113500
2019-11-25,13.491992259460888,13.56462741264641,13.428436716893387,13.555548667907715,247300
2019-11-26,13.491994546133043,13.582788935942771,13.473836187698781,13.510153770446777,167100
2019-11-27,13.555548915967742,13.591866493225098,13.537389694399394,13.591866493225098,171400
2019-11-29,13.591866877741351,13.591866877741351,13.546469688415527,13.546469688415527,37200
2019-12-02,13.519231338710387,13.591866493225098,13.464754539884684,13.591866493225098,204200
2019-12-03,13.582787266700313,13.61002523394406,13.546469688415527,13.546469688415527,247900
2019-12-04,13.52831268310547,13.546471908163147,13.464757127162617,13.528312683105469,244600
2019-12-05,13.49199313342997,13.591867124939082,13.49199313342997,13.58278751373291,208700
2019-12-06,13.573703765869139,13.61002133374647,13.519227846992704,13.57370376586914,256700
2019-12-09,13.573703765869139,13.619100942185582,13.564624157430027,13.57370376586914,166400
2019-12-10,13.56462829132057,13.610025481472041,13.555549545993783,13.58278751373291,179500
2019-12-11,13.55554789276842,13.646341396118865,13.55554789276842,13.61910343170166,237600
2019-12-12,13.593593261214492,13.611814784178735,13.520705431574585,13.529816627502441,240400
2019-12-13,13.56626236766067,13.611816615646326,13.54803997335314,13.575372695922852,216300
2019-12-16,13.593594342947211,13.593594342947211,13.511595310854242,13.538928031921387,166900
2019-12-17,13.566261621880066,13.575371949641424,13.511595310854242,13.538928031921387,209400
2019-12-18,13.511593074264473,13.566259376241323,13.502481879119767,13.52070426940918,123200
2019-12-19,13.57536950086371,13.593591890882472,13.538925589717566,13.557147979736328,139900
2019-12-20,13.584482398379578,13.59359359453084,13.538927286514753,13.548038482666016,128500
2019-12-23,13.566260877844018,13.59359359741211,13.529816962122732,13.59359359741211,185100
2019-12-24,13.593594011905422,13.593594011905422,13.538927702210874,13.566261291503906,106300
2019-12-26,13.57536950086371,13.630035802028617,13.538925589717566,13.557147979736328,248800
2019-12-27,13.557147979736328,13.584480695873092,13.557147979736328,13.557147979736328,122300
2019-12-30,13.566260874968542,13.59359359453084,13.52981695925498,13.548038482666016,198300
2019-12-31,13.584482815474411,13.593594011905422,13.566261291503906,13.566261291503906,166200
2020-01-02,13.575369509437015,13.62092461562131,13.575369509437015,13.602703094482422,139300
2020-01-03,13.602702277274906,13.657367706298828,13.593591082807142,13.657367706298828,137600
2020-01-06,13.666478900766592,13.702922809746315,13.657367706298828,13.657367706298828,162100
2020-01-07,13.693811825649634,13.693811825649634,13.65736791611004,13.666479110717773,123200
2020-01-08,13.675591677707914,13.730257113057457,13.648258091141713,13.68470287322998,172700
2020-01-09,13.666479110717775,13.684701499933242,13.584480097030854,13.666479110717773,303200
2020-01-10,13.684703950301248,13.712036670127274,13.64825916534455,13.693814277648926,116700
2020-01-13,13.712033817232827,13.766699245511315,13.702922622889307,13.73936653137207,235700
2020-01-14,13.732054935455649,13.759482230306128,13.722912213206163,13.75033950805664,168200
2020-01-15,13.759480857605016,13.786908149719238,13.732053565490794,13.786908149719238,124000
2020-01-16,13.750336802254703,13.79604953260877,13.732052233251764,13.759479522705078,204600
2020-01-17,13.74119758605957,13.768625754405377,13.713770289611796,13.74119758605957,197100
2020-01-21,13.777765582511325,13.805193746830275,13.741195568650628,13.796051025390625,161700
2020-01-22,13.805196407207443,13.850908279418945,13.786910960804382,13.850908279418945,92500
2020-01-23,13.850908279418945,13.896621023528521,13.83262370491396,13.850908279418945,143000
2020-01-24,13.896618616748405,13.896618616748405,13.841764030835737,13.878334045410156,184100
2020-01-27,13.896618080193635,13.896618080193635,13.832620775133845,13.841763496398926,178500
2020-01-28,13.869191435290473,13.878334156982058,13.814335977038882,13.823478698730469,166700
2020-01-29,13.869190597883497,13.896617889404297,13.841763306362697,13.896617889404297,212500
2020-01-30,13.942333103417473,13.997188568115234,13.942333103417473,13.997188568115234,241100
2020-01-31,14.015472412109375,14.015472412109375,13.960617822165354,14.015472412109375,161000
2020-02-03,14.015472455866439,14.052042473242622,13.951475143432617,13.951475143432617,236400
2020-02-04,13.942331693799888,13.988044431109968,13.914904400173018,13.969758987426758,154100
2020-02-05,13.960617555542303,14.061184883117674,13.942332111311526,14.061184883117676,165100
2020-02-06,14.061180658181856,14.106893383125618,13.997183366399215,14.097750663757324,207800
2020-02-07,14.106898684625538,14.14346870394435,14.079470516212902,14.134325981140137,152300
2020-02-10,14.106896363823552,14.170893669128418,14.106896363823552,14.170893669128418,156600
2020-02-11,14.180036390428512,14.207463682430898,14.134323655825938,14.170893669128418,167300
2020-02-12,14.170894776459605,14.207464792619712,14.152609332430572,14.180037498474121,143600
2020-02-13,14.163524959789576,14.172698437459319,14.126831923941586,14.136005401611328,188300
2020-02-14,14.14518059046139,14.154354069240874,14.071794509887695,14.071794509887695,177600
2020-02-18,14.080964796370324,14.126830430207367,14.062617842970797,14.099310874938965,166100
2020-02-19,14.099313178867417,14.236912727355957,14.099313178867417,14.236912727355957,127300
2020-02-20,14.246085166931152,14.255258645024456,14.20021865129565,14.246085166931152,127800
2020-02-21,14.255257108388237,14.310297096184044,14.246083631283781,14.30112361907959,146400
2020-02-24,14.319468826963341,14.36533533486322,14.264429717348186,14.291949272155762,402500
2020-02-25,14.29195243999363,14.3011259185731,14.080967681652245,14.181873321533203,546000
2020-02-26,14.080966532294878,14.145179127447681,14.080966532294878,14.117659568786621,319400
2020-02-27,14.08096751059612,14.126833153274152,13.93419447960082,13.943367958068848,459800
2020-02-28,13.824113677624247,13.89749974676223,13.57643591299129,13.842460632324219,834100
2020-03-02,13.714034612408419,14.025925844535712,13.714034612408419,13.925020217895508,481000
2020-03-03,13.943365270366535,14.108484351638728,13.925019191797896,14.099310874938965,381400
2020-03-04,14.099313232198817,14.172699308404544,14.080967150562902,14.145179748535156,268900
2020-03-05,14.126831923941586,14.163524959789576,14.080966285254831,14.136005401611328,174900
2020-03-06,14.117661028954027,14.136007111681906,14.007581908093485,14.071794509887695,377800
2020-03-09,14.025926976083221,14.025926976083221,13.759902234541984,13.9066743850708,476600
2020-03-10,13.897501240837931,13.925021675846521,13.833288642146643,13.879155158996582,528900
2020-03-11,13.869979216744067,13.879152693450651,13.38379632409661,13.50304889678955,668100
2020-03-12,12.602724397197534,13.063013834140111,12.133229838744748,12.32655143737793,1638700
2020-03-13,12.639547039506125,12.694782156142688,12.437020327014316,12.565900802612305,1067800
2020-03-16,12.197669774622621,12.28052201167415,11.737380349165164,12.252904891967773,641600
2020-03-17,12.234492482668408,12.565900541812365,11.875466426813173,12.225286483764648,778400
2020-03-18,11.967522521187593,11.967522521187593,9.98827876308715,10.190805435180664,1433400
2020-03-19,10.264454677134156,11.092976237568658,10.246043555132934,11.065359115600586,1271300
2020-03-20,11.046948572383341,12.096409002815493,10.908862066401587,11.433591842651367,723600
2020-03-23,11.433589110696671,11.488823348718604,10.43015804799692,10.85362434387207,1027100
2020-03-24,11.06535793034624,11.6545278181967,10.964093697422655,11.516441345214844,573200
2020-03-25,11.396763521210364,12.133226599275542,11.396763521210364,11.764994621276855,562300
2020-03-26,11.912290379348462,12.731605902623498,11.912290379348462,12.538284301757812,815600
2020-03-27,12.400196899450618,12.565900489364795,12.206875312940435,12.317344665527344,982200
2020-03-30,12.317343992680982,12.676370027425584,12.308137994318532,12.657958030700684,679500
2020-03-31,12.4830495973494,12.731605430425283,12.47384359814189,12.602724075317383,289500
2020-04-01,12.547485215011273,12.547485215011273,12.179253283713228,12.372574806213379,514400
2020-04-02,12.262110222636212,12.381785580650616,12.059583504087914,12.197669982910156,286400
2020-04-03,12.133229335143003,12.142434456271143,11.88467262810304,11.995141983032227,186400
2020-04-06,12.114818104914175,12.252905465777557,12.077994984270429,12.179258346557617,301300
2020-04-07,12.280523482310008,12.47384509927038,12.23449435866563,12.271317481994629,246300
2020-04-08,12.280520613334216,12.538282416418884,12.280520613334216,12.492253303527832,337600
2020-04-09,12.61193029040205,12.989367485046388,12.584313170239211,12.989367485046387,489700
2020-04-13,12.915719169867934,12.924925167753212,12.61192826311197,12.777632713317871,376100
2020-04-14,12.90884778976934,12.90884778976934,12.742520195122816,12.890366554260254,311700
2020-04-15,12.844162892940155,13.010490468760702,12.770239721738514,12.992010116577148,221200
2020-04-16,12.936567856972681,13.010491031370968,12.834923712483475,12.871885299682617,198500
2020-04-17,13.01049140393138,13.01049140393138,12.86264505090117,12.973529815673828,141900
2020-04-20,12.84416195497332,12.973527935745876,12.834922220173146,12.936566352844238,227600
2020-04-21,12.89036463991059,12.96428780850097,12.751758919112048,12.945807456970215,596700
2020-04-22,13.001250393667348,13.001250393667348,12.807201840870801,12.85340404510498,262600
2020-04-23,12.807202910828886,12.816443528694464,12.622394959686428,12.687077522277832,326500
2020-04-24,12.677837048013146,12.733278989513199,12.409865314139491,12.48378849029541,530800
2020-04-27,12.419105773022261,12.428346390887995,12.141894286920811,12.160374641418457,641000
2020-04-28,12.24353928725339,12.391385658403934,12.178856720183497,12.271260261535645,236300
2020-04-29,12.317460915889848,12.557711679258498,12.317460915889848,12.428345680236816,266300
2020-04-30,12.400623271139073,12.511508022624778,12.335940719747498,12.419103622436523,141500
2020-05-01,12.428347100575808,12.52999214043541,12.382144889842703,12.493030548095703,228300
2020-05-04,12.529991582220305,12.65935670902909,12.520750964238582,12.55771255493164,209200
2020-05-05,12.631635614971232,12.742520385985186,12.566953052188216,12.724040031433105,136700
2020-05-06,12.65935654991492,12.75176096610306,12.650115932049342,12.687077522277832,112800
2020-05-07,12.705557265634368,12.825682640075684,12.687076032073987,12.825682640075684,242800
2020-05-08,12.788722937798108,12.862646120460097,12.788722937798108,12.80720329284668,115700
2020-05-11,12.797961670968833,12.871884842742917,12.797961670968833,12.825682640075684,245500
2020-05-12,12.834924244491493,12.871885833222695,12.770240803286548,12.788722038269043,180700
2020-05-13,12.788722038269043,12.89960680446265,12.70555824331539,12.788722038269043,294000
2020-05-14,12.651447387167297,12.75347486766805,12.605070938009792,12.623620986938477,231200
2020-05-15,12.697824971855157,12.73492596017209,12.567971955024557,12.614348411560059,192300
2020-05-18,12.651451549613107,12.697827129471415,12.512322156365721,12.567974090576172,205600
2020-05-19,12.530870966707624,12.651449399876991,12.521595498489056,12.614348411560059,245000
2020-05-20,12.660725360320736,12.716377291126637,12.62362436796928,12.707101821899414,127600
2020-05-21,12.688550587124404,12.753477096557619,12.679275118760417,12.753477096557617,229500
2020-05-22,12.753475344710102,12.929704796631826,12.753475344710102,12.911154747009277,166300
2020-05-26,12.929704796631826,13.003907648793698,12.85550282902718,12.911154747009277,226900
2020-05-27,12.92043042881934,13.078109833738937,12.911154961575308,13.050283432006836,218600
2020-05-28,13.078110694885254,13.133761732899387,13.022458772313819,13.078110694885254,257100
2020-05-29,13.13376060827049,13.300715477131341,13.13376060827049,13.2914400100708,229500
2020-06-01,13.374920794490164,13.393470848700217,13.198690414428711,13.198690414428711,360100
2020-06-02,13.291441853528163,13.347093779052834,13.21723987586683,13.309992790222168,175300
2020-06-03,13.309990209345884,13.337815724434034,13.170860864790779,13.245062828063965,220300
2020-06-04,13.217238364438575,13.309991268187359,13.170861912564185,13.23578929901123,197300
2020-06-05,13.226512719398762,13.365641178764236,13.226512719398762,13.2636137008667,136800
2020-06-08,13.309990691823213,13.365641724016822,13.20796232520625,13.347091674804688,259800
2020-06-09,13.26361806574583,13.356370107660544,13.105938621477607,13.337820053100586,228200
2020-06-10,13.291441949431995,13.374919396042658,13.235790908063123,13.282166481018066,411600
2020-06-11,13.217239971235264,13.282166481018066,13.105937003940165,13.282166481018066,383000
2020-06-12,13.284029025464545,13.358501434326172,13.256101206305578,13.358501434326172,221700
2020-06-15,13.349193578298669,13.405047446983243,13.311957369915207,13.386429786682129,211200
2020-06-16,13.386428365703996,13.42366457013481,13.265410479358566,13.358501434326172,224000
2020-06-17,13.358501855684406,13.358501855684406,13.265410897780495,13.330574035644531,149700
2020-06-18,13.265408972923552,13.311954445121598,13.228172772721324,13.256099700927734,98200
2020-06-19,13.265408972923552,13.311954445121598,13.218863500725508,13.256099700927734,137600
2020-06-22,13.246789492031459,13.2933349609375,13.218862565800224,13.2933349609375,142400
2020-06-23,13.274717816990325,13.33988094329834,13.274717816990325,13.33988094329834,115500
2020-06-24,13.339882376031698,13.405045509338379,13.26540997002946,13.405045509338379,121600
2020-06-25,13.358502852339843,13.405047446983243,13.349193578298669,13.386429786682129,74900
2020-06-26,13.330571199567878,13.39573521134945,13.311953544616701,13.3119535446167,83700
2020-06-29,13.358499013666115,13.414352866300629,13.284026618299444,13.3119535446167,134300
2020-06-30,13.358499497674346,13.358499497674346,13.25609928449925,13.284027099609375,295800
2020-07-01,13.377117573530237,13.39573611752187,13.237482044717142,13.256099700927734,212700
2020-07-02,13.284030414295884,13.330575008864733,13.2374849319458,13.2374849319458,216200
2020-07-06,13.246790428931918,13.293335901129964,13.237482044717142,13.256099700927734,137200
2020-07-07,13.25609928449925,13.30264475523511,13.22817235717014,13.284027099609375,268900
2020-07-08,13.311955445726134,13.405045509338379,13.311955445726134,13.405045509338379,197100
2020-07-09,13.423664054729493,13.488827188036174,13.339882376031698,13.405045509338379,301400
2020-07-10,13.432970576022818,13.572606086730955,13.432970576022818,13.572606086730957,218200
2020-07-13,13.6098446922874,13.628463237162157,13.544681560787915,13.581917762756348,214500
2020-07-14,13.518389088704879,13.59312786380977,13.452991992270743,13.555758476257324,268800
2020-07-15,13.546414719117005,13.593126672201793,13.537072150308768,13.583784103393555,105200
2020-07-16,13.555759766909613,13.611813408096943,13.518390375799205,13.59312915802002,101000
2020-07-17,13.593128167813232,13.639840126037596,13.537073639752695,13.639840126037598,84500
2020-07-20,13.639842169078797,13.66786899182881,13.574445061386594,13.658526420593262,199900
2020-07-21,13.639841927965051,13.705238143544602,13.639841927965051,13.686553001403809,80200
2020-07-22,13.649183608078832,13.742607536869578,13.649183608078832,13.686553001403809,125600
2020-07-23,13.705237765820236,13.74260715811529,13.667868373525184,13.695895195007324,110200
2020-07-24,13.73326416924571,13.770633560403194,13.695894778088224,13.751949310302734,172300
2020-07-27,13.779976130931706,13.779976130931706,13.695894778088224,13.751949310302734,145200
2020-07-28,13.770632403765786,13.789317543253388,13.705236197472155,13.73326301574707,165200
2020-07-29,13.733262639862494,13.779974596346486,13.705235822354684,13.742605209350586,157700
2020-07-30,13.770632944495489,13.789318084716799,13.714579305744609,13.789318084716797,119600
2020-07-31,13.78932032459758,13.826689720153809,13.733265785784907,13.826689720153809,134500
2020-08-03,13.892085453075909,13.901428024376914,13.808004093280132,13.882742881774902,224000
2020-08-04,13.89208483449056,13.96682361965737,13.845372871022155,13.920111656188965,183100
2020-08-05,13.976165811995687,14.16301276985193,13.901427028853188,13.92945384979248,294800
2020-08-06,13.966822785447414,14.032219886779785,13.948138535749983,14.032219886779785,132900
2020-08-07,14.013534169559351,14.06024612831585,14.013534169559351,14.022876739501953,105200
2020-08-10,14.097612354396448,14.163008547410312,14.032216161382582,14.14432430267334,216200
2020-08-11,14.19103717803955,14.209722316126625,14.09761416047344,14.19103717803955,266300
2020-08-12,14.12564277648926,14.172354736702404,14.106958526977921,14.125642776489258,162700
2020-08-13,14.165015931538562,14.165015931538562,14.043146061651193,14.090019226074219,183100
2020-08-14,14.080645902271336,14.080645902271336,13.949401215157817,13.977524757385254,203100
2020-08-17,13.88377781094614,13.968148428466458,13.818155027499863,13.87440299987793,400300
2020-08-18,13.827529961696225,13.921276285150713,13.818155150544536,13.911901473999023,177300
2020-08-19,13.893152876520364,13.940026041705195,13.818156169837142,13.865029335021973,234400
2020-08-20,13.85565440215362,13.85565440215362,13.799407319648136,13.827530860900879,95600
2020-08-21,13.836906433105469,13.836906433105469,13.780658453477475,13.836906433105469,165800
2020-08-24,13.88377730829094,13.93064957387262,13.79003098906526,13.8087797164917,188100
2020-08-25,13.780657331066042,13.80878087157377,13.640038734496166,13.715035438537598,245400
2020-08-26,13.743160204105541,13.76190982880285,13.621290325666969,13.658788681030273,143600
2020-08-27,13.668160375594788,13.668160375594788,13.461919021125762,13.583788871765137,280800
2020-08-28,13.640039118876533,13.799407342963429,13.593165954021929,13.69628620147705,110800
2020-08-31,13.761908408561313,13.8087806774047,13.677536894193265,13.724410057067871,162600
2020-09-01,13.799407319648136,13.827530860900879,13.733784531350064,13.827530860900879,211300
2020-09-02,13.9025278823305,13.911902694304516,13.827531174600928,13.8556547164917,233100
2020-09-03,13.855652750100205,13.855652750100205,13.696284545284552,13.771281242370605,99600
2020-09-04,13.743158803814431,13.780657155357027,13.574415774857135,13.593165397644043,154500
2020-09-08,13.649413054569894,13.649413054569894,13.546291919702318,13.565041542053223,141700
2020-09-09,13.62128911147019,13.733784167532338,13.62128911147019,13.715035438537598,174900
2020-09-10,13.799408033533306,13.827531576240963,13.72441132362535,13.752534866333008,244600
2020-09-11,13.808779968504458,13.827529590304241,13.743158080267566,13.799406051635742,283500
2020-09-14,13.857735704869338,13.876551798981943,13.69780339091593,13.707210540771484,253300
2020-09-15,13.735431671142578,13.754246863930158,13.697800388366868,13.735431671142578,113700
2020-09-16,13.744840369777636,13.810695794966065,13.678985841789862,13.782471656799316,245000
2020-09-17,13.68839379079737,13.810695697050894,13.68839379079737,13.801287651062012,70000
2020-09-18,13.744841426679573,13.773065567016602,13.69780298718597,13.773065567016602,166600
2020-09-21,13.763655662536621,13.773063708045813,13.669577001845905,13.763655662536621,113500
2020-09-22,13.735431671142578,13.782470101711802,13.66957625338467,13.735431671142578,80100
2020-09-23,13.72602653503418,13.75424977879703,13.69780329127133,13.72602653503418,74700
2020-09-24,13.716616630554201,13.75424791620892,13.613130819303878,13.7166166305542,200200
2020-09-25,13.669576797846075,13.726024172858224,13.603722274665722,13.650761604309082,375400
2020-09-28,13.650761604309082,13.697800933952443,13.613130320034513,13.650761604309082,149300
2020-09-29,13.650760451831484,13.688391732929,13.603721126159462,13.678983688354492,102300
2020-09-30,13.678986450691397,13.726025785862552,13.650763208468982,13.697802543640137,264400
2020-10-01,13.735433832336922,13.735433832336922,13.641355161994612,13.697802543640137,131000
2020-10-02,13.688394497165767,13.697802543640137,13.622539069045873,13.697802543640137,173400
2020-10-05,13.69780143632715,13.716616630554201,13.594314727876206,13.7166166305542,156000
2020-10-06,13.716616630554201,13.716616630554201,13.650762104958597,13.7166166305542,183200
2020-10-07,13.735434582022044,13.78247302255988,13.65076395353275,13.72602653503418,213200
2020-10-08,13.782471656799316,13.782471656799316,13.707209082755957,13.782471656799316,103600
2020-10-09,13.782472307159125,13.829511642456053,13.716617776063842,13.829511642456055,114500
2020-10-12,13.82951169185784,13.82951169185784,13.76365716052731,13.820103645324707,106700
2020-10-13,13.791881099194969,13.867143680858184,13.791881099194969,13.857735633850098,157000
2020-10-14,13.899755536326223,13.899755536326223,13.805327490758726,13.871426582336426,159200
2020-10-15,13.843097985555993,13.861983954141275,13.814769933210615,13.852540969848633,91800
2020-10-16,13.805326948917973,13.861983954141275,13.710899807589199,13.852540969848633,272700
2020-10-19,13.852541625181264,13.87142669412741,13.795884617277645,13.843098640441895,393600
2020-10-20,13.833656424400251,13.833656424400251,13.767557328616912,13.805328369140625,66500
2020-10-21,13.805327698290183,13.805327698290183,13.720342636108397,13.720342636108398,143500
2020-10-22,13.72978401184082,13.748669979237905,13.692012977579143,13.72978401184082,128300
2020-10-23,13.758112528541284,13.758112528541284,13.65424240593558,13.682570457458496,131700
2020-10-26,13.701456802803651,13.78644186024522,13.607028761083562,13.758112907409668,231700
2020-10-27,13.758114159027464,13.861985194475537,13.72034311900979,13.767557144165039,198600
2020-10-28,13.758114343352824,13.805328369140625,13.673129277041308,13.805328369140625,228100
2020-10-29,13.80532692826971,13.83365498057272,13.758112907409666,13.758112907409668,104100
2020-10-30,13.795885199045136,13.805328184182713,13.729786104147365,13.767557144165039,120800
2020-11-02,13.85253982471437,13.861982808226397,13.776997757683093,13.81476879119873,165000
2020-11-03,13.776998818739223,13.80532687092456,13.739227782314591,13.786441802978516,144900
2020-11-04,13.83365535736084,13.890312364042574,13.795884319750542,13.83365535736084,188600
2020-11-05,13.861985391026357,13.918641501589887,13.861985391026357,13.89975643157959,163300
2020-11-06,13.937529267310493,13.95641433975322,13.890315235404543,13.928086280822754,157100
2020-11-09,13.984741753070491,14.013069808869023,13.92808474094077,14.003626823425293,128900
2020-11-10,13.937526235627201,14.031953378366604,13.937526235627201,13.984740257263184,156000
2020-11-11,13.99418241775353,14.088610461542292,13.99418241775353,14.0508394241333,109400
2020-11-12,14.083537785705548,14.140403074827562,13.922420521010135,14.017195701599121,208000
2020-11-13,13.979286193847656,14.093015871370326,13.979286193847656,13.979286193847656,112400
2020-11-16,13.979285323314361,14.045627405110475,13.931897734670104,13.969807624816895,240000
2020-11-17,14.017195701599123,14.017195701599123,13.950853617492696,14.017195701599121,153500
2020-11-18,14.017194665154518,14.026672363281248,13.998240172744099,14.02667236328125,95700
2020-11-19,14.026672065742234,14.09301414353599,14.026672065742234,14.05510425567627,84600
2020-11-20,14.07405948638916,14.121446167775533,14.045626392945724,14.07405948638916,114200
2020-11-23,14.064583394389569,14.121447780082876,14.017195803749738,14.102493286132812,165600
2020-11-24,14.102492604894138,14.168834686279295,14.093014906455382,14.168834686279297,159500
2020-11-25,14.159355952469983,14.197265839609866,14.140401460821543,14.178311347961426,110000
2020-11-27,14.216223800835644,14.244655995361228,14.197268401923143,14.206746101379395,84500
2020-11-30,14.263609230312175,14.263609230312175,14.187789453851279,14.235177040100098,120100
2020-12-01,14.263611042052137,14.301520935097836,14.083538372202709,14.149881362915039,363700
2020-12-02,14.102490543846917,14.206742499907843,14.102490543846917,14.187788009643555,158400
2020-12-03,14.235177040100096,14.244653834275436,14.15935635979617,14.235177040100098,150900
2020-12-04,14.24465544166805,14.26361083984375,14.197267850071931,14.26361083984375,132400
2020-12-07,14.282564949929474,14.310998046428084,14.282564949929474,14.301520347595215,149000
2020-12-08,14.3299515017263,14.377339088613253,14.301519311131345,14.310997009277344,160500
2020-12-09,14.367862617816847,14.396294810840573,14.292042833858165,14.377340316772461,142000
2020-12-10,14.405773246925932,14.405773246925932,14.339431158528205,14.396295547485352,133700
2020-12-11,14.396293281679732,14.405770979628635,14.339428901672363,14.339428901672363,168800
2020-12-14,14.35369638708032,14.39174458470308,14.249063163262289,14.258575439453125,384200
2020-12-15,14.268088884221973,14.32516163890075,14.239552960452913,14.306137084960938,143500
2020-12-16,14.306137791109737,14.306137791109737,14.249065033613856,14.287114143371582,161500
2020-12-17,14.258576722542424,14.306137200635854,14.239553075589452,14.249064445495605,146300
2020-12-18,14.268089588492717,14.28711414337158,14.23955366331513,14.287114143371582,114600
2020-12-21,14.28711414337158,14.306137791109737,14.268089588492717,14.287114143371582,183700
2020-12-22,14.277601994655292,14.420282528970308,14.2680897171301,14.363210678100586,194000
2020-12-23,14.334673716287325,14.372721918904345,14.268089588492717,14.287114143371582,202300
2020-12-24,14.29662605417607,14.33467425823156,14.29662605417607,14.325162887573242,43200
2020-12-28,14.448817083786631,14.448817083786631,14.31564883962918,14.401257514953613,338800
2020-12-29,14.391746768132526,14.410770416259767,14.258577602678946,14.410770416259766,232400
2020-12-30,14.410768588156875,14.448816786725411,14.344184467447091,14.382232666015625,239600
2020-12-31,14.410768180384844,14.45832865403488,14.363208613875393,14.420280456542969,226700
2021-01-04,14.458330235979457,14.458330235979457,14.3632101854125,14.429794311523438,175500
2021-01-05,14.42979343768155,14.448817083786631,14.344184762357116,14.401257514953613,172900
2021-01-06,14.420281803775689,14.420281803775689,14.220528521495813,14.249064445495605,342500
2021-01-07,14.277602187272517,14.277602187272517,14.096872540418536,14.14443302154541,419300
2021-01-08,14.172968947365247,14.182481225018766,14.030288411125346,14.14443302154541,351000
2021-01-11,14.22052942849212,14.22052942849212,14.125409373379096,14.14443302154541,179900
2021-01-12,14.106384277343752,14.144432479358636,14.087360629906655,14.10638427734375,224400
2021-01-13,14.106382666527741,14.125407218933105,14.087359021262966,14.125407218933105,243500
2021-01-14,14.091992378234863,14.149276389322054,14.08244473954935,14.091992378234863,200900
2021-01-15,14.111086339714724,14.168371259669195,14.091991973405177,14.101539611816406,141200
2021-01-19,14.120633674355199,14.187465320770269,14.091991670250582,14.130181312561035,203900
2021-01-20,14.139729600204197,14.187465972400123,14.111086684271118,14.15882396697998,243100
2021-01-21,14.158823503676908,14.23520278930664,14.158823503676908,14.23520278930664,223100
2021-01-22,14.216110635728567,14.25430028448721,14.206562995910645,14.206562995910645,136400
2021-01-25,14.2256557991706,14.282940721259555,14.216109070916563,14.263845443725586,155500
2021-01-26,14.263844085774787,14.311581364552058,14.25429735842962,14.273391723632812,211500
2021-01-27,14.321130609585078,14.34977261586062,14.263845686521034,14.302035331726074,135000
2021-01-28,14.292489630366063,14.38796329498291,14.292489630366063,14.38796329498291,130500
2021-01-29,14.38796169203242,14.38796169203242,14.32113004319498,14.359319686889648,139500
2021-02-01,14.426151724023473,14.435699362832358,14.311582789855711,14.416604995727539,189400
2021-02-02,14.416606428367517,14.49298572540283,14.359321500334511,14.492985725402832,148000
2021-02-03,14.540722201519637,14.540722201519637,14.464342903967689,14.512080192565918,174900
2021-02-04,14.47389044588748,14.531175373920487,14.4452484371275,14.492985725402832,235400
2021-02-05,14.51207940331156,14.559816689313548,14.445247749216575,14.46434211730957,235400
2021-02-08,14.49298572540283,14.531175373920487,14.464342806129807,14.492985725402832,151000
2021-02-09,14.550268173217772,14.550268173217772,14.454794517479995,14.550268173217773,162800
2021-02-10,14.559816197665644,14.626647849503893,14.531174191236817,14.607553482055664,161900
2021-02-11,14.640607833862303,14.65018960296351,14.563955508588244,14.640607833862305,200400
2021-02-12,14.611863034436169,14.659770964843611,14.50646631855401,14.57353687286377,163800
2021-02-16,14.487304580426336,14.544794286809912,14.448978414093245,14.535212516784668,217500
2021-02-17,14.535210096433511,14.535210096433511,14.362741919769446,14.429813385009766,223900
2021-02-18,14.429814749415117,14.429814749415117,14.257346556443393,14.324417114257812,197500
2021-02-19,14.343581960603213,14.343581960603213,14.1806955221172,14.266929626464844,265200
2021-02-22,14.305254541453458,14.314835397056255,14.02738962608027,14.065715789794922,321400
2021-02-23,14.008226645982088,14.008226645982088,13.83575844550427,13.9124116897583,404100
2021-02-24,13.893248548048843,13.979482650756836,13.835758841654222,13.979482650756836,598800
2021-02-25,13.912412411131411,13.998645602073745,13.759106828442153,13.835759162902832,690500
2021-02-26,13.921992400525339,13.96990033502144,13.797432136342609,13.960318565368652,578800
2021-03-01,13.989063769259513,14.09446049334506,13.960318460517039,14.00822639465332,235900
2021-03-02,14.008227634765717,14.12320613861084,14.008227634765717,14.12320613861084,220800
2021-03-03,14.06571734357224,14.132787909039914,14.017809405194791,14.12320613861084,199500
2021-03-04,14.123206248074938,14.142369789081616,13.989065116099907,14.075298309326172,211700
2021-03-05,14.104043620836189,14.104043620836189,14.036972141080744,14.075298309326172,186200
2021-03-08,14.065715789794922,14.13278634785361,14.056134020424304,14.065715789794922,186700
2021-03-09,14.084878514345938,14.15194998664663,14.084878514345938,14.104042053222656,114100
2021-03-10,14.113623610098054,14.247765647596166,14.113623610098054,14.199857711791992,229800
2021-03-11,14.190276651863169,14.31483600389024,14.190276651863169,14.209439277648926,185200
2021-03-12,14.204151547891103,14.233001970390248,14.146449785754415,14.223384857177734,171400
2021-03-15,14.223384857177734,14.290702815388542,14.184917321466074,14.223384857177734,165800
2021-03-16,14.184914450167572,14.223381978092666,14.156064033508303,14.1560640335083,121200
2021-03-17,14.165683095041047,14.223384857177734,14.146449785754415,14.223384857177734,80900
2021-03-18,14.156067978925357,14.223385942271815,14.156067978925357,14.184918403625488,151800
2021-03-19,14.213767178651935,14.223384291481954,14.146449223118514,14.175299644470215,152600
2021-03-22,14.271468357065283,14.271468357065283,14.040663161378106,14.059896469116211,250000
2021-03-23,14.088747717013865,14.107981943020311,14.069514408145794,14.09836483001709,132100
2021-03-24,14.13682981097665,14.165680227635919,14.107979394317379,14.1560640335083,163800
2021-03-25,14.165683355562594,14.213768005371096,14.127215819143476,14.213768005371094,100000
2021-03-26,14.223385942271815,14.252236366971943,14.184918403625487,14.184918403625488,75300
2021-03-29,14.156065555529286,14.233000619651323,14.136831330929624,14.204150199890137,174100
2021-03-30,14.25223445892334,14.271468684240713,14.194533617247906,14.25223445892334,131100
2021-03-31,14.252235284100617,14.309937046255214,14.252235284100617,14.290702819824219,136100
2021-04-01,14.348402420533416,14.386869950462263,14.281084472442501,14.367635726928711,127000
2021-04-05,14.35802109447569,14.51189123093239,14.348403981662559,14.483040809631348,301800
2021-04-06,14.521506829516616,14.521506829516616,14.386870015587068,14.502272605895996,116100
2021-04-07,14.483042418369386,14.540743267380728,14.473425304488009,14.492658615112305,111800
2021-04-08,14.492658615112303,14.521509956756434,14.434957766100963,14.492658615112305,173900
2021-04-09,14.473425304488009,14.521509956756434,14.473425304488009,14.492658615112305,79000
2021-04-12,14.550357124851597,14.550357124851597,14.49265537161561,14.540740013122559,149800
2021-04-13,14.550357558394566,14.598442201334244,14.473422496546393,14.559974670410156,192900
2021-04-14,14.593273162841797,14.60292501951297,14.545014799937645,14.593273162841797,97900
2021-04-15,14.593273588130906,14.631880095488986,14.564318937725279,14.573970794677734,169100
2021-04-16,14.622227138925401,14.631878995152025,14.564317842469007,14.602924346923828,120100
2021-04-19,14.602925445083361,14.602925445083361,14.554667080772823,14.573970794677734,156800
2021-04-20,14.554666380990177,14.593272886492073,14.496757082963182,14.516059875488281,197700
2021-04-21,14.525714446299556,14.564320959015593,14.525714446299556,14.54501724243164,76100
2021-04-22,14.535364287319654,14.602925445083361,14.535364287319654,14.573970794677734,398300
2021-04-23,14.554665986242384,14.631878995152025,14.54501413001576,14.602924346923828,182900
2021-04-26,14.670486875843617,14.670486875843617,14.602925716822693,14.65118408203125,143800
2021-04-27,14.670486602847069,14.670486602847069,14.573970794677734,14.573970794677734,126800
2021-04-28,14.602925436938353,14.641531944274902,14.573970786548877,14.641531944274902,163800
2021-04-29,14.63188008732783,14.68013845161145,14.564318929601805,14.641531944274902,250100
2021-04-30,14.689791118828541,14.689791118828541,14.612578099896474,14.670487403869629,122900
2021-05-03,14.747699181539376,14.747699181539376,14.602925013339833,14.660834312438965,171000
2021-05-04,14.66083433313273,14.805609421988335,14.66083433313273,14.795957565307617,237900
2021-05-05,14.79595675116322,14.853866967609308,14.776653959315635,14.834563255310059,131100
2021-05-06,14.815261278669052,14.83456407157877,14.786305708626902,14.795957565307617,77000
2021-05-07,14.815261278669052,14.815261278669052,14.767002915717184,14.795957565307617,85900
2021-05-10,14.815261840820312,14.824912777415511,14.776655333084273,14.815261840820312,169000
2021-05-11,14.815262514223939,14.815262514223939,14.767004147247446,14.805610656738281,82300
2021-05-12,14.815262639885542,14.815262639885542,14.631881027909804,14.709094047546387,285400
2021-05-13,14.723622851433204,14.859235501434615,14.723622851433204,14.839861869812012,260800
2021-05-14,14.772058139760157,14.849550829869155,14.684878632441102,14.781744956970215,270000
2021-05-17,14.830176056846781,14.830176056846781,14.684876590259469,14.733309745788574,192200
2021-05-18,14.694563257720679,14.733309596995538,14.684876441955565,14.684876441955566,175200
2021-05-19,14.69456340612241,14.762369269591794,14.675189774396527,14.733309745788574,141100
2021-05-20,14.733309667244503,14.839861869812012,14.733309667244503,14.839861869812012,102400
2021-05-21,14.80111553035241,14.868922317245916,14.723622851433204,14.839861869812012,159600
2021-05-24,14.868921858212287,14.888294565451215,14.820488704436613,14.878607749938965,98100
2021-05-25,14.946416131938431,14.965788841247557,14.859236630583181,14.965788841247559,160600
2021-05-26,14.927041808500235,15.033594938022432,14.927041808500235,14.985161781311035,92400
2021-05-27,14.994847297668457,15.023907745238057,14.897981910459938,14.994847297668457,120200
2021-05-28,14.994847852067378,15.130460507715986,14.985161959638338,15.111087799072266,161400
2021-06-01,15.207952845353153,15.246699185548506,15.091713824767094,15.19826602935791,222800
2021-06-02,15.237012831973447,15.237012831973447,15.130460624148933,15.159520149230957,151100
2021-06-03,15.082028531728769,15.140148509783462,15.082028531728769,15.130461692810059,137200
2021-06-04,15.130460884474967,15.178894042968748,15.120774068019077,15.17889404296875,67900
2021-06-07,15.149833796952933,15.227326477343638,15.14014698095769,15.19826602935791,179600
2021-06-08,15.256387017354331,15.295133360129519,15.217640674579146,15.275760650634766,106300
2021-06-09,15.275760128395374,15.285446020918776,15.169206996567132,15.23701286315918,281300
2021-06-10,15.275760359956312,15.285446252626539,15.149834517386745,15.17889404296875,140300
2021-06-11,15.227326477343638,15.324191865939211,15.14014698095769,15.19826602935791,149700
2021-06-14,15.066556294432237,15.134598510087862,15.017954314532936,15.037395477294922,287600
2021-06-15,15.202640728295789,15.21236038208008,15.09571619361814,15.212360382080078,157200
2021-06-16,15.202640593633001,15.22208082803499,15.076275825500487,15.076275825500488,157700
2021-06-17,15.08599723541067,15.12487863335737,14.98879327704109,15.027674674987793,150400
2021-06-18,15.056834036269318,15.144317404944472,15.008232061782504,15.134596824645996,67100
2021-06-21,15.16375989806615,15.309564907333739,15.124878500461083,15.280404090881348,129400
2021-06-22,15.338724962184392,15.338724962184392,15.260962170835354,15.290122985839844,75900
2021-06-23,15.280402274636414,15.338723900609022,15.241520881652832,15.241520881652832,77100
2021-06-24,15.31928430991852,15.338724543722627,15.192919545672343,15.270682334899902,85300
2021-06-25,15.2706840214198,15.33872623775722,15.222082041033499,15.260963439941406,69100
2021-06-28,15.241524256034552,15.309566477068577,15.183201690144148,15.22208309173584,122000
2021-06-29,15.23180025110593,15.3776052425591,15.212359091175893,15.36788558959961,105000
2021-06-30,15.358165869612781,15.416487498657549,15.338724708594139,15.406767845153809,142300
2021-07-01,15.455368893689254,15.49425028872096,15.338724708594139,15.406767845153809,147100
2021-07-02,15.406768133981393,15.533131974949168,15.37760639190674,15.377606391906738,120300
2021-07-06,15.377606010884389,15.503970775726726,15.358165776988567,15.445649147033691,124100
2021-07-07,15.494250390954756,15.523412132675134,15.426208180951713,15.455368995666504,127900
2021-07-08,15.455368800478816,15.484530541830907,15.416487405681602,15.445649147033691,112700
2021-07-09,15.445649147033691,15.484530541830907,15.416487405681602,15.445649147033691,93900
2021-07-12,15.465089831446905,15.55257320404053,15.455369250713035,15.552573204040527,54700
2021-07-13,15.591455459594727,15.76642035001463,15.474810345303597,15.591455459594727,169900
2021-07-14,15.674361874228996,15.752392227551484,15.362240460939041,15.654853820800781,163400
2021-07-15,15.55731598083796,15.713377614032638,15.55731598083796,15.567070007324219,100400
2021-07-16,15.567070292331806,15.684115821724355,15.508547062537943,15.586577415466309,142700
2021-07-19,15.654854051180562,15.771900513081958,15.508547369096616,15.606085777282715,132900
2021-07-20,15.50854778289795,15.60608619368658,15.47928663173945,15.50854778289795,74600
2021-07-21,15.528056719899032,15.596333053215428,15.362241970248977,15.440272331237793,116100
2021-07-22,15.479287268365171,15.479287268365171,15.157411801798043,15.235442161560059,180600
2021-07-23,15.186671849933335,15.25494910740709,15.186671849933335,15.225687026977539,129500
2021-07-26,15.206180592259454,15.362241307504451,15.206180592259454,15.332980155944824,90400
2021-07-27,15.332979717513755,15.430517196655275,15.32322569054104,15.430517196655273,93900
2021-07-28,15.489039217418165,15.586576688934551,15.430515990352225,15.537808418273926,139800
2021-07-29,15.576823602673494,15.674361074250955,15.537808428003482,15.664607048034668,88400
2021-07-30,15.596331442131149,15.635347548790513,15.4792859127386,15.586577415466309,107800
2021-08-02,15.664609108792025,15.684117163790981,15.586578749186717,15.674363136291504,130900
2021-08-03,15.693868637084961,15.703622662996954,15.615838290179234,15.693868637084961,131900
2021-08-04,15.664606559348982,15.723130714820941,15.596330238355247,15.693868637084961,101700
2021-08-05,15.723133273788894,15.723133273788894,15.615840831685151,15.674363136291504,111200
2021-08-06,15.713377179116106,15.713377179116106,15.596330724910931,15.664607048034668,184100
2021-08-09,15.801162827156437,15.801162827156437,15.615840034903288,15.68411636352539,165100
2021-08-10,15.713376998901369,15.732883190719953,15.664606868379268,15.713376998901367,121400
2021-08-11,15.762146487618995,15.781654541336021,15.66460807942427,15.732884407043457,135500
2021-08-12,15.766650256818114,15.766650256818114,15.453469740636788,15.4632568359375,159900
2021-08-13,15.600273351732117,15.619847543481598,15.463257742881094,15.482831001281738,97000
2021-08-16,15.482829603414825,15.482829603414825,15.453469251790237,15.473043441772461,114200
2021-08-17,15.482829906869807,15.590486087184544,15.47304374503564,15.561124801635742,102700
2021-08-18,15.639421120641156,15.639421120641156,15.541552959945534,15.570913314819336,134500
2021-08-19,15.561125123403142,15.707927820787615,15.551338961366621,15.64920711517334,99500
2021-08-20,15.727502307347049,15.756863594055174,15.698142887336534,15.756863594055176,106600
2021-08-23,15.756863645772691,15.756863645772691,15.649207460853825,15.7177152633667,86200
2021-08-24,15.707928312482414,15.727502503865749,15.58069980188601,15.639420509338379,123800
2021-08-25,15.639419389877622,15.678567769842072,15.46325634678135,15.473043441772461,145300
2021-08-26,15.561125828261572,15.561125828261572,15.492618024158853,15.521978378295898,103200
2021-08-27,15.521977354252774,15.561124801635742,15.463256649852706,15.561124801635742,71300
2021-08-30,15.561125682724677,15.60027313232422,15.512192070736866,15.600273132324219,113600
2021-08-31,15.600272083881066,15.6589937210083,15.600272083881066,15.6589937210083,117600
2021-09-01,15.658994328002656,15.688355614378793,15.551339078003204,15.590486526489258,132500
2021-09-02,15.590485872861988,15.75686275528961,15.561124587716815,15.698142051696777,154300
2021-09-03,15.698142267499284,15.698142267499284,15.463256649852706,15.561124801635742,158100
2021-09-07,15.541553108280304,15.561126367266702,15.463258205636986,15.492618560791016,156000
2021-09-08,15.541552352468157,15.668781796413379,15.502404903050307,15.639420509338379,224300
2021-09-09,15.727501960578582,15.74707615128575,15.610059616381928,15.688355445861816,147500
2021-09-10,15.717714916172923,15.776437488484772,15.639420019788034,15.64920711517334,159100
2021-09-13,15.73728896449838,15.7470760597951,15.64920697352545,15.72750186920166,156100
2021-09-14,15.78102070297249,15.810481901855315,15.653358317388149,15.790841102600098,182100
2021-09-15,15.849762909314945,15.849762909314945,15.476597058531077,15.515877723693848,309400
2021-09-16,15.54533863067627,15.564979432331564,15.466777297105036,15.54533863067627,162400
2021-09-17,15.55515838885662,15.55515838885662,15.486417458953001,15.515877723693848,63000
2021-09-20,15.525696754455565,15.535516217486299,15.486416092758091,15.525696754455566,80200
2021-09-21,15.555158719248304,15.614079249981469,15.51587805325121,15.574798583984375,84600
2021-09-22,15.66318012535633,15.66318012535633,15.564978929825141,15.623899459838867,96200
2021-09-23,15.614079249981469,15.62389965061198,15.506057652620699,15.574798583984375,131900
2021-09-24,15.574798583984375,15.574798583984375,15.496237251990188,15.574798583984375,142200
2021-09-27,15.525698957669286,15.574799089365174,15.46677748849925,15.496237754821777,87200
2021-09-28,15.456956269961486,15.486417471250657,15.221272278797699,15.270373344421387,245300
2021-09-29,15.358755944793701,15.40785607667232,15.270374208972209,15.339115142822266,209300
2021-09-30,15.447134742528293,15.476595941668013,15.309652892642385,15.407854080200195,126500
2021-10-01,15.496237391946545,15.496237391946545,15.290013659468029,15.3489351272583,129100
2021-10-04,15.329293873949869,15.407855204337798,15.260552943991664,15.270373344421387,90500
2021-10-05,15.270372723903376,15.38821471469671,15.22127166027493,15.329293251037598,181000
2021-10-06,15.358754847118403,15.358754847118403,15.18199138810853,15.23109245300293,224700
2021-10-07,15.231092955654056,15.29983388685983,15.15253162384033,15.152531623840332,131400
2021-10-08,15.152531312454938,15.191811977554583,15.09360984654301,15.181991577148438,105400
2021-10-11,15.201631441435795,15.250732506941581,15.172171176742296,15.181991577148438,182000
2021-10-12,15.201631979487557,15.270373848238702,15.191812515258789,15.191812515258789,150500
2021-10-13,15.201631477938252,15.270373344421387,15.191812014033458,15.270373344421387,110700
2021-10-14,15.314226728894699,15.32408166923017,15.24524402618408,15.245244026184082,150800
2021-10-15,15.235389049324864,15.284662811065255,15.176260347272628,15.215679168701172,132700
2021-10-18,15.245243230377833,15.245243230377833,15.048149133050982,15.077713012695312,171200
2021-10-19,15.077712593039431,15.08756753258618,14.949601198387988,14.979165077209473,165300
2021-10-20,14.989021882718191,14.989021882718191,14.841201530390068,14.920039176940918,234800
2021-10-21,14.920038825092421,14.929892825814738,14.85105518112306,14.880620002746582,155800
2021-10-22,14.88061901124296,14.9200378309623,14.831345251639084,14.851054191589355,123500
2021-10-25,14.841199594307053,14.920037230573275,14.742652079064896,14.890472412109375,186800
2021-10-26,14.939747766355913,14.939747766355913,14.81163635877722,14.880620002746582,132700
2021-10-27,14.929891892912826,14.96931071279556,14.880619072923507,14.91018295288086,150800
2021-10-28,14.949601590472145,15.12698674769086,14.93974665066693,15.048149108886719,107300
2021-10-29,15.038293597408163,15.126986172645918,15.018583718546996,15.117131233215332,123700
2021-11-01,15.107276892339643,15.176259591449343,15.058003133053234,15.077713012695312,234000
2021-11-02,15.126987293630108,15.31422645759279,15.097422473147457,15.294517517089844,147800
2021-11-03,15.264952390515134,15.37335485047353,15.264952390515134,15.314226150512695,157300
2021-11-04,15.324081114183056,15.422627694511833,15.314226174204537,15.343790054321289,127900
2021-11-05,15.373355310490592,15.491611774132048,15.373355310490592,15.471901893615723,114100
2021-11-08,15.442337414637702,15.53102999388878,15.442337414637702,15.511320114135742,99600
2021-11-09,15.521176359706619,15.550740242004395,15.481757536703293,15.550740242004395,94400
2021-11-10,15.550738822850976,15.570448702463361,15.393063545227049,15.39306354522705,92900
2021-11-11,15.393063899109178,15.511320360045804,15.383208959076423,15.432482719421387,68700
2021-11-12,15.486378001133701,15.605047452344957,15.486378001133701,15.575380325317383,99600
2021-11-15,15.565490949011709,15.605047432698994,15.427043727656692,15.535823822021484,93300
2021-11-16,15.535823822021484,15.585269662405832,15.506156695031262,15.535823822021484,79200
2021-11-17,15.565490722656248,15.575380079209499,15.48637775643215,15.56549072265625,89300
2021-11-18,15.565491393691918,15.575380750671503,15.456711296219458,15.476489067077637,100600
2021-11-19,15.43693273703636,15.496267936407794,15.2688174391018,15.288596153259277,118700
2021-11-22,15.199593753093945,15.278706723143673,15.110591426012753,15.130370140075684,289500
2021-11-23,15.150147418492262,15.150147418492262,15.041367323985678,15.110590934753418,134200
2021-11-24,15.0611450747604,15.110590915145034,15.0611450747604,15.07103443145752,65300
2021-11-26,15.071034658259606,15.090813371951493,15.011700403385902,15.041367530822754,36700
2021-11-29,15.061144899575217,15.179815292358398,15.041367129511988,15.179815292358398,163300
2021-11-30,15.179816514509728,15.26881790161133,15.130370670719264,15.268817901611328,115100
2021-12-01,15.476489029930649,15.476489029930649,15.338041804952729,15.39737606048584,141400
2021-12-02,15.338041767757774,15.397376023147,15.169926472319991,15.318263053894043,164100
2021-12-03,15.26881790161133,15.357820231813959,15.25892948733406,15.268817901611328,95600
2021-12-06,15.229260385969953,15.328152066867549,15.110590934753416,15.110590934753418,131100
2021-12-07,15.130369667704844,15.249039119074569,15.120480310982126,15.150147438049316,189200
2021-12-08,15.22925971605591,15.288594910604587,15.160036108333221,15.199592590332031,212800
2021-12-09,15.189703725868906,15.258928278933867,15.169925955779599,15.219371795654297,120000
2021-12-10,15.239150292896365,15.29848549219744,15.239150292896365,15.249039649963379,97700
2021-12-13,15.29848575592041,15.35782001314332,15.249039912833975,15.29848575592041,121100
2021-12-14,15.223557834060587,15.283101858226226,15.223557834060587,15.263254165649414,119100
2021-12-15,15.332722456708305,15.38234310763287,15.28310180578374,15.362494468688965,88300
2021-12-16,15.322798212716107,15.39226750292678,15.203709217771639,15.21363353729248,118200
2021-12-17,15.293025607146323,15.293025607146323,15.223557266066555,15.253329277038574,76700
2021-12-20,15.193786052139256,15.293026409397054,15.114392441323716,15.18386173248291,101400
2021-12-21,15.114392512164546,15.1937861233522,15.00522783473875,15.03499984741211,173000
2021-12-22,15.084620046834244,15.283101702759328,15.084620046834244,15.193785667419434,184300
2021-12-23,15.193785799416702,15.37241881808357,15.17393716043416,15.312874794006348,138300
2021-12-27,15.39226727130359,15.422039282982897,15.213633308357377,15.293025970458984,139700
2021-12-28,15.40219229244461,15.461736318516227,15.362495013149895,15.422039985656738,198800
2021-12-29,15.422039961408526,15.50143262700267,15.412115641600451,15.471660614013672,126300
2021-12-30,15.501432056739564,15.501432056739564,15.412115074623118,15.461735725402832,67800
2021-12-31,15.551052299809491,15.570899991739903,15.471659639217505,15.521280288696289,136500
2022-01-03,15.53120386101849,15.6304451612513,15.461735518716631,15.491507530212402,161800
2022-01-04,15.471660484823566,15.51135681728917,15.332722847976346,15.352571487426758,193600
2022-01-05,15.412114850123036,15.412114850123036,15.094544204055058,15.124316215515137,140000
2022-01-06,15.12431646771694,15.12431646771694,14.9953031539917,14.9953031539917,224500
2022-01-07,15.015151792919518,15.015151792919518,14.94568344954254,14.9953031539917,125100
2022-01-10,14.955606667409372,15.015151637139866,14.886138324753118,14.925834655761719,184400
2022-01-11,14.886137756639442,14.95560609664451,14.86628911867505,14.915909767150879,227400
2022-01-12,14.93575899722339,14.97545532829073,14.767049353578397,14.876214027404785,257200
2022-01-13,14.880695828322743,14.890656361681765,14.810973994587062,14.84085464477539,104900
2022-01-14,14.820934544950665,14.820934544950665,14.7611722946167,14.7611722946167,195400
2022-01-18,14.751213601372806,14.751213601372806,14.492245417444757,14.552006721496582,443500
2022-01-19,14.581887765194619,14.621728949666922,14.352800242062298,14.382680892944336,412800
2022-01-20,14.422522566348032,14.561967191672727,14.312959542807143,14.342840194702148,271400
2022-01-21,14.392641267528626,14.571927070617676,14.392641267528626,14.571927070617676,240100
2022-01-24,14.442443697475701,14.552006721496582,14.442443697475701,14.552006721496582,241600
2022-01-25,14.47232384682913,14.721331488136734,14.452403729466681,14.671529769897461,180200
2022-01-26,14.71137199302898,14.820935013904434,14.651609740804057,14.801013946533203,298900
2022-01-27,14.830895635389455,14.960379724402692,14.830895635389455,14.930498123168945,281000
2022-01-28,14.930498015165776,14.930498015165776,14.791054343305435,14.880696296691895,118600
2022-01-31,14.860775947570799,14.900617131751066,14.791054112727522,14.8607759475708,140900
2022-02-01,14.930497545229118,14.990259795494518,14.820934527946086,14.84085464477539,198100
2022-02-02,14.850815469514604,14.960379438836078,14.611768363540273,14.621728897094727,242000
2022-02-03,14.58188751215964,14.611768162523166,14.432482360564508,14.442442893981934,235300
2022-02-04,14.422522264990517,14.462364399869758,14.103792785066812,14.113753318786621,361500
2022-02-07,14.143633610391454,14.173514260902255,14.07391177590333,14.123713493347168,336900
2022-02-08,14.093831928869538,14.143633646440309,13.894626008475203,13.964348793029785,292900
2022-02-09,13.98426914215088,14.053990977973529,13.934467423753802,13.984269142150879,330100
2022-02-10,13.9245065675659,13.954388167845268,13.834864616394043,13.834864616394043,390800
2022-02-11,13.86474529838129,13.86474529838129,13.655578845392785,13.675498962402344,343400
2022-02-14,13.680000305175781,13.710000038146973,13.59000015258789,13.649999618530273,237900
2022-02-15,13.529999732971191,13.630000114440918,13.40999984741211,13.619999885559082,490900
2022-02-16,13.619999885559082,13.739999771118164,13.529999732971191,13.699999809265137,274400
2022-02-17,13.710000038146973,13.899999618530273,13.710000038146973,13.869999885559082,307700
2022-02-18,13.869999885559082,13.90999984741211,13.850000381469727,13.859999656677246,181200
