Date,Open,High,Low,Close,Volume
1993-12-14,4.426336288452148,4.426336288452148,4.377154598950114,4.426336288452148,7717345
1993-12-15,4.426336288452148,4.426336288452148,4.377154598950114,4.426336288452148,1833877
1993-12-16,4.426336288452148,4.450927133203166,4.401745443701131,4.426336288452148,624688
1993-12-17,4.426336163422863,4.426336163422863,4.401745319366455,4.401745319366455,490765
1993-12-20,4.401745443701131,4.426336288452148,4.401745443701131,4.426336288452148,546144
1993-12-21,4.401745319366455,4.426336163422863,4.377154475310047,4.401745319366455,311482
1993-12-22,4.401745443701131,4.426336288452148,4.401745443701131,4.426336288452148,274958
1993-12-23,4.426336288452148,4.426336288452148,4.401745443701131,4.426336288452148,147391
1993-12-27,4.426336163422863,4.426336163422863,4.401745319366455,4.401745319366455,164307
1993-12-28,4.401745443701131,4.426336288452148,4.401745443701131,4.426336288452148,283577
1993-12-29,4.426336288452148,4.450927133203166,4.401745443701131,4.426336288452148,256534
1993-12-30,4.450927133203166,4.450927133203166,4.426336288452148,4.426336288452148,153856
1993-12-31,4.426334515289132,4.450925350189209,4.401743680389056,4.450925350189209,200939
1994-01-03,4.426336288452148,4.450927133203166,4.426336288452148,4.426336288452148,312236
1994-01-04,4.450925350189209,4.450925350189209,4.426334515289132,4.450925350189209,236494
1994-01-05,4.426336288452148,4.475517977954183,4.426336288452148,4.426336288452148,240157
1994-01-06,4.426336288452148,4.450927133203166,4.426336288452148,4.426336288452148,150623
1994-01-07,4.450928803157692,4.47551965713501,4.426337949180374,4.47551965713501,312775
1994-01-10,4.475516983151256,4.549289096731337,4.450926143866209,4.524698257446289,436247
1994-01-11,4.500109485289239,4.623062918597353,4.500109485289239,4.57388162612915,514684
1994-01-12,4.598472474500858,4.598472474500858,4.57388162612915,4.57388162612915,364276
1994-01-13,4.573881441844333,4.647653579711914,4.573881441844333,4.647653579711914,420517
1994-01-14,4.647654895480383,4.672245749823072,4.573882736727629,4.623064041137695,417177
1994-01-17,4.647654895480383,4.647654895480383,4.598473591070317,4.623064041137695,165707
1994-01-18,4.598472289225259,4.647653579711914,4.598472289225259,4.647653579711914,343482
1994-01-19,4.623064041137695,4.623064041137695,4.598473591070317,4.623064041137695,256426
1994-01-20,4.623062732330988,4.647653579711914,4.598472289225259,4.647653579711914,220548
1994-01-21,4.623062732330988,4.672244427092839,4.598472289225259,4.647653579711914,252871
1994-01-24,4.62306160179569,4.647652443163109,4.598471164703369,4.598471164703369,362875
1994-01-25,4.573881441844333,4.647653579711914,4.573881441844333,4.647653579711914,267416
1994-01-26,4.6722418853770105,4.77060481711574,4.6722418853770105,4.721423149108887,852886
1994-01-27,4.746015923786822,4.844378895746764,4.721425079728051,4.819788455963135,593443
1994-01-28,4.81979040582851,4.844380855560303,4.770608697814312,4.844380855560303,455210
1994-01-31,4.844378895746764,4.844378895746764,4.7951976119043636,4.819788455963135,377743
1994-02-01,4.844378847194654,4.918151378631592,4.819788407657479,4.918151378631592,472125
1994-02-02,4.918150294262028,4.918150294262028,4.868968617481137,4.893559455871582,236494
1994-02-03,4.918150294262028,4.967331566767871,4.868968617481137,4.893559455871582,1557088
1994-02-04,4.8935599696543015,4.8935599696543015,4.746015328095728,4.795197010040283,623719
1994-02-07,4.7951976119043636,4.844378895746764,4.746015923786822,4.819788455963135,437433
1994-02-08,4.844378847194654,4.918151378631592,4.844378847194654,4.918151378631592,820671
1994-02-09,4.893561241497997,4.918152088861471,4.844379546771047,4.8689703941345215,510051
1994-02-10,4.868971709567401,4.8935625635745,4.770608697814312,4.844380855560303,1031307
1994-02-11,4.8689698654672595,4.991923684659249,4.8689698654672595,4.96733283996582,284978
1994-02-14,4.967335556976616,5.1148803015653925,4.967335556976616,5.041108131408691,1028397
1994-02-15,5.065698764390304,5.090289217165948,4.918154026359661,4.991926193237305,1524011
1994-02-16,4.991926415120641,5.041108131408691,4.967335556976616,5.041108131408691,334000
1994-02-17,5.016516480569166,5.0902886390686035,5.016516480569166,5.0902886390686035,340249
1994-02-18,5.065698189085665,5.0902886390686035,4.991925626310917,5.0902886390686035,334970
1994-02-22,5.0656968860523826,5.139469025575645,5.0656968860523826,5.114878177642822,277974
1994-02-23,5.139467896762817,5.18864917755127,5.090286211699246,5.1886491775512695,407373
1994-02-24,5.188649428282479,5.237831115722656,5.139468145117437,5.237831115722656,326243
1994-02-25,5.213240623474121,5.2378314688521,5.164058932718162,5.213240623474121,279052
1994-02-28,5.213240990411133,5.213240990411133,5.065696716308594,5.065696716308594,276251
1994-03-01,5.016517170159486,5.1640615074403895,5.016517170159486,5.139471054077148,600877
1994-03-02,5.065694713790034,5.16405725479126,5.016513039014388,5.16405725479126,316007
1994-03-03,5.1886503171660845,5.1886503171660845,5.0656968860523826,5.114878177642822,367616
1994-03-04,5.114878177642822,5.1886503171660845,5.0656968860523826,5.114878177642822,326566
1994-03-07,5.114877646237367,5.213240623474121,5.114877646237367,5.213240623474121,288964
1994-03-08,5.213240020083055,5.213240020083055,5.18864917755127,5.1886491775512695,241558
1994-03-09,5.188649778096141,5.287013159608059,5.164058932718162,5.213240623474121,270756
1994-03-10,5.2378314688521,5.311603600710875,5.213240623474121,5.213240623474121,349407
1994-03-11,5.237830944827262,5.360784755140941,5.213240101909502,5.31160306930542,317623
1994-03-14,5.311602245612443,5.36078392382115,5.2870118107831505,5.336193084716797,227012
1994-03-15,5.336193688751714,5.4099658101404104,5.262421567363018,5.360784530639648,266338
1994-03-16,5.409968852996827,5.483741420154274,5.360787545833862,5.409968852996826,243174
1994-03-17,5.409969283331916,5.434560141007141,5.262424945831299,5.262424945831299,282500
1994-03-18,5.2624214048722,5.434556484222412,5.2624214048722,5.434556484222412,282069
1994-03-21,5.434559708715976,5.483741420154274,5.385377997277677,5.409968852996826,138772
1994-03-22,5.512556552886963,5.512556552886963,5.3872715511772515,5.512556552886963,213760
1994-03-23,5.51255480334269,5.612783432006836,5.51255480334269,5.612783432006836,440665
1994-03-24,5.612783111827321,5.612783111827321,5.487497333144028,5.562668800354004,181438
1994-03-25,5.537611644617345,5.612783111827321,5.512554488880687,5.562668800354004,325165
1994-03-28,5.537611273854203,5.537611273854203,5.337154865264893,5.337154865264893,212144
1994-03-29,5.337157367913502,5.337157367913502,5.161758031136609,5.186814785003662,482792
1994-03-30,5.061529367902381,5.186814785003662,4.810958533699816,5.186814785003662,314283
1994-03-31,5.186813584591148,5.236927904610032,5.111642516504229,5.136699676513672,207942
1994-04-04,4.810956734652229,5.186812845405439,4.735785677278127,5.01141357421875,224750
1994-04-05,5.061528196485345,5.186813584591148,5.061528196485345,5.136699676513672,198676
1994-04-06,5.186813985210951,5.261985059103942,5.08658574937315,5.211871147155762,320963
1994-04-07,5.2118719508122195,5.2118719508122195,5.186814785003662,5.186814785003662,177559
1994-04-08,5.2118719508122195,5.2118719508122195,5.161758031136609,5.186814785003662,116038
1994-04-11,5.186814785003662,5.186814785003662,5.136700865328051,5.186814785003662,174219
1994-04-12,5.186814785003662,5.186814785003662,5.136700865328051,5.186814785003662,153640
1994-04-13,5.186810866253275,5.186810866253275,5.13669698443981,5.161754131317139,122179
1994-04-14,5.186813284558492,5.261984348297119,5.161756537939873,5.261984348297119,173896
1994-04-15,5.236925160007931,5.236925160007931,5.13669698443981,5.161754131317139,95890
1994-04-18,5.186813985210951,5.236928309100572,5.13670007326277,5.211871147155762,83931
1994-04-19,5.236929116620776,5.236929116620776,5.161758031136609,5.186814785003662,106018
1994-04-20,5.211868013130602,5.211868013130602,5.13669698443981,5.161754131317139,78113
1994-04-21,5.186810866253275,5.236925160007931,5.13669698443981,5.161754131317139,83069
1994-04-22,5.186812942633297,5.236927256449667,5.086584726941913,5.111641883850098,152778
1994-04-25,5.136699676513672,5.1617568365231135,5.111642516504229,5.136699676513672,180683
1994-04-26,5.1617568365231135,5.186813584591148,5.136699676513672,5.136699676513672,148576
1994-04-28,5.136700865328051,5.186814785003662,5.136700865328051,5.186814785003662,136617
1994-04-29,5.186812509328215,5.362212181091309,5.161755766454621,5.362212181091309,148468
1994-05-02,5.362214621966299,5.512556795408767,5.362214621966299,5.462442874908447,90611
1994-05-03,5.462440388409652,5.487497131283247,5.337155026276392,5.362212181091309,117547
1994-05-04,5.41232672234908,5.437383880143495,5.236927441670921,5.312098503112793,109897
1994-05-05,5.312100289524469,5.462442874908447,5.312100289524469,5.462442874908447,155903
1994-05-06,5.487499387768424,5.512556552886963,5.3872715511772515,5.512556552886963,106449
1994-05-09,5.512556552886963,5.58772804824258,5.3872715511772515,5.512556552886963,95567
1994-05-10,5.462440589348707,5.5877259560906625,5.462440589348707,5.562668800354004,89103
1994-05-11,5.562669840162878,5.562669840162878,5.412327289581299,5.412327289581299,111405
1994-05-12,5.437385469472838,5.537613718005502,5.412328304354299,5.512556552886963,87056
1994-05-13,5.562671127850597,5.562671127850597,5.387271788187213,5.462442874908447,70140
1994-05-16,5.43738437517628,5.4874982833862305,5.43738437517628,5.4874982833862305,158273
1994-05-17,5.487499387768424,5.512556552886963,5.437385469472838,5.512556552886963,154933
1994-05-18,5.512556552886963,5.537613718005502,5.437385469472838,5.512556552886963,168832
1994-05-19,5.512556702912901,5.537613868713379,5.462442783253449,5.537613868713379,86301
1994-05-20,5.487499387768424,5.537613718005502,5.487499387768424,5.512556552886963,95890
1994-05-23,5.537611644617345,5.562668800354004,5.512554488880687,5.562668800354004,187256
1994-05-24,5.5877259560906625,5.5877259560906625,5.512554488880687,5.562668800354004,203632
1994-05-25,5.537614638634775,5.587728977203369,5.537614638634775,5.587728977203369,169586
1994-05-26,5.562671034513857,5.562671034513857,5.512556702912901,5.537613868713379,179929
1994-05-27,5.537611644617345,5.612783111827321,5.537611644617345,5.562668800354004,87702
1994-05-31,5.587726923688949,5.587726923688949,5.4874982833862305,5.4874982833862305,101708
1994-06-01,5.537613961629682,5.537613961629682,5.437385708687533,5.462442874908447,110328
1994-06-02,5.487499629187853,5.512556795408767,5.437385708687533,5.462442874908447,79298
1994-06-03,5.512556552886963,5.512556552886963,5.437385469472838,5.512556552886963,48699
1994-06-06,5.537614638634775,5.612786146487666,5.487500300066181,5.587728977203369,95998
1994-06-07,5.587726274840799,5.612783432006836,5.562669117674763,5.612783432006836,87917
1994-06-08,5.587728977203369,5.612786146487666,5.562671807919072,5.587728977203369,94705
1994-06-09,5.58772804824258,5.612785213361119,5.512556552886963,5.512556552886963,161505
1994-06-10,5.512556702912901,5.562671034513857,5.4874995371124236,5.537613868713379,88672
1994-06-13,5.537611960508726,5.612783432006836,5.51255480334269,5.612783432006836,76928
1994-06-14,5.587728977203369,5.612786146487666,5.537614638634775,5.587728977203369,147391
1994-06-15,5.587728200314334,5.612785366114811,5.537613868713379,5.537613868713379,125843
1994-06-16,5.587728977203369,5.587728977203369,5.512557469350478,5.587728977203369,123257
1994-06-17,5.587726274840799,5.612783432006836,5.562669117674763,5.612783432006836,161613
1994-06-20,5.562671807919072,5.612786146487666,5.562671807919072,5.587728977203369,65507
1994-06-21,5.587726274840799,5.612783432006836,5.537611960508726,5.612783432006836,88241
1994-06-22,5.587728977203369,5.612786146487666,5.537614638634775,5.587728977203369,108173
1994-06-23,5.58772804824258,5.58772804824258,5.512556552886963,5.512556552886963,112806
1994-06-24,5.537611381132584,5.537611381132584,5.412326020351824,5.43738317489624,127351
1994-06-27,5.43738317489624,5.512554226588168,5.412326020351824,5.43738317489624,83500
1994-06-28,5.437381471012682,5.462438617705072,5.3371532961843124,5.387267589569092,150731
1994-06-29,5.364130615598219,5.415217757814867,5.287500322211287,5.389674186706543,74019
1994-06-30,5.389673949358061,5.440761089324951,5.33858722932919,5.440761089324951,128213
1994-07-01,5.440760724960019,5.440760724960019,5.338586871806788,5.364130020141602,103756
1994-07-05,5.389677374442215,5.389677374442215,5.26196028323814,5.338590621948242,105156
1994-07-06,5.338590364618431,5.338590364618431,5.236416444617168,5.261960029602051,329691
1994-07-07,5.287500381469727,5.287500381469727,5.210870087223977,5.287500381469727,167431
1994-07-08,5.287503346501983,5.313046932220459,5.261960180721786,5.313046932220459,70679
1994-07-11,5.3130470357321125,5.364133788226085,5.3130470357321125,5.338590621948242,93520
1994-07-12,5.3130433035339815,5.415217156687214,5.261956586926362,5.364130020141602,264183
1994-07-13,5.415220106406433,5.517394015214713,5.364132942033181,5.491850852966309,78759
1994-07-14,5.491852182118751,5.542938938917931,5.415221417012496,5.46630859375,239403
1994-07-15,5.5173927487499,5.542936325073242,5.491849592364684,5.542936325073242,295536
1994-07-18,5.594024501798174,5.696198833466363,5.5684813388193595,5.670655250549316,110436
1994-07-19,5.645111453039788,5.670655034985825,5.594024289147713,5.61956787109375,164738
1994-07-20,5.645109653472901,5.670653227276072,5.619566079669729,5.6451096534729,113668
1994-07-21,5.6451108087926585,5.6451108087926585,5.542936912607302,5.568480491638184,75635
1994-07-22,5.568478519304159,5.6195652393330295,5.389673949358061,5.440761089324951,64537
1994-07-25,5.415220106406433,5.517394015214713,5.415220106406433,5.491850852966309,33077
1994-07-26,5.4918482292918425,5.4918482292918425,5.440761089324951,5.440761089324951,59474
1994-07-27,5.491848471139838,5.491848471139838,5.389674186706543,5.389674186706543,57965
1994-07-28,5.41521692276001,5.4407604899293815,5.338586641189869,5.41521692276001,64645
1994-07-29,5.415217519341506,5.440761089324951,5.33858722932919,5.440761089324951,109250
1994-08-01,5.440761089324951,5.440761089324951,5.33858722932919,5.440761089324951,147391
1994-08-02,5.440760724960019,5.440760724960019,5.338586871806788,5.364130020141602,56026
1994-08-03,5.389673588414407,5.415217156687214,5.3130433035339815,5.364130020141602,70248
1994-08-04,5.338587464427934,5.415217757814867,5.313043893319611,5.389674186706543,43959
1994-08-05,5.415217757814867,5.415217757814867,5.338587464427934,5.389674186706543,36094
1994-08-08,5.389673949358061,5.4918482292918425,5.33858722932919,5.440761089324951,37925
1994-08-09,5.4407604899293815,5.491847624268125,5.389673355590638,5.41521692276001,31784
1994-08-10,5.440761328923191,5.440761328923191,5.338587464427934,5.389674186706543,63460
1994-08-11,5.389673588414407,5.389673588414407,5.338586871806788,5.364130020141602,69386
1994-08-12,5.389677374442215,5.389677374442215,5.3130470357321125,5.338590621948242,35447
1994-08-15,5.364130675715475,5.364130675715475,5.159782944434782,5.287500381469727,43420
1994-08-16,5.287500078985462,5.313043648918778,5.210869789123535,5.210869789123535,119055
1994-08-17,5.236416444617168,5.261960029602051,5.2108728596322855,5.261960029602051,59258
1994-08-18,5.261957230013173,5.287500381469727,5.2364136586185746,5.287500381469727,94382
1994-08-19,5.287500381469727,5.287500381469727,5.261957230013173,5.287500381469727,74881
1994-08-22,5.313043952864324,5.313043952864324,5.2364136586185746,5.287500381469727,86840
1994-08-23,5.287500381469727,5.338587524258921,5.261957230013173,5.287500381469727,86625
1994-08-24,5.3130470357321125,5.389677374442215,5.3130470357321125,5.338590621948242,87379
1994-08-25,5.338590517938935,5.389677269437608,5.313046932220459,5.313046932220459,108712
1994-08-26,5.338587524258921,5.338587524258921,5.287500381469727,5.287500381469727,110759
1994-08-29,5.338590621948242,5.338590621948242,5.287503449515982,5.338590621948242,44066
1994-08-30,5.338586871806788,5.389673588414407,5.287499735261176,5.364130020141602,53871
1994-08-31,5.389674186706543,5.389674186706543,5.338587464427934,5.389674186706543,48376
1994-09-01,5.389677374442215,5.389677374442215,5.3130470357321125,5.338590621948242,51608
1994-09-02,5.287503449515982,5.338590621948242,5.287503449515982,5.338590621948242,140496
1994-09-06,5.338590517938935,5.338590517938935,5.287503346501983,5.313046932220459,65830
1994-09-07,5.313046932220459,5.338590517938935,5.287503346501983,5.313046932220459,302971
1994-09-08,5.3130433035339815,5.389673588414407,5.287499735261176,5.364130020141602,75096
1994-09-09,5.364133683719132,5.364133683719132,5.287503346501983,5.313046932220459,94705
1994-09-12,5.313043648918778,5.313043648918778,5.159782649256903,5.210869789123535,416531
1994-09-13,5.261960029602051,5.261960029602051,5.2108728596322855,5.261960029602051,53117
1994-09-14,5.261956928990166,5.261956928990166,5.134239079323588,5.210869789123535,401770
1994-09-15,5.210871806378098,5.236415386199951,5.159784646734391,5.236415386199951,167431
1994-09-16,5.236413359056851,5.236413359056851,5.159782649256903,5.210869789123535,59581
1994-09-19,5.210873981414008,5.210873981414008,5.159786800446343,5.185330390930176,57642
1994-09-20,5.185324893067203,5.21086845646787,5.134237766265869,5.134237766265869,60228
1994-09-21,5.159787178039551,5.159787178039551,5.134243585686439,5.159787178039551,40511
1994-09-22,5.159786800446343,5.2364175718978405,5.159786800446343,5.185330390930176,132307
1994-09-23,5.185329274647403,5.261960029602051,5.15978568966252,5.261960029602051,144698
1994-09-26,5.261960029602051,5.261960029602051,5.2108728596322855,5.261960029602051,147176
1994-09-27,5.261960180721786,5.338590517938935,5.23641659500331,5.313046932220459,199646
1994-09-28,5.313046932220459,5.313046932220459,5.287503346501983,5.313046932220459,196629
1994-09-29,5.367613493588417,5.393669532897316,5.315500558230431,5.341557025909424,105910
1994-09-30,5.367613493588417,5.393669532897316,5.289444090551438,5.341557025909424,65292
1994-10-03,5.341553371391319,5.367609821243331,5.2894404716872945,5.315496921539307,41373
1994-10-04,5.341559019615614,5.341559019615614,5.237333109997921,5.263389587402344,39003
1994-10-05,5.263387380020452,5.289443846497203,5.237330913543701,5.237330913543701,59689
1994-10-06,5.263389132762159,5.263389132762159,5.107051138580264,5.1331071853637695,54948
1994-10-07,5.15916109085083,5.15916109085083,5.080992132694152,5.15916109085083,79837
1994-10-10,5.159161221364248,5.211274147033691,5.133104758529527,5.211274147033691,39218
1994-10-11,5.211274147033691,5.237330181498399,5.159161221364248,5.211274147033691,61090
1994-10-12,5.211274147033691,5.26338664433312,5.159161221364248,5.211274147033691,86625
1994-10-13,5.3155003129739535,5.3155003129739535,5.211274875437024,5.237330913543701,48484
1994-10-14,5.289446064806768,5.289446064806768,5.211277060963751,5.263389587402344,57750
1994-10-17,5.263389587402345,5.289446064806768,5.237333109997921,5.263389587402344,55703
1994-10-18,5.289443846497203,5.289443846497203,5.211274875437024,5.237330913543701,77036
1994-10-19,5.237330913543701,5.237330913543701,5.159161942483522,5.237330913543701,32969
1994-10-20,5.237332282918458,5.237332282918458,5.133106818130302,5.185219764709473,80052
1994-10-21,5.237330049007508,5.237330049007508,5.1331046286752695,5.15916109085083,71110
1994-10-24,5.185217821410545,5.185217821410545,5.054935932159424,5.054935932159424,65507
1994-10-25,5.054938419833403,5.133107420505176,5.028881943486065,5.107051372528076,38679
1994-10-26,5.107048859207882,5.107048859207882,4.976766969956761,5.054935932159424,79945
1994-10-27,5.054936691692536,5.107049626571261,4.924654782865813,4.950711250305176,62383
1994-10-28,5.002823352813721,5.054936283484096,4.9507108505134,5.002823352813721,72834
1994-10-31,5.054934089500224,5.054934089500224,4.846483314032345,4.976765155792236,170448
1994-11-01,4.924652247740332,5.002821181448319,4.872539768058297,4.976765155792236,210097
1994-11-02,4.924655437469482,5.002824421807994,4.84648645313097,4.924655437469482,337771
1994-11-03,4.924657057784116,4.950713537260126,4.872544527202383,4.8986005783081055,107527
1994-11-04,4.924653925043497,4.924653925043497,4.846484964711701,4.872541427612305,50639
1994-11-07,4.872544527202383,4.924657057784116,4.872544527202383,4.8986005783081055,52147
1994-11-08,4.898598119197716,4.924654585593305,4.846485614776611,4.846485614776611,108065
1994-11-09,4.872541427612305,4.898597462142893,4.872541427612305,4.872541427612305,92012
1994-11-10,4.872541777813288,4.872541777813288,4.7943723834932594,4.820428848266602,154287
1994-11-11,4.7943723834932594,4.820428848266602,4.742259882316619,4.820428848266602,154394
1994-11-14,4.872545348050623,4.872545348050623,4.794375896453857,4.794375896453857,64430
1994-11-15,4.768319840958629,4.794375896453857,4.742263357093041,4.794375896453857,127351
1994-11-16,4.846485313039945,4.846485313039945,4.7943723834932594,4.820428848266602,433985
1994-11-17,4.846485313039945,4.846485313039945,4.7943723834932594,4.820428848266602,95567
1994-11-18,4.820429148381022,4.846485614776611,4.7943726819854335,4.846485614776611,376127
1994-11-21,4.846485313039945,4.846485313039945,4.7943723834932594,4.820428848266602,58935
1994-11-22,4.820428848266602,4.820428848266602,4.742259882316619,4.820428848266602,139741
1994-11-23,4.820428848266602,4.872541777813288,4.7943723834932594,4.820428848266602,35339
1994-11-25,4.820429982228084,4.924655437469482,4.820429982228084,4.924655437469482,25643
1994-11-28,4.9507119083723685,4.9507119083723685,4.898598966566595,4.924655437469482,116792
1994-11-29,4.924655437469482,4.924655437469482,4.872542924033856,4.924655437469482,60228
1994-11-30,4.898598966566595,4.924655437469482,4.898598966566595,4.924655437469482,36740
1994-12-01,4.924655437469482,4.976768379275255,4.924655437469482,4.924655437469482,70032
1994-12-02,4.8986005783081055,4.924657057784116,4.872544527202383,4.8986005783081055,137910
1994-12-05,4.8986005783081055,4.924657057784116,4.872544527202383,4.8986005783081055,109035
1994-12-06,4.924655437469482,4.924655437469482,4.872542924033856,4.924655437469482,100308
1994-12-07,4.872541427612305,4.924653925043497,4.846484964711701,4.872541427612305,78005
1994-12-08,4.898601403545851,4.898601403545851,4.742263357093041,4.794375896453857,102355
1994-12-09,4.7683186531066895,4.846487656860151,4.7683186531066895,4.7683186531066895,61844
1994-12-12,4.794372038910494,4.898597462142893,4.794372038910494,4.872541427612305,62167
1994-12-13,4.898598966566595,5.054937363613766,4.898598966566595,4.924655437469482,98584
1994-12-14,4.950712555282345,5.080994498450581,4.950712555282345,5.028881549835205,196629
1994-12-15,5.028877880727404,5.080990791320801,5.028877880727404,5.080990791320801,192212
1994-12-16,5.1070507732109025,5.211276237999058,5.1070507732109025,5.185219764709473,90072
1994-12-19,5.211274875437024,5.3155003129739535,5.185218408960273,5.237330913543701,117116
1994-12-20,5.289443107167841,5.289443107167841,5.159161221364248,5.211274147033691,86301
1994-12-21,5.211274147033691,5.26338664433312,5.159161221364248,5.211274147033691,113021
1994-12-22,5.159161221364248,5.211274147033691,5.133104758529527,5.211274147033691,48053
1994-12-23,5.211274284934774,5.211274284934774,5.002823005110965,5.054935932159424,76066
1994-12-27,5.080994896180739,5.1591638968525135,4.898599990119618,5.107051372528076,70463
1994-12-28,5.162780284881592,5.216005013337907,5.109555556425277,5.162780284881592,45036
1994-12-29,5.18939264910975,5.18939264910975,4.97649461030263,5.162780284881592,32323
1994-12-30,5.18939264910975,5.18939264910975,5.109555556425277,5.162780284881592,111836
1995-01-03,5.162781704178114,5.322455495933793,5.162781704178114,5.295843124389648,30060
1995-01-04,5.269230752845503,5.3490674299687475,5.269230752845503,5.295843124389648,34477
1995-01-05,5.295841019379177,5.34906530380249,5.295841019379177,5.34906530380249,31676
1995-01-06,5.322455678156805,5.3490676131028625,5.189394253389694,5.242618560791016,134785
1995-01-09,5.216004648022149,5.295841297605994,5.1627799232935585,5.269228935241699,44066
1995-01-10,5.216005013337907,5.269229304285152,5.162780284881592,5.162780284881592,38787
1995-01-11,5.189394686665471,5.189394686665471,4.9764965642663705,5.003108501434326,287348
1995-01-12,5.0031040030492555,5.136165319288067,5.0031040030492555,5.082941055297852,38248
1995-01-13,5.136168086369753,5.136168086369753,4.949882405780362,5.109555721282959,61197
1995-01-16,5.056331428618455,5.136168086369753,5.056331428618455,5.109555721282959,65615
1995-01-17,5.082941055297852,5.1095529685385355,5.05632870454832,5.082941055297852,65076
1995-01-18,5.1095529685385355,5.1095529685385355,5.05632870454832,5.082941055297852,37063
1995-01-19,5.109555721282959,5.136168086369753,5.082943793705249,5.109555721282959,53332
1995-01-20,5.082941055297852,5.1095529685385355,5.05632870454832,5.082941055297852,44497
1995-01-23,5.109557562633877,5.109557562633877,4.949884189589172,5.003108501434326,39649
1995-01-24,5.056331634521484,5.1095559293533785,5.029719268350986,5.056331634521484,114961
1995-01-25,5.056333250788723,5.056333250788723,4.9764965642663705,5.003108501434326,68201
1995-01-26,4.9498831596488815,5.029719829559326,4.9498831596488815,5.029719829559326,35232
1995-01-27,5.056332198699192,5.056332198699192,5.003107460419461,5.029719829559326,52470
1995-01-30,5.082941864204629,5.082941864204629,4.949880526790241,4.976492881774902,56672
1995-01-31,5.029717154235306,5.029717154235306,4.976492881774902,4.976492881774902,35770
1995-02-01,4.949883772228485,4.976496144661801,4.790209975137797,4.870047092437744,120671
1995-02-02,4.870047092437744,4.896659027361855,4.843434720004429,4.870047092437744,113452
1995-02-03,4.92327139979517,4.92327139979517,4.843434720004429,4.870047092437744,112806
1995-02-06,4.92327139979517,4.92327139979517,4.843434720004429,4.870047092437744,144374
1995-02-07,4.896657385179365,4.923269748687744,4.843433095671666,4.923269748687744,102463
1995-02-08,4.92326817180558,5.056329509219967,4.92326817180558,4.976492881774902,113668
1995-02-09,5.003108501434326,5.029720876111524,4.9764965642663705,5.003108501434326,113883
1995-02-10,5.029720876111524,5.056333250788723,4.896659440234775,5.003108501434326,140280
1995-02-13,5.029717154235306,5.029717154235306,4.976492881774902,4.976492881774902,77467
1995-02-14,5.029720876111524,5.029720876111524,4.949884189589172,5.003108501434326,61736
1995-02-15,5.029717154235306,5.029717154235306,4.92326817180558,4.976492881774902,79298
1995-02-16,5.003108501434326,5.029720876111524,4.9764965642663705,5.003108501434326,94274
1995-02-17,5.003108501434326,5.029720876111524,4.9764965642663705,5.003108501434326,74019
1995-02-21,5.029719268350986,5.082944000691983,5.003106902180488,5.056331634521484,61521
1995-02-22,5.056331428618455,5.109555721282959,5.02971906353166,5.109555721282959,122287
1995-02-23,5.109555721282959,5.162780451456547,5.082943793705249,5.109555721282959,189410
1995-02-24,5.136171045089325,5.269232509665001,5.109558664672322,5.216008186340332,65938
1995-02-27,5.189392089843749,5.2426163750549595,5.162779728483633,5.18939208984375,72510
1995-02-28,5.189392089843749,5.216004451203866,5.136167367123516,5.18939208984375,75312
1995-03-01,5.189392285657854,5.295841297605994,5.1627799232935585,5.269228935241699,82638
1995-03-02,5.2958448900820025,5.2958448900820025,5.082946721764657,5.216008186340332,241234
1995-03-03,5.216004451203866,5.216004451203866,5.162779728483633,5.18939208984375,340680
1995-03-06,5.189394253389694,5.242618560791015,5.189394253389694,5.242618560791016,79837
1995-03-07,5.242616572877404,5.269228935241699,5.189392285657854,5.269228935241699,72834
1995-03-08,5.295841297605994,5.322453659970289,5.216004648022149,5.269228935241699,124442
1995-03-09,5.2958431243896475,5.3490674299687475,5.2958431243896475,5.295843124389648,47083
1995-03-10,5.2958448900820025,5.322457270499005,5.136171045089325,5.216008186340332,122395
1995-03-13,5.242620129247998,5.242620129247998,5.216008186340332,5.216008186340332,53225
1995-03-14,5.269228775723047,5.3490654228899475,5.242616414164405,5.322453498840332,98584
1995-03-15,5.322455397436447,5.482129186237204,5.295843026384791,5.455516815185547,88025
1995-03-16,5.428903665145671,5.455516032378744,5.349066563446451,5.402291297912598,141142
1995-03-17,5.402291297912598,5.402291297912598,5.375678930679524,5.402291297912598,83069
1995-03-20,5.402285993400794,5.535347261404004,5.375673652298413,5.428898334503174,102786
1995-03-21,5.4289047145419795,5.455517086919171,5.375679969787598,5.375679969787598,88995
1995-03-22,5.37567778444859,5.37567778444859,5.269228775723047,5.322453498840332,57965
1995-03-23,5.375679969787598,5.4289047145419795,5.349067597410407,5.375679969787598,50423
1995-03-24,5.349067597410407,5.375679969787598,5.349067597410407,5.375679969787598,54194
1995-03-27,5.37567778444859,5.37567778444859,5.322453498840332,5.322453498840332,69278
1995-03-28,5.322455495933793,5.322455495933793,5.269230752845503,5.295843124389648,69278
1995-03-29,5.269228775723047,5.37567778444859,5.269228775723047,5.322453498840332,146529
1995-03-30,5.410804130356598,5.410804130356598,5.329234376082168,5.3836140632629395,44821
1995-03-31,5.383612694658647,5.383612694658647,5.2748529009391145,5.3020429611206055,98476
1995-04-03,5.274855478742622,5.3020455522118075,5.220475331804252,5.2476654052734375,19717
1995-04-04,5.22047233581543,5.24766239368045,5.1389026092267605,5.22047233581543,156226
1995-04-05,5.2476654052734375,5.274855478742622,5.193285705341717,5.2476654052734375,47406
1995-04-06,5.2748524515454704,5.2748524515454704,5.193282724956802,5.22047233581543,46006
1995-04-07,5.22047233581543,5.24766239368045,5.22047233581543,5.22047233581543,32861
1995-04-10,5.24766239368045,5.24766239368045,5.22047233581543,5.22047233581543,41265
1995-04-11,5.220475331804252,5.274855478742622,5.220475331804252,5.2476654052734375,33077
1995-04-12,5.274855478742622,5.274855478742622,5.2476654052734375,5.2476654052734375,51716
1995-04-13,5.2476654052734375,5.274855478742622,5.2476654052734375,5.2476654052734375,1503109
1995-04-17,5.24766239368045,5.24766239368045,5.166092667091782,5.22047233581543,535478
1995-04-18,5.1932806968688965,5.1932806968688965,5.166090649622175,5.1932806968688965,142650
1995-04-19,5.193286153677683,5.193286153677683,5.111715926228176,5.138906002044678,385609
1995-04-20,5.138906002044678,5.16609607786118,5.084526297418362,5.138906002044678,236601
1995-04-21,5.138906002044678,5.138906002044678,5.111715926228176,5.138906002044678,97614
1995-04-24,5.111715926228176,5.16609607786118,5.111715926228176,5.138906002044678,46114
1995-04-25,5.1660943031311035,5.1660943031311035,5.1117141701795346,5.1660943031311035,142866
1995-04-26,5.138904430600095,5.166094498102047,5.1117143630981445,5.1117143630981445,52255
1995-04-27,5.16609607786118,5.16609607786118,5.138906002044678,5.138906002044678,79406
1995-04-28,5.1660943031311035,5.1932843696068876,5.1389042366553195,5.1660943031311035,96752
1995-05-01,5.1660943031311035,5.1660943031311035,5.1389042366553195,5.1660943031311035,60551
1995-05-02,5.138900602375453,5.1932806968688965,5.138900602375453,5.1932806968688965,57750
1995-05-03,5.1932843696068876,5.1932843696068876,5.1389042366553195,5.1660943031311035,104617
1995-05-04,5.1932843696068876,5.1932843696068876,5.1389042366553195,5.1660943031311035,244682
1995-05-05,5.138905558403347,5.2476654052734375,5.138905558403347,5.2476654052734375,81884
1995-05-08,5.247663167647477,5.302043291397931,5.193283490903483,5.274853229522705,290688
1995-05-09,5.3292335759954526,5.492373060051911,5.3292335759954526,5.410803318023682,512529
1995-05-10,5.492373060051911,5.492373060051911,5.356423192000544,5.410803318023682,344559
1995-05-11,5.43799338103525,5.43799338103525,5.356423192000544,5.410803318023682,139741
1995-05-12,5.356423192000544,5.410803318023682,5.356423192000544,5.410803318023682,47730
1995-05-15,5.437994053956442,5.437994053956442,5.356423854827881,5.356423854827881,54841
1995-05-16,5.410803318023682,5.43799338103525,5.356423192000544,5.410803318023682,78652
1995-05-17,5.410804130356598,5.437994197450256,5.3836140632629395,5.3836140632629395,70787
1995-05-18,5.4108039875802545,5.4108039875802545,5.356423854827881,5.356423854827881,85116
1995-05-19,5.3292335759954526,5.410803318023682,5.302043512983883,5.410803318023682,71002
1995-05-22,5.3836140632629395,5.437994197450256,5.329234376082168,5.3836140632629395,150192
1995-05-23,5.356422634477156,5.383612694658647,5.247662840757624,5.3020429611206055,206972
1995-05-24,5.302045955043616,5.329236030578612,5.247665803973623,5.329236030578613,100739
1995-05-25,5.329234376082168,5.437994197450256,5.302044308988509,5.3836140632629395,83931
1995-05-26,5.356422178134139,5.4108022938641795,5.193282724956802,5.22047233581543,65723
1995-05-30,5.220474107707534,5.410804130356598,5.220474107707534,5.3836140632629395,62598
1995-05-31,5.410803318023682,5.465182997040341,5.383613255012112,5.410803318023682,129829
1995-06-01,5.43799338103525,5.465182997040341,5.383613255012112,5.410803318023682,59474
1995-06-02,5.410803937173015,5.465183622412253,5.383613871050132,5.437994003295898,137371
1995-06-05,5.465184211730957,5.492374280785784,5.410804520627878,5.465184211730957,60874
1995-06-06,5.437994589682706,5.492374280785784,5.383614451573051,5.465184211730957,76497
1995-06-07,5.465183622412253,5.492373688535136,5.437994003295898,5.437994003295898,76389
1995-06-08,5.437994197450256,5.437994197450256,5.302044308988509,5.3836140632629395,66908
1995-06-09,5.356425659106926,5.437995885711915,5.302045955043616,5.329236030578613,122179
1995-06-12,5.329235625680993,5.356425252143528,5.220475331804252,5.2476654052734375,127243
1995-06-13,5.274855478742622,5.274855478742622,5.193285705341717,5.2476654052734375,235847
1995-06-14,5.274855879508619,5.329236030578612,5.247665803973623,5.329236030578613,103217
1995-06-15,5.356423192000544,5.465182997040341,5.3292335759954526,5.410803318023682,136832
1995-06-16,5.43799338103525,5.43799338103525,5.383613255012112,5.410803318023682,67662
1995-06-19,5.383613255012112,5.43799338103525,5.3292335759954526,5.410803318023682,186717
1995-06-20,5.410804130356598,5.437994197450256,5.3836140632629395,5.3836140632629395,70140
1995-06-21,5.437994197450256,5.437994197450256,5.3836140632629395,5.3836140632629395,72403
1995-06-22,5.3292335759954526,5.43799338103525,5.3292335759954526,5.410803318023682,65076
1995-06-23,5.383614451573051,5.5195643498406115,5.383614451573051,5.465184211730957,79406
1995-06-26,5.43799338103525,5.492373060051911,5.410803318023682,5.410803318023682,46006
1995-06-27,5.410803318023682,5.465182997040341,5.410803318023682,5.410803318023682,47299
1995-06-28,5.437994589682706,5.492374280785784,5.410804520627878,5.465184211730957,51716
1995-06-29,5.43799338103525,5.492373060051911,5.383613255012112,5.410803318023682,116038
1995-06-30,5.437994589682706,5.465184211730957,5.383614451573051,5.465184211730957,40834
1995-07-03,5.465184211730957,5.492374280785784,5.437994589682706,5.465184211730957,31030
1995-07-05,5.492374280785784,5.5195643498406115,5.437994589682706,5.465184211730957,53225
1995-07-06,5.465183543466525,5.519563674926759,5.465183543466525,5.519563674926758,98368
1995-07-07,5.519563957552145,5.6011341589192405,5.492373890429779,5.573944091796875,144267
1995-07-10,5.664164742009437,5.691930353904659,5.553102750897091,5.608633518218994,97183
1995-07-11,5.636399130114215,5.636399130114215,5.608633518218994,5.608633518218994,76066
1995-07-12,5.580865859985352,5.636397063414146,5.553100714739328,5.580865859985352,98476
1995-07-13,5.608630695511133,5.608630695511133,5.442038020919532,5.525334358215332,249961
1995-07-14,5.553101539611816,5.553101539611816,5.497570327934269,5.553101539611816,42343
1995-07-17,5.553099956136703,5.553099956136703,5.497568760293962,5.525334358215332,44390
1995-07-18,5.553100283281682,5.553100283281682,5.469803484610379,5.4975690841674805,69494
1995-07-19,5.497567675535389,5.52533326797816,5.386505762232521,5.414271354675293,53117
1995-07-20,5.442040088628644,5.497570849102048,5.414274480157701,5.4698052406311035,46437
1995-07-21,5.469804722095494,5.553101539611816,5.469804722095494,5.553101539611816,58719
1995-07-24,5.553099956136703,5.553099956136703,5.442038020919532,5.525334358215332,66908
1995-07-25,5.4975690841674805,5.525334683724581,5.442038341521616,5.4975690841674805,48268
1995-07-26,5.497570849102048,5.497570849102048,5.442040088628644,5.4698052406311035,48484
1995-07-27,5.525334358215332,5.553099956136703,5.497568760293962,5.525334358215332,104402
1995-07-28,5.525334683724581,5.525334683724581,5.469803484610379,5.4975690841674805,64106
1995-07-31,5.4975687990000175,5.4975687990000175,5.442038059234619,5.442038059234619,41912
1995-08-01,5.442038059234619,5.4975687990000175,5.386506863000907,5.442038059234619,676189
1995-08-02,5.4975687990000175,5.4975687990000175,5.414272461117763,5.442038059234619,65723
1995-08-03,5.442038059234619,5.469803200883161,5.414272461117763,5.442038059234619,47730
1995-08-04,5.414271354675293,5.469802083092617,5.386505762232521,5.414271354675293,85547
1995-08-07,5.469803484610379,5.4975690841674805,5.442038341521616,5.4975690841674805,102678
1995-08-08,5.4975687990000175,5.4975687990000175,5.442038059234619,5.442038059234619,49130
1995-08-09,5.442038341521616,5.4975690841674805,5.442038341521616,5.4975690841674805,57211
1995-08-10,5.469805240631104,5.497570849102048,5.442040088628644,5.4698052406311035,100092
1995-08-11,5.469803484610379,5.525334683724581,5.442038341521616,5.4975690841674805,144482
1995-08-14,5.469803484610379,5.4975690841674805,5.442038341521616,5.4975690841674805,97507
1995-08-15,5.497570849102048,5.497570849102048,5.469805240631104,5.4698052406311035,37494
1995-08-16,5.497567675535389,5.497567675535389,5.386505762232521,5.414271354675293,133492
1995-08-17,5.442040499301197,5.442040499301197,5.358743667602539,5.358743667602539,89749
1995-08-18,5.3865092781687585,5.3865092781687585,5.358743667602539,5.358743667602539,47622
1995-08-21,5.386505762232521,5.414271354675293,5.3587401697897485,5.414271354675293,62814
1995-08-22,5.386506863000907,5.469803200883161,5.386506863000907,5.442038059234619,56457
1995-08-23,5.469805240631104,5.497570849102048,5.442040088628644,5.4698052406311035,44713
1995-08-24,5.4975690841674805,5.4975690841674805,5.469803484610379,5.4975690841674805,61628
1995-08-25,5.497570849102048,5.525336457572991,5.469805240631104,5.4698052406311035,51932
1995-08-28,5.469803484610379,5.4975690841674805,5.442038341521616,5.4975690841674805,124442
1995-08-29,5.469805240631104,5.497570849102048,5.442040088628644,5.4698052406311035,80483
1995-08-30,5.4975687990000175,5.4975687990000175,5.442038059234619,5.442038059234619,111944
1995-08-31,5.469805240631104,5.497570849102048,5.442040088628644,5.4698052406311035,36848
1995-09-01,5.497570327934269,5.553101539611816,5.469804722095494,5.553101539611816,64753
1995-09-05,5.553099956136703,5.553099956136703,5.497568760293962,5.525334358215332,38895
1995-09-06,5.553099956136703,5.553099956136703,5.497568760293962,5.525334358215332,209020
1995-09-07,5.497568760293962,5.553099956136703,5.497568760293962,5.525334358215332,196414
1995-09-08,5.525337139001869,5.608633518218994,5.525337139001869,5.608633518218994,133492
1995-09-11,5.608631461699749,5.608631461699749,5.553100714739328,5.580865859985352,66369
1995-09-12,5.608632707547704,5.6363983154296875,5.5808670996657215,5.6363983154296875,225720
1995-09-13,5.6641643481556,5.747460721580767,5.6363987381910405,5.719695568084717,220871
1995-09-14,5.691928386688232,5.719693988987243,5.664162784389223,5.691928386688232,149438
1995-09-15,5.6641643481556,5.719695568084717,5.6641643481556,5.719695568084717,93197
1995-09-18,5.719695139075636,5.719695139075636,5.6363983154296875,5.6363983154296875,272480
1995-09-19,5.6363983154296875,5.6363983154296875,5.608632707547704,5.6363983154296875,100954
1995-09-20,5.636396559732865,5.6641621589660645,5.608630960499665,5.6641621589660645,150192
1995-09-21,5.747460721580767,5.775226331545326,5.691929958120158,5.719695568084717,102032
1995-09-22,5.719695568084717,5.719695568084717,5.691929958120158,5.719695568084717,99661
1995-09-25,5.747460721580767,5.747460721580767,5.691929958120158,5.719695568084717,71002
1995-09-26,5.747461318969727,5.747461318969727,5.719696162587777,5.747461318969727,220117
1995-09-27,5.719695568084717,5.719695568084717,5.691929958120158,5.719695568084717,52794
1995-09-28,5.6641621589660645,5.691927758199264,5.636396559732865,5.6641621589660645,99230
1995-09-29,5.6919295311936535,5.6919295311936535,5.6363983154296875,5.6363983154296875,47083
1995-10-02,5.6363983154296875,5.66416392331167,5.6363983154296875,5.6363983154296875,114637
1995-10-03,5.6641621589660645,5.691927758199264,5.636396559732865,5.6641621589660645,34908
1995-10-04,5.66416392331167,5.66416392331167,5.6363983154296875,5.6363983154296875,67123
1995-10-05,5.66416392331167,5.66416392331167,5.6363983154296875,5.6363983154296875,85763
1995-10-06,5.700061648375076,5.700061648375076,5.643344879150391,5.643344879150391,166461
1995-10-09,5.643345371944449,5.67170399214195,5.55826997756958,5.55826997756958,65938
1995-10-10,5.558270755928362,5.586628913879394,5.501553507590894,5.5866289138793945,66477
1995-10-11,5.614987850189209,5.614987850189209,5.586629224443999,5.614987850189209,54194
1995-10-12,5.614987538048128,5.614987538048128,5.558270755928362,5.5866289138793945,55810
1995-10-13,5.586628913879394,5.614987538048128,5.558270755928362,5.5866289138793945,102355
1995-10-16,5.558268701271201,5.5866268487394235,5.444834246528192,5.529910087585449,56672
1995-10-17,5.501554012298585,5.529912639068914,5.444836758757926,5.501554012298584,46976
1995-10-18,5.5015525955540046,5.5015525955540046,5.416477203369141,5.416477203369141,105048
1995-10-19,5.416477203369141,5.416477203369141,5.359759964434148,5.416477203369141,50316
1995-10-20,5.416477526744967,5.416477526744967,5.331401663263259,5.359760284423828,75743
1995-10-23,5.359759964434148,5.444835356619012,5.331401344966652,5.416477203369141,46760
1995-10-24,5.388122081756591,5.444838891293313,5.359763443879267,5.388122081756592,48268
1995-10-25,5.359760284423829,5.388118905584398,5.331401663263259,5.359760284423828,56780
1995-10-26,5.388120514722138,5.388120514722138,5.3314032554626465,5.3314032554626465,122072
1995-10-27,5.359761885092392,5.359761885092392,5.303045092050693,5.3314032554626465,49669
1995-10-30,5.331401663263259,5.388118905584398,5.331401663263259,5.359760284423828,95783
1995-10-31,5.359761757158079,5.359761757158079,5.274686336517335,5.274686336517334,86840
1995-11-01,5.274687348740575,5.303045983135497,5.161253277378759,5.189611911773682,133492
1995-11-02,5.217967824396771,5.274685068669635,5.189609668478008,5.246326446533203,160320
1995-11-03,5.246326446533203,5.303043690806067,5.217967824396771,5.246326446533203,192858
1995-11-06,5.246326446533203,5.274685068669635,5.189609668478008,5.246326446533203,69386
1995-11-07,5.217969078611651,5.274686336517335,5.217969078611651,5.274686336517334,84147
1995-11-08,5.246327832791203,5.3314032554626465,5.246327832791203,5.3314032554626465,96860
1995-11-09,5.331402578615911,5.473195242545597,5.331402578615911,5.444836616516113,104941
1995-11-10,5.444836561935679,5.643346475934418,5.416478402408197,5.614987850189209,100739
1995-11-13,5.5866268487394235,5.5866268487394235,5.444834246528192,5.529910087585449,50962
1995-11-14,5.558270166330161,5.586628321273078,5.303043508320343,5.359760284423828,66692
1995-11-15,5.388118583901645,5.473193976086508,5.359759964434148,5.416477203369141,79837
1995-11-16,5.473197529170637,5.473197529170637,5.388122081756591,5.388122081756592,63137
1995-11-17,5.359763443879267,5.416480719633916,5.303046634342546,5.388122081756592,72726
1995-11-20,5.444837307763836,5.444837307763836,5.3314032554626465,5.3314032554626465,86086
1995-11-21,5.359760284423829,5.388118905584398,5.303043508320343,5.359760284423828,69386
1995-11-22,5.388120514722138,5.416479144351882,5.303045092050693,5.3314032554626465,74450
1995-11-24,5.331404395979922,5.331404395979922,5.303046226501466,5.303046226501465,37279
1995-11-27,5.303045092050693,5.359761885092392,5.274686462420948,5.3314032554626465,222056
1995-11-28,5.331401663263259,5.388118905584398,5.303043508320343,5.359760284423828,150623
1995-11-29,5.359761757158079,5.359761757158079,5.274686336517335,5.274686336517334,95890
1995-11-30,5.274685068669635,5.303043690806067,5.189609668478008,5.246326446533203,188441
1995-12-01,5.303044965470177,5.303044965470177,5.246327707564493,5.274686336517334,93089
1995-12-04,5.274687643202449,5.274687643202449,5.189612201486179,5.217970371246338,208050
1995-12-05,5.217969078611651,5.303044965470177,5.18961091587659,5.274686336517334,180899
1995-12-06,5.303043328227339,5.55826997756958,5.274684708029837,5.55826997756958,240696
1995-12-07,5.558271120634049,5.558271120634049,5.388119830674879,5.444836616516113,318485
1995-12-08,5.444838891293313,5.444838891293313,5.303046634342546,5.388122081756592,105587
1995-12-11,5.388122081756591,5.473197529170637,5.388122081756591,5.388122081756592,102894
1995-12-12,5.416478598205342,5.529912639068914,5.416478598205342,5.501554012298584,120456
1995-12-13,5.473196820036817,5.728423595428466,5.444838185833774,5.728423595428467,149761
1995-12-14,5.614987538048128,5.643346162216862,5.558270755928362,5.5866289138793945,123472
1995-12-15,5.586629659840688,5.700063705444337,5.5582714981031,5.700063705444336,66477
1995-12-18,5.586628131549445,5.643345371944449,5.55826997756958,5.55826997756958,187687
1995-12-19,5.529912439171308,5.643346475934418,5.501553813426098,5.614987850189209,115607
1995-12-20,5.614987538048128,5.614987538048128,5.558270755928362,5.5866289138793945,75419
1995-12-21,5.586628131549445,5.6149867517469465,5.55826997756958,5.55826997756958,141573
1995-12-22,5.586628913879394,5.614987538048128,5.5299121317596285,5.5866289138793945,105910
1995-12-26,5.558269492204564,5.671703496871531,5.558269492204564,5.643344879150391,49346
1995-12-27,5.643344879150391,5.700061648375076,5.61498626142925,5.643344879150391,71433
1995-12-28,5.643345371944449,5.643345371944449,5.529911357372079,5.55826997756958,95890
1995-12-29,5.5866268487394235,5.5866268487394235,5.5015514738996965,5.529910087585449,133169
1996-01-02,5.5015514738996965,5.529910087585449,5.473192860213945,5.529910087585449,148899
1996-01-03,5.529910087585449,5.558268701271201,5.5015514738996965,5.529910087585449,192535
1996-01-04,5.501554012298585,5.529912639068914,5.444836758757926,5.501554012298584,89641
1996-01-05,5.5015551390787385,5.5015551390787385,5.444837873921749,5.473196506500244,408665
1996-01-08,5.5015551390787385,5.5015551390787385,5.444837873921749,5.473196506500244,33077
1996-01-09,5.473195385528255,5.529912639068914,5.444836758757926,5.501554012298584,97937
1996-01-10,5.508658625930734,5.508658625930734,5.392686930610284,5.421679973602295,153317
1996-01-11,5.392686930610284,5.421679973602295,5.3636938876182745,5.421679973602295,96752
1996-01-12,5.421680280242612,5.421680280242612,5.3347011463472,5.363694190979004,74988
1996-01-15,5.392687959767097,5.479666628694809,5.363694911241966,5.450673580169678,228413
1996-01-16,5.479666233062744,5.508659279494577,5.421680616846727,5.479666233062744,76066
1996-01-17,5.508657073516026,5.566642666511324,5.479664038694648,5.537650108337402,83177
1996-01-18,5.537651625624215,5.6246302772725745,5.479665540093584,5.566644191741943,214191
1996-01-19,5.595635701332702,5.624628736154079,5.537650108337402,5.537650108337402,179714
1996-01-22,5.537650108337402,5.537650108337402,5.479664038694648,5.537650108337402,118732
1996-01-23,5.479665582938725,5.479665582938725,5.3636938876182745,5.421679973602295,273018
1996-01-24,5.421679709145006,5.4506722740752345,5.305708019481393,5.334700584411621,130045
1996-01-25,5.334701454853701,5.392687547470652,5.276715838884395,5.305708885192871,155041
1996-01-26,5.276714977903598,5.392686667567212,5.276714977903598,5.334700584411621,126920
1996-01-29,5.3347011463472,5.392687235610808,5.305708578363014,5.363694190979004,122072
1996-01-30,5.334699831023284,5.363692868506563,5.247721195220948,5.247721195220947,112806
1996-01-31,5.247721972995597,5.27671501477599,5.1897358894348145,5.1897358894348145,207727
1996-02-01,5.189735976896036,5.276715103703046,5.189735976896036,5.218729019165039,233154
1996-02-02,5.044771844582788,5.1317504969100876,4.899806629624638,5.102757453918457,492381
1996-02-05,5.0157786292994455,5.102757278639033,4.986785587303724,5.044771671295166,236601
1996-02-06,4.986785758599527,5.1317504969100876,4.986785758599527,5.102757453918457,249961
1996-02-07,5.10275611254065,5.276713848114014,5.073763077170511,5.276713848114014,324842
1996-02-08,5.247721195220948,5.276714232704227,5.18973512025439,5.247721195220947,147607
1996-02-09,5.1897358894348145,5.218728931215206,5.131750282521603,5.1897358894348145,144267
1996-02-12,5.1317504969100876,5.189736106245757,5.073764410926827,5.102757453918457,206434
1996-02-13,5.1027571537795735,5.16074275970459,5.044771547854557,5.16074275970459,147068
1996-02-14,5.131749521935333,5.276714232704227,5.131749521935333,5.247721195220947,175835
1996-02-15,5.218728157737669,5.247721195220948,5.18973512025439,5.247721195220947,276466
1996-02-16,5.218729746267444,5.30570888519287,5.218729746267444,5.305708885192871,197276
1996-02-20,5.247721883563458,5.247721883563458,5.16074275970459,5.16074275970459,467600
1996-02-21,5.131749521935333,5.305707270187505,5.131749521935333,5.247721195220947,282069
1996-02-22,5.247721936325803,5.363693625989416,5.218728894748008,5.334700584411621,186825
1996-02-23,5.363691429978854,5.392684459686279,5.276712817503949,5.392684459686279,160536
1996-02-26,5.392687235610808,5.392687235610808,5.305708578363014,5.363694190979004,172495
1996-02-27,5.363691429978854,5.392684459686279,5.363691429978854,5.392684459686279,188010
1996-02-28,5.392684459686279,5.450670042453758,5.363691429978854,5.392684459686279,149761
1996-02-29,5.392686930610284,5.450672539946714,5.392686930610284,5.421679973602295,154287
1996-03-01,5.421679973602295,5.450672539946714,5.392686930610284,5.421679973602295,109143
1996-03-04,5.421681008292229,5.508659677219939,5.421681008292229,5.450673580169678,133923
1996-03-05,5.450671653072479,5.624629406072429,5.421679091445414,5.595636367797852,269463
1996-03-06,5.566644191741943,5.595637234507259,5.566644191741943,5.566644191741943,79837
1996-03-07,5.566643329523274,5.624629406072429,5.53765076789621,5.595636367797852,215376
1996-03-08,5.566644895710594,5.566644895710594,5.363694523983063,5.479666233062744,128105
1996-03-11,5.421678352289059,5.537650012929033,5.421678352289059,5.508656978607178,81668
1996-03-12,5.508659677219939,5.537652725745071,5.450673580169678,5.450673580169678,59689
1996-03-13,5.450673580169678,5.479666628694809,5.421681008292229,5.450673580169678,171633
1996-03-14,5.421677489393705,5.450670042453758,5.392684459686279,5.392684459686279,48053
1996-03-15,5.363694190979004,5.421680280242612,5.305708578363014,5.363694190979004,246190
1996-03-18,5.392687570414895,5.479666233062744,5.392687570414895,5.479666233062744,110759
1996-03-19,5.450673580169678,5.508659677219939,5.450673580169678,5.450673580169678,125412
1996-03-20,5.508658582858899,5.595637234507259,5.508658582858899,5.566644191741943,100847
1996-03-21,5.566644191741943,5.595637234507259,5.537651625624215,5.566644191741943,139526
1996-03-22,5.566642570603441,5.566642570603441,5.508656978607178,5.508656978607178,114422
1996-03-25,5.566644191741943,5.566644191741943,5.508658582858899,5.566644191741943,134570
1996-03-26,5.566644895710594,5.566644895710594,5.450673186630912,5.479666233062744,460920
1996-03-27,5.450673580169678,5.479666628694809,5.421681008292229,5.450673580169678,339280
1996-03-28,5.421680280242612,5.450672848226798,5.305708578363014,5.363694190979004,302001
1996-03-29,5.3347011463472,5.363694190979004,5.305708578363014,5.363694190979004,305664
1996-04-01,5.392687235610808,5.392687235610808,5.3347011463472,5.363694190979004,372787
1996-04-02,5.363693625989416,5.363693625989416,5.305708019481393,5.334700584411621,169263
1996-04-03,5.3057094819866935,5.392688154047961,5.3057094819866935,5.349198341369629,307603
1996-04-04,5.3346994422068255,5.363692477576963,5.276713848114014,5.276713848114014,251793
1996-04-08,5.276715103703046,5.276715103703046,5.189735976896036,5.218729019165039,86301
1996-04-09,5.27671553373121,5.392687235610808,5.247722489099407,5.363694190979004,237140
1996-04-10,5.341290730573055,5.341290730573055,5.281942844390869,5.281942844390869,181869
1996-04-11,5.281942844390869,5.311616787481962,5.25226938914141,5.281942844390869,1042835
1996-04-12,5.2819441070868525,5.370965957641602,5.2819441070868525,5.370965957641602,188872
1996-04-15,5.370966333548378,5.370966333548378,5.311618429024864,5.341292381286621,85224
1996-04-16,5.341290222943272,5.400638103485107,5.281942342401436,5.400638103485107,146314
1996-04-17,5.400640285810135,5.400640285810135,5.311618429024864,5.341292381286621,208373
1996-04-18,5.341290222943272,5.400638103485107,5.311616282672354,5.400638103485107,150839
1996-04-19,5.400639164252233,5.4303131103515625,5.400639164252233,5.4303131103515625,154933
1996-04-22,5.4303131103515625,5.4303131103515625,5.400639164252233,5.4303131103515625,82530
1996-04-23,5.430312043756025,5.430312043756025,5.400638103485107,5.400638103485107,135432
1996-04-24,5.400639164252233,5.4599865686092075,5.400639164252233,5.4303131103515625,106772
1996-04-25,5.430311446378487,5.489658832550049,5.430311446378487,5.489658832550049,71864
1996-04-26,5.459984895543501,5.549006706563145,5.459984895543501,5.489658832550049,57857
1996-04-29,5.489661273733116,5.549009174137475,5.489661273733116,5.50449800491333,173465
1996-04-30,5.489661112876382,5.489661112876382,5.459987163543701,5.459987163543701,68739
1996-05-01,5.4599865686092075,5.4599865686092075,5.4303131103515625,5.4303131103515625,45359
1996-05-02,5.4303131103515625,5.4599865686092075,5.400639164252233,5.4303131103515625,198245
1996-05-03,5.459987470123475,5.549009323120117,5.459987470123475,5.549009323120117,213329
1996-05-06,5.549009323120117,5.549009323120117,5.4896614211223556,5.549009323120117,70571
1996-05-07,5.519333362579346,5.519333362579346,5.4896594223844914,5.519333362579346,81884
1996-05-08,5.4896594223844914,5.519333362579346,5.281942328862102,5.519333362579346,40942
1996-05-09,5.519333362579346,5.519333362579346,5.4896594223844914,5.519333362579346,70787
1996-05-10,5.4896614211223556,5.549009323120117,5.4896614211223556,5.549009323120117,107203
1996-05-13,5.549010400555969,5.727053165435791,5.519336443795379,5.727053165435791,263106
1996-05-14,5.697376728057861,5.727050671898523,5.667703272058846,5.697376728057861,169909
1996-05-15,5.6973745685065635,5.6973745685065635,5.638027191162109,5.638027191162109,94813
1996-05-16,5.638028259811118,5.6677021980285645,5.608354321593671,5.6677021980285645,79406
1996-05-17,5.638028259811118,5.6677021980285645,5.608354321593671,5.6677021980285645,57319
1996-05-20,5.6380317829958795,5.727053165435791,5.6380317829958795,5.727053165435791,226581
1996-05-21,5.727053165435791,5.756727122196381,5.66770573975647,5.727053165435791,88133
1996-05-22,5.6677021980285645,5.727049586621903,5.638028259811118,5.6677021980285645,64861
1996-05-23,5.638030904805756,5.638030904805756,5.608356952667236,5.608356952667236,50746
1996-05-24,5.638030904805756,5.638030904805756,5.578683000528716,5.608356952667236,54410
1996-05-28,5.638027191162109,5.638027191162109,5.578679325976193,5.638027191162109,81345
1996-05-29,5.608353258569151,5.638027191162109,5.578679325976193,5.638027191162109,193074
1996-05-30,5.60835782623529,5.727053165435791,5.60835782623529,5.727053165435791,151808
1996-05-31,5.697375528742256,5.756723403930664,5.697375528742256,5.756723403930664,138879
1996-06-03,5.727053165435791,5.727053165435791,5.6973792086752,5.727053165435791,123257
1996-06-04,5.6973792086752,5.727053165435791,5.6973792086752,5.727053165435791,76928
1996-06-05,5.697375528742256,5.756723403930664,5.697375528742256,5.756723403930664,65399
1996-06-06,5.727053165435791,5.756727122196381,5.727053165435791,5.727053165435791,84901
1996-06-07,5.6973792086752,5.727053165435791,5.66770573975647,5.727053165435791,71541
1996-06-10,5.697375528742256,5.756723403930664,5.697375528742256,5.756723403930664,95028
1996-06-11,5.7270486368557645,5.786396503448486,5.7270486368557645,5.786396503448486,133923
1996-06-12,5.756727122196381,5.78640107895697,5.727053165435791,5.727053165435791,60659
1996-06-13,5.72704946633646,5.756723403930664,5.72704946633646,5.756723403930664,43312
1996-06-14,5.756723403930664,5.786397341524868,5.72704946633646,5.756723403930664,78436
1996-06-17,5.786396503448486,5.786396503448486,5.756722570152125,5.786396503448486,48699
1996-06-18,5.756723403930664,5.786397341524868,5.756723403930664,5.756723403930664,94167
1996-06-19,5.756722570152125,5.786396503448486,5.756722570152125,5.786396503448486,47514
1996-06-20,5.756727122196381,5.78640107895697,5.6973792086752,5.727053165435791,235955
1996-06-21,5.727050671898523,5.756724615739184,5.697376728057861,5.697376728057861,187471
1996-06-24,5.6973792086752,5.727053165435791,5.6973792086752,5.727053165435791,63137
1996-06-25,5.697375528742256,5.756723403930664,5.697375528742256,5.756723403930664,70894
1996-06-26,5.756722570152125,5.786396503448486,5.7270486368557645,5.786396503448486,97076
1996-06-27,5.78640107895697,5.78640107895697,5.727053165435791,5.727053165435791,112267
1996-06-28,5.727049224455001,5.875418418318114,5.727049224455001,5.816071033477783,148792
1996-07-01,5.816074007184532,5.845747470855713,5.816074007184532,5.845747470855713,101062
1996-07-02,5.816073635816015,5.875421047210693,5.816073635816015,5.875421047210693,54733
1996-07-03,5.875421422368667,5.875421422368667,5.816074007184532,5.845747470855713,64214
1996-07-05,5.845744481977187,5.845744481977187,5.786397097136856,5.816071033477783,20040
1996-07-08,5.786396503448486,5.816070436744847,5.756722570152125,5.786396503448486,46652
1996-07-09,5.786397341524868,5.786397341524868,5.72704946633646,5.756723403930664,83608
1996-07-10,5.794629682015155,5.794629682015155,5.673276251327409,5.703614234924316,159997
1996-07-11,5.642934799194336,5.67327326559139,5.612596332797282,5.642934799194336,88456
1996-07-12,5.612599286600183,5.703614234924316,5.551922820639662,5.703614234924316,153640
1996-07-15,5.673273928562714,5.70361189973858,5.6125969886779785,5.6125969886779785,122395
1996-07-16,5.6125969886779785,5.70361189973858,5.6125969886779785,5.6125969886779785,115499
1996-07-17,5.642936518257125,5.673274993896484,5.6125980426177655,5.673274993896484,118839
1996-07-18,5.642937768963796,5.703614234924316,5.642937768963796,5.703614234924316,55595
1996-07-19,5.67327326559139,5.703611233222001,5.642934799194336,5.642934799194336,50639
1996-07-22,5.642934799194336,5.67327326559139,5.642934799194336,5.642934799194336,71864
1996-07-23,5.673274993896484,5.673274993896484,5.642936518257125,5.673274993896484,57534
1996-07-24,5.642934799194336,5.642934799194336,5.612596332797282,5.642934799194336,119270
1996-07-25,5.642934799194336,5.642934799194336,5.612596332797282,5.642934799194336,43636
1996-07-26,5.642934799194336,5.642934799194336,5.582257866400227,5.642934799194336,75850
1996-07-29,5.642937768963796,5.703614234924316,5.612599286600183,5.703614234924316,149977
1996-07-30,5.703610546284999,5.794625934514361,5.703610546284999,5.76428747177124,162259
1996-07-31,5.73395271728793,5.7642911996515425,5.703614234924316,5.703614234924316,104510
1996-08-01,5.703612618003419,5.764289565529296,5.703612618003419,5.733951091766357,58504
1996-08-02,5.70361255880133,5.8553044272749375,5.70361255880133,5.824965953826904,175512
1996-08-05,5.824965953826904,5.915981374171004,5.79462797914543,5.824965953826904,101924
1996-08-06,5.82496429042877,5.94631814956665,5.82496429042877,5.94631814956665,189841
1996-08-07,5.946322264604557,5.976660251617432,5.9159837788249225,5.976660251617432,129721
1996-08-08,5.94631814956665,5.94631814956665,5.88564121999771,5.94631814956665,69063
1996-08-09,5.946318327907511,5.946318327907511,5.915979862213135,5.915979862213135,67446
1996-08-12,6.0378522872924805,6.0378522872924805,5.975925377887077,6.0378522872924805,64537
1996-08-13,6.0378540974917385,6.130743980407715,6.006890633505931,6.130743980407715,535262
1996-08-14,6.130742945267929,6.2236328125,6.099779486510119,6.2236328125,317085
1996-08-15,6.223634198227393,6.285561129531395,6.161707775964864,6.2545976638793945,347576
1996-08-16,6.254597240211371,6.254597240211371,6.161707358588928,6.192670822143555,96429
1996-08-19,6.161707444393523,6.208152385851511,6.099780516421908,6.130743980407715,118947
1996-08-20,6.161707444393523,6.19267090837933,6.130743980407715,6.130743980407715,207619
1996-08-21,6.161707444393523,6.19267090837933,6.099780516421908,6.130743980407715,221518
1996-08-22,6.130742988624535,6.192669906578102,6.099779529647751,6.161706447601318,92119
1996-08-23,6.161706447601318,6.192669906578102,6.130742988624535,6.161706447601318,161613
1996-08-26,6.130746420032776,6.161709896339966,6.037856500152853,6.099782943725586,126920
1996-08-27,6.099778653649184,6.099778653649184,6.006888799100252,6.0688157081604,224103
1996-08-28,6.099780516421908,6.130743980407715,6.099780516421908,6.130743980407715,114314
1996-08-29,6.130743895034301,6.192670822143555,6.099780431479674,6.192670822143555,142866
1996-08-30,6.192669906578102,6.192669906578102,6.161706447601318,6.161706447601318,104402
1996-09-03,6.161707444393523,6.161707444393523,6.099780516421908,6.130743980407715,125950
1996-09-04,6.130743980407715,6.19267090837933,6.0688175614775455,6.130743980407715,134893
1996-09-05,6.161707358588928,6.223633776656744,6.130743895034301,6.192670822143555,148038
1996-09-06,6.192670822143555,6.223633776656744,6.161707358588928,6.192670822143555,77790
1996-09-09,6.192669906578102,6.223632856513523,6.130742988624535,6.161706447601318,192104
1996-09-10,6.130743895034301,6.192670822143555,6.130743895034301,6.192670822143555,256534
1996-09-11,6.192670822143555,6.192670822143555,6.161707358588928,6.192670822143555,244898
1996-09-12,6.192669906578102,6.192669906578102,6.130742988624535,6.161706447601318,70463
1996-09-13,6.161707358588928,6.192670822143555,6.130743895034301,6.192670822143555,228736
1996-09-16,6.192669862783549,6.2236328125,6.130742945267929,6.2236328125,324411
1996-09-17,6.223631760852304,6.37844902848087,6.192668816367864,6.316522121429443,270432
1996-09-18,6.316522121429443,6.37844902848087,6.270077195661511,6.316522121429443,194582
1996-09-19,6.316522088930957,6.37844899566377,6.285558635564551,6.347485542297363,192319
1996-09-20,6.347485542297363,6.37844899566377,6.316522088930957,6.347485542297363,118624
1996-09-23,6.347485542297363,6.347485542297363,6.316522088930957,6.347485542297363,155148
1996-09-24,6.316524417786266,6.378451347351074,6.316524417786266,6.378451347351074,127567
1996-09-25,6.347485542297363,6.37844899566377,6.316522088930957,6.347485542297363,95352
1996-09-26,6.378451347351074,6.378451347351074,6.34748788256867,6.378451347351074,88025
1996-09-27,6.37844899566377,6.37844899566377,6.347485542297363,6.347485542297363,80914
1996-09-30,6.37844902848087,6.37844902848087,6.2855586679037305,6.316522121429443,140172
1996-10-01,6.3165234278968665,6.471340218505427,6.285559967966878,6.4403767585754395,398645
1996-10-02,6.471342545636846,6.533268978724539,6.440379074572219,6.502305507659912,133061
1996-10-03,6.533265556689252,6.5642290115356445,6.50230210184286,6.5642290115356445,265584
1996-10-04,6.56423040151213,6.657120785720856,6.56423040151213,6.595193862915039,246298
1996-10-07,6.595193862915039,6.657120785720856,6.56423040151213,6.595193862915039,135755
1996-10-08,6.626155921228429,6.626155921228429,6.5642290115356445,6.5642290115356445,130152
1996-10-09,6.595197314252161,6.595197314252161,6.50230688143288,6.533270359039307,142004
1996-10-10,6.533266629324024,6.533266629324024,6.4403767585754395,6.4403767585754395,116361
1996-10-11,6.47134256362915,6.5023055257383024,6.440379092478436,6.47134256362915,161829
1996-10-14,6.4403767585754395,6.502303169394036,6.409413298645451,6.4403767585754395,152778
1996-10-15,6.4403767585754395,6.4403767585754395,6.409413298645451,6.4403767585754395,206218
1996-10-16,6.409413298645451,6.4403767585754395,6.409413298645451,6.4403767585754395,212252
1996-10-17,6.440379092478436,6.5023055257383024,6.40941562132772,6.47134256362915,579544
1996-10-18,6.502303169394036,6.502303169394036,6.4403767585754395,6.4403767585754395,140496
1996-10-21,6.440379074572219,6.502305507659912,6.440379074572219,6.502305507659912,194259
1996-10-22,6.50230688143288,6.564233836645734,6.4713439128681225,6.533270359039307,198999
1996-10-23,6.50230339952169,6.657120704650879,6.50230339952169,6.657120704650879,310836
1996-10-24,6.595192466382037,6.595192466382037,6.5642290115356445,6.5642290115356445,145128
1996-10-25,6.564231306117415,6.626158237457275,6.564231306117415,6.626158237457275,124981
1996-10-28,6.626158237457275,6.626158237457275,6.595194771787345,6.626158237457275,121102
1996-10-29,6.595193862915039,6.595193862915039,6.533266940109222,6.595193862915039,188764
1996-10-30,6.595197314252161,6.595197314252161,6.533270359039307,6.533270359039307,100092
1996-10-31,6.564233836645734,6.564233836645734,6.533270359039307,6.533270359039307,119809
1996-11-01,6.5642290115356445,6.5642290115356445,6.50230210184286,6.5642290115356445,244359
1996-11-04,6.564231306117415,6.626158237457275,6.564231306117415,6.626158237457275,225181
1996-11-05,6.626155818478947,6.719045672536419,6.626155818478947,6.688082218170166,217316
1996-11-06,6.7274087400023515,6.980081227343841,6.7274087400023515,6.853744983673096,269032
1996-11-07,6.822159767150879,6.822159767150879,6.758991914436663,6.822159767150879,156118
1996-11-08,6.822156273981898,6.916908264160156,6.758988453611689,6.916908264160156,153532
1996-11-11,6.9169095651636265,6.9169095651636265,6.822157557163436,6.885325908660889,98261
1996-11-12,6.885325908660889,6.9169095651636265,6.853741732912162,6.885325908660889,133061
1996-11-13,6.885325908660889,6.9169095651636265,6.822157557163436,6.885325908660889,122610
1996-11-14,6.885329174402341,6.916912845885351,6.853744983673096,6.853744983673096,154071
1996-11-15,6.853741732912162,6.885325908660889,6.853741732912162,6.885325908660889,78113
1996-11-18,6.853740443789948,6.980076603776256,6.853740443789948,6.916908264160156,204710
1996-11-19,6.948493740912353,6.98007791666108,6.853741732912162,6.885325908660889,134139
1996-11-20,6.885329101897893,7.043249534634936,6.885329101897893,7.011665344238281,408342
1996-11-21,6.98007791666108,7.011662092409806,6.885325908660889,6.885325908660889,326135
1996-11-22,6.853741732912162,6.9169095651636265,6.822157557163436,6.885325908660889,188872
1996-11-25,6.885324613597998,6.916908264160156,6.853740443789948,6.916908264160156,196090
1996-11-26,6.885329174402341,6.916912845885351,6.822160792943851,6.853744983673096,206972
1996-11-27,6.885324613597998,6.916908264160156,6.853740443789948,6.916908264160156,136725
1996-11-29,6.916908264160156,6.948492433968206,6.885324613597998,6.916908264160156,83392
1996-12-02,6.948492433968206,6.980076603776256,6.885324613597998,6.916908264160156,148038
1996-12-03,6.9169095651636265,6.948493740912353,6.853741732912162,6.885325908660889,303186
1996-12-04,6.88532895831269,6.9484968185424805,6.853744768574686,6.9484968185424805,814853
1996-12-05,6.9484928908603,7.1064137502844975,6.916908718975461,7.074829578399658,252009
1996-12-06,7.011663144551606,7.264335549964439,7.011663144551606,7.232751369476318,1042943
1996-12-09,7.232753540711255,7.706514832515538,7.232753540711255,7.51701021194458,1907680
1996-12-10,7.485426541221273,7.58017859188364,7.485426541221273,7.51701021194458,558211
1996-12-11,7.453841631462318,7.674929901406921,7.3590895899497974,7.611762046813965,493997
1996-12-12,7.64334563362097,7.801266036573595,7.64334563362097,7.738097667694092,1261767
1996-12-13,7.706516198589454,7.769684589725881,7.611764131131127,7.67493200302124,1683792
1996-12-16,7.674930642546008,7.674930642546008,7.485426541221273,7.51701021194458,396491
1996-12-17,7.485421657562256,7.548589477042975,7.453837488198955,7.485421657562256,271618
1996-12-18,7.485423392583269,7.580175403389537,7.390671381777001,7.422255039215088,173141
1996-12-19,7.485426684383598,7.769683361053467,7.453842493810005,7.769683361053467,368262
1996-12-20,7.738100394157668,7.738100394157668,7.4222594769681605,7.67493200302124,297907
1996-12-23,7.67493200302124,7.67493200302124,7.611764131131127,7.67493200302124,138772
1996-12-24,7.67492929881459,7.738097667694092,7.611761449181219,7.738097667694092,65830
1996-12-26,7.706516742706299,7.738100940504507,7.611764668558024,7.706516742706299,170340
1996-12-27,7.643348326699341,7.738100394157668,7.643348326699341,7.67493200302124,111728
1996-12-30,7.706516742706299,7.738100940504507,7.643348866356233,7.706516742706299,362229
1996-12-31,7.738100297313939,7.832852363586426,7.706516102141007,7.832852363586426,255780
1997-01-02,7.832852461615994,7.832852461615994,7.643348326699341,7.67493200302124,248884
1997-01-03,7.738099022485068,7.738099022485068,7.485426541221273,7.51701021194458,295644
1997-01-06,7.5801799355629145,7.67493200302124,7.548595739994701,7.67493200302124,179606
1997-01-07,7.611762927431736,7.769683361053467,7.611762927431736,7.769683361053467,215161
1997-01-08,7.706516742706299,7.769685138302717,7.67493254490809,7.706516742706299,105372
1997-01-09,7.769681852133844,7.769681852133844,7.706513483254341,7.738097667694092,166677
1997-01-10,7.706510132857158,7.706510132857158,7.517005627851666,7.580173969268799,259766
1997-01-13,7.580173969268799,7.580173969268799,7.45383780568044,7.580173969268799,277974
1997-01-14,7.580177228570043,7.580177228570043,7.485425194949062,7.548593044281006,354363
1997-01-15,7.580177228570043,7.611761412859079,7.51700885999197,7.548593044281006,290688
1997-01-16,7.580177228570043,7.580177228570043,7.51700885999197,7.548593044281006,382700
1997-01-17,7.548593044281006,7.580177228570043,7.51700885999197,7.548593044281006,184670
1997-01-20,7.5485944019141105,7.58017859188364,7.51701021194458,7.51701021194458,182730
1997-01-21,7.517005627851666,7.580173969268799,7.485421976389006,7.580173969268799,162259
1997-01-22,7.548593044281006,7.580177228570043,7.548593044281006,7.548593044281006,102786
1997-01-23,7.580173969268799,7.580173969268799,7.548589798560232,7.580173969268799,223996
1997-01-24,7.5485912267054465,7.5485912267054465,7.35908720509291,7.422255039215088,219578
1997-01-27,7.422256504512373,7.453840687431793,7.169584079649222,7.264336109161377,395090
1997-01-28,7.232757732085457,7.422262462474173,7.232757732085457,7.327510356903076,284870
1997-01-29,7.390678773448156,7.422262462474173,7.295926148630536,7.327510356903076,287025
1997-01-30,7.35908720509291,7.422255039215088,7.32750302840882,7.422255039215088,227012
1997-01-31,7.422258262217266,7.453842452616308,7.35909040066541,7.390674591064453,160212
1997-02-03,7.422258161282213,7.5485944019141105,7.390674490558905,7.51701021194458,341434
1997-02-04,7.51701021194458,7.5485944019141105,7.485426541221273,7.51701021194458,97076
1997-02-05,7.524890112546757,7.685677870287821,7.524890112546757,7.653520107269287,528367
1997-02-06,7.653520107269287,7.653520107269287,7.589205109908022,7.653520107269287,100416
1997-02-07,7.65351815683963,7.8786219119279135,7.621360930691876,7.846464157104492,281853
1997-02-10,7.878623361730885,7.878623361730885,7.65351956521961,7.749992847442627,217747
1997-02-11,7.717835879879113,7.8464664073869885,7.717835879879113,7.8143086433410645,104187
1997-02-12,7.81430845683159,7.81430845683159,7.717835695672219,7.782151222229004,79298
1997-02-13,7.7821490273995675,7.814306252932727,7.717833518981933,7.717833518981934,352747
1997-02-14,7.7499912731907505,7.7821490273995675,7.717833518981933,7.717833518981934,104617
1997-02-18,7.749993458950612,7.782151222229004,7.685677932393827,7.782151222229004,119701
1997-02-19,7.749991421309895,7.942937421574757,7.749991421309895,7.846464157104492,452301
1997-02-20,7.846467268083858,7.846467268083858,7.653521191319439,7.685678958892822,228198
1997-02-21,7.62136096972354,7.685675951024095,7.5570454597473145,7.5570454597473145,238756
1997-02-24,7.621361255645752,7.685676239359141,7.557045743256673,7.621361255645752,390780
1997-02-25,7.621363952421934,7.717836726466205,7.621363952421934,7.685678958892822,153856
1997-02-26,7.749992847442627,7.782150608183633,7.685677325960615,7.749992847442627,326782
1997-02-27,7.717835086701621,7.782150608183633,7.685677325960615,7.749992847442627,285624
1997-02-28,7.749992847442627,7.749992847442627,7.685677325960615,7.749992847442627,170556
1997-03-03,7.749993458950612,7.81430845683159,7.749993458950612,7.782151222229004,296829
1997-03-04,7.782150608183633,7.782150608183633,7.717835086701621,7.749992847442627,117762
1997-03-05,7.749992847442627,7.846465600989879,7.749992847442627,7.749992847442627,125950
1997-03-06,7.7821516737015655,8.200201034545898,7.7821516737015655,8.200201034545898,252332
1997-03-07,8.168036826728454,8.360982208051864,8.10372134717037,8.328824996948242,257072
1997-03-10,8.296672683908694,8.42530319848489,8.135884408519507,8.264514923095703,218824
1997-03-11,8.264516036158037,8.296673801302026,8.103727739113934,8.200201034545898,223241
1997-03-12,8.232359363762171,8.232359363762171,7.97509775365882,8.103728294372559,210312
1997-03-13,8.103730258294162,8.135888033434933,7.975099686407081,8.007257461547852,123365
1997-03-14,8.007254710946718,8.168043002741602,8.007254710946718,8.135885238647461,91150
1997-03-17,8.10372747455332,8.264515766348204,8.10372747455332,8.135885238647461,138125
1997-03-18,8.135886061719962,8.232359363762171,8.039413288353625,8.103728294372559,120779
1997-03-19,8.103727739113934,8.200201034545898,8.071570502645784,8.200201034545898,159350
1997-03-20,8.16803961627476,8.232355117797852,8.135881865513213,8.232355117797852,214407
1997-03-21,8.200198986359904,8.232356743471762,8.13588347213619,8.168041229248047,135216
1997-03-24,8.16804326940191,8.200201034545898,8.071570502645784,8.200201034545898,192212
1997-03-25,8.20020079073767,8.20020079073767,8.007254734286247,8.039412498474121,216130
1997-03-26,8.039412498474121,8.039412498474121,7.975096970098374,8.039412498474121,73265
1997-03-27,8.039412462986713,8.039412462986713,7.8143086433410645,7.8143086433410645,219686
1997-03-31,7.685677932393827,7.878623983388374,7.653520169115435,7.782151222229004,534400
1997-04-01,7.782149788504904,7.9107802892447605,7.782149788504904,7.878622531890869,176481
1997-04-02,7.8786219119279135,7.8786219119279135,7.782149176133316,7.846464157104492,311913
1997-04-03,7.814306402281071,7.8786219119279135,7.782149176133316,7.846464157104492,206218
1997-04-04,7.846464157104492,7.8786219119279135,7.782149176133316,7.846464157104492,574804
1997-04-07,7.814311339379228,8.007257461547852,7.814311339379228,8.007257461547852,98261
1997-04-08,7.942941188812256,7.975098430211786,7.9107834187368065,7.942941188812256,275712
1997-04-09,7.942941188812256,7.975098430211786,7.9107834187368065,7.942941188812256,76820
1997-04-10,7.975097339870668,7.975097339870668,7.910782337188721,7.910782337188721,75204
1997-04-11,7.8786219119279135,7.910779666751336,7.749991421309895,7.846464157104492,89965
1997-04-14,7.8143083936861535,7.846466156704687,7.589205109908022,7.653520107269287,612298
1997-04-15,7.653520107269287,7.749993396324888,7.589205109908022,7.653520107269287,166677
1997-04-16,7.653521191319439,7.685678958892822,7.621363952421934,7.685678958892822,69709
1997-04-17,7.685676239359141,7.717833995553682,7.589203499451212,7.621361255645752,78113
1997-04-18,7.589205109908022,7.685677870287821,7.5570473468894885,7.653520107269287,128752
1997-04-21,7.621360155575092,7.685675130005229,7.524887429592081,7.589202404022217,99230
1997-04-22,7.589203214735427,7.589203214735427,7.524888233434871,7.5570454597473145,94059
1997-04-23,7.492735507272861,7.589208308310236,7.492735507272861,7.524893283843994,107742
1997-04-24,7.524886329472304,7.524886329472304,7.3319403770388885,7.364097595214844,103863
1997-04-25,7.2676270454517535,7.331942558288574,7.203312061290626,7.331942558288574,76928
1997-04-28,7.364103183644272,7.364103183644272,7.171157613464938,7.235473155975342,133385
1997-04-29,7.203312392165623,7.396257882187403,7.171154634270087,7.299785137176514,198461
1997-04-30,7.2676248833359045,7.396255342066336,7.235467665159948,7.364097595214844,190057
1997-05-01,7.396255342066336,7.428413088917828,7.3319403770388885,7.364097595214844,83177
1997-05-02,7.33194096846003,7.492729187011719,7.267625469569123,7.492729187011719,259443
1997-05-05,7.4284168234911565,7.653520107269287,7.396259060472622,7.653520107269287,105264
1997-05-06,7.653520107269287,7.717835633306354,7.524890112546757,7.653520107269287,382484
1997-05-07,7.621360155575092,7.621360155575092,7.524887429592081,7.589202404022217,92658
1997-05-08,7.589203214735427,7.589203214735427,7.3962572134824205,7.5570454597473145,186932
1997-05-09,7.6213628729265555,7.685677870287821,7.524890112546757,7.653520107269287,735878
1997-05-12,7.653520107269287,7.653520107269287,7.524890112546757,7.653520107269287,162367
1997-05-13,7.589202404022217,7.653517378452353,7.557044652469342,7.589202404022217,186070
1997-05-14,7.600758273799948,7.764567761144656,7.600758273799948,7.6990437507629395,208804
1997-05-15,7.699044745641518,7.731806755065918,7.633521265402373,7.731806755065918,105048
1997-05-16,7.666284856918262,7.830093860626221,7.666284856918262,7.830093860626221,131338
1997-05-19,7.764568764490317,7.797330235305062,7.699044745641518,7.731806755065918,140603
1997-05-20,7.731806755065918,7.764568764490317,7.699044745641518,7.731806755065918,141142
1997-05-21,7.666282284181666,7.6990437507629395,7.666282284181666,7.6990437507629395,121102
1997-05-22,7.666285991668702,7.6990474740937325,7.666285991668702,7.666285991668701,161505
1997-05-23,7.633523464202881,7.666285483064225,7.535237407618846,7.633523464202881,147391
1997-05-27,7.633523464202881,7.666285483064225,7.6007614453415355,7.633523464202881,77359
1997-05-28,7.633523464202881,7.633523464202881,7.567999426480191,7.633523464202881,162367
1997-05-29,7.600758362758349,7.764567852020264,7.600758362758349,7.764567852020264,205895
1997-05-30,7.764573736955613,7.928383350372314,7.699049676144933,7.9283833503723145,234662
1997-06-02,7.8956181241087435,8.026665654076844,7.797332072675332,7.993903636932373,176912
1997-06-03,7.99390272049814,8.059426747275298,7.961140707109561,8.026664733886719,113668
1997-06-04,7.993905997307676,8.0921920777622,7.928382482281268,7.961143970489502,335185
1997-06-05,7.862856106964273,7.993903636932373,7.862856106964273,7.993903636932373,118408
1997-06-06,7.961140707109561,8.026664733886719,7.961140707109561,8.026664733886719,64214
1997-06-09,7.993905997307676,8.059430050944025,7.961143970489502,7.961143970489502,178959
1997-06-10,7.961143970489502,7.993905997307676,7.928382482281268,7.961143970489502,119163
1997-06-11,7.928380141253213,7.993903636932373,7.862856106964273,7.993903636932373,79945
1997-06-12,7.928379232330701,8.026664733886719,7.928379232330701,8.026664733886719,345205
1997-06-13,8.026669615970608,8.157717210622652,7.928384054634086,8.124955177307129,284008
1997-06-16,8.124951427476818,8.223237482062373,8.124951427476818,8.190475463867188,431076
1997-06-17,8.157713184044944,8.157713184044944,7.862856106964273,7.993903636932373,522118
1997-06-18,8.026668591572724,8.124954140365622,7.96114453330414,8.092192649841309,152670
1997-06-19,8.092188760663877,8.124950235442736,7.961140707109561,8.026664733886719,186501
1997-06-20,8.092188760663877,8.092188760663877,7.961140707109561,8.026664733886719,143728
1997-06-23,8.026669615970608,8.124955177307129,8.026669615970608,8.124955177307129,151916
1997-06-24,8.075813758505886,8.092195047231133,7.944766141754591,8.043051719665527,145236
1997-06-25,8.059433008390775,8.075813758505886,7.9939089307100595,8.043051719665527,86840
1997-06-26,8.026668591572724,8.256001718292813,8.026668591572724,8.092192649841309,155795
1997-06-27,8.059431195298535,8.17409803613866,8.059431195298535,8.157716751098633,108281
1997-06-30,8.092187894885033,8.387044906616211,8.092187894885033,8.387044906616211,177236
1997-07-01,8.321526369838807,8.337907116268818,8.059431195298535,8.157716751098633,214083
1997-07-02,8.157714699786716,8.157714699786716,8.059429168701172,8.059429168701172,142219
1997-07-03,8.075807484664727,8.075807484664727,8.026664733886719,8.026664733886719,159889
1997-07-07,8.010284993543067,8.10857105255127,8.010284993543067,8.10857105255127,137263
1997-07-08,8.10857105255127,8.14133307222067,8.075809032881867,8.10857105255127,172710
1997-07-09,8.108572665251415,8.124953409039144,7.862858276775928,7.879239559173584,296291
1997-07-10,7.928383350372314,7.944764096269984,7.895621319966974,7.9283833503723145,203740
1997-07-11,7.912004102914233,8.059433008390775,7.895623352799123,8.043051719665527,124119
1997-07-14,8.075811365969173,8.190478198634207,8.026668591572724,8.092192649841309,84685
1997-07-15,8.059428292352079,8.10857105255127,8.059428292352079,8.10857105255127,92874
1997-07-16,8.092193682601653,8.157717210622652,8.05943164928613,8.124955177307129,272264
1997-07-17,8.124951427476818,8.337903737830823,8.09218994789143,8.190475463867188,161505
1997-07-18,8.157713085862428,8.305141891933268,8.124951069112266,8.272379875183105,85547
1997-07-21,8.288762075754873,8.305143356323242,8.256000053228005,8.305143356323242,45898
1997-07-22,8.239620323890707,8.37066789149361,8.239620323890707,8.354287147521973,138879
1997-07-23,8.370666135327737,8.485332934901905,8.354285394792779,8.452570915222168,236494
1997-07-24,8.419807494199842,8.501712799072266,8.419807494199842,8.501712799072266,126166
1997-07-25,8.50171675928044,8.649145084061438,8.419811416255461,8.58362102508545,95136
1997-07-28,8.518096203068149,8.583620256174568,8.321525120968763,8.354287147521973,54086
1997-07-29,8.387049125353316,8.387049125353316,8.239620276025281,8.288763046264648,90288
1997-07-30,8.337904115648,8.51809441597182,8.272380614898347,8.452570915222168,53440
1997-07-31,8.387044906616211,8.452568387773328,8.354282896732823,8.387044906616211,83500
1997-08-01,8.387045946203369,8.452569435482223,8.321521918314788,8.436188697814941,62275
1997-08-04,8.43618877061822,8.5508550124982,8.387046018582552,8.501712799072266,74127
1997-08-05,8.501715044514802,8.501715044514802,8.288762165099667,8.337904930114746,156441
1997-08-06,8.332999989222705,8.449662129355287,8.266335752580577,8.432995796203613,71217
1997-08-07,8.366329035944737,8.499656912296953,8.332996929861164,8.466324806213379,419547
1997-08-08,8.466323678235868,8.466323678235868,8.332995819647069,8.382993698120117,268493
1997-08-11,8.349662057349645,8.382993610662599,8.299663631416207,8.316329956054688,119917
1997-08-12,8.316327110199564,8.316327110199564,8.199665069580078,8.199665069580078,87487
1997-08-13,8.266333923531516,8.332998145423195,8.0663423538208,8.0663423538208,184023
1997-08-14,8.133003100709573,8.133003100709573,7.733019557257744,7.933011054992676,425904
1997-08-15,7.9330135228813505,7.983011960851109,7.86634985222523,7.949679851531982,131768
1997-08-18,7.916345614495493,8.01634191557635,7.899679838306344,7.9830098152160645,385932
1997-08-19,8.033012565961016,8.183006286621094,8.016346779659559,8.183006286621094,298230
1997-08-20,8.249666932636982,8.316331144755596,8.199669047539064,8.282999038696289,192858
1997-08-21,8.26633222511154,8.26633222511154,8.166336460801547,8.216334342956543,60551
1997-08-22,8.282999038696289,8.316331144755596,8.166336941479758,8.282999038696289,189410
1997-08-25,8.349663250814903,8.39966058793074,8.266332711675595,8.282999038696289,117008
1997-08-26,8.183003194486353,8.366329514439947,8.133005306492505,8.349663734436035,71433
1997-08-27,8.41632949132715,8.41632949132715,8.249669457995346,8.299667358398438,233908
1997-08-28,8.349664672195278,8.399662017822266,8.266334118870443,8.399662017822266,62814
1997-08-29,8.3663293531568,8.44965934753418,8.3663293531568,8.44965934753418,136940
1997-09-02,8.482994157891477,8.51632627801293,8.432996251700454,8.49966049194336,120025
1997-09-03,8.516322135925293,8.549654239834995,8.482990032015591,8.516322135925293,413729
1997-09-04,8.5163226913477,8.5163226913477,8.432992700129805,8.466324806213379,138448
1997-09-05,8.499656357961465,8.549654239834995,8.482990032015591,8.516322135925293,120456
1997-09-08,8.56632261343285,8.732982635498047,8.56632261343285,8.732982635498047,139957
1997-09-09,8.699649721922757,8.832978165706757,8.666317610976757,8.816311836242676,118516
1997-09-10,8.84964156897101,8.966303651939622,8.816309466982547,8.882973670959473,161074
1997-09-11,8.866310427132078,8.98297199544982,8.766314092596938,8.899641990661621,191673
1997-09-12,8.866307893956249,8.882973670959473,8.766311587990861,8.882973670959473,102247
1997-09-15,8.949642509482342,9.166301023878203,8.91631093617436,9.13296890258789,133277
1997-09-16,8.866307719203517,8.882973495878263,8.799643516540527,8.799643516540527,2297814
1997-09-17,8.799646405584975,8.799646405584975,8.549656385496618,8.616320610046387,281422
1997-09-18,8.682980215044914,8.71631231168992,8.616316569736831,8.649648666381836,140280
1997-09-19,8.649651280791838,8.66631651217862,8.516322853912486,8.549654960632324,159781
1997-09-22,8.549653231744848,8.666314759700168,8.549653231744848,8.632983207702637,290472
1997-09-23,8.63298732553632,8.74964945712009,8.63298732553632,8.666318893432617,250069
1997-09-24,8.68298473847493,8.766314749507528,8.666318407479084,8.732982635498047,303617
1997-09-25,8.749648966493893,8.749648966493893,8.666318407479084,8.732982635498047,207080
1997-09-26,8.699649893352035,8.732982004954856,8.699649893352035,8.716316223144531,214945
1997-09-29,8.716316051386839,8.832978165706757,8.716316051386839,8.816311836242676,103971
1997-09-30,8.832975617872021,8.866307719203517,8.799643516540527,8.799643516540527,219578
1997-10-01,8.832975159006038,8.866307258605957,8.799643059406119,8.866307258605957,319347
1997-10-02,8.866307893956249,8.93297154995116,8.816309466982547,8.882973670959473,239080
1997-10-03,8.832975387573242,8.932971140978573,8.799643287110802,8.832975387573242,198030
1997-10-06,8.866307488035682,8.866307488035682,8.799643287110802,8.832975387573242,72941
1997-10-07,8.832978397454914,8.916308403015137,8.79964628563439,8.916308403015137,132307
1997-10-08,8.916308320408563,8.932974102173334,8.816311985873423,8.899641990661621,212683
1997-10-09,8.849644097385136,8.899641990661621,8.849644097385136,8.899641990661621,143189
1997-10-10,8.732979313877536,8.832975617872021,8.732979313877536,8.799643516540527,120348
1997-10-13,8.749648966493893,8.79964686351701,8.666318407479084,8.732982635498047,67446
1997-10-14,8.699650423586123,8.866310991757997,8.699650423586123,8.849644660949707,145452
1997-10-15,8.832975791967787,8.899639447962697,8.816309466982547,8.882973670959473,91473
1997-10-16,8.882976774584082,8.899642557410166,8.849644660949707,8.849644660949707,127243
1997-10-17,8.832976877168532,8.866308983252107,8.39966059404623,8.466324806213379,206003
1997-10-20,8.466325676051907,8.599653566102361,8.466325676051907,8.582987785339355,95783
1997-10-21,8.58298942570963,8.666318893432617,8.58298942570963,8.666318893432617,187902
1997-10-22,8.599655289309089,8.682985305786133,8.582989505206578,8.682985305786133,92766
1997-10-23,8.682981314846188,8.682981314846188,8.532987682918106,8.599651336669922,141142
1997-10-24,8.599651336669922,8.699647091288643,8.599651336669922,8.599651336669922,181653
1997-10-27,8.666316842403036,8.666316842403036,8.33299740645001,8.349663734436035,109035
1997-10-28,7.833016471695609,8.532988461871167,7.766352811858252,8.516322135925293,309327
1997-10-29,8.46632440559562,8.516322288364092,8.399660196582953,8.416326522827148,122503
1997-10-30,8.432991959372385,8.432991959372385,8.18300200767792,8.249666213989258,275389
1997-10-31,8.266331991576076,8.282998317144926,8.23300043640244,8.249666213989258,229383
1997-11-03,8.266331991576076,8.299664094731744,8.23300043640244,8.249666213989258,280668
1997-11-04,8.266331991576076,8.316330420300595,8.23300043640244,8.249666213989258,336802
1997-11-05,8.278604287164447,8.414319038391113,8.278604287164447,8.414319038391113,358673
1997-11-06,8.465206967297659,8.465206967297659,8.227705891165135,8.39734935760498,89318
1997-11-07,8.397353243726123,8.397353243726123,8.227709698778758,8.312531471252441,172603
1997-11-10,8.244673851102936,8.244673851102936,8.159852636205867,8.193780899047852,143620
1997-11-11,8.159850959231585,8.210743900827392,8.00717157665217,8.09199333190918,271187
1997-11-12,8.041100222534848,8.142886103602688,7.837527902607186,8.108957290649414,270971
1997-11-13,8.108958468900642,8.176816104667068,8.075029651017429,8.125923156738281,446698
1997-11-14,8.159849848882901,8.278599843850257,8.12592103983855,8.227706909179688,220332
1997-11-17,8.278600649712912,8.516101778350498,8.278600649712912,8.482172966003418,239080
1997-11-18,8.448244655942787,8.957175198031294,8.43128052765664,8.923246383666992,206326
1997-11-19,8.957175083144794,8.957175083144794,8.821459827428297,8.855388641357422,298445
1997-11-20,8.906282141147107,8.957175083144794,8.855388641357422,8.855388641357422,274742
1997-11-21,8.855388641357422,8.889317455286546,8.75360275736205,8.855388641357422,158704
1997-11-24,8.95717536854604,8.991104183556232,8.889317738525653,8.906282424926758,375265
1997-11-25,8.923248442078833,8.940212574278261,8.753604888916016,8.753604888916016,168293
1997-11-26,8.821459044587801,8.923245477342366,8.787530791461563,8.838423728942871,135755
1997-11-28,8.85538886747822,8.923246497069202,8.85538886747822,8.872353553771973,34801
1997-12-01,8.940210397284233,8.940210397284233,8.83842451328886,8.855388641357422,161074
1997-12-02,8.855384879455832,9.025028877034112,8.838420758593884,8.974135398864746,191458
1997-12-03,8.940208664899906,8.974137472254492,8.923244540118558,8.957173347473145,210420
1997-12-04,8.974139270563287,9.075925713023818,8.957175142382534,9.008068084716797,236601
1997-12-05,9.00807091005746,9.126821517944336,8.957177951760851,9.126821517944336,401016
1997-12-08,9.177709719572434,9.211638526782778,9.008066241312605,9.04199504852295,163660
1997-12-09,9.04199299789606,9.075921797411715,8.9571712780028,8.974135398864746,116361
1997-12-10,8.906278589180745,9.041993232980072,8.88931391008597,8.991100311279297,150192
1997-12-11,8.991100077518455,9.025028877034112,8.838420758593884,8.974135398864746,387763
1997-12-12,9.025032826759897,9.058961083332193,8.787531684001792,8.923246383666992,387225
1997-12-15,8.906284309879405,8.906284309879405,8.702711934525597,8.753604888916016,238110
1997-12-16,8.702711157340445,8.8044976148235,8.702711157340445,8.736639976501465,181007
1997-12-17,8.75360320724948,8.821460280803212,8.702710262636174,8.770567893981934,195121
1997-12-18,8.77056394538142,8.991100311279297,8.702706344585868,8.991100311279297,557565
1997-12-19,8.838420988385195,9.092886154680848,8.821456309290419,8.991100311279297,431399
1997-12-22,9.058960967140166,9.126818594998415,8.821459827428297,8.855388641357422,405972
1997-12-23,8.923243849424022,8.957172654152384,8.651814527180816,8.68574333190918,450254
1997-12-24,8.719673253060927,8.719673253060927,8.533065627913228,8.550029754638672,246945
1997-12-26,8.6178883947169,8.6178883947169,8.516102506761541,8.583959579467773,170663
1997-12-29,8.583957633174295,8.685744055843012,8.516100575853711,8.668779373168945,358673
1997-12-30,8.719674055273188,8.957175198031294,8.668781112622739,8.923246383666992,301354
1997-12-31,8.85538886747822,8.889317682273711,8.821460052682731,8.872353553771973,250069
1998-01-02,8.855388641357422,8.906282141147107,8.787531571291172,8.855388641357422,107311
1998-01-05,8.9571712780028,9.126814717789319,8.9571712780028,8.974135398864746,200831
1998-01-06,9.025032655605377,9.092889725255105,8.855388587001071,8.940210342407227,298338
1998-01-07,8.957180906533088,8.957180906533088,8.855394398570613,8.889323234558105,232723
1998-01-08,8.940210625570941,8.957175311864692,8.85538886747822,8.872353553771973,192750
1998-01-09,8.923245464154599,8.940209590692648,8.685744903662187,8.719673156738281,197276
1998-01-12,8.719672305607357,8.787529920719836,8.550028825618057,8.668779373168945,183592
1998-01-13,8.668777557705425,8.702706358156107,8.583955835474612,8.617884635925293,490334
1998-01-14,8.668778456702677,8.821457237876658,8.651814333613958,8.787528991699219,251039
1998-01-15,8.838424459036638,9.041996783569811,8.838424459036638,8.940210342407227,294351
1998-01-16,8.957175543494731,9.025033174840491,8.770567893981934,8.770567893981934,222810
1998-01-20,8.821459044587801,8.889316666424177,8.787530791461563,8.838423728942871,174003
1998-01-21,8.906282368567464,8.940210625570941,8.872353553771973,8.872353553771973,175619
1998-01-22,8.872353441016543,8.94021051195314,8.872353441016543,8.923246383666992,210743
1998-01-23,8.957175028163656,8.991103841884517,8.923246214442793,8.940210342407227,170448
1998-01-26,9.008068140681743,9.008068140681743,8.923246383666992,8.923246383666992,178636
1998-01-27,8.957175083144794,8.974139211213357,8.855388641357422,8.855388641357422,265045
1998-01-28,8.906282255380845,8.957175198031294,8.88931756930269,8.923246383666992,92658
1998-01-29,8.957175028163656,8.991103841884517,8.923246214442793,8.940210342407227,217531
1998-01-30,8.940210456409776,9.025032770689553,8.940210456409776,9.008068084716797,140819
1998-02-02,9.025033950805664,9.075926899794705,9.008069262614601,9.025033950805664,203632
1998-02-03,9.075929422215046,9.092893557328777,8.991107631061924,9.058964729309082,195229
1998-02-04,9.105620384216309,9.105620384216309,9.002147058019972,9.105620384216309,78759
1998-02-05,9.071126964076067,9.1573544304167,9.053881697622348,9.088372230529785,269463
1998-02-06,9.105620384216309,9.105620384216309,9.071129275484196,9.105620384216309,100200
1998-02-09,9.105618064019524,9.14010916396298,9.071126964076067,9.088372230529785,113668
1998-02-10,9.140109062194824,9.174600161754249,9.08837212933768,9.140109062194824,573834
1998-02-11,9.174604965557585,9.22634135846778,9.15735912322998,9.15735912322998,172064
1998-02-12,9.209092116459113,9.209092116459113,9.105619368837315,9.19184684753418,153317
1998-02-13,9.174604415893555,9.24358607996225,9.157358574599174,9.174604415893555,101924
1998-02-17,9.22633898126062,9.243584252108594,9.105620384216309,9.105620384216309,124765
1998-02-18,9.14011135242944,9.278075218200684,9.07112913602574,9.278075218200684,155041
1998-02-19,9.105617668314407,9.122862934018693,8.933162743127559,8.967653274536133,182946
1998-02-20,9.002147731809652,9.036638843123344,8.898674964904785,8.898674964904785,341758
1998-02-23,8.933165676772541,8.933165676772541,8.726219585180182,8.743465423583984,414268
1998-02-24,8.795198973202375,8.795198973202375,8.622744046901467,8.657235145568848,468031
1998-02-25,8.622744046901467,8.69172567720023,8.622744046901467,8.657235145568848,276681
1998-02-26,8.63998941069871,8.691725205337113,8.605498313903809,8.605498313903809,374834
1998-02-27,8.65723859420066,8.65723859420066,8.484783599201888,8.519274711608887,131553
1998-03-02,8.6399918489825,8.6399918489825,8.553763799142928,8.571009635925293,155579
1998-03-03,8.571010159232621,8.588255430031777,8.519273779798988,8.536519050598145,119486
1998-03-04,8.553765256979663,8.588256369386661,8.502028871887276,8.519274711608887,143297
1998-03-05,8.4675403099776,8.51927727768984,8.381312786505731,8.415803909301758,226150
1998-03-06,8.484783172607422,8.553764826916964,8.450292061934553,8.484783172607422,425796
1998-03-09,8.502028871887276,8.588256369386661,8.41580137438789,8.519274711608887,307388
1998-03-10,8.519272851746338,8.6055003304212,8.519272851746338,8.553763389587402,223672
1998-03-11,8.484782671164512,8.657237647300729,8.484782671164512,8.536519050598145,663044
1998-03-12,8.553761830712471,8.898671682554037,8.553761830712471,8.76070785522461,814422
1998-03-13,8.829693309313608,8.915920804079734,8.760711086686227,8.898674964904785,332815
1998-03-16,8.898671682554037,9.036635509883464,8.726216756633255,8.76070785522461,904925
1998-03-17,8.81244605050511,8.898673531380492,8.777954944747734,8.829691886901855,275173
1998-03-18,8.829691886901855,8.915919367777237,8.829691886901855,8.829691886901855,188333
1998-03-19,8.829691886901855,8.933164637137867,8.81244605050511,8.829691886901855,219040
1998-03-20,9.140111059407046,9.22633854362923,9.00214663102264,9.071128845214844,358889
1998-03-23,9.08837365722949,9.08837365722949,8.967655071994907,9.019392013549805,119378
1998-03-24,9.0366372827107,9.071128388068596,8.967655071994907,9.019392013549805,182084
1998-03-25,9.07112913602574,9.312565759366379,9.036638027823889,9.278075218200684,491304
1998-03-26,9.32981006179282,9.519510275134156,9.312564227011569,9.398792266845703,654209
1998-03-27,9.398793813389082,9.41603908397193,9.278075218200684,9.278075218200684,393151
1998-03-30,9.278075689656522,9.381548452483777,9.209093469747561,9.347057342529297,178959
1998-03-31,9.485023074185783,9.502268347993699,9.347058615577417,9.450531959533691,451008
1998-04-01,9.450528637117335,9.450528637117335,9.312564227011569,9.398792266845703,253086
1998-04-02,9.416037503983677,9.502264976501465,9.416037503983677,9.502264976501465,134893
1998-04-03,9.588488567460299,9.622979088876304,9.485015869140625,9.485015869140625,134893
1998-04-06,9.485016913039615,9.571243793105388,9.381543636296081,9.433279991149902,179390
1998-04-07,9.433282771672811,9.536756078915792,9.416037503983677,9.502264976501465,165384
1998-04-08,9.519512325265515,9.519512325265515,9.312566232574817,9.347057342529297,165061
1998-04-09,9.381545968958417,9.485019271429936,9.209091031875252,9.4677734375,120779
1998-04-13,9.41603847199497,9.554001761763406,9.398793202532945,9.519511222839355,156118
1998-04-14,9.554001803555524,9.554001803555524,9.36430213753509,9.416038513183594,137910
1998-04-15,9.450528637117335,9.450528637117335,9.312564227011569,9.398792266845703,73372
1998-04-16,9.416041907423596,9.433287183177534,9.347059670335193,9.381550788879395,130368
1998-04-17,9.312566307366245,9.312566307366245,9.191848272110326,9.26082992553711,282392
1998-04-20,9.226337952420145,9.295319595155977,9.105619368837315,9.19184684753418,133816
1998-04-21,9.122864916215244,9.174601858641386,8.8296919333264,8.864182472229004,567908
1998-04-22,8.898674964904785,9.002147731809652,8.864183853591094,8.898674964904785,296398
1998-04-23,8.967655545931668,8.967655545931668,8.864182791425597,8.950410842895508,308789
1998-04-24,8.93316738516989,9.036640167236328,8.915922110504248,9.036640167236328,176158
1998-04-27,8.967657934501176,9.036640167236328,8.846939877769096,9.036640167236328,138987
1998-04-28,9.071127483521416,9.071127483521416,8.89867254096476,8.9331636428833,68308
1998-04-29,8.898673876770474,9.071128845214844,8.898673876770474,9.071128845214844,155472
1998-04-30,9.105618064019524,9.14010916396298,9.01939059767889,9.088372230529785,164738
1998-05-01,9.088374568065293,9.157356785694475,9.019392917472274,9.122865676879883,348869
1998-05-04,9.071131612700887,9.209095516140176,9.002149377463088,9.15735912322998,242527
1998-05-05,9.157357161878839,9.312566307366245,9.14011189028119,9.26082992553711,123149
1998-05-06,9.325787544250488,9.378376468830634,9.22060911871005,9.325787544250488,117223
1998-05-07,9.25566531297211,9.30825421891071,9.150486924714963,9.220605850219727,213976
1998-05-08,9.132954598218966,9.238132376891128,9.097895722914751,9.203073501586914,116792
1998-05-11,9.027776819546801,9.238132376891128,9.027776819546801,9.203073501586914,184347
1998-05-12,9.220611126184739,9.23814057940118,9.185551643371582,9.185551643371582,86625
1998-05-13,9.185549697916876,9.220609173304608,9.045312372746103,9.168020248413086,112914
1998-05-14,9.115430747141415,9.185549697916876,9.080371848133835,9.168020248413086,143512
1998-05-15,9.132959283916305,9.185548200233319,9.06284092095364,9.097900390625,262567
1998-05-18,9.097901874017774,9.220609173304608,9.045312372746103,9.168020248413086,61521
1998-05-19,9.203076832786584,9.220606276783752,9.080368995666504,9.080368995666504,286594
1998-05-20,9.115429260890597,9.115429260890597,9.06284092095364,9.097900390625,76066
1998-05-21,9.150490307622942,9.185549783336702,9.080371932575574,9.11543083190918,73157
1998-05-22,9.115430747141415,9.203079723800817,9.045312372746103,9.168020248413086,221841
1998-05-26,9.255662390922996,9.255662390922996,9.150484035871072,9.203073501586914,361905
1998-05-27,9.150484035871072,9.220602939239022,9.115424584187098,9.203073501586914,164630
1998-05-28,9.203078351398773,9.238137245178223,9.185548328128984,9.238137245178223,165923
1998-05-29,9.23813864352802,9.395905994936578,9.220609193984913,9.360846519470215,279375
1998-06-01,9.325787603265729,9.571202778319488,9.290728127863721,9.53614330291748,303509
1998-06-02,9.501083374023438,9.5536728728064,9.501083374023438,9.501083374023438,164845
1998-06-03,9.46602433092246,9.518613832097818,9.343317031860352,9.343317031860352,98261
1998-06-04,9.378371197480185,9.378371197480185,9.220603936036676,9.290722846984863,38356
1998-06-05,9.325788588268564,9.325788588268564,9.20308069959103,9.273199081420898,53871
1998-06-08,9.238139102226304,9.360846984261276,9.185550174605655,9.308258056640625,68308
1998-06-09,9.255670608997896,9.290730091811053,9.027784835282784,9.185551643371582,190811
1998-06-10,9.150487348035144,9.220606276783752,9.080368995666504,9.080368995666504,87163
1998-06-11,9.115429260890597,9.185548200233319,9.080370367599292,9.097900390625,87594
1998-06-12,9.062842415874703,9.132960790403436,8.940134539974235,8.99272346496582,118839
1998-06-15,8.922606496395963,9.045314399558496,8.729780203126468,8.83495807647705,139526
1998-06-16,8.799895388901305,9.045310513408019,8.799895388901305,9.01025104522705,203956
1998-06-17,8.97519352198885,9.0453118926626,8.870015101408043,8.940134048461914,180899
1998-06-18,8.87001510531942,8.94013405240421,8.834955631777023,8.852485656738281,142327
1998-06-19,8.782366334402088,8.870014144190636,8.712247394915181,8.764836311340332,309974
1998-06-22,8.7648387228588,8.799898202248363,8.712249791964565,8.729779243469238,157411
1998-06-23,8.694719764079677,8.887546612532159,8.694719764079677,8.729779243469238,294243
1998-06-24,8.72977544831577,8.834953264379587,8.72977544831577,8.817423820495605,161721
1998-06-25,8.799893021572274,8.957659721374512,8.799893021572274,8.957659721374512,180360
1998-06-26,8.922605985360075,8.922605985360075,8.799898665605795,8.870017051696777,152132
1998-06-29,8.799895388901305,9.045310513408019,8.799895388901305,9.01025104522705,239834
1998-06-30,8.940134606100681,9.238138708717267,8.940134606100681,9.11543083190918,371602
1998-07-01,9.115429383312375,9.22060779373902,9.115429383312375,9.15048885345459,140603
1998-07-02,9.132960756299362,9.395905956655563,9.115430730447526,9.343317031860352,88025
1998-07-06,9.343318947388928,9.466026271607983,9.343318947388928,9.44849681854248,99554
1998-07-07,9.466024352113463,9.606262253721498,9.466024352113463,9.53614330291748,172603
1998-07-08,9.571202778319488,9.571202778319488,9.501083827515473,9.53614330291748,139526
1998-07-09,9.483554378004543,9.55367332880856,9.483554378004543,9.53614330291748,199754
1998-07-10,9.466023445129395,9.518612941383637,9.430964549466692,9.466023445129395,107096
1998-07-13,9.501083844955517,9.501083844955517,9.308257594460747,9.360846519470215,115392
1998-07-14,9.325784238476873,9.378373144415475,9.185546387467346,9.220605850219727,350593
1998-07-15,9.255668648692337,9.255668648692337,9.150490222529145,9.168020248413086,346822
1998-07-16,9.132957481528743,9.220605850219727,9.11542746196258,9.220605850219727,234339
1998-07-17,9.220602939239022,9.255662390922996,9.150484035871072,9.203073501586914,78005
1998-07-20,9.16802219015514,9.23814057940118,9.16802219015514,9.185551643371582,129075
1998-07-21,9.185549697916876,9.255668648692337,9.150490222529145,9.168020248413086,70463
1998-07-22,9.16801887671573,9.203078346857945,9.15048885345459,9.15048885345459,138125
1998-07-23,9.150490307622942,9.168020333669899,9.097901958622531,9.11543083190918,133277
1998-07-24,9.11542642117675,9.150485879926094,8.922600262625167,8.957659721374512,70679
1998-07-27,8.940134048461914,8.992722970562257,8.782367282160886,8.940134048461914,141681
1998-07-28,8.87001510531942,9.01025242310888,8.834955631777023,8.852485656738281,150192
1998-07-29,8.852488964224234,8.922607361126692,8.782370567321777,8.782370567321777,193936
1998-07-30,8.799896280745527,8.940133591302017,8.799896280745527,8.905074119567871,216992
1998-07-31,8.834957105257708,8.852487133142597,8.65966086107033,8.729779243469238,344128
1998-08-03,8.729778768794436,8.729778768794436,8.572011408309992,8.5895414352417,107742
1998-08-04,8.655673271445323,8.655673271445323,8.423665588718443,8.441512107849121,204710
1998-08-05,8.370124770323779,8.370124770323779,7.977496099823808,8.298737525939941,436678
1998-08-06,8.316582378778007,8.512896367474472,8.191655028332345,8.387969017028809,276251
1998-08-07,8.352277188984974,8.637824956545257,8.280889953692158,8.566437721252441,420625
1998-08-10,8.530744103606033,8.619977854319307,8.423663837472299,8.566437721252441,241665
1998-08-11,8.566441462602604,8.566441462602604,8.352280836801564,8.512901306152344,125196
1998-08-12,8.602132653187105,8.88768046437519,8.530745406987293,8.869833946228027,324519
1998-08-13,8.869833946228027,8.905527569327933,8.709212935681242,8.869833946228027,276466
1998-08-14,8.941227540109024,9.101848077880206,8.941227540109024,9.012614250183105,365030
1998-08-17,9.048304415499368,9.048304415499368,8.834143194105993,8.941224098205566,192319
1998-08-18,8.97691431780376,9.048301564711977,8.851986929117174,8.92337417602539,186717
1998-08-19,8.959063678378396,9.048297402564039,8.959063678378396,8.994756698608398,127243
1998-08-20,8.97691431780376,9.012607941257867,8.851986929117174,8.92337417602539,75312
1998-08-21,8.851986659551649,8.976914044433878,8.602132476592761,8.673519134521484,133169
1998-08-24,8.673519134521484,8.780600001622926,8.637826098959907,8.673519134521484,169909
1998-08-25,8.602131936577408,8.727058726811547,8.566438316450997,8.655672073364258,288964
1998-08-26,8.584280139979537,8.709206853374942,8.584280139979537,8.63782024383545,219147
1998-08-27,8.566441462602604,8.602135095838028,8.387973883231238,8.512901306152344,117978
1998-08-28,8.459358485950798,8.691366148715973,8.459358485950798,8.619978904724121,150947
1998-08-31,8.566438812170981,8.619978952056075,8.298737525939941,8.298737525939941,292520
1998-09-01,8.280890965091265,8.38797124430341,8.138117063873217,8.316584587097168,278621
1998-09-02,8.298735406069936,8.387969145352642,8.280888892935561,8.31212043762207,170879
1998-09-03,8.227349380903059,8.280889511108398,8.191655765164347,8.280889511108398,180899
1998-09-04,8.245197205054987,8.370124586581493,7.923955785990796,8.191657066345215,286486
1998-09-08,8.155963492450887,8.280890874705179,8.12026987083458,8.263044357299805,226905
1998-09-09,8.263044856564687,8.280891375048373,8.173810503729475,8.209504127502441,163337
1998-09-10,8.138114717949277,8.155961230404943,7.923953634454313,8.031034469604492,103756
1998-09-11,8.066730750001996,8.066730750001996,7.370707681256453,7.852569580078125,285624
1998-09-14,7.888261550845452,7.888261550845452,7.638407394037604,7.709794044494629,537956
1998-09-15,7.78118133544922,7.816874367521268,7.58486672502539,7.781181335449219,306311
1998-09-16,7.727641582489014,7.799028236967045,7.531326962361962,7.727641582489014,1108773
1998-09-17,7.709798750292079,7.709798750292079,7.51348460820494,7.656258583068848,334539
1998-09-18,7.834718664842439,7.923952386680042,7.727638433359436,7.799025058746338,849869
1998-09-21,7.8732157341265285,8.018679220046995,7.855032424724066,8.000495910644531,528044
1998-09-22,8.509616988084131,8.709629159012016,8.436884963459606,8.65507984161377,1711266
1998-09-23,8.727811360206141,8.873274803161621,8.727811360206141,8.873274803161621,331307
1998-09-24,8.836913021180571,9.018742561340332,8.65508348102081,9.018742561340332,519532
1998-09-25,8.946011147904212,8.946011147904212,8.855096377378073,8.927827835083008,473526
1998-09-28,8.909644196581963,9.000558957684223,8.727814674377441,8.727814674377441,426874
1998-09-29,8.691445853926032,8.727811866238294,8.582348414848951,8.65507984161377,444005
1998-09-30,8.564165109762966,8.709629159012016,8.473250975771869,8.65507984161377,540326
1998-10-01,8.545982318064635,8.58234833001744,8.400518868113112,8.436884880065918,211498
1998-10-02,8.43688865542959,8.473254683655572,8.273241827342652,8.418705940246582,1094874
1998-10-05,8.49143262774166,8.582347348294212,8.218688466084007,8.255054473876953,205141
1998-10-06,8.327784464316279,8.40051646743674,8.182321653794416,8.218687057495117,244790
1998-10-07,8.345972212833004,8.364154924375619,7.945947178156838,8.000495910644531,387979
1998-10-08,7.927765031192575,7.927765031192575,7.600472015098288,7.618654727935791,385285
1998-10-09,7.655023037195588,7.764120542515976,7.655023037195588,7.745937824249268,199754
1998-10-12,7.7641176133331715,7.9641298302482655,7.727751592659561,7.873215675354004,429998
1998-10-13,7.855031429392559,7.964128880543924,7.818666010915285,7.92776346206665,188549
1998-10-14,7.891399822195646,7.927765849484186,7.818668365478516,7.818668365478516,448961
1998-10-15,7.836846862104704,8.000493000032654,7.800480854389727,7.9823102951049805,488718
1998-10-16,8.073223669794714,8.309601783752441,8.036857668141325,8.309601783752441,773803
1998-10-19,8.364151959700173,8.509615991920729,8.218688525339253,8.455066680908203,347145
1998-10-20,8.455072689579508,8.855097866748153,8.455072689579508,8.782365798950195,826058
1998-10-21,8.909641236968236,8.909641236968236,8.527799606323242,8.527799606323242,865707
1998-10-22,8.600530575944731,8.636896585947765,8.509616447726646,8.582347869873047,139418
1998-10-23,8.65508309889848,8.709632436826018,8.582351644761648,8.673266410827637,114745
1998-10-26,8.600533875931031,8.727814660848885,8.418704951868252,8.50961971282959,149761
1998-10-27,8.509616447546689,8.509616447546689,8.436884427542159,8.491433143615723,157842
1998-10-28,8.509615991920729,8.509615991920729,8.400517967755313,8.455066680908203,44066
1998-10-29,8.436884379304777,8.509616398893467,8.436884379304777,8.473250389099121,173034
1998-10-30,8.509617821984127,8.76417873739625,8.509617821984127,8.709630012512207,406618
1998-11-02,8.745991755808637,8.764174455934143,8.436881668658728,8.6005277633667,695690
1998-11-03,8.6005366801746,8.836915016174316,8.6005366801746,8.836915016174316,172710
1998-11-04,8.81011762080569,8.992144888893336,8.81011762080569,8.973941802978516,208050
1998-11-05,8.937535377577301,8.973940947426035,8.700900071325583,8.737305641174316,763675
1998-11-06,8.700898888526282,8.773710018325813,8.518872261047363,8.518872261047363,287887
1998-11-09,8.482466045146607,8.591682132953979,8.464262964838774,8.537074089050293,247160
1998-11-10,8.518872261047363,8.573479710632082,8.482466696147599,8.518872261047363,192750
1998-11-11,8.628087695059738,8.682695738963425,8.518871607252366,8.537074089050293,183916
1998-11-12,8.59168309844964,8.628088664646496,8.464263916015625,8.464263916015625,186178
1998-11-13,8.537077343121279,8.537077343121279,8.409658126437792,8.427861213684082,74773
1998-11-16,8.427860554374833,8.446063041687012,8.336846322283675,8.446063041687012,255349
1998-11-17,8.42785580698387,8.518869389297208,8.42785580698387,8.482463836669922,334216
1998-11-18,8.518871607252366,8.700898220761351,8.482466045146607,8.537074089050293,152886
1998-11-19,8.664494501476849,8.737305641174316,8.62808953013815,8.737305641174316,148684
1998-11-20,8.962066461222804,8.962066461222804,8.832449644061354,8.887999534606934,131876
1998-11-23,8.887999534606934,8.962066461222804,8.86948310736929,8.887999534606934,127890
1998-11-24,8.887999534606934,8.962066461222804,8.887999534606934,8.887999534606934,95998
1998-11-25,8.813932876390735,8.850966340826405,8.77690002078773,8.832449913024902,216023
1998-11-27,8.795419692993164,8.813936127624903,8.758386214896799,8.795419692993164,17885
1998-11-30,8.776904106140137,8.869487505907422,8.776904106140137,8.776904106140137,282500
1998-12-01,8.776897339261572,8.79541376140592,8.702830433019226,8.721346855163574,460166
1998-12-02,8.73986655635206,8.887999805262075,8.73986655635206,8.832449913024902,185639
1998-12-03,8.758386320124995,8.869486755748916,8.739869885270789,8.813936233520508,586440
1998-12-04,8.813936233520508,8.888003190603122,8.776903363812096,8.813936233520508,583638
1998-12-07,8.813936127624903,8.832453171089531,8.758386214896799,8.795419692993164,323011
1998-12-08,8.758386320124995,8.813936233520508,8.758386320124995,8.813936233520508,162152
1998-12-09,8.758385565675031,8.776902607767068,8.573219406584556,8.59173583984375,289503
1998-12-10,8.628768937280894,8.647285369729124,8.295468891383026,8.332502365112305,807526
1998-12-11,8.33250378919675,8.536187016269473,8.33250378919675,8.462120056152344,344882
1998-12-14,8.258436829079622,8.499153536210908,8.23991978463388,8.462120056152344,235632
1998-12-15,8.480630132168564,8.554697036743164,8.443597288713727,8.554697036743164,542373
1998-12-16,8.480631597105276,8.480631597105276,8.388048254810494,8.443598747253418,271618
1998-12-17,8.406570140480959,8.499153536210908,8.388053096035216,8.462120056152344,180360
1998-12-18,8.462115172179347,8.5361820895482,8.332498980032707,8.443598747253418,277867
1998-12-21,8.406568802537825,8.517668616198563,8.295468988877087,8.499152183532715,212360
1998-12-22,8.49915144587091,8.517667876929671,8.295468268893433,8.38805103302002,500354
1998-12-23,8.425081456888487,8.425081456888487,8.22139835357666,8.22139835357666,234231
1998-12-24,8.276950338808975,8.351017272743606,8.276950338808975,8.295467376708984,87594
1998-12-28,8.258433839194467,8.351017201405517,8.221400372543506,8.239916801452637,296937
1998-12-29,8.239919159960975,8.36953602592316,8.165852814291778,8.25843620300293,393043
1998-12-30,8.202883561488616,8.295466919386506,8.184366524609434,8.276949882507324,177343
1998-12-31,8.221398603979427,8.462115172179347,8.221398603979427,8.443598747253418,235416
1999-01-04,8.369530306904545,8.443597210795652,8.295464011845898,8.406563758850098,615638
1999-01-05,8.388046728461092,8.443597210795652,8.388046728461092,8.406563758850098,319132
1999-01-06,8.406565780716136,8.517665554440981,8.388048745873592,8.425082206726074,383669
1999-01-07,8.406568703738044,8.462118609915551,8.313985323831258,8.332502365112305,351778
1999-01-08,8.258435417653748,8.406568703738044,8.258435417653748,8.332502365112305,406834
1999-01-11,8.351016426777802,8.351016426777802,8.239916037130428,8.313982963562012,423642
1999-01-12,8.295467376708984,8.369533701810912,8.258433909741669,8.295467376708984,491196
1999-01-13,8.184366524609434,8.313983347433016,8.091783166711542,8.276949882507324,245867
1999-01-14,8.313983734754556,8.369533630314645,8.221400372543506,8.239916801452637,105587
1999-01-15,8.239914777938626,8.313981693051591,8.22139835357666,8.22139835357666,117762
1999-01-19,8.406563758850098,8.443597210795652,8.33249746379145,8.406563758850098,256534
1999-01-20,8.443601543861849,8.462117974920613,8.351018170902494,8.38805103302002,316223
1999-01-21,8.406565288568991,8.443598747253418,8.369531829884565,8.443598747253418,227659
1999-01-22,8.499148630863774,8.517665055789703,8.388048254810494,8.443598747253418,195983
1999-01-25,8.443599241568618,8.462115667578558,8.369532319863652,8.425082206726074,272695
1999-01-26,8.406567096965606,8.425083525874737,8.239916801452637,8.239916801452637,266338
1999-01-27,8.295470325774021,8.313986761423976,7.99920309354429,8.110302925109863,701724
1999-01-28,8.110302925109863,8.147336405242694,8.073270053809953,8.110302925109863,170448
1999-01-29,8.073272978175108,8.147339356436763,7.795522689819336,7.795522689819336,853963
1999-02-01,7.795521735689506,8.036238501035447,7.795521735689506,7.980688571929932,717993
1999-02-02,7.999199867248535,8.036233332444759,7.962167010884987,7.999199867248535,1883007
1999-02-03,7.993634814790242,8.10701948544189,7.993634814790242,8.031429290771484,93305
1999-02-04,8.088128206601388,8.125923331783184,7.955845579142306,8.012537956237793,436247
1999-02-05,8.088128206601388,8.088128206601388,7.974742831055996,8.012537956237793,110974
1999-02-08,7.993634814790242,8.088122247451269,7.955839717455039,8.031429290771484,114530
1999-02-09,8.088128206601388,8.125923331783184,7.936947705874198,8.012537956237793,756026
1999-02-10,8.050329814239298,8.06922705848365,7.88025275197764,7.936944484710693,262891
1999-02-11,7.936944861836028,8.012535085113447,7.842458014770546,7.899150371551514,135216
1999-02-12,7.95584272833248,7.974739973474737,7.861355259912804,7.899150371551514,127136
1999-02-16,7.936944132851257,8.01253434918594,7.785764942890169,7.842457294464111,160428
1999-02-17,7.880255561239298,7.899152812220401,7.766870191289521,7.861357688903809,231861
1999-02-18,7.842454188679606,7.8613514246024865,7.72906890908065,7.747966766357422,212575
1999-02-19,7.766866657301047,7.823559005803255,7.615686854177123,7.653481960296631,509296
1999-02-22,7.710173383065762,7.747968484647346,7.596788078321011,7.615685939788818,536878
1999-02-23,7.634580612182617,7.766863112550893,7.558991055796332,7.634580612182617,3263936
1999-02-24,7.672376579958118,7.842454188679606,7.634581486758466,7.747966766357422,415884
1999-02-25,7.71017167315777,7.936940989647899,7.71017167315777,7.747966766357422,1266615
1999-02-26,7.747970961980827,7.747970961980827,7.634585620982287,7.691277980804443,248776
1999-03-01,7.747974042635436,7.785769171329252,7.634588656553986,7.672383785247803,1356364
1999-03-02,7.710174131271668,7.729071373219259,7.483404121130122,7.5211992263793945,470402
1999-03-03,7.55899478833025,7.55899478833025,7.332224764487646,7.407814979553223,817654
1999-03-04,7.407814979553223,7.407814979553223,7.370019872020435,7.407814979553223,375265
1999-03-05,7.445609465731884,7.445609465731884,7.370019872020435,7.407814979553223,218716
1999-03-08,7.407815311426566,7.426712555362501,7.275532739812553,7.388917446136475,190811
1999-03-09,7.313328408057493,7.40781650705004,7.218841551773459,7.332226276397705,666600
1999-03-10,7.33222243409569,7.596786860030743,7.33222243409569,7.558992385864258,468462
1999-03-11,7.596789836883545,7.691277302033165,7.577892592395291,7.596789836883545,667570
1999-03-12,7.672375267100173,7.823554992675781,7.634580180367824,7.823554992675781,614345
1999-03-15,7.710173606872559,7.766865950213554,7.596788298836519,7.710173606872559,518024
1999-03-16,7.74796544056487,7.880247933451197,7.710170353832521,7.823554992675781,317192
1999-03-17,7.76686707812943,7.880252402631452,7.729071969962089,7.842457294464111,356195
1999-03-18,7.842454188679606,7.8613514246024865,7.747966766357422,7.747966766357422,255995
1999-03-19,7.82355829355455,7.82355829355455,7.710173606872559,7.710173606872559,321071
1999-03-22,7.653486531578133,7.766871296305106,7.653486531578133,7.672383785247803,273665
1999-03-23,7.653486531578133,7.710178913941619,7.634588656553986,7.672383785247803,168401
1999-03-24,7.747968709551238,7.766865950213554,7.672378504193879,7.710173606872559,242958
1999-03-25,7.71017167315777,7.766864002280302,7.672376579958118,7.747966766357422,200185
1999-03-26,7.710175896916492,7.804663371000438,7.710175896916492,7.785766124725342,240911
1999-03-29,7.861355784096249,8.050330733536168,7.861355784096249,7.974740505218506,368047
1999-03-30,7.974737074165314,8.088122367858887,7.974737074165314,8.088122367858887,204925
1999-03-31,8.0881263641867,8.31489582091226,8.0881263641867,8.295998573303223,413945
1999-04-01,8.239308085974159,8.239308085974159,7.936947705874198,8.012537956237793,182730
1999-04-05,8.050331459449538,8.069228707555835,7.861356492969393,7.918048858642578,190596
1999-04-06,7.861353363448452,8.050328254699707,7.804661020343885,8.050328254699707,205249
1999-04-07,7.993635911595139,8.22040528401341,7.993635911595139,8.050328254699707,705064
1999-04-08,8.031432064683518,8.12592015133299,7.974739709777175,8.107022285461426,443897
1999-04-09,8.088128206601388,8.107025458515077,7.936947705874198,8.012537956237793,98153
1999-04-12,7.823562565587216,7.918050063201504,7.747972940308418,7.861357688903809,287671
1999-04-13,7.861355784096249,8.031432865779633,7.861355784096249,7.974740505218506,159135
1999-04-14,7.955845832824707,8.050333338114847,7.89915345392151,7.955845832824707,328936
1999-04-15,7.880252642380741,8.163714408874512,7.861354777045052,8.163714408874512,507249
1999-04-16,8.163712664262066,8.541662433956851,8.163712664262066,8.484970092773438,449931
1999-04-19,8.541663775825791,8.844024011893891,8.484971425736186,8.71174144744873,558427
1999-04-20,8.74953953496019,8.787334033657691,8.522769436003516,8.636154174804688,163552
1999-04-21,8.560558030746597,8.806225830976805,8.484968464129068,8.730635643005371,195229
1999-04-22,8.730636746874408,8.900713759283178,8.730636746874408,8.749534606933594,424180
1999-04-23,8.825130718687355,8.844028592741637,8.749541086533561,8.768438339233398,312775
1999-04-26,8.768432162312848,8.787329401700529,8.541662182890652,8.57945728302002,201585
1999-04-27,8.617254809204796,8.655049298620614,8.428279876708984,8.428279876708984,118732
1999-04-28,8.503870397669226,8.636152357990582,8.409382306740227,8.560562133789062,243928
1999-04-29,8.636152357990582,8.69284471546462,8.541664888415784,8.560562133789062,128752
1999-04-30,8.560560117346581,8.692842667862946,8.560560117346581,8.673945426940918,199107
1999-05-03,8.63614931064043,8.768431845638796,8.63614931064043,8.749534606933594,331953
1999-05-04,8.768438339233398,8.825130718687355,8.673950833025323,8.768438339233398,146852
1999-05-05,8.76276414663473,8.82054050358933,8.724246364253347,8.801281929016113,119809
1999-05-06,8.78201948130515,8.878313578172508,8.724242516596997,8.820536613464355,156334
1999-05-07,8.820536983376579,8.97460805141346,8.782019849602056,8.89757251739502,245867
1999-05-10,8.859053231013036,9.128676920601045,8.820535470609807,9.070899963378906,249315
1999-05-11,9.032386881035416,9.167198152965144,9.032386881035416,9.090163230895996,274850
1999-05-12,9.09015972886016,9.205712384063998,9.051641966047336,9.186453819274902,194259
1999-05-13,9.244235206826634,9.321270774618679,9.167199639034589,9.282752990722656,239834
1999-05-14,9.282753602716644,9.282753602716644,9.05164751733911,9.128683090209961,118624
1999-05-17,9.205713386999387,9.205713386999387,8.839796183498539,8.89757251739502,125304
1999-05-18,8.89757299112042,8.89757299112042,8.627949874169975,8.762761116027832,123688
1999-05-19,8.782022575477292,8.91683448523684,8.782022575477292,8.839798927307129,222272
1999-05-20,8.916833908110952,9.090162952382054,8.839798355167227,8.993868827819824,238325
1999-05-21,9.147936178684448,9.244230270385742,9.090159850310599,9.244230270385742,153532
1999-05-24,9.533112545489626,9.533112545489626,9.167194743730851,9.244230270385742,260951
1999-05-25,9.24423581628122,9.282753602716644,9.090165303774535,9.128683090209961,151162
1999-05-26,9.147938512336188,9.205714855448862,9.03238582611084,9.03238582611084,112698
1999-05-27,9.032388351044583,9.090164710308187,8.859058640018791,8.955352783203125,149438
1999-05-28,8.955352245285848,9.032387808500044,8.897575889492671,9.013129234313965,159889
1999-06-01,9.090161507978163,9.090161507978163,8.859055519104004,8.859055519104004,166677
1999-06-02,8.859061551918154,8.974614941661772,8.801285173663937,8.936097145080566,139849
1999-06-03,8.936094451053968,8.97461223602295,8.897576666084987,8.97461223602295,231538
1999-06-04,8.993873523334782,9.013132738242978,8.916838563407556,8.936097145080566,184670
1999-06-07,8.878313713508552,8.916831479489572,8.74350184919232,8.78201961517334,137371
1999-06-08,8.782021164140833,8.782021164140833,8.704985618591309,8.704985618591309,106988
1999-06-09,8.74350184919232,8.878313713508552,8.724242649584468,8.78201961517334,126274
1999-06-10,8.82053726807628,8.839796468819866,8.666467461535897,8.7242431640625,221518
1999-06-11,8.7242431640625,8.762760932314956,8.64720826079231,8.7242431640625,62706
1999-06-14,8.685726211142589,8.859055222060434,8.685726211142589,8.762761116027832,94382
1999-06-15,8.83979581277863,8.916831343566384,8.724242516596997,8.820536613464355,186501
1999-06-16,8.97460805141346,8.993866618300721,8.89757251739502,8.89757251739502,223996
1999-06-17,8.89757642393952,8.993870567123853,8.839800064675915,8.955352783203125,122287
1999-06-18,8.87831613163909,9.013128032673183,8.87831613163909,8.993868827819824,265584
1999-06-21,9.186454820112125,9.186454820112125,8.89757251739502,8.89757251739502,180683
1999-06-22,8.91683249124861,8.91683249124861,8.859055519104004,8.859055519104004,111513
1999-06-23,8.839796468819866,8.87831423707232,8.704984596553633,8.7242431640625,82099
1999-06-24,8.647210452268164,8.704986802671835,8.454622195432668,8.473880767822266,325920
1999-06-25,8.51239931196286,8.550917093443582,8.358328819274902,8.358328819274902,190703
1999-06-28,8.416108945843728,8.435367528595721,8.242779801370128,8.300556182861328,381299
1999-06-29,8.319809100948948,8.358326873462763,8.281291961669922,8.281291961669922,307711
1999-06-30,8.319813072656437,8.319813072656437,7.8190836906433105,7.8190836906433105,1180529
1999-07-01,8.1272227636255,8.358328819274902,8.1272227636255,8.358328819274902,519316
1999-07-02,8.33907024515201,8.435363749001413,8.31981103779418,8.358328819274902,197491
1999-07-06,8.319810261789724,8.435362962219138,8.242775339248407,8.396845817565918,212575
1999-07-07,8.435362962219138,8.473880740107235,8.396845817565918,8.396845817565918,209127
1999-07-08,8.454623932787651,8.454623932787651,8.281294845958946,8.435364723205566,508004
1999-07-09,8.43536382484458,8.43536382484458,8.319811112598403,8.339070320129395,250392
1999-07-12,8.473881356840405,8.473881356840405,8.204258158470175,8.31981086730957,131445
1999-07-13,8.319811112598403,8.358328894425444,8.262034756475314,8.339070320129395,344236
1999-07-14,8.358328819274902,8.358328819274902,8.31981103779418,8.358328819274902,95244
1999-07-15,8.396846600755627,8.396846600755627,8.31981103779418,8.358328819274902,277005
1999-07-16,8.339070170519342,8.435363673506941,8.319810963333879,8.37758731842041,184778
1999-07-19,8.416105174878519,8.416105174878519,8.31981103779418,8.358328819274902,67985
1999-07-20,8.33906830382325,8.358326873462763,8.26203275879562,8.281291961669922,288856
1999-07-21,8.339070074272753,8.339070074272753,8.262034512889873,8.31981086730957,119701
1999-07-22,8.31980988240744,8.358327658539132,8.242774963378906,8.242774963378906,246945
1999-07-23,8.33906830382325,8.358326873462763,8.281291961669922,8.281291961669922,157411
1999-07-26,8.358326873462763,8.377585443102276,8.242774189156107,8.281291961669922,171202
1999-07-27,8.281293889548394,8.358328819274902,8.24277610806767,8.358328819274902,228952
1999-07-28,8.319814765613321,8.319814765613321,8.242779801370128,8.300556182861328,117439
1999-07-29,8.223516439382008,8.262034218701938,8.127222307699636,8.14648151397705,290472
1999-07-30,8.107957920062507,8.319804604544634,8.088698727596757,8.184992790222168,334539
1999-08-02,8.165739164722314,8.300551060497991,8.107962818885547,8.223515510559082,176050
1999-08-03,8.262031555175781,8.281290755244386,8.20425522143936,8.262031555175781,235847
1999-08-04,8.216931685782226,8.275904765273522,8.177616084004312,8.197274208068848,235632
1999-08-05,8.236587371405049,8.236587371405049,8.079325644861052,8.098983764648438,226043
1999-08-06,8.098982115029377,8.177612639110224,8.040008414030138,8.157955169677734,182515
1999-08-09,8.138300047634646,8.236588723655162,8.04001137161413,8.059669494628906,121318
1999-08-10,8.040011411292369,8.05966953440416,7.882749658153666,7.922065258026123,357273
1999-08-11,7.922061657619224,7.922061657619224,7.843431139961317,7.863088607788086,239726
1999-08-12,7.863088607788086,7.922061657619224,7.863088607788086,7.863088607788086,121856
1999-08-13,7.922064680911034,8.020353350256375,7.882749083902682,8.00069522857666,175619
1999-08-16,7.941722734786789,8.000695811419911,7.882749658153666,7.922065258026123,97291
1999-08-17,7.961377239623593,7.961377239623593,7.843431139961317,7.863088607788086,161829
1999-08-18,7.863089010329635,8.040008168880217,7.863089010329635,7.9417195320129395,296937
1999-08-19,7.9417221235675255,8.040010792508507,7.922064648319759,8.020353317260742,183485
1999-08-20,8.040006556489129,8.13829517364502,7.9613760505748585,8.13829517364502,116146
1999-08-23,8.531456239153641,8.531456239153641,8.04001277336919,8.177617073059082,208158
1999-08-24,8.236588723655162,8.236588723655162,7.981038295272045,8.059669494628906,141034
1999-08-25,8.0006970037686,8.040012609500286,7.941723918346684,7.981039524078369,160751
1999-08-26,7.981039524078369,8.0006970037686,7.882750832924766,7.981039524078369,161936
1999-08-27,7.902408312614998,8.0006970037686,7.882750832924766,7.981039524078369,402416
1999-08-30,7.941722734786789,8.000695811419911,7.863092181393,7.922065258026123,74988
1999-08-31,7.863091576225385,8.020353317260742,7.863091576225385,8.020353317260742,214838
1999-09-01,8.040010825585012,8.059668947264727,7.9417221562396705,8.00069522857666,126705
1999-09-02,7.902407134914332,7.96138085789858,7.882749658153666,7.922065258026123,119917
1999-09-03,7.961380277919385,8.00069522857666,7.902406559231319,8.00069522857666,76174
1999-09-07,8.0006951956619,8.020353317260742,7.9417221235675255,8.020353317260742,82315
1999-09-08,7.981037957551812,8.02035355556659,7.882749285690414,7.961380481719971,135001
1999-09-09,7.902406526720918,8.020353317260742,7.882749051473151,8.020353317260742,303509
1999-09-10,7.961381853374568,8.000696811811768,7.863093164579158,7.902408123016357,124981
1999-09-13,7.902403543441624,7.981034707450362,7.843431139961317,7.863088607788086,106449
1999-09-14,7.863090405599169,7.902405350241646,7.804117342284474,7.823774814605713,146098
1999-09-15,7.863090870443906,7.863090870443906,7.666513550206482,7.70582914352417,151701
1999-09-16,7.686170467946927,7.863090301908958,7.646854877471924,7.646854877471924,421594
1999-09-17,7.686172008514404,7.70583013086754,7.568225859799988,7.686172008514404,106557
1999-09-20,7.607539514581234,7.6271976335823055,7.3716472573762895,7.587882041931152,177236
1999-09-21,7.587881902372764,7.686170556517403,7.548566311444714,7.5682244300842285,120025
1999-09-22,7.627197493300816,7.627197493300816,7.548566311444714,7.5682244300842285,166569
1999-09-23,7.587881201491314,7.627196788787842,7.5485656141947866,7.627196788787842,206218
1999-09-24,7.607539152003336,7.607539152003336,7.489593029022216,7.489593029022217,99877
1999-09-27,7.489593377484947,7.489593377484947,7.253700474196535,7.332331657409668,200508
1999-09-28,7.3126746289364055,7.4502788847416515,7.3126746289364055,7.351990222930908,331630
1999-09-29,7.312675852955645,7.391306407755058,7.155414097005683,7.273360252380371,121102
1999-09-30,7.273357457925952,7.312673043396015,7.057122707366943,7.057122707366943,265261
1999-10-01,7.116098496430408,7.312675852955645,7.076782895855134,7.273360252380371,286917
1999-10-04,7.19472955880269,7.410964388269069,7.19472955880269,7.371648788452148,146421
1999-10-05,7.3126746289364055,7.430620764568886,7.3126746289364055,7.351990222930908,216669
1999-10-06,7.351992070048305,7.351992070048305,7.2340452584317925,7.293018341064453,181330
1999-10-07,7.332334449951822,7.332334449951822,7.057126496594035,7.17507266998291,177667
1999-10-08,7.13575323195618,7.214384402896304,7.037464591456469,7.057122707366943,134031
1999-10-11,7.175070730167393,7.214386326118266,7.116097659416614,7.194728851318359,180360
1999-10-12,7.214385034059346,7.214385034059346,7.017807735862016,7.076780796051025,141788
1999-10-13,7.1357538562400356,7.17506944514969,7.017807735862016,7.076780796051025,235416
1999-10-14,7.076780176926531,7.096438292837005,6.998149005986407,7.057122707366943,140603
1999-10-15,7.076781052494868,7.076781052494868,6.9195193375084445,6.998149871826172,214299
1999-10-18,7.057124885702075,7.057124885702075,6.958836214863428,6.978493690490723,156010
1999-10-19,6.998149111004321,7.037464697064373,6.919518585235114,6.958834171295166,270001
1999-10-20,6.919520378112793,6.9784934493076,6.821231710671092,6.919520378112793,217208
1999-10-21,6.860545404854938,6.919518459699665,6.76225676466343,6.781914234161377,405649
1999-10-22,6.821231809142334,6.899862356420166,6.8015743339106445,6.840889930725098,338525
1999-10-25,6.840890441929946,6.840890441929946,6.781916719125752,6.821232318878174,124011
1999-10-26,6.821231809142334,6.860547405956787,6.8015743339106445,6.840889930725098,229921
1999-10-27,6.84088983197007,6.958835974359686,6.801574235723177,6.919520378112793,348222
1999-10-28,6.91951977842402,7.0767815034312465,6.91951977842402,7.017808437347412,386255
1999-10-29,7.0178084678250245,7.2733588528654725,7.0178084678250245,7.2537007331848145,515546
1999-11-01,7.332332393519984,7.332332393519984,7.07678199194847,7.1357550621032715,455425
1999-11-02,7.155413391294231,7.273359535036335,7.155413391294231,7.214386463165283,876374
1999-11-03,7.228594246453235,7.389677032544559,7.228594246453235,7.26886510848999,203417
1999-11-04,7.288998172412477,7.389674968354023,7.248727321624756,7.248727321624756,166892
1999-11-05,7.208457114400312,7.268863727002689,7.208457114400312,7.228592872619629,139310
1999-11-08,7.228594317134734,7.409812204988541,7.228594317134734,7.3494062423706055,485809
1999-11-09,7.349405408255068,7.429946461919465,7.309134550395054,7.369541168212891,651300
1999-11-10,7.4098122758711975,7.47021823906698,7.329271212295391,7.429947376251221,536771
1999-11-11,7.47021823906698,7.47021823906698,7.4098122758711975,7.429947376251221,341111
1999-11-12,7.450080782144512,7.550757576310876,7.450080782144512,7.530622482299805,291550
1999-11-15,7.490351676940918,7.5104867710722,7.450080826622846,7.490351676940918,212790
1999-11-16,7.550761699676514,7.570896804683086,7.490355722600934,7.550761699676514,241558
1999-11-17,7.591032571745521,7.591032571745521,7.490355722600934,7.550761699676514,220979
1999-11-18,7.570891982426788,7.631298583082435,7.550756890245202,7.591027736663818,155256
1999-11-19,7.591026895018212,7.671567916870118,7.570891143013709,7.671567916870117,178636
1999-11-22,7.893057216587439,7.893057216587439,7.63129773697185,7.671567916870117,390457
1999-11-23,7.67157042199275,7.75211213220062,7.550758518736532,7.69170618057251,201801
1999-11-24,7.651433675264022,7.731974706045813,7.550756890245202,7.591027736663818,116254
1999-11-26,7.631299322026413,7.691705266475766,7.4702159207541285,7.490351676940918,84254
1999-11-29,7.510489101882739,7.65143679071004,7.429947376251221,7.429947376251221,203201
1999-11-30,7.429947262569799,7.550759849168591,7.409812162497851,7.510488986968994,446483
1999-12-01,7.490352567108422,7.691706180572511,7.490352567108422,7.69170618057251,402847
1999-12-02,7.631300278558542,7.731976423889536,7.631300278558542,7.651435375213623,236601
1999-12-03,7.671570457326849,7.832653216428926,7.671570457326849,7.812518119812012,248561
1999-12-06,7.852786450652525,7.852786450652525,7.752109675821517,7.792379856109619,426551
1999-12-07,7.752109600777393,7.852786374633802,7.530620963115441,7.671567916870117,187471
1999-12-08,7.631299322026413,7.651434416157695,7.4702159207541285,7.490351676940918,282069
1999-12-09,7.530624749096644,7.550759849168591,7.409812162497851,7.510488986968994,201585
1999-12-10,7.389676372567644,7.49035318764017,7.288999557495117,7.288999557495117,200831
1999-12-13,7.228594242303925,7.369541928323814,7.087646556284035,7.168187618255615,420733
1999-12-14,7.127915744144169,7.168185934643738,6.705072785398809,6.785614490509033,705279
1999-12-15,6.825884070700335,6.846019162196882,6.584259662464669,6.765478134155273,651193
1999-12-16,6.765480399117524,6.866157214415903,6.684938682056564,6.745344638824463,403602
1999-12-17,6.684937234970254,7.148050352681714,6.644666385157192,7.107779502868652,670263
1999-12-20,7.188323523468091,7.530624864318475,7.188323523468091,7.429947376251221,547868
1999-12-21,7.248727321624756,7.329269023200198,7.107779674895489,7.248727321624756,490765
1999-12-22,7.208456470837034,7.268863078046373,7.027238635375561,7.248727321624756,347791
1999-12-23,7.288998172412477,7.288998172412477,7.0071035410094575,7.248727321624756,412436
1999-12-27,7.1883237992990106,7.2890006291737315,7.168188036090624,7.20845890045166,198138
1999-12-28,7.2487293422828945,7.3292710663101746,7.168187618255615,7.168187618255615,332276
1999-12-29,7.188325718409239,7.450085413555914,7.188325718409239,7.389679431915283,305449
1999-12-30,7.4098122758711975,7.591030827514257,7.309135449859656,7.429947376251221,191996
1999-12-31,7.349408556802891,7.409814538443522,7.329273450274653,7.389679431915283,143081
2000-01-03,7.349405514127505,7.4299465689521424,7.188322742422591,7.288999557495117,348976
2000-01-04,7.268865528021083,7.309135730326381,7.047376105063254,7.20845890045166,360828
2000-01-05,7.0876465603524395,7.289000208480519,7.0876465603524395,7.26886510848999,246621
2000-01-06,7.288998131393164,7.450080871582031,7.248727280832069,7.450080871582031,218609
2000-01-07,7.429948314560175,7.79238480156175,7.409813211637342,7.772249698638916,309543
2000-01-10,7.812518070137537,7.852788925170898,7.631300215570788,7.852788925170898,324950
2000-01-11,7.933328884722651,7.973599734230818,7.792381242471813,7.8326520919799805,383238
2000-01-12,7.75211105501914,7.8326520919799805,7.711840205510973,7.8326520919799805,420302
2000-01-13,7.772246148745476,7.8326520919799805,7.711840205510973,7.8326520919799805,328290
2000-01-14,7.832652900732086,7.953465461730957,7.812517804926721,7.953465461730957,411359
2000-01-18,7.95346493923197,8.034006641273402,7.893058993728654,7.9937357902526855,400908
2000-01-19,7.9735976221366425,8.054139299818615,7.953462533743808,8.034004211425781,250931
2000-01-20,8.054141829416553,8.0742769241333,7.9937358832107845,8.0742769241333,176266
2000-01-21,8.034013975921088,8.17496109008789,8.034013975921088,8.17496109008789,356411
2000-01-24,8.134686534300359,8.215228273555375,8.034010353315326,8.094415664672852,231645
2000-01-25,8.094414162533361,8.134685024687512,7.993738000231537,8.013873100280762,299307
2000-01-26,7.993733372584795,8.034004211425781,7.9735976221366425,8.034004211425781,192535
2000-01-27,8.0742769241333,8.094412018850047,8.013870977927532,8.0742769241333,253517
2000-01-28,8.07427438821145,8.07427438821145,7.993733372584795,8.034004211425781,119701
2000-01-31,8.0541422648689,8.074277360674266,7.93332970387003,7.953465461730957,139418
2000-02-01,7.9937357902526855,8.054141735756001,7.933329182693852,7.9937357902526855,382915
2000-02-02,7.987677097320557,8.049437368616497,7.925916826024617,7.987677097320557,435170
2000-02-03,8.028848782580871,8.11119556427002,7.9053275946988,8.11119556427002,503909
2000-02-04,8.090607349258011,8.172954790657046,8.070020827357633,8.15236759185791,367293
2000-02-07,8.152369293564043,8.172956496660504,8.070022511874894,8.11119556427002,263752
2000-02-08,8.049433261684753,8.13178069933059,7.946499303076819,8.028846740722656,458335
2000-02-09,8.008261680603027,8.049435410416944,7.925914897874104,8.008261680603027,292089
2000-02-10,8.070020957006902,8.214128643321002,7.925913270692801,7.967086315155029,195013
2000-02-11,7.925914557513576,7.967087608660501,7.864154303894311,7.884740829467773,260736
2000-02-14,7.864153472275362,7.864153472275362,7.699459254407123,7.761219501495361,242635
2000-02-15,7.740634278674032,7.740634278674032,7.658287487152457,7.6788740158081055,322795
2000-02-16,7.5965256690979,7.699460331172058,7.534766090271428,7.5965256690979,312452
2000-02-17,7.61711379076229,7.699461259591713,7.575940056347579,7.658287525177002,329906
2000-02-18,7.658286601722176,7.699460331172058,7.57593914282241,7.5965256690979,177774
2000-02-22,7.699461821232721,7.740634881751839,7.5759406089782715,7.5759406089782715,260736
2000-02-23,7.596525399210194,7.699460057627311,7.514178620134928,7.637699127197266,259874
2000-02-24,7.720046583171409,7.720046583171409,7.575938873666097,7.637699127197266,101924
2000-02-25,7.699461897119326,7.720048427581787,7.637700951933864,7.720048427581787,190811
2000-02-28,7.740633964538575,7.781807697077913,7.678873704179043,7.740633964538574,306311
2000-02-29,7.67887140054751,7.740631642379209,7.658284878903193,7.699458599090576,377636
2000-03-01,7.720045120734892,7.740631642379209,7.67887140054751,7.699458599090576,194905
2000-03-02,7.617113752942179,7.699461221362734,7.617113752942179,7.6788740158081055,128105
2000-03-03,7.678873704179043,7.781807697077913,7.678873704179043,7.740633964538574,130368
2000-03-06,7.658288159295364,7.76122216540575,7.658288159295364,7.720048427581787,127998
2000-03-07,7.699462020886435,7.740635082473206,7.534767743842203,7.617114543914795,241881
2000-03-08,7.699460057627311,7.740633108715506,7.493592094590831,7.637699127197266,115284
2000-03-09,7.55535364151001,7.658287640649345,7.452419642370675,7.55535364151001,289503
2000-03-10,7.5759406089782715,7.617114346396422,7.473006603882413,7.5759406089782715,137263
2000-03-13,7.637699298099053,7.637699298099053,7.473005059364431,7.493592262268066,167216
2000-03-14,7.493593932804393,7.5759407320797125,7.4318336641231415,7.473006725311279,163337
2000-03-15,7.473006171438945,7.55535364151001,7.452419642370675,7.55535364151001,139095
2000-03-16,7.514180536149769,7.63770107470818,7.514180536149769,7.617114543914795,365784
2000-03-17,7.617114346396422,7.67887461407413,7.5141803413005634,7.5759406089782715,204387
2000-03-20,7.5759406089782715,7.617114346396422,7.534767548459154,7.5759406089782715,145021
2000-03-21,7.534764395239795,7.740631642379209,7.534764395239795,7.699458599090576,153748
2000-03-22,7.761221522764289,7.802395257179,7.61711379076229,7.658287525177002,159889
2000-03-23,7.575939711280173,7.802394901797058,7.534766655639787,7.740633964538574,147607
2000-03-24,7.658285530715362,7.781806024891839,7.6171118070236,7.761219501495361,192750
2000-03-27,7.699461259591713,7.781808051522153,7.596526585105443,7.658287525177002,158058
2000-03-28,7.596526585105443,7.658287525177002,7.53476699883185,7.658287525177002,489149
2000-03-29,7.699460057627311,7.699460057627311,7.555352348122,7.637699127197266,150408
2000-03-30,7.596526239100367,7.740633964538575,7.596526239100367,7.740633964538574,192643
2000-03-31,7.740634278674032,7.905328538616163,7.6788740158081055,7.6788740158081055,196198
2000-04-03,7.781807697077913,7.884741689976783,7.699460908898188,7.740633964538574,232292
2000-04-04,7.720047436718382,7.781807697077913,7.65828717635885,7.740633964538574,143836
2000-04-05,7.802395218438939,7.8229817470945875,7.658287487152457,7.6788740158081055,713899
2000-04-06,7.76122116925772,7.781807697077913,7.65828717635885,7.740633964538574,1908003
2000-04-07,7.802394050275046,7.884740829467773,7.740633119756903,7.884740829467773,461136
2000-04-10,7.987676901203434,7.987676901203434,7.864156361644287,7.946503162384033,388087
2000-04-11,7.905329617659922,8.00826362878618,7.884743086194299,7.987677097320557,475465
2000-04-12,7.987670851466072,8.193538712742912,7.987670851466072,8.090604782104492,279806
2000-04-13,8.049438985818023,8.378827616839429,8.049438985818023,8.358241081237793,439803
2000-04-14,8.39940675795637,8.39940675795637,8.234712600708008,8.234712600708008,371818
2000-04-17,8.296477007643677,8.296477007643677,8.070022511874894,8.11119556427002,340680
2000-04-18,8.193541312557427,8.193541312557427,8.090607349258011,8.15236759185791,197168
2000-04-19,8.111195534510914,8.214130195817766,8.111195534510914,8.172956466674805,197922
2000-04-20,8.152370013427975,8.214130951272024,8.111196280498262,8.131783485412598,715191
2000-04-24,8.131782737531843,8.193542992796838,8.111195534510914,8.172956466674805,282607
2000-04-25,8.214126084888921,8.234712600708008,8.17295237635219,8.234712600708008,220979
2000-04-26,8.255303716470209,8.378824234008789,8.214130661889973,8.378824234008789,322472
2000-04-27,8.378823046531375,8.564104473479418,8.358236522158853,8.399410247802734,156118
2000-04-28,8.35823770671867,8.41999796548796,8.317063975239499,8.378824234008789,245113
2000-05-01,8.399410901465457,8.708212852478027,8.378823698591951,8.708212852478027,373865
2000-05-02,8.708212018686238,8.934666490320058,8.687624817783911,8.852319717407227,416207
2000-05-03,8.909168073786253,8.993217129017818,8.804107100189837,8.825119018554688,343158
2000-05-04,9.056254324355361,9.056254324355361,8.825119748786438,8.88815689086914,385824
2000-05-05,8.825122965285852,8.972208532276987,8.825122965285852,8.909172058105469,184885
2000-05-08,8.972205096396026,8.972205096396026,8.762083826585117,8.804107666015625,244790
2000-05-09,8.678034384076915,8.783095359802246,8.636009855609563,8.783095359802246,444436
2000-05-10,8.825118720322081,8.825118720322081,8.678033914966488,8.72005844116211,285947
2000-05-11,8.804107278592875,8.804107278592875,8.699046302867544,8.783095359802246,135539
2000-05-12,8.783095746300372,8.804107666015625,8.74107121598374,8.804107666015625,139849
2000-05-15,8.804106802667297,8.804106802667297,8.69904583262127,8.72005844116211,429029
2000-05-16,8.741067787760512,8.741067787760512,8.657019450976904,8.699043273925781,301139
2000-05-17,8.741067787760512,8.741067787760512,8.657019450976904,8.699043273925781,350269
2000-05-18,8.657021997311706,8.741070358816893,8.657021997311706,8.72005844116211,233046
2000-05-19,8.636010817852611,8.741071805284067,8.614998896720788,8.657023429870605,370848
2000-05-22,8.720063154746653,8.720063154746653,8.446903932263345,8.509941101074219,377205
2000-05-23,8.467916552162446,8.572977578998662,8.467916552162446,8.509941101074219,343805
2000-05-24,8.446901432293846,8.57297504171605,8.320828513757865,8.362853050231934,328182
2000-05-25,8.362853050231934,8.383865663912081,8.299816590963944,8.362853050231934,408558
2000-05-26,8.341840013440123,8.404876464290009,8.257790951716185,8.278802871704102,254163
2000-05-30,8.257794833898917,8.278806763765033,8.110709252176715,8.15273380279541,481822
2000-05-31,8.19475278354785,8.299813743242797,8.173740177077269,8.236777305603027,471695
2000-06-01,8.257787704467773,8.278799616193078,8.152726764069522,8.257787704467773,462536
2000-06-02,8.25778922118762,8.341838265297973,8.19475278354785,8.236777305603027,933046
2000-06-05,8.236778562741597,8.236778562741597,8.173741424594793,8.215765953063965,115068
2000-06-06,8.173741743067998,8.21576627317457,8.068680763244629,8.068680763244629,490442
2000-06-07,8.089697322310597,8.194758353414104,8.089697322310597,8.15273380279541,743959
2000-06-08,8.1107052933512,8.152729823457772,7.984632393917607,8.068680763244629,607342
2000-06-09,8.068684701558022,8.173745732661528,8.047672771691904,8.15273380279541,706464
2000-06-12,8.068681006405782,8.215766520768351,8.068681006405782,8.194754600524902,376020
2000-06-13,8.215765953063965,8.257790481533135,8.152729505803254,8.215765953063965,634385
2000-06-14,8.278801136772215,8.362850180882567,8.173740177077269,8.236777305603027,445836
2000-06-15,8.278799316599489,8.278799316599489,8.110701956222574,8.1317138671875,240588
2000-06-16,8.152728261492674,8.236777305603027,8.068679217382321,8.236777305603027,354902
2000-06-19,8.19475278354785,8.278801136772215,8.152728261492674,8.236777305603027,213114
2000-06-20,8.236780131695955,8.362853050231934,8.215767518015808,8.362853050231934,360720
2000-06-21,8.278802871704102,8.32082740256607,8.236779031728267,8.278802871704102,197491
2000-06-22,8.257790481533135,8.278802400324674,8.152729505803254,8.215765953063965,246406
2000-06-23,8.236778500185416,8.236778500185416,8.152729443885404,8.205260276794434,128644
2000-06-26,8.131717700408107,8.215766765659476,8.131717700408107,8.163236618041992,169694
2000-06-27,8.173741424594793,8.236778562741597,8.068680448864912,8.215765953063965,422564
2000-06-28,8.215766827252263,8.236779439165716,8.173742294311523,8.173742294311523,296398
2000-06-29,8.236778729381468,8.320827097134115,8.236778729381468,8.29981517791748,274958
2000-06-30,8.3838651576469,8.425889000697104,7.4593281745910645,7.4593281745910645,1074080
2000-07-03,7.774507516812991,8.341836733140719,7.774507516812991,8.257787704467773,572649
2000-07-05,8.173738962690447,8.404873454210863,8.15272705022763,8.383861541748047,567585
2000-07-06,8.3418419597472,8.530951356419603,8.299817419080123,8.44690227508545,430537
2000-07-07,8.488925549380358,8.509938162022396,8.425889093226626,8.467913627624512,348114
2000-07-10,8.488923549149684,8.488923549149684,8.36285066654856,8.425887107849121,166461
2000-07-11,8.404877586706002,8.446901432293846,8.278803977283797,8.362853050231934,219578
2000-07-12,8.362853050231934,8.404877586706002,8.236780131695955,8.362853050231934,321933
2000-07-13,8.404873847961426,8.425885761408606,8.362849330181145,8.404873847961426,250931
2000-07-14,8.404873847961426,8.467910279188885,8.362849330181145,8.404873847961426,165492
2000-07-17,8.362850098423031,8.404874620063836,8.320825576782227,8.320825576782227,143081
2000-07-18,8.34183818304562,8.362850098423031,8.27880105514142,8.320825576782227,119486
2000-07-19,8.320824812400867,8.404873847961426,8.299812898953686,8.404873847961426,184562
2000-07-20,8.320824812400867,8.425885761408606,8.320824812400867,8.404873847961426,243389
2000-07-21,8.383863274239433,8.446899024653966,8.36285066654856,8.425887107849121,200723
2000-07-24,8.425895201594718,8.551968205299035,8.425895201594718,8.530956268310547,264614
2000-07-25,8.467913376139517,8.657023429870605,8.467913376139517,8.657023429870605,393905
2000-07-26,8.657027593026502,8.846137046813965,8.657027593026502,8.846137046813965,495936
2000-07-27,8.825121843065338,9.014231932418657,8.783097992885757,8.98271369934082,333677
2000-07-28,9.014229793262272,9.014229793262272,8.867144279879527,8.88815689086914,482576
2000-07-31,8.888156335527578,8.909168254318207,8.699046302867544,8.783095359802246,162690
2000-08-01,8.783094581750424,8.993216514587402,8.762082664821138,8.993216514587402,822718
2000-08-02,9.072698284929457,9.094146467474673,8.879661821099546,8.98690414428711,823364
2000-08-03,9.008349832062638,9.008349832062638,8.708071833434806,8.772417068481445,603786
2000-08-04,8.858211658339377,8.858211658339377,8.429242461483335,8.515036582946777,393366
2000-08-07,8.515036418423392,8.643726892901476,8.386345238714737,8.472139358520508,237894
2000-08-08,8.557930910824675,8.622275423528874,8.536482034692918,8.579379081726074,3098660
2000-08-09,8.579380073404979,8.579380073404979,8.493585969421838,8.557931900024414,170663
2000-08-10,8.557930910824675,8.622275423528874,8.515033863791517,8.579379081726074,374727
2000-08-11,8.557933643678497,8.579381821429067,8.472139522215056,8.515036582946777,135216
2000-08-14,8.515036418423392,8.515036418423392,8.407794121281466,8.472139358520508,1012883
2000-08-15,8.429243931343198,8.450692112833819,8.364898681640625,8.364898681640625,347791
2000-08-16,8.386346659762026,8.386346659762026,8.343449592590332,8.343449592590332,99338
2000-08-17,8.343452506698993,8.386349588853305,8.257659047621305,8.322004318237305,355872
2000-08-18,8.386346385945307,8.386346385945307,8.236207008361816,8.236207008361816,194043
2000-08-21,8.300550541753111,8.321999422828451,8.236205308988138,8.257654190063477,212467
2000-08-22,8.236206777228483,8.257655662127442,8.107516288757324,8.107516288757324,421594
2000-08-23,8.107516288757324,8.171861532992905,8.086068109089013,8.107516288757324,216346
2000-08-24,8.086069604960029,8.107517788596116,7.957378387451173,7.957378387451172,244467
2000-08-25,8.021723433618487,8.064619795996594,7.935929298400879,7.935929298400879,172818
2000-08-28,7.9359295733506166,7.97882664244564,7.85013614039129,7.914480686187744,330229
2000-08-29,7.893033075758076,7.935930147959104,7.828687820071922,7.871584892272949,311267
2000-08-30,7.893032504255592,7.957377755282768,7.807239071296265,7.914480686187744,268385
2000-08-31,7.893030560112345,8.021721735699318,7.807237148284912,7.807237148284912,424504
2000-09-01,7.850136708787821,7.97882722016013,7.850136708787821,7.871584892272949,134678
2000-09-05,7.8715849476760456,7.957378387451173,7.8715849476760456,7.957378387451172,279052
2000-09-06,7.957378387451173,8.064620716093165,7.957378387451173,7.957378387451172,354687
2000-09-07,7.957376915387206,8.150413353324593,7.957376915387206,8.107516288757324,255995
2000-09-08,8.10751484345819,8.300550541753111,8.086066667613373,8.257654190063477,606049
2000-09-11,8.279104232788086,8.300552413469317,8.19331080483248,8.279104232788086,434847
2000-09-12,8.236207008361816,8.257655893862696,8.19331064782139,8.236207008361816,363198
2000-09-13,8.236204010154475,8.236204010154475,8.150410615074138,8.171858787536621,208481
2000-09-14,8.150409552916498,8.150409552916498,8.064615463786398,8.086064338684082,359966
2000-09-15,8.021721839904785,8.06461819376047,8.021721839904785,8.021721839904785,208050
2000-09-18,8.08606707591887,8.150412311932952,8.021721839904785,8.021721839904785,430645
2000-09-19,8.021723700726158,8.086068951666586,8.021723700726158,8.043171882629395,168293
2000-09-20,8.021723433618487,8.1075168636054,7.9144804119811285,7.935929298400879,140496
2000-09-21,7.893032504255592,7.97882664244564,7.893032504255592,7.914480686187744,200400
2000-09-22,7.807237087919806,7.978824615478516,7.785788206205878,7.978824615478516,412652
2000-09-25,7.957377479589932,8.021723433618487,7.935929298400879,7.935929298400879,231430
2000-09-26,7.978823119683056,8.279101060309848,7.978823119683056,8.171858787536621,1258534
2000-09-27,8.193306597481548,8.193306597481548,8.064615463786398,8.086064338684082,171525
2000-09-28,8.086068109089013,8.193310417891862,8.021722864853432,8.107516288757324,249638
2000-09-29,8.107517133569823,8.150414202607015,7.978826631688966,8.043171882629395,598184
2000-10-02,7.935930860702751,8.043173198221606,7.742895076307313,7.76434326171875,443789
2000-10-03,7.807236642251841,7.828684817510879,7.657097299747065,7.6785454750061035,224965
2000-10-04,7.6570950699422164,7.764337325468646,7.571300983428954,7.571300983428955,230783
2000-10-05,7.614200243998485,7.742891411244223,7.571303188249906,7.6785454750061035,214838
2000-10-06,7.678549109611332,7.850137413826168,7.678549109611332,7.76434326171875,273234
2000-10-09,7.807238853146802,7.807238853146802,7.721444717354009,7.785789966583252,166677
2000-10-10,7.74289110222874,7.764339276631791,7.678545168558639,7.721442222595215,109681
2000-10-11,7.764341886366981,7.7857900679791525,7.571305430934595,7.614202499389648,309004
2000-10-12,7.592749857672418,7.678543238955384,7.549852814415788,7.571300983428955,218609
2000-10-13,7.571305430934595,7.699996636299756,7.549857249322423,7.614202499389648,181653
2000-10-16,7.571304912269155,7.721444288961324,7.571304912269155,7.635650157928467,245113
2000-10-17,7.635646195698753,7.635646195698753,7.549852814415788,7.571300983428955,176158
2000-10-18,7.549855104221675,7.592752160488613,7.421164640651371,7.485509872436523,311159
2000-10-19,7.5498539762953225,7.657096248325726,7.50695692643708,7.5927510261535645,297799
2000-10-20,7.614199940119011,7.74289110222874,7.549854711679385,7.721442222595215,295105
2000-10-23,7.657099940161359,7.678548122816421,7.5498576164245605,7.5498576164245605,167647
2000-10-24,7.6141991984674835,7.6141991984674835,7.5498539762953225,7.5927510261535645,281099
2000-10-25,7.59275442121883,7.59275442121883,7.42116685029167,7.442615032196045,206110
2000-10-26,7.464064926651774,7.5498583710783365,7.442616036622021,7.528409481048584,77574
2000-10-27,7.528409481048584,7.5498583710783365,7.48551311145071,7.528409481048584,181761
2000-10-30,7.528403940172323,7.571300983428954,7.506955771159157,7.571300983428955,171849
2000-10-31,7.678546471346521,7.678546471346521,7.57130417067495,7.657098293304443,426443
2000-11-01,7.69459658903164,7.716580867767334,7.69459658903164,7.716580867767334,325812
2000-11-02,7.650624583558703,7.716577390042018,7.62863959187331,7.672608852386475,245652
2000-11-03,7.672612310295946,7.716580867767334,7.562689470901582,7.716580867767334,421056
2000-11-06,7.716579018110955,7.7605482879009,7.672610471178784,7.7385640144348145,485270
2000-11-07,7.738565146739659,7.848487975869514,7.716580147198961,7.804518699645996,408127
2000-11-08,7.826501369476318,7.914439903868766,7.804517097307072,7.826501369476318,639233
2000-11-09,7.826500843224727,7.958408635943957,7.826500843224727,7.892455101013184,270217
2000-11-10,7.848484992980957,7.870469261308454,7.738562205628265,7.848484992980957,663906
2000-11-13,7.804515733468359,7.848484992980957,7.782531465140862,7.848484992980957,379791
2000-11-14,7.826500843224727,7.892455101013184,7.8045165725336965,7.892455101013184,169155
2000-11-15,7.804516512573005,7.892455040376876,7.782532242050875,7.87047004699707,269786
2000-11-16,7.870469938061626,7.936424194430492,7.82650067476827,7.9144392013549805,229921
2000-11-17,7.82650067476827,7.914439201354981,7.82650067476827,7.9144392013549805,144482
2000-11-20,7.914439310899005,7.914439310899005,7.826500783095134,7.87047004699707,169370
2000-11-21,7.82650067476827,7.914439201354981,7.82650067476827,7.9144392013549805,346391
2000-11-22,7.8484857764749405,7.914439310899005,7.826500783095134,7.87047004699707,132738
2000-11-24,7.892455040376876,7.892455040376876,7.8484857764749405,7.87047004699707,41157
2000-11-27,7.892454931137136,7.936424194430492,7.870469938061626,7.9144392013549805,444328
2000-11-28,7.91444152877585,7.936426528316549,7.7825344229631765,7.804518699645996,883484
2000-11-29,7.826500843224727,7.958408635943957,7.782532301842666,7.892455101013184,259874
2000-11-30,7.914442456083401,8.134288140101658,7.870473174708156,8.068334579467773,850084
2000-12-01,8.024364821082749,8.222226214080461,8.002380543130968,8.156271934509277,516515
2000-12-04,8.134286760930834,8.178256034851074,8.068333211479395,8.178256034851074,278298
2000-12-05,8.17825337049676,8.420083213986725,8.156268379270104,8.398098945617676,585362
2000-12-06,8.33214702627032,8.486038380279382,8.266192762714727,8.464054107666016,297583
2000-12-07,8.44206827005411,8.464053263332104,8.398099729213468,8.420083999633789,198784
2000-12-08,8.420084839581534,8.486038380279382,8.420084839581534,8.464054107666016,509512
2000-12-11,8.420084839581534,8.50802265289275,8.398100566968168,8.464054107666016,338094
2000-12-12,8.376115232295659,8.50802230834961,8.376115232295659,8.50802230834961,253840
2000-12-13,8.50802397458416,8.595962524414062,8.486039698555613,8.595962524414062,297368
2000-12-14,8.595963783996467,8.617948786104375,8.442071660672969,8.530010223388672,569201
2000-12-15,8.530010223388672,8.573979504746523,8.47504916383483,8.530010223388672,359427
2000-12-18,8.551990966433147,8.705883026123047,8.508021703256366,8.705883026123047,526427
2000-12-19,8.639928817749023,8.661913086190951,8.617944549307097,8.639928817749023,327967
2000-12-20,8.5519915746535,8.573976569234302,8.50802230834961,8.50802230834961,1172664
2000-12-21,8.55199559171188,8.5959648786691,8.486042022705078,8.486042022705078,382700
2000-12-22,8.50802265289275,8.530007648363863,8.442069112194902,8.464054107666016,576097
2000-12-26,8.486036741951478,8.486036741951478,8.398098945617676,8.398098945617676,153963
2000-12-27,8.420084989121113,8.771838417186304,8.398100716117307,8.683899879455566,241773
2000-12-28,8.551990298266098,8.749851605673875,8.486036770082709,8.639928817749023,384316
2000-12-29,8.573976856988574,8.705883937469505,8.442069053649902,8.442069053649902,447129
2001-01-02,8.442067718399262,8.639929030683406,8.376114188590421,8.551990509033203,280345
2001-01-03,8.595961996507217,8.793823360044241,8.551992724292566,8.74985408782959,1446544
2001-01-04,8.793817680278995,8.815801940758183,8.727864175984081,8.771833419799805,291442
2001-01-05,8.793825742624458,8.925732872149231,8.749856458496865,8.837794303894043,1108665
2001-01-08,8.837787957184556,8.96969571483999,8.793819427490234,8.793819427490234,286594
2001-01-09,8.727871288157457,8.881762682629592,8.70588628690577,8.85977840423584,851377
2001-01-10,8.837792332014688,8.925730880649116,8.815808056285006,8.903746604919434,619732
2001-01-11,8.881762204786487,8.969700759346228,8.859777927575498,8.947715759277344,271187
2001-01-12,8.947720716698356,8.96970572894788,8.859782836275153,8.925736427307129,275604
2001-01-16,8.947712789923903,8.991682052612305,8.903744250093158,8.991682052612305,522656
2001-01-17,8.991682052612305,8.991682052612305,8.925728520008532,8.991682052612305,249100
2001-01-18,8.969697782696931,8.991682052612305,8.969697782696931,8.991682052612305,144374
2001-01-19,8.947712789923903,8.991682052612305,8.947712789923903,8.991682052612305,108604
2001-01-22,8.991678844572895,9.101601600646973,8.991678844572895,9.101601600646973,336155
2001-01-23,9.057637994667763,9.10160654268575,9.013668723791984,9.079622268676758,163768
2001-01-24,9.123591135768516,9.211528950770408,9.101606139874724,9.189544677734375,370202
2001-01-25,9.123593497003164,9.277484893798828,9.101608495419535,9.277484893798828,291011
2001-01-26,9.211530685424805,9.233514962600772,9.167562131072872,9.211530685424805,671664
2001-01-29,9.212407646530346,9.251100049523703,9.194819796338267,9.229994773864746,384208
2001-01-30,9.194819206325256,9.251099455899302,9.194819206325256,9.240547180175781,414699
2001-01-31,9.28627564732601,9.30386277446613,9.21592497019251,9.261652946472168,127136
2001-02-01,9.173713081884369,9.286274293458945,9.156125234450748,9.208888053894043,86732
2001-02-02,9.208890956747116,9.300347647659668,9.208890956747116,9.293312072753906,169801
2001-02-05,9.31441533617435,9.31441533617435,9.212407112121582,9.212407112121582,215592
2001-02-06,9.215928131994525,9.247585694565496,9.110401718661423,9.145577430725098,914191
2001-02-07,9.05763682772464,9.075223955522876,8.987285425100902,9.004873275756836,599046
2001-02-08,9.075226072295717,9.075226072295717,8.987287521362305,8.987287521362305,169801
2001-02-09,8.990808558739912,9.033019134575987,8.846589693681738,8.92045783996582,962136
2001-02-12,8.89934969328676,9.07170864591564,8.881761838528504,8.987287521362305,211605
2001-02-13,9.057638633880877,9.127988604817492,8.973217512184391,9.103365898132324,317192
2001-02-14,9.165918102791233,9.216221065499726,9.108429213519035,9.176697731018066,284331
2001-02-15,9.165918350219727,9.234186869561627,9.108429459395648,9.165918350219727,227120
2001-02-16,9.032976873420811,9.090465776083347,8.98267389899573,9.018604278564453,280668
2001-02-20,9.018606637602241,9.162329670234316,8.982676248635043,9.101247787475586,171741
2001-02-21,9.083281281929638,9.101246843741157,9.000640879007154,9.061722755432129,136509
2001-02-22,9.06890723323669,9.06890723323669,8.92159127440104,8.95752239227295,265584
2001-02-23,8.957523123812944,9.061722045064563,8.957523123812944,8.99704647064209,311805
2001-02-26,9.018604270821617,9.018604270821617,8.910812393826543,9.011418342590332,155903
2001-02-27,8.98267389899573,9.036569837539538,8.939556852808103,9.018604278564453,169263
2001-02-28,9.03656844478132,9.201849937438965,9.01860288857517,9.201849937438965,261490
2001-03-01,9.1802909457673,9.248559470627265,9.090464638891786,9.244966506958008,263321
2001-03-02,9.234192135416917,9.270122528076172,9.198261004375949,9.270122528076172,208050
2001-03-05,9.288080911133317,9.306045724379915,9.234184994631235,9.259336471557617,137371
2001-03-06,9.151547457906851,9.252153396606445,9.126395973231952,9.252153396606445,201585
2001-03-07,9.198260538703279,9.25215723253615,9.104840488784317,9.158737182617188,337556
2001-03-08,9.162326357045764,9.212629326438769,9.144360799867869,9.180291175842285,327428
2001-03-09,9.191071277074554,9.28808425707878,9.165919791087585,9.216222763061523,412652
2001-03-12,9.306049076797034,9.338387229052717,9.162326827143936,9.216222763061523,362336
2001-03-13,9.216220593777734,9.216220593777734,9.112021710412199,9.14795207977295,324196
2001-03-14,9.058128131024002,9.119209996256938,9.04734850055962,9.090465545654297,808927
2001-03-15,9.108428474524768,9.108428474524768,8.982671077956612,9.072497367858887,493566
2001-03-16,9.108430597723848,9.108430597723848,8.982673171841306,9.025790214538574,349946
2001-03-19,8.533536228048986,8.982669830322266,8.533536228048986,8.982669830322266,452516
2001-03-20,8.982670123073765,9.158730459553478,8.946739020227461,9.06531047821045,532569
2001-03-21,9.288084952736371,9.288084952736371,9.094058978195795,9.126397132873535,236494
2001-03-22,9.126397367026948,9.126397367026948,8.838951362053919,9.054535865783691,373218
2001-03-23,9.000639924446618,9.273712595436917,8.964708804634249,9.054535865783691,381083
2001-03-26,9.018600840751507,9.341977087127567,9.011414915253264,9.288081169128418,632230
2001-03-27,9.288085925420415,9.288085925420415,9.058129546288892,9.07968807220459,368585
2001-03-28,9.043754308978537,9.144360241622756,8.971892823035333,9.000638008117676,814206
2001-03-29,9.018603113811508,9.162326090287468,8.993451629847282,9.137174606323242,225935
2001-03-30,9.140769492633407,9.306050285802453,9.072500953690621,9.198258399963379,675542
2001-04-02,9.198255759010607,9.198255759010607,9.029382049917219,9.165918350219727,259981
2001-04-03,9.180291391810977,9.198256949411517,9.126396195772141,9.140768051147461,233369
2001-04-04,9.050941035059706,9.194663269527386,9.050941035059706,9.162325859069824,232184
2001-04-05,9.16232570096409,9.377909418136145,9.16232570096409,9.356350898742676,372787
2001-04-06,9.306050523810447,9.395877589894729,9.21263123160536,9.26652717590332,139526
2001-04-09,9.270117309924894,9.395874721015977,9.252152492898524,9.327606201171875,130152
2001-04-10,9.377914444435648,9.377914444435648,9.241378066272425,9.270122528076172,124658
2001-04-11,9.234189249701092,9.234189249701092,9.015011781666379,9.054535865783691,391534
2001-04-12,9.068907490325035,9.162327513382566,9.058128597686766,9.126397132873535,361259
2001-04-16,9.122800326486148,9.338384751337792,9.03656699957422,9.072497367858887,198892
2001-04-17,9.162326127421009,9.252153172677879,9.122802050296462,9.244966506958008,135001
2001-04-18,9.234189298242056,9.503669006343978,9.205444106888462,9.46414566040039,552609
2001-04-19,9.464146385229697,9.518042330977803,9.331202264777389,9.449773788452148,263106
2001-04-20,9.503670935696068,9.503670935696068,9.288087125448591,9.424623489379883,229060
2001-04-23,9.50366997062585,9.50366997062585,9.288086182270286,9.471332550048828,156441
2001-04-24,9.449768017759993,9.453360980164879,9.341976192089042,9.388686180114746,324950
2001-04-25,9.392282503148255,9.413841023672465,9.345572498409364,9.406654357910156,185424
2001-04-26,9.47851680183638,9.521633847228893,9.47851680183638,9.485703468322754,229706
2001-04-27,9.489297393554786,9.52163481168394,9.395877365202217,9.492890357971191,220332
2001-04-30,9.582714516233622,9.593494145426352,9.453364134590261,9.51085376739502,428382
2001-05-01,9.510853028266142,9.521631918239857,9.421025991626719,9.43899154663086,232723
2001-05-02,9.377907517512822,9.449768988133096,9.377907517512822,9.395873069763184,235632
2001-05-03,9.399470559483936,9.428215013899635,9.34916757966108,9.367133140563965,233261
2001-05-04,9.341980236030237,9.42821358621933,9.298863191744982,9.377910614013672,416207
2001-05-07,9.363534879863261,9.39227931802055,9.27011490206624,9.30245304107666,190165
2001-05-08,9.32401012796794,9.341975677383633,9.165915360576788,9.306044578552246,441311
2001-05-09,9.25215075929819,9.25215075929819,9.165916700204326,9.194661140441895,419547
2001-05-10,9.198255510709185,9.198255510709185,9.16232513950938,9.176697731018066,390565
2001-05-11,9.162326357045764,9.198256733020179,9.133581908589955,9.180291175842285,394228
2001-05-14,9.23418593730845,9.244964826356778,9.151545572794278,9.219813346862793,223996
2001-05-15,9.23418977571068,9.395877608932162,9.205444582870768,9.381505012512207,368154
2001-05-16,9.48640768221853,9.596587181091309,9.372556413903576,9.596587181091309,391965
2001-05-17,9.548846333726221,9.69575188255134,9.548846333726221,9.655352592468262,490657
2001-05-18,9.585571429399819,9.725131913893506,9.585571429399819,9.72145938873291,295105
2001-05-21,9.73247793318745,9.824294090270996,9.65168010741453,9.824294090270996,634493
2001-05-22,9.769205978826667,9.963855910132375,9.732479961179667,9.93447494506836,601847
2001-05-23,9.91978077322898,9.971197633607355,9.883054767843783,9.949162483215332,553902
2001-05-24,9.949165890489716,10.026291207470257,9.861022239807907,10.004255294799805,765076
2001-05-25,10.004253200859738,10.004253200859738,9.919782094181214,9.96752643585205,442281
2001-05-29,10.007926589588944,10.007926589588944,9.83898511639277,9.897747039794922,771648
2001-05-30,9.916111788307584,9.952838561536407,9.805932978085304,9.842658996582031,272264
2001-05-31,9.89774698627374,9.960182189941406,9.846330114891893,9.960182189941406,306311
2001-06-01,9.971202704622957,10.033637926681605,9.897749901765128,9.963857650756836,280021
2001-06-04,10.026287078857422,10.026287078857422,9.94916179363544,10.026287078857422,941234
2001-06-05,9.971197882603022,10.063014030456543,9.945489451771858,10.063014030456543,376020
2001-06-06,10.081376798696505,10.13646618217011,10.026287415222901,10.107085227966309,242312
2001-06-07,10.11076178924078,10.121779368441134,10.037308997042114,10.118106842041016,237140
2001-06-08,10.13646618217011,10.13646618217011,9.974870556683296,10.107085227966309,177020
2001-06-11,10.136470291353953,10.283375876658244,10.118106904507892,10.224613189697266,398861
2001-06-12,10.246646225989048,10.558819941061776,10.246646225989048,10.49271297454834,1421548
2001-06-13,10.492711985951889,10.533110516185655,10.393550790792556,10.426604270935059,680283
2001-06-14,10.426604926545672,10.430277451822226,10.411914825439453,10.411914825439453,279052
2001-06-15,10.320092483188386,10.393545208848048,10.173187031869062,10.261330604553223,403925
2001-06-18,10.283369070872947,10.356821060180664,10.253987369471934,10.356821060180664,752793
2001-06-19,10.265009285986052,10.485366840434285,10.265009285986052,10.411914825439453,642789
2001-06-20,10.411916627052728,10.492714461313293,10.411916627052728,10.481696128845215,564568
2001-06-21,10.52210009514144,10.591880382648291,10.448647280091965,10.580862045288086,392504
2001-06-22,10.650638418855086,10.650638418855086,10.503732842741593,10.57718563079834,209989
2001-06-25,10.52209163722129,10.591871868637048,10.503728259536778,10.547800064086914,289826
2001-06-26,10.540453740185033,10.738775327212954,10.522090364721317,10.705721855163574,492489
2001-06-27,10.466999057997443,10.62859461895493,10.466999057997443,10.602886199951172,568986
2001-06-28,10.595544430592605,10.694705613814234,10.558817675094067,10.687359809875488,430214
2001-06-29,10.687358486710842,11.006877899169922,10.676340914264367,11.006877899169922,818085
2001-07-02,10.878339060460458,10.88201234070338,10.705725833051806,10.81590461730957,476004
2001-07-03,10.760813897246253,10.889356047928251,10.727760416994261,10.834266662597656,323011
2001-07-05,10.870998918666647,10.90037913398271,10.79754611617987,10.859980583190918,113129
2001-07-06,10.87099342263927,10.889356047928251,10.797540657287866,10.834266662597656,294243
2001-07-09,10.724089951627704,10.823251927871334,10.650637921731423,10.665328025817871,588810
2001-07-10,10.613906904163015,10.70572303688483,10.613906904163015,10.680014610290527,303509
2001-07-11,10.606562578751696,10.702051242540557,10.558818246857266,10.668997764587402,278190
2001-07-12,10.624925382152396,10.709395712228265,10.613907053610143,10.687359809875488,389703
2001-07-13,10.687359809875488,10.687359809875488,10.650633809108681,10.687359809875488,308465
2001-07-16,10.613911716139349,10.698382083321757,10.595549085055387,10.68369197845459,112375
2001-07-17,10.66899718685795,10.687359809875488,10.613907053610143,10.687359809875488,290903
2001-07-18,10.650639051868863,10.720419317879925,10.613912278291629,10.702055931091309,262136
2001-07-19,10.702050929911797,10.77917621270402,10.650634074716981,10.764485359191895,251901
2001-07-20,10.779179778798264,10.826923370361328,10.742453764965445,10.826923370361328,183916
2001-07-23,10.83059653414322,10.83059653414322,10.724089510240038,10.746126174926758,259227
2001-07-24,10.705727802315003,10.768163011682441,10.613911628723145,10.613911628723145,523087
2001-07-25,10.522094233687945,10.650636399735552,10.503730851472024,10.646963119506836,617146
2001-07-26,10.650637294592183,10.650637294592183,10.540458501503375,10.606565475463867,424073
2001-07-27,10.687362046489401,10.687362046489401,10.577183266399418,10.591874122619629,340034
2001-07-30,10.522094167570657,10.580856084614062,10.45231391937417,10.467004776000977,223565
2001-07-31,10.448640832936869,10.503730221548928,10.404569020154474,10.411914825439453,591073
2001-08-01,10.415582224428643,10.529433470894597,10.404563899290054,10.503725051879883,205141
2001-08-02,10.540455779860153,10.540455779860153,10.459657214077188,10.474348068237305,508650
2001-08-03,10.474349434056835,10.558819780979746,10.4670043833849,10.522093772888184,364060
2001-08-06,10.46700708317994,10.540459873040906,10.46700708317994,10.514751434326172,267847
2001-08-07,10.518418010860758,10.551471483445251,10.485363783544615,10.540453910827637,357811
2001-08-08,10.558823760444152,10.632276559042433,10.503734350178485,10.595550537109375,635786
2001-08-09,10.624924059747512,10.742448606091008,10.599215635990962,10.705721855163574,620486
2001-08-10,10.742452291305451,10.870994454184778,10.709398053185128,10.837940216064453,501862
2001-08-13,10.907718312915181,10.926080936327057,10.79386702883456,10.863646507263184,366969
2001-08-14,10.815906666969818,10.926085472106934,10.815906666969818,10.926085472106934,345636
2001-08-15,10.999539751594925,11.087682650659383,10.929758730062549,11.084010124206543,782746
2001-08-16,11.116063166845063,11.20963305360604,11.071149559667981,11.190918922424316,259981
2001-08-17,11.220858860279128,11.284485816955566,11.134774335290729,11.284485816955566,379360
2001-08-20,11.228343564206677,11.434196647486408,11.190916080495564,11.415482521057129,411251
2001-08-21,11.37805610913954,11.59139455542812,11.363084652756342,11.565195083618164,439156
2001-08-22,11.576422320438038,11.583908432699893,11.415482828593838,11.546480178833008,384316
2001-08-23,11.490340724242875,11.527768215988498,11.378057479858398,11.378057479858398,465230
2001-08-24,11.396770773044643,11.452913164048955,11.097348533426333,11.119805335998535,821856
2001-08-27,11.11606189992855,11.209631776025208,11.003778663930598,11.168460845947266,511020
2001-08-28,11.153490745999639,11.187175567068174,11.123548597366756,11.138519287109375,295644
2001-08-29,11.13477393555476,11.183430972953916,10.925178945554883,10.962606430053711,386147
2001-08-30,10.962613021496892,11.153494768591733,10.94764232635498,10.94764232635498,362444
2001-08-31,10.951383676784321,11.000039968411794,10.861556440195805,10.966354370117188,347791
2001-09-04,10.966351188924211,10.985065319309403,10.869038633898345,10.943894386291504,375265
2001-09-05,10.854068754059735,10.921439166980205,10.812897817972617,10.902724266052246,426658
2001-09-06,10.910208845704654,11.000036050297522,10.880266700556215,10.951379776000977,696121
2001-09-07,10.928924065143448,10.947638966623247,10.809155464172363,10.809155464172363,473203
2001-09-10,10.835351443706438,10.872779696287374,10.723068224258505,10.831608772277832,498630
2001-09-17,10.199081094079158,10.292650207904181,9.880944722608387,10.109253883361816,1351300
2001-09-18,10.030656272082211,10.315107847177885,9.974514645404376,10.270195007324219,442065
2001-09-19,10.386217784632084,10.386217784632084,9.89965588568047,10.038139343261719,832846
2001-09-20,9.918375516936047,9.918375516936047,9.630181196692053,9.731236457824707,770679
2001-09-21,9.731229925910288,9.731229925910288,9.386894195976893,9.536604881286621,1000923
2001-09-24,9.862232865546536,10.068086040219846,9.675093825611103,9.723750114440918,434524
2001-09-25,9.693803414801666,10.000711720690843,9.678832728161696,9.83977222442627,824550
2001-09-26,9.933341594083009,10.0156826739136,9.776144777366216,10.011940002441406,990688
2001-09-27,10.011942681701008,10.083054996997681,9.918372793266494,10.079312324523926,1455810
2001-09-28,10.101762388052876,10.180360764999477,10.011936001176963,10.071820259094238,1347098
2001-10-01,10.18036711062086,10.292650356490874,10.08305455398812,10.217795372009277,603032
2001-10-02,10.255220884410262,10.367504108603239,10.105509406054646,10.142937660217285,442389
2001-10-03,10.030655502111946,10.083054452208714,9.918372257375331,10.068083763122559,1523903
2001-10-04,10.292650356490874,10.303879142566446,10.18036711062086,10.217795372009277,1099076
2001-10-05,10.18036711062086,10.22902338893723,10.101768684682328,10.217795372009277,1177405
2001-10-08,10.217794390177119,10.363762441952481,10.199080261281159,10.326334953308105,418039
2001-10-09,10.423647124681732,10.565873279020536,10.389962306716258,10.539673805236816,814853
2001-10-10,10.535927898512288,10.629496979500328,10.464814843175295,10.618268966674805,619301
2001-10-11,10.5808497058634,10.88027286529541,10.577107031742699,10.88027286529541,654102
2001-10-12,10.85406696755353,10.857809639464039,10.629499730595217,10.760497093200684,506064
2001-10-15,10.77921000861637,10.850322305206852,10.70809694287844,10.812894821166992,439156
2001-10-16,10.797925350600837,10.816638710153377,10.592072242342601,10.760497093200684,717454
2001-10-17,10.723068237304688,10.820380771156593,10.689383425258812,10.723068237304688,553902
2001-10-18,10.66692568237355,10.75300942515112,10.51721422342766,10.614526748657227,405972
2001-10-19,10.60330255954049,10.607045232263351,10.303880281086784,10.315108299255371,531168
2001-10-22,10.330077554047532,10.513473862350573,10.071825499824213,10.18410873413086,629644
2001-10-23,10.255223728838232,10.438620071489755,10.210310119044642,10.251481056213379,351023
2001-10-24,10.345045826640163,10.367502622088349,10.09802261500484,10.139193534851074,707650
2001-10-25,10.12422453076455,10.184108820348733,10.094282385972459,10.150424003601074,686317
2001-10-26,10.150423917668373,10.2365076793603,10.075568171748095,10.18410873413086,553471
2001-10-29,10.124224983697879,10.251479681617992,10.068083363557623,10.146681785583496,343589
2001-10-30,10.21779591337808,10.23650927591616,9.880945388773092,10.04562759399414,520825
2001-10-31,10.04562506967154,10.292648315429688,10.015682927986989,10.292648315429688,751501
2001-11-01,10.2552231901571,10.554645445041865,10.2552231901571,10.472304344177246,461567
2001-11-02,10.442360378075662,10.51721612105487,10.292648892117244,10.438617706298828,330014
2001-11-05,10.47978775882166,10.573356852869741,10.404932022094727,10.404932022094727,279052
2001-11-06,10.461073922001004,10.524700876949515,10.374990168497881,10.468559265136719,762598
2001-11-07,10.479788178753369,10.573357276550823,10.367504184589958,10.442359924316406,849223
2001-11-08,10.44235896221384,10.573356302378869,10.416159494180834,10.550899505615234,403063
2001-11-09,10.554642104733597,10.685639444003135,10.42364476546406,10.476043701171875,686424
2001-11-12,10.535931901951106,10.565874050010576,10.386220392506123,10.491018295288086,292304
2001-11-13,10.547157595751726,10.749268012067507,10.532186909593497,10.678154945373535,445082
2001-11-14,10.678155167626254,10.876522147383783,10.670669824391341,10.8428373336792,886070
2001-11-15,10.856446517089324,11.012956585692278,10.841176916837929,10.99386978149414,481068
2001-11-16,10.898433558804475,11.093116397996297,10.898433558804475,10.96332836151123,550562
2001-11-19,11.012956978227791,11.016774182310588,10.726658042908932,10.921340942382812,490549
2001-11-20,10.886981851518712,10.955693856504098,10.783914236272741,10.875530242919922,624257
2001-11-21,10.87934862258124,10.913704236557997,10.787732606024159,10.89843463897705,205249
2001-11-23,10.917521121624935,10.970963534904117,10.875531102313733,10.913703918457031,91257
2001-11-26,10.91370852114003,10.978602571290955,10.688487163536067,10.864083290100098,1291180
2001-11-27,10.879348305481637,10.993867538375806,10.879348305481637,10.913703918457031,295105
2001-11-28,10.936608402988984,11.108387259886145,10.936608402988984,11.024406433105469,527397
2001-11-29,10.993874457015473,11.112210967548805,10.833547116281093,11.05113410949707,335509
2001-11-30,11.066396810445045,11.165648022692054,11.012955177559377,11.028223991394043,618331
2001-12-03,11.070218851154031,11.24581576578874,11.012959209382716,11.116026878356934,474388
2001-12-04,11.184734282065783,11.26871511336712,11.146560677724223,11.24199390411377,560582
2001-12-05,11.280161349878819,11.348873334279144,11.261075341265379,11.322152137756348,599477
2001-12-06,11.394679044693895,11.394679044693895,11.31833267211914,11.31833267211914,654317
2001-12-07,11.329791085002704,11.425224304199219,11.299253458974116,11.425224304199219,468247
2001-12-10,11.413772603463737,11.413772603463737,11.219089747833168,11.33742618560791,461028
2001-12-11,11.299255203124737,11.429043271637472,11.299255203124737,11.39468765258789,744282
2001-12-12,11.440490637692495,11.440490637692495,11.184730248028863,11.40231704711914,1305941
2001-12-13,11.375597569497334,11.383231974982042,11.219088334739846,11.276347160339355,983038
2001-12-14,11.261081306432223,11.314523727787083,11.203821681332643,11.238177299499512,527505
2001-12-17,11.234358560725761,11.364147392634235,11.15037773642364,11.33742618560791,542697
2001-12-18,11.394690487985011,11.432864104840734,11.299258014774924,11.325979232788086,770679
2001-12-19,11.325973075737746,11.333606696708632,11.203818666455735,11.283982276916504,279052
2001-12-20,11.26108186687988,11.264899070814575,11.070216178894043,11.070216178894043,517054
2001-12-21,11.074031416650767,11.192368639937913,11.05112741264473,11.127473831176758,366646
2001-12-24,11.146560983482887,11.24199421249024,11.10838816255857,11.17710018157959,128859
2001-12-26,11.108391737230537,11.291623062452581,11.070218904022234,11.203824996948242,344882
2001-12-27,11.238174245874077,11.299251842586829,11.07784702537345,11.188549041748047,312991
2001-12-28,11.2038248317842,11.230546049975484,11.062584331191589,11.154199600219727,519963
2001-12-31,11.077848840035209,11.272532485722932,11.020589221114458,11.196186065673828,383023
2002-01-02,11.200002352153014,11.314522373105145,10.99386788336778,11.215271949768066,379360
2002-01-03,11.241993574835462,11.39468641880062,11.241993574835462,11.383234024047852,543127
2002-01-04,11.383236851977223,11.40995806708624,11.261083174030011,11.314525604248047,435278
2002-01-07,11.22291088104248,11.356516178495092,11.22291088104248,11.22291088104248,405541
2002-01-08,11.268716457841933,11.314524474731435,11.16946680053394,11.264899253845215,435816
2002-01-09,11.264895449290849,11.333606666954443,11.188549041748049,11.188549041748047,790180
2002-01-10,11.184729777858522,11.257258969327742,11.184729777858522,11.234354972839355,316007
2002-01-11,11.230543778935075,11.257264991722797,11.200004577636719,11.200004577636719,218285
2002-01-14,11.241995000447405,11.398505067689285,11.241995000447405,11.367966651916504,903309
2002-01-15,11.394685802883709,11.490118236855274,11.337426185607912,11.33742618560791,873249
2002-01-16,11.356519085948504,11.432866334549667,11.241999781976286,11.291625022888184,194259
2002-01-17,11.291618788347355,11.39468641880062,11.268714783306148,11.383234024047852,284331
2002-01-18,11.383235715601243,11.402322520049276,11.238178041403746,11.264899253845215,410713
2002-01-22,11.280167782667194,11.356514214051293,11.26489896706903,11.29925537109375,434631
2002-01-23,11.242001330264605,11.352704228410877,11.203828485171487,11.287809371948242,421810
2002-01-24,11.314524295128887,11.451947559151543,11.314524295128887,11.406140327453613,728013
2002-01-25,11.432862249360957,11.501573493406491,11.413775444030762,11.413775444030762,380760
2002-01-28,11.413774709174984,11.451947532913204,11.379419089364143,11.436677932739258,198138
2002-01-29,11.45194551143853,11.486301909649278,11.4137726944385,11.425224304199219,315792
2002-01-30,11.444312519559405,11.4901197487288,11.375600499108728,11.486303329467773,262460
2002-01-31,11.448131414009072,11.585554690741478,11.42904460809875,11.562650680541992,518347
2002-02-01,11.562645872375198,11.562645872375198,11.497751857515691,11.543559074401855,185855
2002-02-04,11.543564719423303,11.566468731298972,11.474853468260864,11.551199913024902,411251
2002-02-05,11.528293190638825,11.669533648788596,11.528293190638825,11.581735610961914,465445
2002-02-06,11.623726844787598,11.642813649592307,11.532111593761021,11.623726844787598,794382
2002-02-07,11.627548516950453,11.791693050664671,11.585557689970207,11.593192100524902,284762
2002-02-08,11.597003374735412,11.73442740122529,11.558830557019984,11.61990737915039,368262
2002-02-11,11.70007292139823,11.79550615803607,11.661900097421755,11.71534252166748,384747
2002-02-12,11.757330129307242,11.764965320102355,11.623724096196202,11.680984497070312,736740
2002-02-13,11.74540737153752,11.881529646369435,11.667623100313806,11.82319164276123,377851
2002-02-14,11.819304343021948,11.82319343728767,11.768744519090639,11.807636260986328,450685
2002-02-15,11.81930089242624,11.912641525268553,11.81930089242624,11.912641525268555,745251
2002-02-19,11.900974236621678,11.943755060260138,11.862081706872305,11.91653060913086,463722
2002-02-20,11.881533665889298,11.939871689233241,11.869865581677354,11.920425415039062,539357
2002-02-21,11.939868602839791,11.955425778021404,11.827081680297852,11.827081680297852,335724
2002-02-22,11.803744569361076,11.889307022094727,11.803744569361076,11.889307022094727,831661
2002-02-25,11.893203795646869,11.939874545180828,11.842643950191544,11.873758316040039,385932
2002-02-26,11.978759825359724,12.017652362017348,11.932089900304268,11.955425262451172,326135
2002-02-27,11.95931424146978,12.05654398370381,11.87375178057803,11.939867973327637,299200
2002-02-28,12.03709667241994,12.03709667241994,11.920419880663799,11.970979690551758,571140
2002-03-01,12.048767028253257,12.048767028253257,11.96320455861186,12.013764381408691,1442235
2002-03-04,12.037100897723947,12.13433065920606,11.9982083537403,12.110995292663574,1215330
2002-03-05,12.064322154791569,12.328787707146875,12.064322154791569,12.305452346801758,488826
2002-03-06,12.305456226789559,12.305456226789559,12.134331262619648,12.282121658325195,667785
2002-03-07,12.309346009476597,12.328791483021082,12.223782728926725,12.26656436920166,327643
2002-03-08,12.289900703355826,12.305457083415002,12.258787143998878,12.262676239013672,862690
2002-03-11,12.165442393147835,12.305453772198396,12.103215291178337,12.134328842163086,359966
2002-03-12,12.126546785091143,12.14210315600086,12.017648991770615,12.091544151306152,763783
2002-03-13,12.114882573083223,12.165442393147835,12.056544565082023,12.134328842163086,1354317
2002-03-14,12.134329520191908,12.352125188493282,12.095437779097418,12.34434700012207,1534569
2002-03-15,12.348238212848406,12.484360528890758,12.28990019157862,12.43380069732666,833492
2002-03-18,12.367680478647532,12.717709292079189,12.348234211446245,12.632146835327148,612298
2002-03-19,12.632147504547435,12.632147504547435,12.496025225403605,12.562141418457031,592473
2002-03-20,12.562143174131897,12.589367633765532,12.503805160522461,12.503805160522461,675004
2002-03-21,12.46490672159484,12.717705726623533,12.46490672159484,12.717705726623535,327428
2002-03-22,12.562141008827792,12.826607370894408,12.562141008827792,12.713820457458496,422349
2002-03-25,12.55047388098772,12.608811885253584,12.410461711663647,12.480467796325684,520825
2002-03-26,12.40657492402156,12.659374055147223,12.40657492402156,12.612703323364258,1004371
2002-03-27,12.601029946942003,12.776044717982893,12.593251761325387,12.764376640319824,882299
2002-03-28,12.861609916311295,12.861609916311295,12.6243680109725,12.690485000610352,491627
2002-04-01,12.678816008041684,12.768268352335756,12.647702461902195,12.737154006958008,314714
2002-04-02,12.737160971581744,12.822724269298797,12.651598473103386,12.795499801635742,613052
2002-04-03,12.892720062417409,12.931612587055891,12.776044086978168,12.826603889465332,663906
2002-04-04,12.834386908466826,12.89272491815808,12.744935346889461,12.861611366271973,708404
2002-04-05,12.834391966564496,13.005516968998515,12.826613775337147,12.966625213623047,518886
2002-04-08,12.892728036194457,13.024961263119115,12.865503571805222,12.989957809448242,373757
2002-04-09,13.028844217655445,13.203858206571446,12.989951687293075,13.145520210266113,483331
2002-04-10,13.126072352876607,13.223302867750133,13.110515982009243,13.21163558959961,588595
2002-04-11,13.219418317158283,13.219418317158283,13.087185123160408,13.122188568115234,630183
2002-04-12,13.145521953500936,13.417766505187139,13.129965578683626,13.382763862609863,647637
2002-04-15,13.126073381011798,13.41776414924172,13.056068108149057,13.24275016784668,652593
2002-04-16,13.293318250320821,13.301096441205457,13.013295386087083,13.14941692352295,610682
2002-04-17,13.223308897846564,13.223308897846564,12.853834531163255,12.997735023498535,473095
2002-04-18,13.009404280779275,13.11441304490471,12.93162078069391,13.028850555419922,529337
2002-04-19,13.126075108746846,13.145521375651995,12.795493366789067,12.884944915771484,561551
2002-04-22,12.912167376320841,13.028843361262332,12.834383119947125,12.853829383850098,563598
2002-04-23,12.814941253456071,12.853833794607883,12.71771149905343,12.756603240966797,1087548
2002-04-24,12.756602327799644,12.970508891107015,12.73715605861578,12.741045951843262,379791
2002-04-25,12.744935202134595,12.873278502302293,12.729378026749034,12.799384117126465,207619
2002-04-26,12.873277937419623,13.00940021892622,12.667149568607478,12.947173118591309,441958
2002-04-29,12.94717516491543,13.009402275085447,12.919950704311235,13.00940227508545,304910
2002-04-30,13.009397845627868,13.21552617683612,13.009397845627868,13.126073837280273,457042
2002-05-01,13.106634326785787,13.203864097595215,13.048296304452416,13.203864097595215,687394
2002-05-02,13.273863981194424,13.398318157364951,13.22330417241082,13.324423789978027,554009
2002-05-03,13.320537650869687,13.374986564828555,13.137744639939656,13.347762107849121,527397
2002-05-06,13.36720806716462,13.413878794906532,13.203861319306334,13.231085777282715,322580
2002-05-07,13.23108661087187,13.23108661087187,13.067740651960822,13.161081314086914,536124
2002-05-08,13.20386214066116,13.22330841163636,12.970510085912599,13.164970397949219,346714
2002-05-09,13.06773548844469,13.164965206502393,13.009396698524295,13.013286590576172,312667
2002-05-10,13.087186562417216,13.087186562417216,12.795496483971199,13.00940227508545,521579
2002-05-13,13.00939972950761,13.164968273730704,12.951061725233531,13.06773853302002,330983
2002-05-14,13.0871869248854,13.118300480832144,13.032738002168971,13.102744102478027,862583
2002-05-15,13.15919209833488,13.218575434631651,13.064180224647117,13.202739715576172,727366
2002-05-16,13.182938713376409,13.186897437784243,13.068132451357311,13.083968162536621,461998
2002-05-17,13.06813149089734,13.095843373263433,13.004790277931388,13.060214042663574,475681
2002-05-20,13.06021599084593,13.064174715553332,13.004792217846221,13.028545379638672,942096
2002-05-21,13.028548313079323,13.060218931417372,12.953330086058822,12.969165802001953,443897
2002-05-22,12.925616181031415,13.056258173191928,12.88602811765906,13.012710571289062,931537
2002-05-23,13.012712195872624,13.412554858689642,12.965205863056362,13.297748565673828,467169
2002-05-24,13.293787959388995,13.392759336495685,13.182940407532575,13.317541122436523,371818
2002-05-28,13.361095418270017,13.424437493174224,13.35317796398769,13.384848594665527,607449
2002-05-29,13.420469303709943,13.539234288401762,13.40463359276199,13.491728782653809,1463460
2002-05-30,13.539237906113087,13.590702963510562,13.475896672492276,13.551114082336426,549592
2002-05-31,13.618409171217106,13.693627363216823,13.41650775129933,13.487767219543457,881437
2002-06-03,13.578820350220091,13.638202833840523,13.467972830515864,13.479849815368652,562952
2002-06-04,13.499643390810228,13.515479099380421,13.448179168439719,13.487767219543457,698384
2002-06-05,13.495688468053443,13.539236068725586,13.460059130670455,13.539236068725586,598615
2002-06-06,13.559030529449512,13.618413029703797,13.460059153326991,13.535277366638184,560151
2002-06-07,13.535281143267396,13.535281143267396,13.305667714389612,13.471939086914062,405649
2002-06-10,13.51944244437285,13.559030506626383,13.464017855541003,13.539236068725586,189087
2002-06-11,13.499647045239952,13.737178670354844,13.499647045239952,13.638206481933594,1949376
2002-06-12,13.717379679646136,13.832185922531114,13.622367869049276,13.64612102508545,2023826
2002-06-13,13.650081639800403,13.78072279577553,13.618411031880736,13.749053001403809,447884
2002-06-14,13.749053831962902,13.756971281034113,13.657999913452,13.721341133117676,516407
2002-06-17,13.737183423129338,13.915330983278709,13.709470712654545,13.899496078491211,706680
2002-06-18,13.895534515380861,13.923247223442843,13.81635837124018,13.89553451538086,431076
2002-06-19,13.899494892107947,14.010342470352448,13.851988554703658,13.891575813293457,429029
2002-06-20,13.812402679140208,13.970756629298915,13.756978877939504,13.95492172241211,241127
2002-06-21,14.172653198242188,14.251829331827809,14.06972145851715,14.172653198242188,2165291
2002-06-24,14.232033891850001,14.247870420036918,14.152857759300584,14.204322814941406,773049
2002-06-25,14.41018593236868,14.41018593236868,13.661963926178151,14.251832008361816,12824855
2002-06-26,14.113269755370219,14.390388677136068,14.105352304333536,14.311212539672852,2661874
2002-06-27,14.41017812260685,14.441847913986445,14.25182428442167,14.370589256286621,1396660
2002-06-28,14.481436722635635,14.627914388470133,14.279535295011831,14.584366798400879,2106033
2002-07-01,14.584367712364852,14.584367712364852,14.315166334361548,14.39038372039795,1736586
2002-07-02,14.390383771365936,14.410179019305712,14.160771261192888,14.331001281738281,2895136
2002-07-03,14.29141437398722,14.366633397707233,14.073679633539346,14.271620750427246,1141419
2002-07-05,14.271618792110624,14.33100128173828,14.172649060795088,14.331001281738281,723595
2002-07-08,14.350801421952655,14.390388677136068,14.232034775113242,14.311212539672852,1247329
2002-07-09,14.319129102041023,14.327046552586335,14.204322814941406,14.204322814941406,702909
2002-07-10,14.20432674902184,14.346845779598913,14.006383922180916,14.09347915649414,1526273
2002-07-11,14.034093371029854,14.038052096478557,13.064177161911413,13.574868202209473,3246590
2002-07-12,13.654046067806057,13.812399987101564,13.555074664859294,13.582786560058594,914514
2002-07-15,13.598616617120191,13.598616617120191,13.198774072909996,13.495686531066895,1306049
2002-07-16,13.39671775908757,13.93116106817789,13.39671775908757,13.638206481933594,1460874
2002-07-17,13.737176029286886,13.950952010146203,13.503603987453141,13.519439697265625,1261982
2002-07-18,13.539232385954998,13.618409302473426,13.083966132908843,13.182936668395996,866354
2002-07-19,13.19481788240015,13.20273614656158,12.7870577861422,12.874152183532715,1172987
2002-07-22,12.925615574406061,13.281911382227902,12.118012122998978,12.537649154663086,1234723
2002-07-23,12.41097291162109,12.707886388296735,12.153648332394734,12.205113410949707,1152840
2002-07-24,12.114053457015238,12.628702326941335,11.638992648795746,12.331789016723633,2718870
2002-07-25,12.272410045616253,12.747471803960517,12.034879979992406,12.608911514282227,1794120
2002-07-26,12.60890470760677,13.155224865298411,12.60890470760677,13.143348693847656,975927
2002-07-29,13.222523631431937,13.875732528777345,13.068129348446071,13.855938911437988,876589
2002-07-30,13.895524249846405,14.17264461735313,13.507558826818107,14.065755844116211,1017192
2002-07-31,14.20432188931941,14.247869491577148,13.796561823133379,14.247869491577148,2022964
2002-08-01,14.247869442215475,14.247869442215475,13.836149025344978,14.014296531677246,1228043
2002-08-02,14.01825328262279,14.133059532350732,13.792599507150921,14.02617073059082,1109850
2002-08-05,14.026175567637278,14.152858033004794,13.871780397728937,13.966793060302734,1023441
2002-08-06,14.053879814619885,14.125138463368968,13.879691102624609,13.883649826049805,1440618
2002-08-07,13.93512255845233,14.129106621867928,13.895533675227353,13.970752716064453,1365199
2002-08-08,14.034093018335708,14.045969194383352,13.820315341092824,13.966793060302734,1152193
2002-08-09,13.966793990451597,13.970752716064451,13.737181396520308,13.970752716064453,545821
2002-08-12,13.970749698303965,14.148897193690855,13.796560927674824,14.144938468933105,954594
2002-08-13,14.172652040100832,14.228075817210616,14.00242035667433,14.014296531677246,1119332
2002-08-14,14.051568359598532,14.180407486408978,13.954938187092571,14.09183120727539,1002755
2002-08-15,14.091833945879385,14.23275145793989,14.019360475017308,14.152227401733398,863014
2002-08-16,14.091840443486973,14.413940126423059,14.031446959786125,14.212627410888672,749022
2002-08-19,14.212624902789393,14.236781630087863,14.043522847308958,14.168335914611816,709266
2002-08-20,14.164305584083676,14.224699039179328,14.02741419381261,14.14014720916748,609820
2002-08-21,14.17235925007169,14.273015570290806,14.075729050277602,14.156254768371582,686424
2002-08-22,14.172355247832856,14.192487499069413,14.03546388244629,14.09183120727539,1111467
2002-08-23,14.091835876392903,14.107940358881123,14.04352077413144,14.06767749786377,435385
2002-08-26,14.08378689351796,14.152234277564547,14.055604039331913,14.132102012634277,748915
2002-08-27,14.144177574924917,14.212623282598384,14.051573487909906,14.17236042022705,977436
2002-08-28,14.13209682557962,14.510563740746864,14.111966222835479,14.397829055786133,824981
2002-08-29,14.397826552038762,14.397826552038762,14.132094368042432,14.216646194458008,796106
2002-08-30,14.25288519599837,14.45017174207068,14.228728470257405,14.329384803771973,558966
2002-09-03,14.3857559742956,14.3857559742956,14.111971402501387,14.132102012634277,896306
2002-09-04,14.136125151712482,14.268990444594197,14.043521065887749,14.071703910827637,608958
2002-09-05,14.071705390847193,14.107942135806585,14.039496421813965,14.039496421813965,694182
2002-09-06,14.039495390856422,14.132097824823918,14.011310890224998,14.051573753356934,866030
2002-09-09,14.01533569213843,14.091835290369767,13.946889989613076,14.059624671936035,398753
2002-09-10,14.067680532184076,14.128074009338238,14.01131317652038,14.079760551452637,611759
2002-09-11,14.091834410075379,14.1522278679188,14.023388711825719,14.047545433044434,2791380
2002-09-12,14.039491328961144,14.087806419781604,13.850257912746182,13.999228477478027,2934785
2002-09-13,13.99923387613767,14.345490229951997,13.99923387613767,14.204572677612305,860751
2002-09-16,14.172360233269135,14.325357784424417,14.172360233269135,14.281068801879883,392396
2002-09-17,14.333407892935517,14.450168685580227,14.180410364547189,14.264962196350098,699246
2002-09-18,14.264963711478392,14.329383294800799,14.172359629629252,14.23677921295166,677051
2002-09-19,14.24080220962115,14.421982558246079,14.224697731022419,14.268986701965332,765722
2002-09-20,14.353537500276763,14.55082399096803,14.325354661490282,14.486404418945312,1205741
2002-09-23,14.450170224537917,14.494459205208805,14.357567797458897,14.446144104003906,618978
2002-09-24,14.41393641971611,14.442119265956878,14.196517617588489,14.365619659423828,1497614
2002-09-25,14.373675573821432,14.4703057983774,14.2528869657279,14.426016807556152,997476
2002-09-26,14.4541990932349,14.687720747793856,14.353542751153398,14.667590141296387,735878
2002-09-27,14.659533082006138,14.659533082006138,14.538746173114193,14.54277229309082,483977
2002-09-30,14.61524626225841,14.61524626225841,14.361592392350758,14.385750770568848,1471648
2002-10-01,14.389781740064315,14.41796459355262,14.019366939208084,14.212627410888672,1470463
2002-10-02,14.132093661712148,14.196513230868034,13.946887193539428,14.011306762695312,800523
2002-10-03,13.991176153568087,14.160278143019317,13.882467613578267,14.095858573913574,1324904
2002-10-04,14.0958587649524,14.220671785211126,13.540237698540059,13.568421363830566,1357118
2002-10-07,13.560372492417407,13.604661477604095,12.928253301361034,13.016830444335938,1670971
2002-10-08,13.004750125324698,13.097353375314723,12.686677517168809,13.065143585205078,1560212
2002-10-09,12.964488572783988,12.964488572783988,12.577969422413252,12.638362884521484,1567969
2002-10-10,12.561861200783682,13.10137694158998,12.481336327508414,13.04500961303711,1557519
2002-10-11,13.045014964315852,13.475822344294688,12.883965979098566,13.423481941223145,1267369
2002-10-14,13.38724106675307,13.512054087513036,13.125535011291502,13.125535011291504,570386
2002-10-15,13.367109587098117,13.769733140563014,13.226191260645582,13.568421363830566,1201431
2002-10-16,13.568423984664053,13.689210908554696,13.306718707101535,13.516082763671875,592366
2002-10-17,13.616737974554924,13.846234283531375,13.56842370244262,13.721421241760254,760443
2002-10-18,13.721417759687737,13.910651161917588,13.54426271557126,13.677128791809082,703771
2002-10-21,13.665056890865515,13.733503438856543,13.540243814232735,13.661030769348145,325273
2002-10-22,13.600639967274123,13.632849773147893,13.3026986423927,13.359066009521484,543343
2002-10-23,13.36711391149793,13.487900851133581,13.145670637233579,13.302694320678711,458981
2002-10-24,13.314772768966801,13.592583393827022,13.314772768966801,13.564399719238281,869909
2002-10-25,13.576476601405895,13.673105977713378,13.532187620140968,13.657001495361328,600446
2002-10-28,13.689210908554696,13.741552129546873,13.495951333890643,13.516082763671875,595598
2002-10-29,13.4556884765625,13.528161122891555,13.290612582756026,13.4556884765625,582022
2002-10-30,13.427505715109987,13.65297508239746,13.427505715109987,13.652975082397461,581268
2002-10-31,13.870389351053687,13.918705272198272,13.57647432345974,13.749603271484375,845667
2002-11-01,13.749605633130743,13.890523163864874,13.717395013501825,13.8180513381958,587086
2002-11-04,13.769738533155477,14.079759800161764,13.749607926777305,13.971051216125488,934877
2002-11-05,13.971046758916076,14.027414093589055,13.890521049499512,13.890521049499512,567477
2002-11-06,13.898576891498529,14.027417728996685,13.870393216857835,13.962996482849121,625766
2002-11-07,13.922736213726008,13.950919062873469,13.81000068014345,13.838184356689453,586763
2002-11-08,13.838181941215879,13.890523163864874,13.721421961504237,13.8180513381958,360289
2002-11-11,13.809997367111155,13.922732873648352,13.677132086267752,13.769735336303711,519209
2002-11-12,13.76973414017121,14.011307958827816,13.76973414017121,13.890521049499512,1005448
2002-11-13,13.90796255039639,14.01037795826382,13.518785852588017,13.559751510620117,1724303
2002-11-14,13.559754808254034,13.86700026471807,13.518789140259381,13.834227561950684,1663106
2002-11-15,13.76458559673682,13.875193152260609,13.74819882451571,13.78097152709961,970432
2002-11-18,13.846511634980217,13.875187844002705,13.723613836843269,13.776869773864746,716484
2002-11-19,13.682658305814487,13.821943823360815,13.682658305814487,13.789170265197754,892750
2002-11-20,13.867002418296195,13.887485676403783,13.727717778509822,13.813746452331543,1141311
2002-11-21,13.826036094237589,13.826036094237589,13.686752294373882,13.785070419311523,1078605
2002-11-22,13.735906838324631,13.94892978668213,13.690843854438034,13.948929786682129,1429521
2002-11-25,13.989896288735066,14.030861948929834,13.707230623630842,13.948929786682129,971617
2002-11-26,13.928447825351741,14.055442141386836,13.826032402594475,13.846515655517578,875188
2002-11-27,13.948928777327179,13.965314703476123,13.752291770533123,13.805547714233398,674680
2002-11-29,13.80555348583189,13.854712126688261,13.76868345286654,13.813746452331543,299523
2002-12-02,13.916162038743321,13.928451488614433,13.731814397667405,13.920258522033691,923349
2002-12-03,13.817837158845107,13.887479870552431,13.74409880745865,13.805547714233398,866246
2002-12-04,13.77277487564812,13.805547569460439,13.670359470858791,13.744098663330078,961813
2002-12-05,13.703134284421031,13.899771319570995,13.682651031922973,13.858805656433105,934770
2002-12-06,13.80554807492931,13.907962641610297,13.70722998989259,13.74819564819336,600446
2002-12-09,13.66216890478439,13.895675125789724,13.64168565186129,13.846515655517578,644836
2002-12-10,13.867002555541948,13.928451488614433,13.797359814030258,13.920258522033691,867108
2002-12-11,13.854709740496105,13.899772732199922,13.670362974853171,13.674459457397461,646775
2002-12-12,13.621205054670172,13.744102904858043,13.55975528771788,13.69494342803955,2590010
2002-12-13,13.662166507870236,13.83422378177848,13.629393814057917,13.744098663330078,2830598
2002-12-16,13.764586123087499,13.86290423459883,13.662170686970471,13.830131530761719,895659
2002-12-17,13.77687955515831,13.883390662963903,13.69494735094421,13.756396293640137,652378
2002-12-18,13.764588986979538,13.78507140497788,13.641690269696843,13.686753273010254,673926
2002-12-19,13.686752418065305,13.809650285812639,13.645785900910544,13.70313835144043,518562
2002-12-20,13.805550175716862,13.805550175716862,13.719521522521973,13.719521522521973,804186
2002-12-23,13.744103765523445,13.821939468383787,13.67855835356653,13.821939468383789,516731
2002-12-24,13.805554503861348,13.907969118234485,13.805554503861348,13.867003440856934,138448
2002-12-26,13.867001964627047,13.985803342419159,13.780973293619818,13.817842483520508,714653
2002-12-27,13.772775020077406,13.87518958408262,13.731808520988839,13.805547714233398,265153
2002-12-30,13.834224800019328,13.985798835754395,13.748196156733236,13.985798835754395,559073
2002-12-31,13.957121849060059,14.1455650523886,13.871093210534044,13.957121849060059,645482
2003-01-02,14.022673804266763,14.18244171142578,14.002191386829843,14.182441711425781,508542
2003-01-03,14.235699152673233,14.293051611144765,14.108703942138499,14.231602668762207,812159
2003-01-06,14.231597239889576,14.411847514366846,14.190630732689478,14.399558067321777,722302
2003-01-07,14.256176211807201,14.288949754489506,14.075926778204183,14.17424488067627,838233
2003-01-08,14.174242695083132,14.174242695083132,13.879286749430968,13.916156768798828,651947
2003-01-09,13.920257052166813,14.026768132045124,13.83832486943539,14.01447868347168,556380
2003-01-10,13.98990351528907,13.98990351528907,13.785072582934292,13.809652328491211,520609
2003-01-13,13.84651952255204,13.903871973267433,13.592530819548278,13.649883270263672,722410
2003-01-14,13.641689039946819,13.65807581472681,13.584336591004524,13.617109298706055,432584
2003-01-15,13.600720539777452,13.67855623055714,13.449146482455554,13.563851356506348,698060
2003-01-16,13.572045284484993,13.653976621600348,13.383601188659666,13.383601188659668,554871
2003-01-17,13.354922975680523,13.375406227832618,13.191059484038396,13.232025146484375,613914
2003-01-21,13.232026523709292,13.277089514762537,13.1582873134017,13.182867050170898,737817
2003-01-22,13.170577207809147,13.440952620446787,13.129610700469392,13.375407218933105,867970
2003-01-23,13.375405399254122,13.453241079123757,13.354922148370921,13.428661346435547,657442
2003-01-24,13.395896898723354,13.457345847352272,13.199259757995605,13.199259757995605,564245
2003-01-27,12.986226069664614,13.133704445668977,12.986226069664614,13.023096084594727,773911
2003-01-28,13.043588003809166,13.166486740112303,13.031298551108181,13.166486740112305,571140
2003-01-29,13.105031808560662,13.334441555756472,13.051775854124738,13.27708911895752,398430
2003-01-30,13.313958641639736,13.34673218716868,13.113225936889648,13.113225936889648,361043
2003-01-31,13.068159689721211,13.420468060650387,13.068159689721211,13.395888328552246,582346
2003-02-03,13.395898911302671,13.457347869163588,13.330352626640064,13.412284851074219,985516
2003-02-04,13.436855118693439,13.613008898058917,13.399985938371367,13.600719451904297,972372
2003-02-05,13.641688868660626,13.809649730148195,13.61301264454954,13.690848350524902,608527
2003-02-06,13.809652328491211,13.895681017011121,13.71543067207186,13.809652328491211,708619
2003-02-07,13.90796671175172,14.153764100921002,13.887484297536258,14.006285667419434,1344297
2003-02-10,14.030865456761314,14.080024092913467,13.94893327402989,14.01447868347168,1130429
2003-02-11,14.051344010194697,14.10869643816226,13.948929441314418,13.969411849975586,675219
2003-02-12,13.989906699200889,14.071838080558944,13.912070119007273,13.994002342224121,896521
2003-02-13,14.084377337100165,14.088553696114149,13.879771785496848,13.938230514526367,1144005
2003-02-14,13.979987468488837,14.067675563466988,13.896474874495759,13.988338470458984,974742
2003-02-18,14.071851585345316,14.297334653566338,14.059325081926406,14.272281646728516,720148
2003-02-19,14.272278653344493,14.426777311690813,14.272278653344493,14.405898094177246,584931
2003-02-20,14.405897454424165,14.426776671010504,14.288980877936194,14.401721954345703,523411
2003-02-21,14.501944226041239,14.597982489320323,14.334918995571076,14.506119728088379,670910
2003-02-24,14.447656650991211,14.5395193846774,14.38084606397837,14.472709655761719,673280
2003-02-25,14.456010415596154,14.572927892593915,14.410078181876749,14.526995658874512,726181
2003-02-26,14.518640667187562,14.522816167633644,14.397547721862791,14.397547721862793,735124
2003-02-27,14.460180858216361,14.552045293515896,14.435127857422337,14.531166076660156,628675
2003-02-28,14.56457569955964,14.652262942047056,14.447658232113412,14.464360237121582,784254
2003-03-03,14.552045293515896,14.660611729344781,14.489411075336779,14.531166076660156,934123
2003-03-04,14.543694751468,14.585449754106916,14.397547093649463,14.405898094177246,705710
2003-03-05,14.301506920812272,14.514463424682615,14.301506920812272,14.514463424682617,610574
2003-03-06,14.514463888852228,14.514463888852228,14.376668953874933,14.401721954345703,789426
2003-03-07,14.343264499869532,14.426777941179555,14.322386139542026,14.397547721862793,600985
2003-03-10,14.385021029394041,14.385021029394041,14.243050575256346,14.243050575256348,528582
2003-03-11,14.284808789212933,14.401726258742285,14.255579421830596,14.276457786560059,650654
2003-03-12,14.27646340979653,14.34744953459792,14.259761397912163,14.263936042785645,3605694
2003-03-13,14.368324177341128,14.518646544740253,14.368324177341128,14.489418029785156,3348298
2003-03-14,14.531172318365272,14.589631061522361,14.430958555949397,14.552051544189453,1057380
2003-03-17,14.552046273969129,14.994661331176758,14.4685328333075,14.994661331176758,1017192
2003-03-18,14.99466749310362,15.170043731129363,14.977965484585418,15.119935989379883,1099184
2003-03-19,15.14916497244771,15.366297930075765,15.13663846709103,15.282784461975098,944251
2003-03-20,15.245199238502787,15.420575416166859,15.040594555991843,15.366293907165527,723272
2003-03-21,15.524971616983692,15.524971616983692,15.24102889288849,15.332893371582031,1717192
2003-03-24,15.33706861162109,15.33706861162109,14.84016842389634,14.927857398986816,834893
2003-03-25,14.865222666958518,15.21179962158203,14.865222666958518,15.211799621582031,691919
2003-03-26,15.115759547766414,15.266082763671873,15.015544070496107,15.266082763671875,622102
2003-03-27,15.220148393383512,15.236850398522394,15.074000699834711,15.203446388244629,805587
2003-03-28,15.178393357057775,15.24102759950817,15.11575911460738,15.16586685180664,723811
2003-03-31,15.115759706141358,15.124112426163705,14.9195059676093,14.961262702941895,1306372
2003-04-01,14.998845820948787,15.303666114807127,14.969617300535411,15.303666114807129,664553
2003-04-02,15.3871725430667,15.558373232638102,15.378821541067277,15.520792007446289,980991
2003-04-03,15.520794303504996,15.529145306739819,15.366297311271436,15.424756050109863,785870
2003-04-04,15.470678682907913,15.52913739195149,15.349585765331486,15.387166976928711,625227
2003-04-07,15.449818927857924,15.641897273526327,15.403886664534069,15.470696449279785,875835
2003-04-08,15.499906344331738,15.504081843133745,15.38298894548851,15.395515441894531,496367
2003-04-09,15.499910742376255,15.499910742376255,15.403870810292076,15.441452026367188,850515
2003-04-10,15.44980604836253,15.44980604836253,15.27025436522777,15.320362091064453,660997
2003-04-11,15.403881179719168,15.491570170859342,15.261910652210021,15.337071418762207,604540
2003-04-14,15.420580649262606,15.50409412384033,15.31619138033275,15.504094123840332,505418
2003-04-15,15.50409570573134,15.50409570573134,15.391353704884693,15.4832181930542,473311
2003-04-16,15.470685850499068,15.52079358377909,15.408051612947688,15.499916076660156,873141
2003-04-17,15.470685666906391,15.654412875956432,15.449808160035214,15.608482360839844,735124
2003-04-21,15.700341597139888,15.721220815537658,15.545844648444962,15.616829872131348,781992
2003-04-22,15.591777673433986,15.91747705761874,15.562549165624677,15.859018325805664,980452
2003-04-23,15.846492767333984,15.89660049990359,15.76297930765312,15.846492767333984,414376
2003-04-24,15.658578072519516,15.788021948136572,15.579240174927193,15.587591171264648,848684
2003-04-25,15.658590061843771,15.658590061843771,15.433106123313026,15.462334632873535,583854
2003-04-28,15.449810443904628,15.570903434047157,15.341243959736534,15.391351699829102,579544
2003-04-29,15.408053841071991,15.650239823451917,15.38717633093401,15.53332233428955,1014176
2003-04-30,15.53332262119313,15.554201847911589,15.157517134599248,15.332893371582031,1059212
2003-05-01,15.341237241394975,15.520788896982516,15.261901022105523,15.458154678344727,923241
2003-05-02,15.445643423573552,15.658601006859575,15.428941406436063,15.470696449279785,960628
2003-05-05,15.462333001164039,15.662763910348982,15.449806498388575,15.658588409423828,1023010
2003-05-06,15.658588502044308,15.971759654255214,15.650235783950214,15.867368698120117,677051
2003-05-07,15.867376014317424,15.950889504210014,15.758809507174165,15.884078025817871,1275127
2003-05-08,15.938362090017236,16.16802162460961,15.879903330597275,16.071983337402344,855041
2003-05-09,16.159663238441702,16.35174144133088,16.10120450571939,16.305810928344727,831661
2003-05-12,16.305810928344727,16.389322668150395,16.168014240802822,16.305810928344727,891350
2003-05-13,16.322511127297368,16.451955081963206,16.222295677661876,16.276578903198242,1132476
2003-05-14,16.410941115113204,16.589274758598368,16.07125748605515,16.156177520751953,953625
2003-05-15,16.13495238757641,16.151936050161407,16.037292837440873,16.139198303222656,644297
2003-05-16,16.139203234159687,16.190155982617938,16.037297737243183,16.16468048095703,996937
2003-05-19,16.168921773808204,16.168921773808204,16.1009853770049,16.130706787109375,675542
2003-05-20,16.134957956481347,16.368490378171277,16.122220205146224,16.36424446105957,1304109
2003-05-21,16.36423332930135,16.410940130894367,16.190145610734874,16.355741500854492,716269
2003-05-22,16.35575893009147,16.517109077927707,16.326035753718163,16.512863159179688,1052963
2003-05-23,16.495869334365672,16.597774822671383,16.4109492575351,16.589282989501953,579975
2003-05-27,16.58928553333544,16.58928553333544,16.432181360201493,16.51710319519043,674573
2003-05-28,16.623247641571897,16.623247641571897,16.164676508416374,16.168922424316406,935093
2003-05-29,16.19440039154404,16.224123552517057,15.391899477180383,15.710351943969727,1424026
2003-05-30,15.795273318207753,15.977852980190516,15.761305983031285,15.973607063293457,1266292
2003-06-02,16.079755155475514,16.21562795839608,16.041541911293134,16.10098648071289,799230
2003-06-03,16.151938001730194,16.32177988350913,16.00757336204296,16.30479621887207,486455
2003-06-04,16.32602598525972,16.432177380720276,16.2835668231844,16.410947799682617,867323
2003-06-05,16.381225261706373,16.483130744820148,16.19864562245697,16.33876609802246,729198
2003-06-06,16.35150451487777,16.580790988679095,16.35150451487777,16.538330078125,722949
2003-06-09,16.495868346247608,16.52559150569645,16.381225115054992,16.398210525512695,537633
2003-06-10,16.38971251135693,16.77610300878678,16.38971251135693,16.750627517700195,823364
2003-06-11,16.729398800821713,16.962931152677466,16.62324741449892,16.950193405151367,2746021
2003-06-12,16.975673506379998,17.00115075348117,16.6996819212164,16.76337242126465,2625242
2003-06-13,16.83555619770848,16.861031701855847,16.500118255615234,16.500118255615234,604864
2003-06-16,16.606267775238052,16.665712356567383,16.517101775812257,16.665712356567383,845883
2003-06-17,16.66995360815315,16.79733456890458,16.495865829756617,16.52134132385254,649146
2003-06-18,16.48737702889611,16.602020263671875,16.347258295341835,16.602020263671875,700646
2003-06-19,16.580788584306404,16.678446395742352,16.427930375559335,16.495866775512695,800092
2003-06-20,16.55106495286133,16.614755435061415,16.47463672324842,16.508604049682617,1176112
2003-06-23,16.48313042556498,16.491622258137287,16.2665817144265,16.347257614135742,709589
2003-06-24,16.38121764973989,16.427924453224836,16.283559873509976,16.393957138061523,1038633
2003-06-25,16.38971933510788,16.640237160772624,16.351506082568168,16.49162483215332,668108
2003-06-26,16.491617656741674,16.76336494891496,16.491617656741674,16.759119033813477,712390
2003-06-27,16.78035720190734,16.873769127108353,16.686943531569757,16.72940444946289,511882
2003-06-30,16.835551838498603,16.85678141979112,16.525591225947064,16.572298049926758,1199600
2003-07-01,16.623244826860137,16.750627517700195,16.38546659617583,16.750627517700195,876050
2003-07-02,16.767614908016327,17.05634593023146,16.767614908016327,17.026622772216797,880899
2003-07-03,17.00539637551835,17.162500536985185,16.95444362733623,17.154006958007812,391104
2003-07-07,17.09032055160944,17.323853018704256,17.09032055160944,17.311115264892578,642573
2003-07-08,17.311098410248135,17.340819806871007,17.132764795105473,17.3026065826416,667246
2003-07-09,17.285630347267404,17.289876263321887,17.06483747702599,17.145511627197266,534508
2003-07-10,17.14550977428879,17.17523292859408,16.86527061929779,16.869518280029297,592473
2003-07-11,16.962931202864066,17.192217639556155,16.962931202864066,17.111541748046875,615315
2003-07-14,17.217696354215626,17.33658551064731,17.145514026054165,17.243173599243164,905033
2003-07-15,17.32383941309627,17.472451659594253,17.20070439934946,17.429990768432617,547114
2003-07-16,17.366312196436276,17.493693212014225,17.175240673069347,17.196470260620117,1010405
2003-07-17,17.1540117440656,17.2516713507569,16.975677948240342,17.07333755493164,749777
2003-07-18,17.111543068762153,17.30261627751043,17.047852580891433,17.298370361328125,504448
2003-07-21,17.298369062730185,17.362059545819623,17.098804036598747,17.221939086914062,308789
2003-07-22,17.221933245295897,17.370545485519845,17.213441416449168,17.2813777923584,588918
2003-07-23,17.298374650042042,17.298374650042042,17.09031772498185,17.170991897583008,361690
2003-07-24,17.19645848474684,17.442728512240468,17.18372074093899,17.429990768432617,650439
2003-07-25,17.47245685331051,17.739956533331934,17.44697961298619,17.722972869873047,637833
2003-07-28,17.621070515174953,17.705992337759984,17.408767703848664,17.413015365600586,557349
2003-07-29,17.493683259608687,17.748445145826924,17.468207769041133,17.650787353515625,873572
2003-07-30,17.748449213800196,18.037180232088463,17.748449213800196,17.918291091918945,739972
2003-07-31,18.024440270717246,18.13059164964946,17.8376147512672,17.981979370117188,880899
2003-08-01,17.986224970758386,18.02443995514295,17.8758276782126,17.99047088623047,678451
2003-08-04,17.960752185909676,18.049918169402982,17.83337121227005,18.024442672729492,722841
2003-08-05,17.969248454408547,18.015955288310423,17.854605200802368,17.9522647857666,498307
2003-08-06,17.918290320570023,18.0329335397366,17.833370257734334,17.994718551635742,562413
2003-08-07,18.037177434119975,18.19003562425596,17.939517889438445,18.109359741210938,461028
2003-08-08,18.160322355057268,18.16456827277725,18.03718725090439,18.10087776184082,478698
2003-08-11,18.14333117835114,18.168806674131897,18.037179788992596,18.041425704956055,438510
2003-08-12,18.08812854373864,18.113604033911177,17.918286707181444,18.04566764831543,451224
2003-08-13,18.121753017007297,18.14762199829177,17.97947007576114,18.031208038330078,841250
2003-08-14,18.044148672715487,18.281288146972656,18.026900908923015,18.281288146972656,986809
2003-08-15,18.281285668652075,18.281285668652075,18.087261199951172,18.087261199951172,277759
2003-08-18,18.06570076449934,18.345956906363263,18.06570076449934,18.29852867126465,378821
2003-08-19,18.367512837605616,18.39769331151514,18.16486719651291,18.26834487915039,533754
2003-08-20,18.272651894271085,18.557219438941033,18.17779722744117,18.552907943725586,448530
2003-08-21,18.544291276310158,18.58309651857063,18.419254328248382,18.475305557250977,430968
2003-08-22,18.51411044544499,18.51411044544499,18.164870326714713,18.16918182373047,443251
2003-08-25,18.21660642860471,18.21660642860471,17.949286552592934,18.0096492767334,398753
2003-08-26,18.009649587950097,18.173491776902832,17.897547130881946,18.13899803161621,401662
2003-08-27,18.095881497629534,18.37613764346859,18.07863551083658,18.31577491760254,440234
2003-08-28,18.324397651087153,18.345956906363263,18.182114717881994,18.29852867126465,366107
2003-08-29,18.302835544594036,18.46667591959844,18.281278066854046,18.41493797302246,366107
2003-09-02,18.509805805476656,18.578791555375666,18.371834305678632,18.574480056762695,662937
2003-09-03,18.613273070152168,18.76849046227999,18.535664374088256,18.746932983398438,761090
2003-09-04,18.746932003709905,18.85903443221631,18.70381704819993,18.79867172241211,894690
2003-09-05,18.7986744191686,18.880596390570105,18.677948982241578,18.8417911529541,537740
2003-09-08,18.841792070671836,18.953894520719974,18.721066627864705,18.893531799316406,421918
2003-09-09,18.863353857689997,18.893536111325467,18.69951341369511,18.871976852416992,414160
2003-09-10,18.820236213674917,18.854728187688877,18.496863324749658,18.548603057861328,423965
2003-09-11,18.604652954345177,18.798675610540453,18.44943376613459,18.6951961517334,1304648
2003-09-12,18.53997499200192,18.755555086880758,18.414938076228733,18.751243591308594,947376
2003-09-15,18.703818684624565,18.841790098508277,18.56584549865046,18.78142738342285,532461
2003-09-16,18.742622570018746,18.777116310311587,18.501171704240143,18.64776611328125,537740
2003-09-17,18.36750642811896,18.518412289187868,18.302832234505157,18.393375396728516,792550
2003-09-18,18.453744964903034,18.492550204352373,18.32870802589921,18.341644287109375,634600
2003-09-19,18.410633254905477,18.535670216007244,18.380451002868384,18.53135871887207,803432
2003-09-22,18.531363668228675,18.531363668228675,18.367521417060484,18.43219566345215,570817
2003-09-23,18.45375039310769,18.62621561503821,18.410635416693385,18.604658126831055,924426
2003-09-24,18.583094933526617,18.66501513565501,18.38475901454648,18.389070510864258,611867
2003-09-25,18.440821459714403,18.552923976370415,18.324407444117135,18.427886962890625,579544
2003-09-26,18.432190740581337,18.535670216007244,18.35027052292218,18.53135871887207,452840
2003-09-29,18.552905306729475,18.75123937472031,18.527034567023804,18.725370407104492,536986
2003-09-30,18.669332655953205,18.863355369129767,18.544295678211125,18.790058135986328,973449
2003-10-01,18.790054903054045,18.992700576782223,18.790054903054045,18.992700576782227,833815
2003-10-02,19.03581365749874,19.272953033447266,18.992696924028877,19.272953033447266,857411
2003-10-03,19.337630662805946,19.639444306217023,19.32469617210778,19.527341842651367,685993
2003-10-06,19.454041212456367,19.768789291381836,19.454041212456367,19.768789291381836,614560
2003-10-07,19.725675492633997,19.725675492633997,19.466978597175267,19.492849349975586,809143
2003-10-08,19.51440252103122,19.656685427669494,19.38074260605704,19.523025512695312,836617
2003-10-09,19.579084425037838,19.79035312010626,19.527344682629575,19.691186904907227,691165
2003-10-10,19.69118135353603,19.73429808873588,19.51009319220533,19.540273666381836,422025
2003-10-13,19.53165349094268,19.635132961511644,19.497161515480233,19.592016220092773,304587
2003-10-14,19.510100546618904,19.548904028044404,19.38075206435146,19.466983795166016,531491
2003-10-15,19.380755487386317,19.44111824124516,19.311769736132145,19.385066986083984,1185162
2003-10-16,19.367811141101654,19.527341842651367,19.29451392172128,19.527341842651367,703879
2003-10-17,19.617880097726424,19.678242805719428,19.350558521134438,19.419544219970703,596137
2003-10-20,19.45835592223483,19.52303014715855,19.30313671916344,19.35056495666504,413191
2003-10-21,19.350575406308394,19.402315168605885,19.165175625129226,19.178110122680664,604325
2003-10-22,19.165169513890586,19.199663268453726,18.975458294021227,19.09618377685547,677913
2003-10-23,19.07461823962984,19.07461823962984,18.863347847765944,19.01425552368164,589995
2003-10-24,19.057362354156076,19.091856079451013,18.90645651470369,19.0444278717041,912144
2003-10-27,19.100484657184488,19.652372018776244,19.091861666359797,19.363492965698242,1079683
2003-10-28,19.445414704450712,19.501465916272238,19.01425276342449,19.242767333984375,780914
2003-10-29,19.242775812857378,19.661003452073842,19.242775812857378,19.51009750366211,696660
2003-10-30,19.55321276964622,19.71705319745838,19.518719022054242,19.648067474365234,1467662
2003-10-31,19.660993527115625,19.72566772551439,19.290194317072025,19.436790466308594,661967
2003-11-03,19.436803713872767,19.669629923541915,19.40230995757479,19.661006927490234,754948
2003-11-04,19.66099834361421,19.79034677209917,19.402301486644287,19.768789291381836,1009543
2003-11-05,19.74722852147206,19.984367858225593,19.665306564210542,19.96280860900879,800415
2003-11-06,19.96712139056628,20.36379139987784,19.924006433535904,20.359479904174805,1000708
2003-11-07,20.35948679224259,20.566443972277515,20.35948679224259,20.4284725189209,686101
2003-11-10,20.48021095385488,20.5017684382918,20.26894051800987,20.350862503051758,545713
2003-11-11,20.350855903147295,20.350855903147295,20.15683328986531,20.195636749267578,352963
2003-11-12,20.29901125146124,20.526353708675476,20.189713651852383,20.482633590698242,736417
2003-11-13,20.504503654549293,20.85425936303149,20.329624901863053,20.631290435791016,375050
2003-11-14,20.74058171643249,21.24335680943477,20.635654146746766,20.77992820739746,561551
2003-11-17,20.76682367069058,20.76682367069058,20.50450640492045,20.701244354248047,542912
2003-11-18,20.723096990694973,20.76244528690497,20.526359103424884,20.583194732666016,605079
2003-11-19,20.657512265717692,20.657512265717692,20.482633590698242,20.482633590698242,673172
2003-11-20,20.48264455451953,20.54822386814352,20.25093193805633,20.403949737548828,671556
2003-11-21,20.417065309197994,20.469529119650787,20.001728456929634,20.084796905517578,769709
2003-11-24,20.17660838317342,20.333999823557434,20.05419341739381,20.1940975189209,560797
2003-11-25,20.194088299340915,20.487008279024515,20.189716466622635,20.460777282714844,555733
2003-11-26,20.526365949097045,20.73621940612793,20.465158466185052,20.73621940612793,362121
2003-11-28,20.73620567717765,20.87610968612833,20.69248735896434,20.744949340820312,165492
2003-12-01,20.78867555009527,21.217127772411445,20.78867555009527,20.91983413696289,809358
2003-12-02,20.75807647742417,20.88486325414849,20.67938167043085,20.740589141845703,924534
2003-12-03,20.771192492109062,20.963558578893856,20.73621602319807,20.954814910888672,527289
2003-12-04,20.94169191474178,20.94169191474178,20.788672388739474,20.858623504638672,594844
2003-12-05,20.810543435723865,20.954817569897195,20.766823293259936,20.845518112182617,385932
2003-12-08,20.819284278342156,20.832399780233583,20.52636241831572,20.548221588134766,1635308
2003-12-09,20.583198056735483,20.5919417246631,20.487014115751194,20.548221588134766,559289
2003-12-10,20.55696131789558,20.570076816128,20.373338951972514,20.504497528076172,434416
2003-12-11,20.504496013238178,20.548214337449732,20.452032227294705,20.539470672607422,444113
2003-12-12,20.539477920207148,20.54822158813477,20.500131414532866,20.548221588134766,348114
2003-12-15,20.548214903300334,20.548214903300334,20.34273338317871,20.34273338317871,666923
2003-12-16,20.43017847733143,20.54822158813477,20.351483669092623,20.548221588134766,497660
2003-12-17,20.50887573791577,20.543850410744017,20.37771712102923,20.487014770507812,1002216
2003-12-18,20.460789593233912,20.504509743611266,20.360233786433234,20.39521026611328,662506
2003-12-19,20.373342707035068,20.417061042534296,20.347109908845457,20.412689208984375,613698
2003-12-22,20.373346223309063,20.395205394831393,20.26404677191665,20.329626083374023,893074
2003-12-23,20.395201338850658,20.478267971006485,20.19846344360368,20.2421817779541,795244
2003-12-24,20.24219656651261,20.255313873291016,20.207221873480435,20.255313873291016,316115
2003-12-26,20.255301556817823,20.264045224759176,20.215953254191483,20.229068756103516,240157
2003-12-29,20.2421817779541,20.299017409499676,20.15911514579827,20.2421817779541,616715
2003-12-30,20.28153286050438,20.342740333889058,20.185348917946918,20.268417358398438,699461
2003-12-31,20.32961553452815,20.41705397213687,20.137249534277398,20.259662628173828,614453
2004-01-02,20.277156323868113,20.34710744910062,20.067301151280734,20.198461532592773,573511
2004-01-05,20.373338951972514,20.640027936923968,20.285898703310245,20.504497528076172,1168785
2004-01-06,20.548222309358163,20.906723488315034,20.548222309358163,20.84988784790039,859889
2004-01-07,20.849890325680317,20.876123130391644,20.60943223309419,20.701244354248047,1356795
2004-01-08,20.766823767980604,20.924213409423828,20.72310362451725,20.924213409423828,834031
2004-01-09,21.007271895392726,21.112197674278992,20.82802136881286,21.072851181030273,744174
2004-01-12,21.182154192270726,21.265220822369873,20.981042671678086,20.985414505004883,1166092
2004-01-13,21.33517847707729,21.37889862060547,21.00728189284227,21.37889862060547,972803
2004-01-14,21.335173331304286,21.72865093437504,21.31331416325762,21.6849308013916,679960
2004-01-15,21.70679317704813,21.70679317704813,21.470706939697266,21.470706939697266,682546
2004-01-16,21.558145688224027,21.636840496124503,21.313315799742334,21.418243408203125,602601
2004-01-20,21.370154089211216,21.413872434085274,21.212762656993217,21.30894660949707,530522
2004-01-21,21.31332025978416,21.35704040527344,21.243369105135674,21.357040405273438,623072
2004-01-22,21.357037075717667,21.553775004412127,21.25648129583612,21.435731887817383,939941
2004-01-23,21.45321654348988,21.772369383072377,21.44447287622599,21.72865104675293,655502
2004-01-26,21.68494420319045,22.087163925170895,21.6499677158094,22.0871639251709,749777
2004-01-27,22.1046424187062,22.4019343322185,21.951622830854546,22.297008514404297,767770
2004-01-28,22.340729253439356,22.68174313937204,22.253290763064342,22.331987380981445,1146160
2004-01-29,22.38443839213544,22.68610382080078,22.240164325034925,22.68610382080078,805264
2004-01-30,22.668623081146748,22.869732826429033,22.42379320101521,22.756061553955078,739433
2004-02-02,22.86536749328537,23.241356087968512,22.834764648013586,23.236984252929688,899215
2004-02-03,23.232610791735333,23.455581550671468,23.018385499155404,23.048988342285156,1386532
2004-02-04,22.9965167062289,23.140792594007575,22.480626008114104,22.73419952392578,1470678
2004-02-05,22.734200630579508,22.922194859966574,22.511229936634138,22.891592025756836,787917
2004-02-06,22.952793919325927,23.543007464965278,22.62489570819224,23.529891967773438,1102955
2004-02-09,23.52990751539132,23.52990751539132,23.328797701562298,23.47744369506836,643543
2004-02-10,23.58674200240411,23.95835876464844,23.481814366956794,23.958358764648438,1074080
2004-02-11,24.010811716551714,24.347451849007367,23.73537724736992,24.264385223388672,1094551
2004-02-12,24.26452692911881,24.286665446788888,23.427665483241046,23.839454650878906,1364768
2004-02-13,23.839461031641708,23.998863861091774,23.50294637371909,23.653491973876953,620271
2004-02-17,23.81288644478427,23.843880366938922,23.69776252278889,23.81731414794922,501324
2004-02-18,23.866028430856833,23.888166953850426,23.591501646466625,23.600357055664062,709912
2004-02-19,23.657916176526204,23.742046193443613,23.551647639290373,23.719905853271484,550993
2004-02-20,23.755332482580318,23.755332482580318,23.53393997037312,23.66677474975586,402632
2004-02-23,23.68006881847089,23.74205852741977,23.445393101767003,23.657928466796875,594197
2004-02-24,23.657916059234555,23.72433343971424,23.38339112923236,23.53836441040039,861505
2004-02-25,23.649058937173198,23.799606323242188,23.542790408166095,23.799606323242188,595167
2004-02-26,23.777473790799696,23.945732046990283,23.64463899585866,23.923593521118164,704202
2004-02-27,23.92359555204215,24.127275466918945,23.866033560033923,24.127275466918945,613160
2004-03-01,24.175981813233896,24.30881661816259,24.162696876857588,24.242399215698242,754086
2004-03-02,24.246816345024133,24.499202728271484,24.242388641448112,24.499202728271484,602278
2004-03-03,24.658611858864422,24.658611858864422,24.39736998199239,24.53020477294922,714330
2004-03-04,24.552335896511458,24.59661293029785,24.388505411941527,24.59661293029785,471695
2004-03-05,24.574486234376025,24.928713594180355,24.521351948419944,24.924285888671875,647206
2004-03-08,24.924279183001,25.008407384882457,24.733880617944248,24.884428024291992,468893
2004-03-09,24.902139633567927,25.00840818026926,24.79587108686659,24.981840133666992,369986
2004-03-10,24.9198437977025,24.96855035359026,24.423926471979996,24.485916137695312,771648
2004-03-11,24.477066534321764,24.596618190820603,24.2468204498291,24.2468204498291,699353
2004-03-12,24.295528985610343,24.50806427001953,24.22910977563764,24.50806427001953,701077
2004-03-15,24.50805813542353,24.583330916069432,24.291093380784368,24.499202728271484,616715
2004-03-16,24.6098984302146,24.747162707841944,24.45935286101506,24.68517303466797,897922
2004-03-17,24.716168121076755,25.030544205506597,24.645323036961344,25.008405685424805,1412067
2004-03-18,24.95970250753746,25.238656997680668,24.915423641513122,25.238656997680664,736417
2004-03-19,25.189947950972936,25.349348941225806,25.092534819265484,25.207658767700195,747191
2004-03-22,25.145664282740935,25.362629025592394,25.008401839634676,25.30506706237793,774450
2004-03-23,25.402485096281897,25.53531987130103,25.229800980669356,25.526464462280273,791150
2004-03-24,25.526467149312968,25.57074601893164,25.238659046426815,25.282936096191406,782638
2004-03-25,25.305073267855683,25.646015607561736,25.305073267855683,25.575170516967773,991981
2004-03-26,25.371493835428744,25.468905164764923,25.229803636473896,25.282936096191406,895336
2004-03-29,25.30063654069608,25.539739773590135,25.30063654069608,25.42461585998535,857842
2004-03-30,25.42905067752991,25.8674061205305,25.30949902763396,25.792133331298828,728982
2004-03-31,25.814284401760858,25.95597464094723,25.60617674921496,25.87627410888672,1267154
2004-04-01,25.85855533358848,26.048952102661133,25.75228677694429,26.048952102661133,1271356
2004-04-02,26.048956109248913,26.048956109248913,25.59288787841797,25.59288787841797,1026027
2004-04-05,25.597304027886008,25.597304027886008,24.547907347973148,24.71616554260254,1931922
2004-04-06,24.53019654351929,24.6630312899125,23.622491836547848,23.62249183654785,2796552
2004-04-07,23.73318002372259,24.437206542843,23.36124210338264,23.910293579101562,3223964
2004-04-08,23.88816609393043,23.99443282032825,23.356825182525892,23.423242568969727,1275342
2004-04-12,23.131002453656418,23.131002453656418,21.342157420264492,21.979764938354492,5597844
2004-04-13,21.784943813075976,22.170165004325227,21.120768153086857,21.709671020507812,4582375
2004-04-14,21.483859518400763,22.02848374362785,21.364307814817877,21.714107513427734,2239525
2004-04-15,21.824801635596106,22.249874114990234,21.674254184636546,22.249874114990234,1580575
2004-04-16,22.360561888736925,22.75021078671922,22.280861391389134,22.55095863342285,1294736
2004-04-19,22.4269816649376,22.688223526221513,22.04618813495529,22.559818267822266,1069663
2004-04-20,22.559812103561313,22.60851684280484,21.69638442993164,21.69638442993164,1167708
2004-04-21,21.762807276058748,21.846935484852494,21.541414762590836,21.7318115234375,1492335
2004-04-22,21.674255292730265,22.103755499711852,21.5635590066295,21.913358688354492,1170617
2004-04-23,22.152460086774568,22.152460086774568,21.65654251681396,21.891218185424805,1047145
2004-04-26,21.904493551765604,22.311855048613655,21.793797314810345,22.028472900390625,678344
2004-04-27,22.072752677149982,22.36941612952738,22.050612336925933,22.30742645263672,867539
2004-04-28,22.30742592026568,22.382700527435812,22.050611810683808,22.117029190063477,630829
2004-04-29,22.108171894239824,22.294140904593142,21.311163409742896,21.501558303833008,1024088
2004-04-30,21.541422204341032,21.7583870880811,21.209335139269548,21.34659767150879,1318547
2004-05-03,21.342157225403184,21.69638442993164,21.089770842636373,21.69638442993164,1128167
2004-05-04,21.696401043975495,21.864657548093646,21.439584941130363,21.483863830566406,1306372
2004-05-05,21.585686360430714,21.643248321754637,20.94365119934082,20.94365119934082,1283638
2004-05-06,20.943660201881315,21.240323722547185,20.67356109192096,21.173906326293945,1175250
2004-05-07,20.810822528125268,20.921518789519634,20.235204516670215,20.270627975463867,1496752
2004-05-10,20.257341617980366,20.487589534329665,19.655157419622522,20.301620483398438,1885916
2004-05-11,20.279478877210998,20.837385945177363,20.182065752073253,20.376890182495117,1494813
2004-05-12,20.36804483293871,20.36804483293871,19.87655490036498,20.226354598999023,1474018
2004-05-13,20.190513266704716,20.617707178502215,20.033127106046162,20.28494644165039,1104356
2004-05-14,20.347900157021037,21.01792008391829,20.24897034567693,20.83804702758789,1149392
2004-05-17,20.775106952472495,21.485597095087403,20.52778411864383,21.19330596923828,1139480
2004-05-18,21.224780795278953,21.526063311557106,21.157329292570076,21.50358009338379,769062
2004-05-19,21.494581808629157,21.809356030815284,20.770602021695304,20.78409194946289,1551700
2004-05-20,20.887517022940887,21.395654280059986,20.869530452200273,21.355182647705078,867431
2004-05-21,21.359672134543313,21.696929463885628,21.19329086636755,21.31920051574707,1010620
2004-05-24,21.539550621325784,21.741905087465106,21.418137572004483,21.683446884155273,752686
2004-05-25,21.719416859244713,22.380441665649414,21.65196353791711,22.380441665649414,986270
2004-05-26,22.380451128566765,22.88858663688896,22.128631696188016,22.582805633544922,1234077
2004-05-27,22.753687357156252,22.920068740844723,22.59180261776834,22.920068740844727,989179
2004-05-28,22.929046801286045,23.284292554231932,22.888575181270703,23.18985939025879,1429413
2004-06-01,23.1898691793672,23.1898691793672,22.420921011796377,22.573810577392578,1176004
2004-06-02,22.708720341089023,23.158399581909183,22.627778890944686,23.15839958190918,896952
2004-06-03,23.194358276414388,23.270803034341583,22.888577396517473,22.960525512695312,620271
2004-06-04,23.15839067021424,23.36524178462339,23.02348584096801,23.113422393798828,556487
2004-06-07,23.194369464821417,23.38323405396254,23.068459738727338,23.31578254699707,412329
2004-06-08,23.320273521846442,23.3832283695894,23.02798249725821,23.045970916748047,583531
2004-06-09,23.050463069661095,23.284295843784278,22.884081772967566,22.888578414916992,892643
2004-06-10,22.97852504769434,23.01000340589288,22.717712286288638,22.794158935546875,878636
2004-06-14,22.708714784034186,22.708714784034186,22.26353414489664,22.425418853759766,975604
2004-06-15,22.515357644696067,23.10893316973405,22.515357644696067,22.99651336669922,952547
2004-06-16,22.98301606900509,23.099930630651794,22.72220339238263,23.045970916748047,750962
2004-06-17,23.0459766566125,23.333769261864877,22.906576997931563,23.30678939819336,715515
2004-06-18,23.207857425831897,23.576593284965288,23.20336078229531,23.51813507080078,1164583
2004-06-21,23.270812469350396,23.383232255040497,22.974026600810316,23.374238967895508,4322179
2004-06-22,23.374240905561198,23.414710701068476,23.081949808174524,23.30678939819336,1710728
2004-06-23,23.306775304023592,23.414696541636136,23.22583206557928,23.360736846923828,1816099
2004-06-24,23.356256780677192,23.459681450459964,23.153900389150287,23.203365325927734,1051454
2004-06-25,23.248334164633135,23.4282054901123,23.21235916026159,23.428205490112305,1458073
2004-06-28,23.405720202646922,23.60807659705611,23.22584887883279,23.572101593017578,945652
2004-06-29,23.572088182225826,23.572088182225826,22.893074921797805,22.897571563720703,1378775
2004-06-30,23.001006285398223,23.158394353792037,22.71321185802699,23.122419357299805,1196798
2004-07-01,23.122418238757742,23.22584288331562,22.77616561395458,23.001005172729492,899430
2004-07-02,23.11342380105576,23.4776611328125,23.02348724274917,23.4776611328125,1308203
2004-07-06,23.47766026275127,23.486655396799534,23.090937881655123,23.405712127685547,851485
2004-07-07,23.441695206685456,23.621566530499585,23.33826868724028,23.572101593017578,867539
2004-07-08,23.630560197305336,23.653043420070624,23.158399581909183,23.15839958190918,830152
2004-07-09,23.248320994151143,23.31577247197001,23.005494934727913,23.149391174316406,885639
2004-07-12,23.212352341546953,23.540616536227695,23.0010045664925,23.441688537597656,652593
2004-07-13,23.441694872791523,23.468674739294183,23.180882103842187,23.203365325927734,532138
2004-07-14,23.20785468626415,23.446184158325195,23.20785468626415,23.446184158325195,519101
2004-07-15,23.473168029888267,23.707000898925134,23.441691523465828,23.630556106567383,768201
2004-07-16,23.742969112895953,23.949820211989547,23.630549354275445,23.702497482299805,760659
2004-07-19,23.78794104496294,24.026270544849083,23.698006326158723,23.98130226135254,654640
2004-07-20,24.03526058809963,24.10271208014672,23.742971405291776,23.810422897338867,953517
2004-07-21,23.922843522922967,23.922843522922967,23.360746503622767,23.419204711914062,792981
2004-07-22,23.31577597857951,23.38322746654284,22.704214096069336,22.704214096069336,852347
2004-07-23,22.641258881979347,22.75367864281666,22.46138763427734,22.461387634277344,853532
2004-07-26,22.438906544794925,22.483874823022926,22.088157301356095,22.11513900756836,775096
2004-07-27,22.115138854695736,22.304003404121417,22.020705655888577,22.19158363342285,916669
2004-07-28,22.079166467585654,22.60079374767485,21.87681196536799,22.474884033203125,1056195
2004-07-29,22.506362165661734,22.933556266702602,22.506362165661734,22.821136474609375,960412
2004-07-30,22.839125031581613,23.23484266015702,22.839125031581613,23.207860946655273,1288487
2004-08-02,23.194368642063036,23.873382179739,23.16289028756161,23.832910537719727,1184947
2004-08-03,23.832904807015446,24.291575297459424,23.747466747950824,24.23761558532715,1546206
2004-08-04,24.08022489890104,24.714269928613515,23.94532193702881,24.359025955200195,723811
2004-08-05,24.336546151722047,24.336546151722047,23.60806963065538,23.855390548706055,904171
2004-08-06,23.900362042292535,24.327556136712957,23.715994103609802,23.832910537719727,791796
2004-08-09,23.922842499996346,24.125196974726578,23.675519748152084,23.95431900024414,496475
2004-08-10,24.10271381127579,24.152178735180012,23.985799238668672,24.021772384643555,661967
2004-08-11,24.021776090510105,24.10271752962927,23.83291150043935,23.96331787109375,442281
2004-08-12,23.864391791255393,23.967816458463556,23.693513763091254,23.8958683013916,622102
2004-08-13,23.946132350333446,24.11017710099537,23.704620046050916,23.982585906982422,516407
2004-08-16,23.877775990543714,24.265106201171875,23.832207179625563,24.265106201171875,383885
2004-08-17,24.265117405113998,24.597765570808235,24.19220839770292,24.292457580566406,795675
2004-08-18,24.292449565533314,24.60231414944738,24.224097276583077,24.584087371826172,888117
2004-08-19,24.538518469121726,24.538518469121726,24.01904032576762,24.11017608642578,607665
2004-08-20,24.26055694032386,24.761808395385746,24.26055694032386,24.761808395385742,1204771
2004-08-23,24.766355606042865,25.076220125389938,24.652434523906834,25.003311157226562,1156934
2004-08-24,25.05343519046091,25.445323944091797,25.026095029283802,25.445323944091797,1661166
2004-08-25,25.313178317378334,25.413429337022997,25.249382724750994,25.404315948486328,1224596
2004-08-26,25.404315948486328,25.500008400992016,25.35874713293233,25.404315948486328,1325334
2004-08-27,25.40431735186706,25.40431735186706,25.190145217941463,25.226600646972656,937571
2004-08-30,25.29038732712216,25.417978474443576,25.14456940814628,25.390636444091797,596675
2004-08-31,25.44077448076601,25.586594344498028,25.308626575384903,25.49545669555664,1228690
2004-09-01,25.518240123918048,25.60937777269001,25.153695147443205,25.267616271972656,1030121
2004-09-02,25.290398881858685,25.42710347746525,25.130910811274674,25.372421264648438,761521
2004-09-03,25.372415795775545,25.659496882967467,25.354189019722263,25.58658790588379,682869
2004-09-07,25.568357658524263,25.791643142700195,25.51823215464085,25.791643142700195,604648
2004-09-08,25.814432498525804,25.864558013840735,25.65950113068421,25.768863677978516,535586
2004-09-09,25.750649778795182,25.750649778795182,24.839284149230227,24.92586326599121,2039664
2004-09-10,24.921303742611897,24.921303742611897,24.64333776279417,24.807382583618164,1062121
2004-09-13,24.8073680880073,24.8073680880073,24.356242285038878,24.7116756439209,1415299
2004-09-14,24.71168243485103,24.74357930068847,24.51573892609378,24.57953453063965,2001416
2004-09-15,24.584084281625547,24.652436561983954,24.42003768504309,24.492948532104492,1551485
2004-09-16,24.561302091897605,24.816484451293945,24.54763013681736,24.816484451293945,1193458
2004-09-17,24.816493748677605,24.84839061911688,24.711686000063175,24.843833923339844,2078559
2004-09-20,24.784593472722822,24.784593472722822,24.552194510979987,24.565866470336914,890595
2004-09-21,24.565860555719137,24.688895050210952,24.447382755625487,24.58864402770996,1580683
2004-09-22,24.5157423675579,24.76636812580403,24.492958888761432,24.625106811523438,1563337
2004-09-23,24.62509543733447,24.652435599261967,24.324344291780072,24.36991310119629,919686
2004-09-24,24.37447885970356,24.48839811630501,24.292454597675526,24.424602508544922,683084
2004-09-27,24.429159203894137,24.45650124886051,24.32891003334033,24.424602508544922,651516
2004-09-28,24.42460000717276,24.502067565917972,24.283338720071786,24.50206756591797,1012236
2004-09-29,24.456492959583567,24.51573185191603,24.17852714601079,24.265106201171875,1203155
2004-09-30,24.324345660634133,24.447380141972413,24.228651342761918,24.43826675415039,1401077
2004-10-01,24.43827398525426,25.062558091618225,24.356249724844705,24.957752227783203,1377697
2004-10-04,25.062546148408035,25.199250686784566,24.98508049304402,25.016979217529297,1153378
2004-10-05,24.948641167819584,25.162811483626506,24.85750350837788,25.135469436645508,1050161
2004-10-06,25.176473515590615,25.458997922022107,25.167360127136472,25.431655883789062,1229983
2004-10-07,25.44989039569598,25.44989039569598,25.149140993819906,25.18559455871582,807419
2004-10-08,25.22660130559899,25.472670307589446,25.208374527042896,25.381532669067383,971294
2004-10-11,25.4043118294558,25.518231040564082,25.222038469664078,25.445323944091797,881545
2004-10-12,25.29039531987984,25.58658981722439,25.29039531987984,25.58203125,1479513
2004-10-13,25.632162172980344,25.65950421774654,25.495457567762568,25.623048782348633,1821810
2004-10-14,25.8120551619069,26.142743153785567,25.78449672809595,25.98658561706543,3248745
2004-10-15,26.139251611207072,26.24565986765782,26.042097817402553,26.213274002075195,1407865
2004-10-18,26.301182401692692,26.63428417802232,26.273422811139856,26.527875900268555,1365307
2004-10-19,26.55564241172203,26.749951990344385,26.37058539853799,26.39371681213379,1060505
2004-10-20,26.416842453033006,26.50474560843325,25.86167343627083,26.42146873474121,1407865
2004-10-21,26.421471062531662,26.786958758513272,26.231789692839467,26.749948501586914,1286332
2004-10-22,26.749936239221086,26.930364961971847,26.51398835358657,26.634275436401367,1160597
2004-10-25,26.532505172191897,26.601901304187358,26.32894305824039,26.449230194091797,837910
2004-10-26,26.486232189300054,26.92111587524414,26.361320711846002,26.92111587524414,1109635
2004-10-27,26.87948032203628,27.087668660617915,26.754566938592948,26.907238006591797,1067723
2004-10-28,26.911865117975044,27.064536190686024,26.856347845678737,26.995140075683594,1484685
2004-10-29,26.995150591887167,27.133944777432355,26.90724931903384,26.981271743774414,945975
2004-11-01,27.110799167835488,27.63358408811611,27.03677677666368,27.582693099975586,1307126
2004-11-02,27.735363376441327,27.81401204059721,27.41151425803049,27.43001937866211,1424780
2004-11-03,27.827900148800605,27.906548839149437,27.59195217628198,27.68910789489746,1175465
2004-11-04,27.689106641498906,27.948186010782976,27.619710517688677,27.888042449951172,1708788
2004-11-05,27.906547461955277,27.906547461955277,26.546380778767976,26.694427490234375,2505325
2004-11-08,26.78693646681426,27.22644621236727,26.680528263757733,27.152423858642578,990365
2004-11-09,27.152447928230206,27.20333893573843,26.921126203995954,27.018281936645508,919901
2004-11-10,27.133948084687077,27.517939103305906,26.94889104954347,27.258859634399414,945328
2004-11-11,27.3791375287432,27.679855346679688,27.365258683639702,27.679855346679688,1198307
2004-11-12,27.72148871819994,28.558870329680346,27.615082349744895,28.549617767333984,2088687
2004-11-15,28.669846400620212,28.906787974320338,28.669846400620212,28.841745376586914,1499984
2004-11-16,28.84175198019428,28.990420263487074,28.42361980789849,28.502601623535156,1539633
2004-11-17,28.576935305861284,28.711666293457306,27.559482342757683,27.68956756591797,1395259
2004-11-18,27.69886543187031,28.1588095825953,27.34113194107544,27.926515579223633,1179667
2004-11-19,27.875401354347176,27.875401354347176,27.50372877617518,27.71744155883789,2264629
2004-11-22,27.643111345684208,27.875407233403934,27.554839901280346,27.65240478515625,1300446
2004-11-23,27.828926679833508,28.288870433815536,27.684904254648163,28.260995864868164,1243558
2004-11-24,28.293539456792963,28.92073686854441,28.293539456792963,28.776714324951172,1054148
2004-11-26,28.734893839359895,28.939313193892396,28.5537052154541,28.5537052154541,394336
2004-11-29,28.55833982669298,28.758113338977825,28.339981355268865,28.53975486755371,1190441
2004-11-30,28.59551227599336,28.841745376586914,28.35857070229324,28.841745376586914,907188
2004-12-01,28.92073203731888,29.617617721796407,28.64662429185448,29.478240966796875,1254117
2004-12-02,29.478239805908547,29.478239805908547,28.781354148875213,29.055461883544922,1400969
2004-12-03,29.153036237523086,29.617626190185547,29.153036237523086,29.617626190185547,996183
2004-12-06,29.59438788708013,29.993937015536112,29.376031218889946,29.733766555786133,1292796
2004-12-07,29.733776781216196,29.733776781216196,29.292415618896484,29.292415618896484,992627
2004-12-08,29.292410771094513,29.585101635790103,29.129803250001196,29.399267196655273,1349792
2004-12-09,29.362091635869795,29.812744140625,29.199484156462557,29.812744140625,898784
2004-12-10,30.351678834696084,30.351678834696084,29.65943870236825,29.970714569091797,610897
2004-12-13,29.970703560691828,30.295916605842937,29.970703560691828,30.189062118530273,800092
2004-12-14,29.942831814956683,30.17512577810701,29.8499127021126,29.966060638427734,1064060
2004-12-15,30.058980584192454,30.29127455377954,29.780225147415962,30.105438232421875,693535
2004-12-16,30.105426483835235,30.165823312443724,29.75698471069336,29.75698471069336,1225027
2004-12-17,29.761640850282888,30.128667712909955,29.4131989556546,30.045040130615234,1340634
2004-12-20,30.058973743410462,30.244808112996193,29.845260972271625,30.128662109375,725750
2004-12-21,30.198356331770654,30.477109849688066,30.10543721947823,30.3609619140625,831553
2004-12-22,30.365614100768344,30.602555786797016,30.082214758248032,30.15190315246582,1160705
2004-12-23,30.244812760808372,30.384191423635748,29.54792899407075,29.673368453979492,1305510
2004-12-27,29.64084899443692,29.817393789785925,29.42713807973867,29.63155746459961,529552
2004-12-28,29.64083915156364,29.83596694179092,29.62690186143585,29.826675415039062,741804
2004-12-29,29.82204011342493,30.24481618582355,29.794163613910694,30.1983585357666,631153
2004-12-30,30.1983585357666,30.337735304897578,30.137961681212506,30.1983585357666,774773
2004-12-31,30.22158491498419,30.398129699353152,30.045040130615234,30.045040130615234,785332
2005-01-03,30.477113027826533,30.477113027826533,29.64085047738932,29.710538864135742,1449561
2005-01-04,29.803454755434075,30.119376298862807,29.37138527685832,29.38532257080078,1046929
2005-01-05,29.455011441875712,29.501470998606354,28.084470748901367,28.084470748901367,2466215
2005-01-06,28.061242276491473,28.497957532473567,28.000845424829695,28.335350036621094,1563983
2005-01-07,28.75814070313211,28.953268638671435,28.279611443214662,28.46080207824707,969355
2005-01-10,28.456138368735587,28.586223577071475,28.13557111180218,28.43755531311035,870124
2005-01-11,28.446860148623912,28.516548549299035,28.06125010713066,28.205272674560547,1035832
2005-01-12,28.205266666360657,28.205266666360657,27.45727748258724,28.07053565979004,1546421
2005-01-13,28.079826571860508,29.12515424578498,28.079826571860508,28.395748138427734,1409266
2005-01-14,28.39110204994832,28.916088763422668,28.39110204994832,28.85569190979004,838772
2005-01-18,28.81386865014937,29.18553924560547,28.623386634580935,29.18553924560547,743420
2005-01-19,29.25524718537412,29.58975380942588,29.092641549039474,29.222726821899414,961059
2005-01-20,29.176263470893062,29.222723036462092,28.892864130830652,29.074054718017578,1099292
2005-01-21,29.0136504072609,29.283112381320638,28.82781410217285,28.82781410217285,1059319
2005-01-24,28.96719216810205,29.106568925872814,28.409683227539062,28.409683227539062,1015468
2005-01-25,28.646620564714034,28.660557856504667,27.86146354675293,27.86146354675293,1384916
2005-01-26,27.8382382371017,27.968323471431518,27.6477580599216,27.87540626525879,1106295
2005-01-27,27.782482734754097,27.875399919775404,27.36435062845932,27.424747467041016,890488
2005-01-28,27.619884961042477,27.68028182080673,27.313256806294973,27.657052993774414,1034323
2005-01-31,27.768550467101434,27.963678322896648,27.080958161621187,27.550193786621094,1137971
2005-02-01,27.680267828004173,27.986897737225757,27.49443157724804,27.898624420166016,1677759
2005-02-02,27.8754016950375,28.493307411537415,27.83358790890122,28.479368209838867,1136032
2005-02-03,28.47936916882433,28.72095654667172,28.293532871209397,28.5537052154541,1034000
2005-02-04,28.990411563664438,29.2691668980357,28.767409205646718,29.12049674987793,1829136
2005-02-07,29.208783294068116,29.34351622269349,29.069406509399414,29.069406509399414,934662
2005-02-08,29.24594777095198,29.487535186719565,29.190196681968686,29.35280418395996,1649853
2005-02-09,29.35280989807314,29.617626190185547,29.241307698400412,29.617626190185547,865061
2005-02-10,29.617612897409444,30.007868511631685,29.520048039114105,29.914949417114258,1112867
2005-02-11,29.96606407235054,30.193714206373876,29.784873500073225,30.161191940307617,902878
2005-02-14,30.189056053930496,30.430641475025748,30.06361662532285,30.23551368713379,963214
2005-02-15,30.240175413479747,30.314511484803905,29.98000489228635,30.29128074645996,1060828
2005-02-16,30.36375002335613,30.471856946975077,29.917223861580418,30.13813591003418,1270925
2005-02-17,30.222741332571264,30.27444472642976,30.04883061934763,30.105234146118164,734585
2005-02-18,30.105240204493324,30.105240204493324,29.574109623939798,29.766820907592773,942096
2005-02-22,29.517699915842954,29.588203840800624,28.93956618572919,29.08057403564453,1318008
2005-02-23,29.15577735043566,29.37198923834796,29.028869910789638,29.235681533813477,1515391
2005-02-24,29.282696194543473,29.31089700019196,28.873770989853778,29.089984893798828,985193
2005-02-25,29.024178507954716,29.799721844598004,29.01477630841244,29.766820907592773,1156072
2005-02-28,29.776207107416752,29.776207107416752,29.089968570116095,29.12286949157715,1383623
2005-03-01,29.12757061583941,29.35318466942042,29.061766838849223,29.216876983642578,1255949
2005-03-02,29.202785717326968,29.31089265326679,28.817363172997414,29.179285049438477,1092181
2005-03-03,29.207485850904668,29.306192519689095,28.934870376092636,29.179285049438477,871310
2005-03-04,29.56469907588573,29.827914207707483,29.357887462572332,29.73390769958496,852563
2005-03-07,29.77621366721918,30.12873327680538,29.6164033608677,29.870220184326172,753332
2005-03-08,29.84670868960967,29.84670868960967,29.31557840135049,29.442485809326172,866246
2005-03-09,29.329686903977816,29.33438703654856,28.394333476836863,28.45073699951172,1475635
2005-03-10,28.568247504335186,29.0429744720459,28.53064450756425,29.0429744720459,1286763
2005-03-11,28.99596804131024,29.024170768763916,28.413134211903976,28.46953773498535,819378
2005-03-14,28.422539343624965,29.000673139414772,28.35673554406742,28.9395694732666,757857
2005-03-15,28.972464540929604,29.329684243026794,28.67634655670856,28.836156845092773,724996
2005-03-16,28.812674358602436,28.817374494026602,28.328546887123277,28.36614990234375,629644
2005-03-17,28.46012918530369,29.042962845052628,28.46012918530369,28.98185920715332,994351
2005-03-18,29.047664993562744,29.245076314679654,28.977161088294245,29.212173461914062,1801231
2005-03-21,29.21217630903663,29.230978768946187,28.98656417655358,29.033567428588867,1060720
2005-03-22,29.09468639101345,29.536510624496962,28.27683787514863,28.281538009643555,1269309
2005-03-23,28.20162777925881,28.56824978266546,27.957213110321046,28.159324645996094,1315099
2005-03-24,28.272131594209597,28.751558731250405,28.272131594209597,28.286231994628906,809681
2005-03-28,28.333221522818064,28.455428797514866,28.09350710461854,28.1217098236084,737063
2005-03-29,28.145223809219086,28.61055054059028,28.08412014293185,28.394338607788086,996290
2005-03-30,28.403735264637184,28.68575096130371,28.34263160611596,28.68575096130371,1121702
2005-03-31,28.68105675381437,28.83146683069293,28.436644001061346,28.474245071411133,1231599
2005-04-01,29.00067392036414,29.04297705401398,28.102923301256425,28.323835372924805,1568724
2005-04-04,28.342624563456575,28.342624563456575,27.867897743542496,28.11231231689453,1407003
2005-04-05,28.131126964191804,28.192230638201366,27.87731200012541,27.99951934814453,818624
2005-04-06,28.107611938697367,28.34262431485283,27.9478016683591,28.178115844726562,653994
2005-04-07,28.131111408958823,28.549434695857165,28.098208557227515,28.46483039855957,770786
2005-04-08,28.46013970405665,28.52594349751323,28.295629254502142,28.31913185119629,533969
2005-04-11,28.342635528132472,28.38023852774363,28.234530526424777,28.286231994628906,517700
2005-04-12,28.23922394986398,28.916062327427852,28.107616380236237,28.82205581665039,1023657
2005-04-13,28.854970452754788,29.202790048219434,28.854970452754788,29.089984893798828,979914
2005-04-14,29.00067918954916,29.141687084900134,28.953677845649977,29.019481658935547,1329321
2005-04-15,29.071181562682902,29.183988645584552,28.831468926300154,28.911373138427734,963968
2005-04-18,29.000664572616444,29.113471604770837,28.681045936062823,29.033567428588867,842004
2005-04-19,29.000678731698628,29.108785684613427,28.91137424787337,29.066482543945312,1101554
2005-04-20,29.066470932574234,29.136974850971978,28.836158647628515,29.005367279052734,872387
2005-04-21,29.11818804896563,29.273296356201172,28.939577136633286,29.273296356201172,1011051
2005-04-22,29.23567879123644,29.668102526495698,29.216878263223187,29.55999755859375,1041003
2005-04-25,29.72921085673019,29.959525088470098,29.545901816078224,29.86551856994629,949315
2005-04-26,29.865518119827417,30.053529222215392,29.74331273850994,29.870220184326172,859997
2005-04-27,29.893734259078382,30.265054565943025,29.75272635198276,30.203950881958008,820994
2005-04-28,30.053533709183462,30.16634077382345,29.846722045227676,30.11463737487793,958473
2005-04-29,30.38725305254439,31.054691314697266,30.109937454186355,31.054691314697266,1601908
2005-05-02,31.280296451754833,31.280296451754833,30.852570911853373,31.068784713745117,1490503
2005-05-03,31.068785588537025,31.13928950319208,30.833771251802965,31.059383392333984,1238710
2005-05-04,31.064094677887724,31.820837434981936,30.861981206475537,31.397811889648438,1058350
2005-05-05,31.397803080310073,31.81612837468941,31.303798503181206,31.557613372802734,1291827
2005-05-06,31.44481220728537,31.44481220728537,30.927782106953696,31.115793228149414,1565384
2005-05-09,31.115793135362868,31.990044942907264,31.0499893397319,31.975942611694336,1494813
2005-05-10,31.97593350784882,31.97593350784882,31.58581291008909,31.928932189941406,1094120
2005-05-11,31.92894449262047,32.1968598352269,31.590523282334715,32.14985656738281,1063090
2005-05-12,32.24386498945358,32.431876151267176,31.94304867601311,31.961849212646484,1517223
2005-05-13,32.15396125991325,32.17297265250622,31.488542984230673,31.66915512084961,1317146
2005-05-16,31.787971742146283,32.068397521972656,31.730935626106753,32.068397521972656,891026
2005-05-17,32.05414599717444,32.41537415999102,31.92106234845102,32.334571838378906,1174927
2005-05-18,32.53419792369575,32.67678727094085,32.420127617995355,32.65777587890625,1526704
2005-05-19,32.77659612221188,32.990480111340126,32.676782421856515,32.9857292175293,1025381
2005-05-20,33.08079223396431,33.484798003332166,32.771849288585145,33.442020416259766,1361859
2005-05-23,33.46101081162769,33.546565932085244,33.20434935723833,33.27089309692383,906757
2005-05-24,33.0332538846502,33.038004777913656,32.524683653846445,32.74332046508789,1554071
2005-05-25,32.624502186110796,32.69579685152372,32.282287401430274,32.38209915161133,1088194
2005-05-26,32.439131557033924,32.63875698801103,32.03988069507971,32.21098709106445,817762
2005-05-27,32.41535725494789,32.41535725494789,32.18246001439456,32.30603790283203,763999
2005-05-31,32.3298160850928,32.78135222478195,32.320310390108624,32.66252517700195,1174711
2005-06-01,32.771843324319114,33.23288123439416,32.667276776502746,33.22813034057617,877882
2005-06-02,33.17109829717894,33.261408272976844,33.00949755225345,33.19961929321289,678451
2005-06-03,33.27092560534885,33.808011311377804,33.10457000057532,33.342220306396484,965907
2005-06-06,33.461027066832244,33.83651178694726,33.41824948582233,33.63213348388672,689549
2005-06-07,33.75097385533309,34.3403428061698,33.68918485992386,33.9791145324707,1125365
2005-06-08,34.03137606863086,34.46389875992991,34.03137606863086,34.207237243652344,867970
2005-06-09,34.20723964127809,34.22625102796685,33.85552117356703,34.07891082763672,805910
2005-06-10,34.31655246487339,34.340314738849145,33.760451960707144,33.96007537841797,547760
2005-06-13,33.89828831364754,34.13593841547101,33.74619334243597,34.09791564941406,662721
2005-06-14,34.09792281158894,34.61599678237807,34.00761676974326,34.60649108886719,721979
2005-06-15,34.60648247353616,34.60648247353616,34.27852636159437,34.55419921875,757857
2005-06-16,34.55421322349822,34.668285470448204,34.126445227674694,34.60174560546875,972587
2005-06-17,34.88691887832579,35.200614578724384,34.69679719379331,35.0912971496582,1467446
2005-06-20,35.053283569638076,35.172106723398436,34.87742233276367,34.87742233276367,614345
2005-06-21,34.882163844231556,34.882163844231556,34.41161834329573,34.43062973022461,997045
2005-06-22,34.601733961478025,34.749074137843,34.3260610853607,34.425872802734375,669186
2005-06-23,34.40687164803756,34.51618908970873,34.17397236228129,34.23101043701172,674465
2005-06-24,34.15020867746911,34.45439870692867,33.89354711917983,34.10268020629883,880468
2005-06-27,34.10267435195369,34.311803496186975,34.055141981958315,34.06464767456055,668755
2005-06-28,34.06464971086983,34.411617279052734,33.90304901998756,34.411617279052734,826273
2005-06-29,34.40687942504883,34.8298926989037,34.321324247107604,34.40687942504883,690950
2005-06-30,34.41161772088092,34.497172867497994,33.926815642009494,34.45439529418945,1254871
2005-07-01,34.48291997778182,34.939208984375,34.2928021630249,34.939208984375,949207
2005-07-05,34.93920637808482,35.267162611990265,34.60174444949988,35.13407897949219,953732
2005-07-06,35.13883302760208,35.371732335618894,34.943960408701834,34.94871520996094,838341
2005-07-07,34.48291749917058,35.100807189941406,34.48291749917058,35.100807189941406,710774
2005-07-08,35.10080922228357,36.07041748726165,34.93445369483094,35.89931106567383,1195829
2005-07-11,35.93257451880373,36.76434414687108,35.93257451880373,36.57422637939453,1288594
2005-07-12,36.57423517210587,36.830896759442375,36.3651020613186,36.52670669555664,769493
2005-07-13,36.62176107955976,36.68830484904582,36.289053953084604,36.47917175292969,558750
2005-07-14,36.455407310423645,36.53620766359557,35.74245681251897,35.95634078979492,1428444
2005-07-15,35.95635285516717,36.46017043840249,35.761480200660394,36.350852966308594,1010189
2005-07-18,36.35559434459207,36.8831779863882,36.18924273242646,36.488677978515625,1044559
2005-07-19,36.488677689153306,37.016261326765594,36.42213782621176,36.621761322021484,673711
2005-07-20,36.57421995150843,36.94019883609636,36.38885310963005,36.83563232421875,760766
2005-07-21,36.788115214332706,36.86891556925545,35.92782448605533,36.108436584472656,1169324
2005-07-22,36.10843951630699,36.512445230708984,36.01338256572964,36.5076904296875,614884
2005-07-25,36.531450222053614,36.8594064115644,36.422132794544865,36.70255661010742,563598
2005-07-26,36.74534238578486,37.192125702908065,36.612258741596435,36.92120361328125,836401
2005-07-27,37.19211975701376,37.43927561484887,36.788114087786795,37.401248931884766,1100477
2005-07-28,37.44877933381988,37.92407572944884,37.42976403984829,37.81475830078125,1076774
2005-07-29,37.81475546663054,38.16172302060028,37.57235053325255,37.900306701660156,1243343
2005-08-01,37.90505872533079,38.08567078192714,37.5485855046885,37.64364242553711,982930
2005-08-02,37.59137981645201,38.27580948633952,37.50582464259642,38.156982421875,1001893
2005-08-03,37.905065023743674,38.48492796520785,37.69118105581874,38.27579879760742,1004910
2005-08-04,38.04766290772343,38.22827503502219,37.59612868249097,37.60088348388672,1312513
2005-08-05,37.60087118712212,37.60087118712212,36.05615119349605,36.10367965698242,1902724
2005-08-08,35.647386102666566,35.923058938474,34.292784196158514,34.50666809082031,2708957
2005-08-09,34.506677411455705,35.50480642979979,34.49717171847981,35.29567337036133,2193089
2005-08-10,35.409747275120914,36.065659656537335,35.409747275120914,35.566593170166016,1801015
2005-08-11,35.566602338984595,36.16548071422296,35.433518689707796,36.04665756225586,792335
2005-08-12,35.97059728999519,36.545709299399235,35.97059728999519,36.298553466796875,1271787
2005-08-15,36.24296202334079,36.83821296763369,36.11335325365252,36.55018997192383,707003
2005-08-16,36.43979012457517,36.84302323901437,36.43979012457517,36.62220764160156,789749
2005-08-17,36.578989010179896,36.6269915242364,36.02694234174312,36.29096603393555,1021287
2005-08-18,36.29096574484302,36.40137349926981,36.04134478183235,36.11814880371094,913114
2005-08-19,36.33898529286834,36.33898529286834,35.93575215112731,36.031761169433594,1005017
2005-08-22,36.02214629468298,36.35817180579872,35.94533832148209,36.2093620300293,685347
2005-08-23,36.21416628709101,36.48298831874265,36.05095375629256,36.295772552490234,626951
2005-08-24,36.31497349026867,36.83821876802207,36.27657147038152,36.329376220703125,679637
2005-08-25,36.386975361106145,36.593392114865885,36.07015083899563,36.36297607421875,601739
2005-08-26,36.41098256630047,36.588597827600864,35.815735472921695,35.820533752441406,825519
2005-08-29,35.78692573272452,35.79172795762356,35.28768769492606,35.68132019042969,790719
2005-08-30,35.6861270890263,35.7917366027832,35.2828939922805,35.7917366027832,1005987
2005-08-31,35.79172284942736,36.55498449891287,35.638110863878026,36.51658248901367,1294413
2005-09-01,36.554988656106005,37.27024787455993,36.353374135254185,36.72300338745117,1284823
2005-09-02,36.96303145600906,37.23665178275363,36.530992923014104,36.82381820678711,836293
2005-09-06,36.85741785736056,37.75989289935633,36.75661058743298,37.50067138671875,1010728
2005-09-07,37.49586876177282,37.591877751417776,37.0878374612,37.39506149291992,976681
2005-09-08,37.275059109938596,37.553481672580254,37.179050105110946,37.447872161865234,830906
2005-09-09,37.50067301267051,37.841500801070225,37.395063512951495,37.548675537109375,919686
2005-09-12,37.548676804453315,37.548676804453315,36.895822720282055,36.94862747192383,1528428
2005-09-13,36.9486152936464,37.14063322650069,36.540584091747625,36.60298538208008,1000600
2005-09-14,36.675015486895354,36.852626846643346,36.27658061924446,36.41099166870117,921625
2005-09-15,36.41097688630661,36.58378989517548,36.29096861963852,36.48298263549805,954271
2005-09-16,36.38699063466817,36.42059438555957,36.00296242374144,36.055763244628906,4398568
2005-09-19,36.002942666003285,36.0413446768307,35.55650547930042,35.64291000366211,1546098
2005-09-20,35.66691513551017,35.858933091792736,35.18687419075659,35.354888916015625,1292473
2005-09-21,35.330890588454686,35.39329583404485,34.289202420379915,34.34680938720703,2332615
2005-09-22,34.346813111496985,34.61083290472789,33.85237331787859,34.51482391357422,2576219
2005-09-23,34.56282201787734,34.98045372831467,34.3420025754485,34.711631774902344,1689610
2005-09-26,34.61084474366088,34.826862088182196,34.48123591532997,34.620445251464844,1127736
2005-09-27,34.62524559410859,34.82686019297515,34.4092282613425,34.740455627441406,1173957
2005-09-28,34.932455605620994,35.04766559240669,34.37080839977307,34.68283462524414,1189364
2005-09-29,34.6348489044419,35.484519516326394,34.505236126719794,35.412513732910156,1358196
2005-09-30,35.40289789066061,35.95494067575845,35.34529092130626,35.580509185791016,933154
2005-10-03,35.5325064619028,35.825331694057546,35.03326447815125,35.68132019042969,1114268
2005-10-04,35.68613124337601,35.78693854280929,34.69244914507928,34.740455627441406,1267154
2005-10-05,34.706834224909926,34.706834224909926,33.80435937782016,33.90516662597656,1920501
2005-10-06,33.905169898143406,34.06838634656817,33.36272764946571,33.799564361572266,1479729
2005-10-07,33.79956774015053,33.96278025893702,33.15151199821682,33.28592300415039,1639079
2005-10-10,33.29072623429224,33.29072623429224,32.71467820305362,32.85388946533203,952224
2005-10-11,32.88749628457144,33.16591883520541,32.407457200067,32.796287536621094,1216946
2005-10-12,32.546663992423326,32.7386799943723,31.94661472619903,32.16263198852539,1807264
2005-10-13,32.16263604753568,32.35465207371758,31.562586705583556,31.96101951599121,1536617
2005-10-14,32.258639125866544,32.63786888296253,32.15302964030979,32.60426712036133,1337509
2005-10-17,32.60428426709077,32.805900867658444,32.42186868382167,32.63788604736328,1112867
2005-10-18,32.59465756465956,32.64266204521183,32.129019430337905,32.28743362426758,961705
2005-10-19,32.16263605277745,32.64267513182202,31.7306014735304,32.62347412109375,1567000
2005-10-20,32.546662816355266,32.82988557048073,32.19623258964842,32.25383758544922,1355933
2005-10-21,32.25383022579277,32.83947858099549,32.1626234874893,32.59465789794922,1219532
2005-10-24,32.642665702297684,33.2763166300786,32.642665702297684,33.13230514526367,813021
2005-10-25,33.05550871338227,33.588352545116635,32.858692434409356,33.25232696533203,1306695
2005-10-26,33.074694738978195,33.28590969473162,32.71946438463839,32.76266860961914,1232353
2005-10-27,32.76268637699279,32.91629841337761,32.41225805581251,32.513065338134766,690088
2005-10-28,32.97870400135702,34.15000121613672,32.92109899389509,34.01078796386719,2244805
2005-10-31,34.13079220384796,34.654033455269236,34.082785740410074,34.380409240722656,1515391
2005-11-01,34.274816547692296,34.27961482826261,33.42994430164729,33.645965576171875,2278205
2005-11-02,33.69395704454941,33.89557157327761,33.343528785795634,33.88597106933594,1213391
2005-11-03,34.03479238587739,34.4284249730878,33.83797609227218,33.91958236694336,1068154
2005-11-04,34.01077889838556,34.034782129333244,33.41072969231596,33.794761657714844,1116530
2005-11-07,33.79476471769622,34.13079419757867,33.68435694805495,33.92437744140625,969570
2005-11-08,33.7035552476747,34.06358398579233,33.48753800480413,34.00117874145508,1007819
2005-11-09,33.9531811290345,34.99006720133765,33.89077587568378,34.48602294921875,1280945
2005-11-10,34.80285595509697,35.77733295448233,34.639639462581805,35.64772415161133,2308049
2005-11-11,35.66691148336131,36.362969598194596,35.59010746547497,36.338966369628906,1537048
2005-11-14,36.486475758908604,36.627085959400425,36.142218113927726,36.21979904174805,1191411
2005-11-15,36.14706262709136,36.51071847262147,36.108274158215536,36.23434066772461,895659
2005-11-16,36.23432936779,36.60767822844491,36.122810561718616,36.5591926574707,1033785
2005-11-17,36.59796855868854,37.14102270994124,36.53978589348006,36.971317291259766,1198307
2005-11-18,37.21376619468931,37.480446802021504,36.903450565849525,37.43195724487305,1604710
2005-11-21,37.431966617995435,37.5774273545419,37.16528992954771,37.43681716918945,1230198
2005-11-22,37.441657974587024,37.80531374566978,37.19437555763316,37.77621841430664,1091965
2005-11-23,37.67440305787192,37.897444717144225,37.54348998733247,37.84410858154297,1105756
2005-11-25,37.96530747612319,37.96530747612319,37.70347746703084,37.83924102783203,330229
2005-11-28,37.91684693971899,37.93139461091625,37.238028687674586,37.28651428222656,1729152
2005-11-29,37.698632456231444,37.74227145715424,37.43195188707043,37.519229888916016,1024734
2005-11-30,37.669547489810476,37.83440242281876,37.4416553337361,37.485294342041016,1134631
2005-12-01,37.60652375635704,38.14472769970216,37.60652375635704,38.1398811340332,1000492
2005-12-02,38.018662126180494,38.1398820701555,37.74713487217769,37.97987365722656,625550
2005-12-05,37.86834517457621,37.892585968669195,37.4998428563495,37.65015411376953,1104571
2005-12-06,37.94107552817844,38.018652446334606,37.65015411376953,37.65015411376953,758935
2005-12-07,37.650152382874914,37.81015676204693,37.204069181338234,37.31074142456055,940695
2005-12-08,37.407714690358475,37.81985199274337,37.301042452448996,37.41741180419922,1659011
2005-12-09,37.50468695426832,37.85864556989217,37.451354819374366,37.79561233520508,1106510
2005-12-12,37.89259046798075,38.038051192457,37.485299642314835,37.7228889465332,792658
2005-12-13,37.74713426992155,38.13503091025989,37.63076487925379,38.13018035888672,1105110
2005-12-14,38.10594385490795,38.52778244542702,37.916844071962366,38.42595672607422,874973
2005-12-15,38.4259402213825,38.78474539680588,38.31442141741526,38.49382400512695,1468955
2005-12-16,38.610203362378456,38.64414127738227,38.22230674442001,38.25624465942383,1448699
2005-12-19,38.18351363884829,38.23200320630179,37.45136341832075,37.51439666748047,788995
2005-12-20,37.46590705706924,37.66955447168339,37.10225522989641,37.30105209350586,860966
2005-12-21,37.42226485762489,37.82470910161752,37.407721177172405,37.81985855102539,556164
2005-12-22,37.747138193469276,38.08654928366818,37.27196744998641,38.008968353271484,781561
2005-12-23,38.03804474497034,38.304725351748914,37.902281159427105,37.989559173583984,567369
2005-12-27,37.98956287548522,38.41624790224791,37.90228485282351,38.11077880859375,587733
2005-12-28,38.1107804571773,38.13017468846066,37.538634691669955,37.790767669677734,799230
2005-12-29,37.86834117765591,38.03804266104172,37.25740308335107,37.325286865234375,614776
2005-12-30,37.238017536259086,37.5483332197903,37.13619582536012,37.15559005737305,568447
2006-01-03,37.23801776426735,38.06714709470093,36.95194287616958,38.02835464477539,1641126
2006-01-04,38.11076895796901,38.32895997256485,37.99925016890734,38.12531661987305,1278143
2006-01-05,38.18351292523377,38.84778730450124,38.15442157670274,38.54716873168945,1200785
2006-01-06,38.69263383937608,39.11446840497634,38.55201966040088,39.065982818603516,997152
2006-01-09,39.0805231124903,39.38598822748901,38.988394537273436,39.381141662597656,949530
2006-01-10,39.274484910814614,39.81753953273467,39.14841837460721,39.79814529418945,1418208
2006-01-11,39.798124989694756,40.2005651983469,39.638116624835696,39.875701904296875,3382776
2006-01-12,39.977543664404344,39.977543664404344,39.55085451980865,39.71571350097656,1628413
2006-01-13,39.66237346647129,39.667220032277235,39.00779612929345,39.065982818603516,1142604
2006-01-17,38.92051985487546,39.18234997768653,38.7896028006387,39.080528259277344,781130
2006-01-18,39.0805168724111,39.29870791356906,38.89141717294194,39.19203567504883,793843
2006-01-19,39.19205475047335,39.84662819253902,39.12417093449801,39.73995590209961,1437278
2006-01-20,39.72055069482894,39.78358394125611,39.07082399868146,39.153255462646484,1183546
2006-01-23,39.18718783835228,39.696304288630266,39.15809649464937,39.594478607177734,795136
2006-01-24,39.5944840447556,40.001774869514996,39.57994036373762,39.720550537109375,1914145
2006-01-25,39.70601077073538,40.00177881331897,39.225989536574104,39.38599395751953,977651
2006-01-26,39.385983541850685,39.589630913284395,39.12415348467102,39.550838470458984,1673126
2006-01-27,40.34118159497003,41.10727359789925,39.85146334428894,40.743621826171875,2194058
2006-01-30,40.743632414278856,40.8018191042733,40.219972132642404,40.24421691894531,1109204
2006-01-31,40.00179383065242,40.370296366487224,39.88542439903806,40.166648864746094,1112005
2006-02-01,39.953300634142906,40.50605234000013,39.919358726026815,40.49150466918945,961597
2006-02-02,40.1714889280038,40.438165650499805,39.98723970103066,40.219974517822266,918285
2006-02-03,39.75934836905793,39.8805643270414,39.26962601436138,39.521759033203125,1083238
2006-02-06,39.42478314145954,39.71085404346643,39.327807995284275,39.6817626953125,933154
2006-02-07,39.56538333048904,39.75933357388534,39.274461951055756,39.371437072753906,1390949
2006-02-08,39.4926610453322,39.4926610453322,38.89142393655717,39.12900924682617,1001893
2006-02-09,39.08053001704568,39.419937088896326,38.84779123393159,39.09507369995117,1000169
2006-02-10,39.09993028946386,39.51691834863448,38.62475553269778,38.745975494384766,797183
2006-02-13,39.20172984246614,39.20172984246614,38.886563700372726,39.03202438354492,1001031
2006-02-14,39.08051841098544,39.4393196105957,38.61504098299388,39.4393196105957,1646406
2006-02-15,39.458346490699945,39.762026126422114,39.311406549760264,39.43875503540039,1161459
2006-02-16,39.3799833783812,40.349788665771484,39.3799833783812,40.349788665771484,1106726
2006-02-17,40.349786299379836,40.84938049316406,40.13427223651309,40.84938049316406,1059104
2006-02-21,40.824898441210166,41.35877976392543,40.69265006028659,40.888572692871094,1011697
2006-02-22,40.88855994709044,41.618363674895825,40.26161335492284,41.505706787109375,1717623
2006-02-23,41.50572028398253,41.59388587245172,41.09428758144901,41.36857604980469,886609
2006-02-24,41.36856811640262,41.41755077891133,40.8101955576307,40.98652267456055,757965
2006-02-27,40.991431671645046,41.22653723065639,40.66816454764977,40.88367462158203,702801
2006-02-28,40.7612196692699,40.98162958683957,40.4477483233299,40.638771057128906,1149607
2006-03-01,40.702443640765495,40.99632757412921,40.570199293016195,40.92775344848633,952332
2006-03-02,40.805310588864394,40.84938936020692,40.45755211280124,40.69265365600586,1195182
2006-03-03,40.40857047932132,40.58000179585355,40.134281983347385,40.153873443603516,1015576
2006-03-06,40.27631561047402,41.25591655128163,40.09019276036427,41.069793701171875,1188610
2006-03-07,41.06979410070588,41.11877273905518,40.246928819279354,40.281211853027344,771002
2006-03-08,40.286133391853795,40.41348194623047,39.69347343128468,40.25184631347656,1127305
2006-03-09,40.310622468555636,40.76123823688363,40.18816977444169,40.43307113647461,890164
2006-03-10,40.43303639942935,40.92283870269363,40.139156627947386,40.79549026489258,972695
2006-03-13,40.75141972351421,40.89835965335216,39.99712459431239,40.34488296508789,999738
2006-03-14,40.33999229254172,40.80530347215083,40.27631804635956,40.8004035949707,1101770
2006-03-15,41.29020588599882,42.26980688078291,41.21673591204485,41.91714859008789,1427474
2006-03-16,41.97593191976089,42.759610392003395,41.765317701252954,42.55879592895508,1292042
2006-03-17,42.759620557865865,43.3375888529327,42.5832933629647,43.32779312133789,1913175
2006-03-20,43.30817620658973,43.32287180980908,42.010204163559735,42.19633102416992,1138510
2006-03-21,42.19632562947552,42.31877421127557,41.353869079639274,41.41264343261719,1308096
2006-03-22,41.1677567166477,41.78490777085539,41.1677567166477,41.67715072631836,802893
2006-03-23,41.68206054002904,41.92695784810896,41.471446278315824,41.7800178527832,775635
2006-03-24,41.74572557471828,41.750621426176046,41.45674150051347,41.59878158569336,740619
2006-03-27,41.584094042092644,41.584094042092644,40.751432829816416,40.85429000854492,1229875
2006-03-28,40.85919433174454,41.6085899069393,40.85919433174454,41.53022003173828,1563337
2006-03-29,41.804490016338285,42.18653543940045,41.77999868628783,42.15224838256836,1477897
2006-03-30,42.294308555720384,42.318799897422714,40.95715296503723,41.231441497802734,1735077
2006-03-31,41.36368525750795,41.36368525750795,40.53591987352956,41.21184539794922,1734862
2006-04-03,41.206942738608504,41.574292631152716,40.60448730435861,40.717140197753906,1328782
2006-04-04,40.80041524029681,40.8738852356159,39.99224529178674,40.38408660888672,1153917
2006-04-05,40.384086568850236,40.942459337960685,40.22245096883071,40.75633239746094,1345590
2006-04-06,40.579987892124954,40.780806330235905,40.26161670655971,40.52121353149414,811513
2006-04-07,40.52122800454503,40.702451027647506,39.63958409683555,39.74734115600586,934877
2006-04-10,39.60040259307421,39.86489537223399,39.1840699499951,39.36040115356445,972264
2006-04-11,39.4779501736165,39.664073063821746,39.17917035274513,39.218353271484375,828752
2006-04-12,39.21836454782416,39.58571458211225,39.12530307596384,39.262447357177734,810328
2006-04-13,39.26730487323168,39.26730487323168,38.47383118432446,38.704036712646484,1002970
2006-04-17,38.70403813800251,38.8901609068638,38.498319896353124,38.60118103027344,920763
2006-04-18,38.69426428657515,40.09999364949328,38.65507734503986,39.742435455322266,1426181
2006-04-19,39.747330172536266,40.44284696052309,39.61018596045164,40.41345977783203,1167600
2006-04-20,40.384073996621204,40.859180891623566,40.13427286959563,40.726932525634766,936925
2006-04-21,40.9032574908409,41.128567273094845,40.663256130605056,40.76611328125,899754
2006-04-24,40.702442818442805,40.89346555948291,40.43305425104366,40.579994201660156,844590
2006-04-25,40.584907228648746,40.87388734626888,40.080408940132216,40.246944427490234,919686
2006-04-26,40.24691161733663,40.369360173970634,39.61016945998062,39.72772216796875,1348930
2006-04-27,39.64447977062389,40.222443900068335,39.32120862739707,39.92366409301758,1463029
2006-04-28,40.18326259390158,40.315506956927294,39.673868548659726,40.10489273071289,1123749
2006-05-01,40.33509264453017,40.67305533369514,39.678758722645554,39.683658599853516,1264460
2006-05-02,39.668949662646504,39.69834086363008,38.55220481102801,38.988128662109375,2007988
2006-05-03,38.69425079701291,39.08119201660156,38.596289516616146,39.08119201660156,1248838
2006-05-04,39.3065129977979,39.997129955365196,39.213451566585995,39.683658599853516,966985
2006-05-05,40.065706765953685,40.86408081370308,40.065706765953685,40.59469223022461,834139
2006-05-08,40.638773841371986,40.878775231231735,40.486934008864345,40.60938262939453,514468
2006-05-09,40.60448730435861,40.84938454859243,40.15386767839047,40.717140197753906,568447
2006-05-10,40.59959215430735,41.138373401505575,40.45265218018002,40.83469772338867,1118254
2006-05-11,40.83469185929699,41.069797394615826,39.6934552715871,39.801212310791016,1153055
2006-05-12,39.60528392782589,39.60528392782589,38.792214427137836,39.37997817993164,1349361
2006-05-15,39.51796958050224,40.49280338677785,39.27549870257216,40.383941650390625,1298076
2006-05-16,40.354250689133956,40.61156840013957,39.94353485107422,39.94353485107422,909881
2006-05-17,39.38930826163884,39.676315502072065,38.79055044479036,38.835086822509766,1687240
2006-05-18,38.4441563708335,39.488269620283134,38.4441563708335,38.5876579284668,900939
2006-05-19,38.79549807677561,39.06765848341907,38.15715422025737,38.38972854614258,1647052
2006-05-22,38.26602391697395,38.47385901950818,37.74149603475465,38.20169448852539,1076127
2006-05-23,38.43427854154563,38.83509792032028,38.06809496189891,38.0779914855957,990149
2006-05-24,38.07798265950532,38.760862974408305,37.677163373636525,38.0878791809082,1230629
2006-05-25,38.246234088568876,39.22107211952267,38.20169770087928,39.01323699951172,1144005
2006-05-26,38.99343868327804,39.63178264023109,38.89941969287442,39.44374465942383,632553
2006-05-30,39.43878605843958,39.730743557528164,39.16662566629572,39.339820861816406,1163506
2006-05-31,39.55259612711125,39.77527388711407,38.73116071421178,39.404144287109375,1684008
2006-06-01,39.56250385172915,40.418575286865234,39.46353457448741,40.418575286865234,1330937
2006-06-02,40.65113783657203,41.071754092098296,40.2255753558101,40.591758728027344,1414437
2006-06-05,40.24537391042555,41.54680066104401,40.215680287463336,40.43836212158203,1155425
2006-06-06,40.63136840936992,40.68580132430735,39.790139477138226,40.02766418457031,1256595
2006-06-07,40.03261395330254,40.68580078870937,39.80003547704186,40.38889694213867,1086578
2006-06-08,40.39382891605449,40.51753744014024,39.513010231951505,40.28990936279297,1415191
2006-06-09,40.27506874895392,40.987638508748155,40.190946297305025,40.893619537353516,888117
2006-06-12,40.87384550211913,40.89363855081338,40.314673572207525,40.41364288330078,823903
2006-06-13,40.418572903118935,40.507645654145364,39.37940979003906,39.37940979003906,1370802
2006-06-14,39.38435642551774,39.48332569795065,38.72621950922282,39.0181770324707,1157365
2006-06-15,39.06765229475927,39.671356201171875,38.95384029679796,39.671356201171875,831014
2006-06-16,39.4585800634839,39.96331884909554,39.216109224392696,39.90888595581055,1419070
2006-06-19,40.03260346716083,40.205794620546875,39.666419982910156,39.666419982910156,988425
2006-06-20,39.785178556921814,39.92868013343681,39.27549353064389,39.47837829589844,1220502
2006-06-21,39.14188329129865,39.96331884909554,39.14188329129865,39.90888595581055,760766
2006-06-22,39.90396057766377,39.91880333146513,39.4586006787991,39.537776947021484,732969
2006-06-23,39.53775949997223,39.53775949997223,39.12704372154242,39.15178298950195,609173
2006-06-26,39.275498320930915,39.5229154233913,39.127046432406374,39.40910339355469,724457
2006-06-27,39.33982666437711,39.77528579660885,39.32992607563438,39.651573181152344,961382
2006-06-28,39.710948882945345,40.04249244703056,39.59218658426797,39.89898681640625,649684
2006-06-29,40.28002644953499,40.948064094586435,39.993019159908755,40.938167572021484,1284500
2006-06-30,40.997551164736635,41.56166928275606,40.90847838434662,41.04208755493164,2323456
2006-07-03,41.31422322865524,41.680406586176154,41.1954609487128,41.586387634277344,772187
2006-07-05,41.58640939824105,42.091144267621885,41.175689462341836,41.828880310058594,1340526
2006-07-06,41.705177064723394,41.82393535435944,41.319200420540476,41.42806625366211,1054363
2006-07-07,41.09155906038077,41.685366588734304,40.987643556443025,41.30434036254883,879390
2006-07-10,41.30433766462997,42.011961239285796,41.30433766462997,41.96247863769531,764214
2006-07-11,41.912984180857485,41.912984180857485,41.418146054034835,41.715049743652344,705926
2006-07-12,41.99711651510336,42.160415209909495,41.804128257865344,42.08618927001953,1085932
2006-07-13,42.08617073393672,42.09111695835328,41.23504591336201,41.33401107788086,898784
2006-07-14,41.334031681162394,41.437951257134884,40.601668760576864,40.73032760620117,815392
2006-07-17,40.60166647991265,40.86888067753628,40.383938954054486,40.54723358154297,669509
2006-07-18,40.65114463453247,40.943102136082246,40.36413742666563,40.893619537353516,823688
2006-07-19,40.99754391638833,41.98722457885742,40.7946591161868,41.98722457885742,1152840
2006-07-20,42.09608169693851,42.160411109761746,41.58639668808685,41.6061897277832,899754
2006-07-21,41.903109739728166,41.903109739728166,40.99755138223844,41.07177734375,961166
2006-07-24,41.31917680162246,41.719995969082184,41.07175570440134,41.715049743652344,564676
2006-07-25,41.715049008353056,41.9228799603741,41.30927955499627,41.799171447753906,1211451
2006-07-26,41.67547934817674,42.101046114899816,41.58641063966202,42.06640625,815392
2006-07-27,42.496916769962006,42.51176358908179,41.799193556144225,41.88331604003906,675004
2006-07-28,42.1356652978423,42.60576419964927,42.061439369536984,42.46720886230469,895013
2006-07-31,42.34350443571136,42.58102498870387,42.03175387960957,42.32371139526367,1198199
2006-08-01,42.323704161046386,42.343497198110924,41.44783583141297,41.759586334228516,1394182
2006-08-02,41.56659957669238,41.57154580232188,40.70062773527302,40.92330551147461,1995490
2006-08-03,40.92332520361886,41.051984078572566,40.57198844531184,41.04208755493164,1176974
2006-08-04,41.378569999666766,41.69032060694724,41.27960478118168,41.50722885131836,1014391
2006-08-07,41.512176076463064,41.6556776664658,41.13114577679708,41.437950134277344,792012
2006-08-08,41.43795699718212,41.690324428886214,40.66600381650415,40.83919906616211,1338587
2006-08-09,41.02229544149189,41.047034717346506,40.35920800434684,40.49281311035156,1125796
2006-08-10,40.517551345029425,41.051979836906646,40.17611114564239,40.967857360839844,744282
2006-08-11,40.849086189264106,41.03217791954717,40.40867679129894,40.54228591918945,654640
2006-08-14,40.903522167743205,41.33403101004783,40.542288974007995,41.06187057495117,827459
2006-08-15,41.65603321103676,41.80096502156131,41.416141259910844,41.64603805541992,768201
2006-08-16,41.97088464689789,42.010865263424485,41.59105646541419,41.795963287353516,675973
2006-08-17,41.79595397971254,41.8809148249916,41.596042725277584,41.68100357055664,536232
2006-08-18,41.72098964280123,42.0508378827359,41.62103401233392,42.00086212158203,845667
2006-08-21,41.980875873633344,42.36069991142339,41.895915017382414,42.2557487487793,579652
2006-08-22,42.26074743773412,42.81049728393555,41.98087493814647,42.81049728393555,835432
2006-08-23,42.930427250490425,42.930427250490425,42.260735753754794,42.360687255859375,799122
2006-08-24,42.475652542124394,42.98042218333551,42.345711435658146,42.96542739868164,1160058
2006-08-25,42.96541788859252,43.065373511786746,42.80549135637732,42.93543243408203,583638
2006-08-28,42.93542621330608,43.090357201401716,42.57558848683816,42.68553924560547,1131830
2006-08-29,42.77050639304675,42.85047171346023,42.11580548099871,42.30571746826172,1074511
2006-08-30,42.430663206899176,42.730525970458984,42.265737043677554,42.730525970458984,587302
2006-08-31,42.73053248026067,42.785507876376464,42.375694274902344,42.375694274902344,814961
2006-09-01,42.68054130469324,42.82047750569224,42.375678974894505,42.43564987182617,552932
2006-09-05,42.530617889351554,43.125343773439376,42.45565220012104,42.94542694091797,721656
2006-09-06,42.92043280965854,43.315255628052746,42.835471977386064,43.06536865234375,924857
2006-09-07,43.06537376452938,43.06537376452938,42.60558446819235,42.790496826171875,741050
2006-09-08,42.88046576894738,43.3552499404956,42.340711045331304,43.290279388427734,798045
2006-09-11,43.26530223204179,44.85957693595283,43.2153264495949,44.66466522216797,2837494
2006-09-12,44.54971608231749,45.05448583202739,44.309824125252625,45.019500732421875,1361644
2006-09-13,45.004503279151315,45.72917045696797,44.78960129817223,45.60422897338867,1358519
2006-09-14,45.32933725898464,45.72915148381857,45.249371949122605,45.62919998168945,3166645
2006-09-15,45.67918370225926,46.153967798762245,45.50426238077722,45.824119567871094,5735323
2006-09-18,45.819110882259444,45.88408141121736,45.45927726661454,45.50425338745117,1346344
2006-09-19,45.579236808047696,46.00904074902111,45.37932962244899,45.77914810180664,1680129
2006-09-20,45.78413951898094,46.00404110076412,45.529256955863076,45.729164123535156,1149715
2006-09-21,45.729139016413576,45.84408937476057,44.97948241403483,45.21437454223633,1334062
2006-09-22,45.229380752475244,45.624199448458754,44.974498264858404,45.52924346923828,965045
2006-09-25,45.654192155572375,45.79412838618292,45.139427469426295,45.394309997558594,991011
2006-09-26,45.27935795645815,45.50425500125181,45.11443592183807,45.21938705444336,853532
2006-09-27,45.21939279041489,45.47927494842867,45.05946625659702,45.394309997558594,974742
2006-09-28,45.5042714394539,45.50927107050729,44.909541292915875,45.08946228027344,1172125
2006-09-29,45.20440681651679,45.42430841096136,45.044480251538964,45.28936767578125,944897
2006-10-02,45.289356478972515,45.429292702251935,44.854557136593776,44.939517974853516,888225
2006-10-03,45.014478285378146,46.04400748076435,45.014478285378146,45.999027252197266,1403447
2006-10-04,46.128978170511196,46.943609763420504,46.128978170511196,46.878639221191406,1341280
2006-10-05,46.87864973131161,47.403409708726485,46.8386650060957,47.32344436645508,1255841
2006-10-06,47.053543659139805,47.178489187739565,46.7786708909054,46.898616790771484,901477
2006-10-09,46.90361269282666,47.12850971634534,46.30388729677687,47.093528747558594,1037017
2006-10-10,47.09852278977362,47.65327205023308,46.57376308470201,47.14849853515625,1209296
2006-10-11,47.1485151453427,47.51834811593932,46.703720584342676,47.06855392456055,654425
2006-10-12,47.32842114798688,47.32842114798688,46.84863754231388,47.263450622558594,650762
2006-10-13,47.268471960312326,47.78823644762378,47.228491340722414,47.64830017089844,857303
2006-10-16,47.648270289741845,48.11805459979438,47.53831954666118,48.01310348510742,1008465
2006-10-17,47.728258825667744,48.01812649336996,47.603313244728454,47.83320999145508,1053609
2006-10-18,48.0281218043569,48.253018920992986,47.778234749819,48.00313186645508,1318654
2006-10-19,48.128061244292454,48.29298327607107,47.798208964417775,47.903160095214844,583315
2006-10-20,48.028116461174506,48.09308700596311,47.72325404206495,47.91316604614258,933046
2006-10-23,47.9131687967619,48.04810952437404,47.538340289216876,48.04310989379883,690195
2006-10-24,48.0431108792845,48.10308590661787,47.558335678899546,47.828208923339844,542804
2006-10-25,47.82820373906854,48.39294832012327,47.82820373906854,48.16305160522461,925935
2006-10-26,48.22801886305539,48.557871184767755,48.10807293771992,48.52788162231445,669078
2006-10-27,48.47791728824578,48.66782931835062,47.94815770491729,48.38296127319336,1012236
2006-10-30,48.42793736708614,48.637839686767,48.03811407835326,48.58786392211914,959443
2006-10-31,48.80275855707475,48.91270933097887,48.03810687770045,48.52788162231445,1079252
2006-11-01,48.72778395768712,48.77276418498347,48.382941025959745,48.487892150878906,851808
2006-11-02,48.487899885450936,48.487899885450936,47.11852308970839,47.653282165527344,1452255
2006-11-03,47.60329788998094,47.808204632793704,46.55377835431663,47.0335578918457,1648884
2006-11-06,47.12852346234068,47.508351574430755,47.098538005424004,47.40340042114258,1169970
2006-11-07,47.17850145876777,47.33342836743225,46.71870803833008,46.71870803833008,986055
2006-11-08,46.7237021744469,47.09353507606081,46.148962520559174,46.858638763427734,905248
2006-11-09,46.9386165723227,47.46837613485034,46.593773509826036,47.1285285949707,868077
2006-11-10,47.35339816888539,47.43836308556161,46.90860383113028,47.36839294433594,718101
2006-11-13,47.373398065407976,47.66826111547922,47.303427916068884,47.54331970214844,594736
2006-11-14,47.7141499137626,48.50560450253181,47.69902494125528,48.399742126464844,867431
2006-11-15,48.5055839003681,48.5055839003681,48.07709153931873,48.082130432128906,994459
2006-11-16,48.14265338206077,48.39974894410333,48.092239562487094,48.238433837890625,1135709
2006-11-17,48.14264235933774,48.41990172819709,47.86537884665067,48.117435455322266,1162860
2006-11-20,48.4047684840543,52.195681999212475,48.4047684840543,49.54405975341797,2256872
2006-11-21,49.54407852662369,50.81947840960906,49.46846194914957,50.73882293701172,2265599
2006-11-22,50.7740967333084,51.177386441194656,50.50691932194958,50.890045166015625,750423
2006-11-24,50.84466563123213,51.379024505615234,50.82954066406194,51.379024505615234,345636
2006-11-27,51.21771235742643,51.21771235742643,49.48861344198162,49.498695373535156,1397414
2006-11-28,49.498707143060265,50.09859671652944,48.727416404771716,49.90703582763672,2382391
2006-11-29,50.0330609428483,50.73881696413592,49.87678476734514,50.653114318847656,723595
2006-11-30,50.70353420779447,51.641178941778314,50.632956525287725,51.4092903137207,1093581
2006-12-01,51.61091436314136,51.923462494095844,50.7690503812674,51.28828430175781,1017839
2006-12-04,51.49497033174998,52.387248113762496,51.44959957269396,52.220890045166016,1684762
2006-12-05,52.296500058168235,52.46789699866342,51.69156772991406,51.731895446777344,1818470
2006-12-06,51.73190849400691,51.73190849400691,50.74889321266902,51.126976013183594,1343758
2006-12-07,51.33872123403863,51.50003635044929,50.96063828247786,51.041297912597656,829290
2006-12-08,51.167300236564024,51.32357638386185,50.78921746193846,51.137054443359375,505202
2006-12-11,51.13704415526379,51.827674941712246,50.90515149969458,51.56553649902344,770894
2006-12-12,51.5706030212896,52.01422053255053,51.08161473677383,51.187477111816406,944251
2006-12-13,51.48490021477121,51.57564175370439,50.557333391343434,50.910213470458984,1520024
2006-12-14,50.794269552794866,51.35887441461707,50.70353214960577,50.799312591552734,948453
2006-12-15,50.92535012512283,51.3084761216809,50.572474080162536,50.658172607421875,1664291
2006-12-18,50.91526073878073,51.02616616153311,50.295203123023384,50.396026611328125,952008
2006-12-19,50.401058586404,50.54220978151371,49.34746558919833,49.750755310058594,1284500
2006-12-20,50.03308128245627,50.96064434818005,50.02803824204837,50.71363067626953,1256272
2006-12-21,50.71360733639137,50.86987935967408,49.891907059109705,49.89694595336914,1182792
2006-12-22,49.80620308931687,50.00785001851852,49.31721902399726,49.45332717895508,774450
2006-12-26,49.453344531451165,50.43132129290374,49.453344531451165,49.9322509765625,682330
2006-12-27,50.31032552708343,50.84468460083008,49.93224264503614,50.84468460083008,907619
2006-12-28,50.663211607833176,51.04633343001529,50.436357708082376,50.91526412963867,778113
2006-12-29,50.91021400629277,51.43952998670948,50.79426556225162,51.06144714355469,771110
2007-01-03,51.18745641704625,51.948664889511114,50.78416680335796,51.26811599731445,1608265
2007-01-04,51.13708452223238,51.46979673083905,50.87998891302856,51.253028869628906,890057
2007-01-05,51.01607478569375,51.08160941938928,49.922154021860976,50.06834411621094,936494
2007-01-08,49.96754581751219,50.39603849212424,49.65499334446651,50.280094146728516,807419
2007-01-09,50.61279773809993,51.454666254592034,50.47164650274455,51.3235969543457,1020748
2007-01-10,51.23283590190345,52.25618300483278,51.036232026336116,52.23097610473633,1146375
2007-01-11,52.42759792529637,53.66771319080777,52.23099398243516,53.26442337036133,1327597
2007-01-12,53.23416177109,53.81388734911083,52.88632476674659,53.108131408691406,1554825
2007-01-16,53.435800287301184,54.68095397949219,53.435800287301184,54.68095397949219,1608480
2007-01-17,54.5196511830184,55.09938098880119,53.91976165467886,54.84732437133789,1438140
2007-01-18,54.88767088315966,55.240551097106895,54.5448767496834,54.83726119995117,1036694
2007-01-19,54.948146960826975,55.21532440185547,54.31800749924622,55.21532440185547,1073434
2007-01-22,55.25062235307586,55.25062235307586,54.47428851876506,54.59527587890625,959766
2007-01-23,54.79689434563348,55.39678779491094,54.52971285573888,54.938045501708984,965692
2007-01-24,54.93807876006179,56.10257339477539,54.877583002934394,56.10257339477539,1033030
2007-01-25,56.66714010170601,57.21662386541034,55.916017763144005,56.2537727355957,5330428
2007-01-26,56.46047492569224,56.71252736146053,55.9210729337158,56.551212310791016,1576697
2007-01-29,56.55121042960633,56.95450011477824,56.24874420168417,56.490718841552734,906218
2007-01-30,56.61675822385909,57.21160888671875,56.1680976713785,57.21160888671875,1010943
2007-01-31,57.21161011968711,58.01818969501763,56.72766486078569,57.665313720703125,1187748
2007-02-01,57.5947421215792,57.61490599151756,57.120878746542076,57.609867095947266,1501600
2007-02-02,57.42334353195145,57.952659606933594,57.14607996821801,57.952659606933594,961705
2007-02-05,57.92239471886919,58.66343946598565,57.766118566815,58.6130256652832,1036586
2007-02-06,58.95580088481612,59.93377685546875,58.723908265524855,59.93377685546875,2062505
2007-02-07,59.93379456827641,62.4896364523492,59.43472450799253,62.39889907836914,3297229
2007-02-08,61.75364694806968,62.22247130917018,60.79583436102117,61.088218688964844,2751085
2007-02-09,61.12351042194452,61.310032396367255,58.28032246711541,59.59605407714844,4756702
2007-02-12,59.50208214597514,59.6138431263919,58.21176145591466,58.37432098388672,2829305
2007-02-13,57.65807384928336,59.969477913496235,57.449793427992134,59.94407653808594,2781899
2007-02-14,59.23287262328585,60.309831590078105,58.750271569598844,59.806915283203125,2049900
2007-02-15,59.811987489275616,60.497786944823055,59.593547384307385,60.14726638793945,1555040
2007-02-16,60.12693727537238,60.13709698728339,59.18205901287089,60.06597900390625,1664291
2007-02-20,59.999921124618425,60.78732153279048,56.18483976659305,60.60444259643555,1552239
2007-02-21,60.50283348332808,60.9041523730984,59.964352277237396,60.86859130859375,1470678
2007-02-22,61.112453355503355,61.21405464175484,60.4063346467551,60.563812255859375,1197552
2007-02-23,60.4977763711004,60.55365687374378,59.5427384097671,59.65449523925781,1458073
2007-02-26,59.79165933015042,60.14725760397752,57.912058312987895,58.735015869140625,2010574
2007-02-27,58.735000798464625,58.735000798464625,56.34740226334938,56.626800537109375,2110020
2007-02-28,57.124635726506696,57.73423491944918,56.601391965050205,57.27195358276367,2112605
2007-03-01,56.41346015875027,57.71901872776598,54.94533783583872,56.830020904541016,2065091
2007-03-02,56.13911296912048,56.60647205671335,55.24502944946289,55.24502944946289,2017254
2007-03-05,54.48305011634042,55.10789116416345,52.90824890136719,52.90824890136719,2390795
2007-03-06,53.85312638220916,55.64128555099026,53.85312638220916,55.40760803222656,2384869
2007-03-07,55.30600824464167,55.75812581643306,54.457645246975794,54.523685455322266,2015099
2007-03-08,55.128196476726934,56.08323834307181,55.128196476726934,55.712398529052734,1628413
2007-03-09,56.43884528364293,56.67252697607612,55.78860711029136,56.35248565673828,1281483
2007-03-12,56.54043846062454,57.972999189728434,56.48455797314304,57.652957916259766,2053347
2007-03-13,57.43960836053574,57.43960836053574,55.70224775200226,55.79876708984375,1963490
2007-03-14,56.10356662371953,56.30676500944002,54.335726887826034,55.702247619628906,2371833
2007-03-15,55.70223687300887,56.55567744481277,55.59555366968735,56.37787628173828,1062013
2007-03-16,56.46422956020483,56.921428920444136,55.5396711323294,55.620948791503906,1743481
2007-03-19,56.18485309879419,56.677609537828566,55.854652041052915,56.57093048095703,917423
2007-03-20,56.57091678823434,57.114480003947634,56.134036779366284,56.718238830566406,1177728
2007-03-21,56.69286409136424,57.901907596973494,56.09342428327919,57.815547943115234,1248407
2007-03-22,57.86634034373312,58.267659429323444,57.42437823210852,57.83586120605469,973018
2007-03-23,57.835868946391045,58.89759036942246,57.58694551587878,58.19146728515625,1441265
2007-03-26,58.11526473447534,58.18130495988439,56.657302006642844,56.82494354248047,1252932
2007-03-27,56.72839714221141,56.72839714221141,55.62603743832079,55.854637145996094,1172880
2007-03-28,55.52446351861765,55.90038127431757,54.671022519379264,55.300941467285156,1535324
2007-03-29,55.80894989699243,56.21535101338451,55.17902670505566,55.473670959472656,1374573
2007-03-30,55.712418441841805,56.61665791112958,55.18409668748222,56.51505661010742,1860381
2007-04-02,56.51504798296493,57.43452896857402,56.30168987676396,57.20085144042969,1356903
2007-04-03,57.86125266255589,58.37433271122446,57.51581411819146,58.272735595703125,1515499
2007-04-04,58.35908495399776,58.39464602606544,57.02304345012503,57.48532485961914,1471109
2007-04-05,57.48530791183252,57.947585009243134,57.454824615735745,57.72914505004883,842758
2007-04-09,57.744405284248806,58.10000766295414,57.551366617737266,57.927284240722656,696444
2007-04-10,58.1660339331801,58.81119420342968,57.739313655791534,58.17111587524414,967308
2007-04-11,57.388802439970085,58.33876239433543,56.39819947294566,56.86555862426758,1587794
2007-04-12,56.413454210494606,56.723331677155784,56.12897393486718,56.49473190307617,1007819
2007-04-13,56.4947369013206,57.55645817307046,56.04261508104929,57.454856872558594,972156
2007-04-16,57.48026239848616,57.658063643291065,56.93162118216036,57.06370162963867,1264783
2007-04-17,57.25164448491313,58.19144480201137,56.97224619639,58.18636703491211,1283531
2007-04-18,58.186365970180994,58.206685389796824,57.76980534067077,57.84092330932617,1281376
2007-04-19,57.84600866679158,57.84600866679158,57.16528719050194,57.551368713378906,1404309
2007-04-20,58.36926873254213,58.60802827411591,57.86126633174083,58.12542724609375,1369616
2007-04-23,58.12541068277861,59.49701343345507,58.12541068277861,59.364933013916016,1258534
2007-04-24,59.49191445720008,59.81703346953809,58.56735596092809,58.795955657958984,1009219
2007-04-25,59.16168129912006,59.6798428358134,58.14060404334899,58.775604248046875,1469601
2007-04-26,58.750251896976074,59.33445407576481,58.328613447227994,58.846771240234375,878421
2007-04-27,58.84677186870199,59.6849751852983,58.694372024920085,59.486854553222656,1078928
2007-04-30,59.781496982422645,60.07105502717052,58.5419745831158,58.562294006347656,1571094
2007-05-01,58.572452432259055,58.714692567555744,56.901131886471994,57.6021728515625,2011974
2007-05-02,57.89680510619568,58.66896394797832,57.58184574346047,58.54196548461914,1261336
2007-05-03,58.92802214772216,58.92802214772216,58.41494239190263,58.49114227294922,875188
2007-05-04,58.93311940951157,58.999159606652896,57.41419905105606,57.58184051513672,1110389
2007-05-07,58.39466968451971,58.39466968451971,57.66314523044605,57.87142562866211,765184
2007-05-08,57.64279398336534,57.64279398336534,56.81983255866199,56.84523391723633,1408296
2007-05-09,56.60647341330977,58.191433806613006,56.60647341330977,57.82567596435547,1748330
2007-05-10,57.4040585985095,57.78505825759715,56.51505661010742,56.51505661010742,1817392
2007-05-11,57.15004007761203,57.47516330698503,56.79444189572277,57.144962310791016,1296029
2007-05-14,57.13987725396182,57.5310406612546,56.47947947336159,56.52519607543945,1073649
2007-05-15,56.75826959459582,57.11678813195391,55.45224800431568,55.58028793334961,1852732
2007-05-16,55.570030721406646,55.73904692101778,54.19742770802007,54.63276672363281,1766753
2007-05-17,54.340825522697976,54.458622376833084,53.137234692059316,53.3881950378418,1962090
2007-05-18,53.42917553304527,53.52136695255236,52.220465106370376,52.911888122558594,2509096
2007-05-21,52.906761626372166,53.9925557146594,52.88627558093854,53.35747146606445,2119393
2007-05-22,53.61356153971104,54.755694577289496,53.42406347804063,54.304988861083984,1850361
2007-05-23,54.30497842976095,54.837632451159735,53.137240159800626,53.162845611572266,1432322
2007-05-24,53.06040104570097,53.3933055090751,51.2883038641702,51.81071472167969,2164429
2007-05-25,52.22558102772228,53.13211589225015,51.93876797510544,52.17948532104492,1483392
2007-05-29,52.67628961434475,54.67886168901098,52.67628961434475,53.98231506347656,2009927
2007-05-30,54.724943061197706,55.698055267333984,54.09497835630764,55.698055267333984,2549607
2007-05-31,55.677576500289376,55.979756169117444,54.69421693516293,55.30369567871094,1727643
2007-06-01,55.30370981293773,55.61100896619554,54.81715141693325,55.324195861816406,944897
2007-06-04,55.196166637349044,55.974657695649725,55.05787946558718,55.66223907470703,871956
2007-06-05,55.657116635060575,55.74930808485405,54.25377988507845,54.25890350341797,1578959
2007-06-06,54.2640085233563,54.2640085233563,53.424059511451105,53.649410247802734,1218993
2007-06-07,53.39333149906598,53.64941554249927,51.22174706242814,51.50856018066406,2518039
2007-06-08,51.40099355555034,52.158998262731984,50.96053096258985,52.12826919555664,1874065
2007-06-11,51.11418925560538,51.370273279299155,50.47910491848197,50.91444396972656,1806187
2007-06-12,50.438097895778064,50.65320969189318,49.35230852740407,49.58278274536133,2656595
2007-06-13,49.80816936504577,51.17053383212148,49.6545197753054,51.14492416381836,2643450
2007-06-14,50.52519469124491,51.472705967456335,50.023273895235285,50.27935791015625,2223149
2007-06-15,50.76082124736402,51.288352004985654,50.53034676714217,50.776187896728516,2044728
2007-06-18,50.62250629710822,50.77103223705799,49.54183578491211,49.54183578491211,1663429
2007-06-19,49.546955989583225,50.05912399291992,49.014301939719196,50.05912399291992,1733030
2007-06-20,50.03863849238643,50.115459062682994,48.855533507197656,49.05527877807617,2371402
2007-06-21,48.75820955901668,49.22427752227346,47.769726494005596,49.09111404418945,2390364
2007-06-22,48.73261098370898,49.29599408600907,48.133375196071334,48.63017654418945,1836463
2007-06-25,48.630182713397225,48.8606570740254,47.06807731023779,47.52902603149414,2006264
2007-06-26,47.25245107820596,47.93875468212942,47.00661010156865,47.48292541503906,2452208
2007-06-27,46.87857715749095,49.36770373238888,46.66858883590235,49.275516510009766,2344574
2007-06-28,49.23966380953077,49.762074909739546,48.353614807128906,48.353614807128906,2028782
2007-06-29,48.48165725428312,49.14235127020469,47.155145605244265,47.651947021484375,3116869
2007-07-02,47.954116081540704,49.618655583461184,47.954116081540704,49.43427276611328,2248253
2007-07-03,49.961814988515705,50.01814951350068,48.609693768029636,48.76846694946289,1441373
2007-07-05,48.76847339331142,50.94517724937067,48.11802236123542,49.52135467529297,1687024
2007-07-06,49.52134234191855,49.669872482348495,48.74285158632553,49.1372184753418,1074619
2007-07-09,49.33696114715433,49.33696114715433,48.44579298130564,48.97844696044922,986055
2007-07-10,48.517488140405135,48.75308603515823,46.8734349125457,47.02196502685547,2333369
2007-07-11,46.883691449355844,46.91442051736998,45.869602734622724,46.730037689208984,2251808
2007-07-12,47.0271062058233,47.62121846487626,46.622492004369185,47.58024215698242,1459042
2007-07-13,47.626350412917716,48.44581784603061,47.14491550623485,48.281925201416016,1175034
2007-07-16,48.696759624872676,49.608418162357474,48.32287875198582,48.3382453918457,1704155
2007-07-17,48.645544606816266,48.65578763006407,47.52902139249896,47.94387435913086,1706095
2007-07-18,47.94386845292656,48.271657786590914,46.6429667703685,47.77997589111328,2070586
2007-07-19,47.84657046686371,48.686523755134075,47.63146273744951,48.15386962890625,1097891
2007-07-20,48.138496366153454,48.138496366153454,46.72491717076765,46.94514846801758,2335200
2007-07-23,47.36512016684953,47.503403060478846,46.4483423882244,46.49955749511719,1512590
2007-07-24,46.007878433499066,46.765883042546555,45.59302555524544,45.79276657104492,2547452
2007-07-25,46.4124956762899,46.85808189868396,44.93745830773551,45.65961456298828,2305140
2007-07-26,45.65961762644099,45.65961762644099,43.69289819638944,44.88112258911133,4650792
2007-07-27,44.01555649257575,46.00275742230589,43.48290252685547,43.48290252685547,3988717
2007-07-30,45.86959379007767,45.86959379007767,43.03731226795392,44.22553634643555,2943727
2007-07-31,45.71083080059406,46.386891365323144,44.22554616277958,44.3177375793457,2986501
2007-08-01,44.174329428929404,44.517481210190255,42.30492518404351,44.40992736816406,3318346
2007-08-02,44.80942977517504,45.41378510753383,44.16409813161084,44.73260498046875,2254933
2007-08-03,44.671134523790236,45.070625067886645,43.46754348480249,43.54949188232422,3077004
2007-08-06,44.548218990300484,45.33183352552949,43.28828907718109,45.18842697143555,3056210
2007-08-07,44.835017882729126,46.2998162429925,44.2972445278974,45.57253646850586,2628259
2007-08-08,44.69161594611716,49.42403121485138,44.69161594611716,48.67626953125,3881298
2007-08-09,48.37921859480475,49.56232359001264,46.35104100875602,49.183319091796875,3588779
2007-08-10,48.25630183748204,48.8196850116522,46.448355431021746,46.60200500488281,2782545
2007-08-13,47.58023825385449,47.66731026971189,46.40225685684514,46.786380767822266,1858442
2007-08-14,46.509812049604186,46.58151742707255,45.362559690419246,45.56742858886719,2800215
2007-08-15,45.85979607586156,46.89465491149978,44.19884651753644,44.33855056762695,2225519
2007-08-16,43.51582408534047,46.05122677987126,43.46408264884308,45.46653366088867,3484161
2007-08-17,46.56866500110285,49.564581807258214,46.1184995508638,47.36033248901367,3137232
2007-08-20,47.35517279526438,48.69014505342424,46.81704882832893,48.45730209350586,2439495
2007-08-21,47.9398680564817,48.886764414034865,47.83120886462446,48.84537124633789,1193566
2007-08-22,49.28518294512887,50.13376837965553,48.75740731143929,49.828487396240234,1816961
2007-08-23,49.88541248854018,50.4494136542543,48.716021234210025,49.1196174621582,1652439
2007-08-24,49.052319844250555,49.052319844250555,48.01746133214573,48.653900146484375,1189364
2007-08-27,48.67461941633393,48.81432348788657,47.53110122680664,47.53110122680664,1002324
2007-08-28,47.34481816764345,47.391387604056824,45.44067732001195,45.48207473754883,2023934
2007-08-29,45.61139791264574,47.12228986061263,45.33198574711321,47.10676956176758,1311974
2007-08-30,46.85325208213894,48.12095794362843,46.51692629572778,47.929508209228516,1311328
2007-08-31,48.23480299197532,49.761220646659154,47.92951775971649,49.11443328857422,2152901
2007-09-04,49.29035494457543,51.003045975965264,48.452117874358954,50.36143493652344,1781191
2007-09-05,49.983722297326,50.082033206921935,48.3848621248674,48.690147399902344,1973295
2007-09-06,48.66425741054025,49.404183488568066,47.83119672882448,49.290348052978516,1117931
2007-09-07,48.364151420688245,48.586646033936574,47.54661099713868,47.66562271118164,1411097
2007-09-10,47.98125796129823,48.37450578759346,46.811867026938145,47.60353469848633,1240757
2007-09-11,48.01230425663249,48.66426357829521,47.90364082526802,48.61252212524414,1312513
2007-09-12,48.48316414690303,49.48180613247551,48.152010326872094,49.12995147705078,1283423
2007-09-13,49.761213210421815,50.5787493825959,49.45075175215957,49.8181266784668,1996783
2007-09-14,49.24896723259603,49.84918517548943,48.99025142871292,49.756046295166016,1057811
2007-09-17,49.383485372112396,49.76638485713016,48.67978464789197,49.238609313964844,958581
2007-09-18,49.41452773057694,51.69121498937487,49.326565152090744,51.60325241088867,2613713
2007-09-19,51.74298074715137,53.29526714971895,51.73780447426687,52.48807907104492,2010574
2007-09-20,52.08447788104209,52.260403089256116,51.36007621195037,51.52048110961914,1281376
2007-09-21,51.74296333168497,52.26039054061845,51.5204687386497,51.675697326660156,1978898
2007-09-24,51.72744544202504,52.93305741679785,51.66535570013579,52.741607666015625,1148207
2007-09-25,52.45184565173279,52.84509343327439,50.708109866511826,50.863338470458984,1917377
2007-09-26,50.96682340987764,51.59291412238751,50.19585663097209,51.21519088745117,1284500
2007-09-27,51.64465993044403,52.172435504704,51.28763327571299,51.71192169189453,947914
2007-09-28,51.427336028070435,51.95511584233746,51.07030938233487,51.74296951293945,1683038
2007-10-01,51.99649502751189,52.777814122039416,51.577378753127185,52.70537185668945,1604386
2007-10-02,53.01068753041335,54.381876812464434,52.84511058268995,54.330135345458984,1659335
2007-10-03,54.10762417299082,54.87859093636674,53.8023389774017,54.149017333984375,1378559
2007-10-04,54.23697421776121,55.13212887648659,53.626408144167115,55.03899002075195,1218131
2007-10-05,55.23558937449505,56.39980758596453,54.90961201818979,56.11521911621094,2068970
2007-10-08,55.520210070432555,55.520210070432555,54.283553146412416,54.6043586730957,1266292
2007-10-09,54.728553738921946,55.670273931831204,53.59020747029759,55.39086151123047,1748114
2007-10-10,55.447761841388285,55.587470134478195,54.33011676319156,55.163177490234375,1153701
2007-10-11,55.33911504717279,55.416729365145486,53.91618446657144,54.257686614990234,1558165
2007-10-12,54.45947177668993,54.650921516499544,53.740242247851725,54.035179138183594,1181391
2007-10-15,53.802336700330954,54.20075649129329,52.02237981328511,52.30179214477539,2438202
2007-10-16,52.286267203203,52.38975435385915,51.04443415524249,51.51012420654297,2032014
2007-10-17,52.36907964393278,52.52948032846413,50.32005362112054,51.618804931640625,1277174
2007-10-18,51.39111698611016,52.50359012965224,50.42870043679938,51.970638275146484,1303463
2007-10-19,51.61359174120689,51.794693137624556,49.642185713832106,49.854331970214844,1818901
2007-10-22,49.17132717408936,50.733965353053144,48.39001233791095,50.511470794677734,1298722
2007-10-23,50.853005157226335,51.96547856425238,50.201041425993594,51.02375411987305,1662244
2007-10-24,50.61496919287097,50.94095095082499,49.21790755399978,50.59427261352539,1189364
2007-10-25,51.01856376758059,51.55668757484283,49.988877075274104,50.951297760009766,1527674
2007-10-26,51.37559879363582,51.92407098004728,50.20620787674108,50.956478118896484,1583053
2007-10-29,51.17377425328494,52.07410062989719,50.63047011363198,51.375572204589844,1928259
2007-10-30,51.442848851608645,54.014472816470395,51.25139914632968,52.9796142578125,2658319
2007-10-31,53.398731540531315,54.12830924104593,52.42596269094641,53.983428955078125,2719408
2007-11-01,53.222818715352275,53.76611885021887,51.799888372933424,51.960289001464844,2565661
2007-11-02,52.19831365212146,52.353542278331844,50.29417271818362,51.313507080078125,2392196
2007-11-05,50.70811942040979,51.717105536169015,50.221732683538114,50.718467712402344,1511082
2007-11-06,50.708103823757206,51.28244873925756,49.543885179585885,51.127220153808594,1481668
2007-11-07,50.11307478710345,50.48044979560456,48.985076904296875,48.985076904296875,1993550
2007-11-08,48.78327542714237,49.61634054254554,48.17788548552096,49.19721984863281,3016453
2007-11-09,48.37967606846657,48.90745161526838,47.60352880321553,47.99677658081055,2433784
2007-11-12,47.62423385431336,49.626689986611964,47.62423385431336,48.46247100830078,1794443
2007-11-13,49.15581256805594,51.354889814967926,48.77808940206394,51.27727127075195,2081145
2007-11-14,51.77599035995928,52.45485009628448,50.888253016113865,51.024024963378906,1812759
2007-11-15,50.41827917199051,51.25901794027553,49.556648778044355,50.53838348388672,2002601
2007-11-16,51.4052455669957,51.4052455669957,48.71070169572659,49.248565673828125,2745913
2007-11-19,49.055320460786916,49.17020504011048,47.47828021508365,47.64016342163086,3396351
2007-11-20,47.49397519679665,48.72636241400214,45.217186794493756,46.46002197265625,2899445
2007-11-21,46.47567138018734,47.38951999661799,44.721088389548285,46.85688018798828,2562536
2007-11-23,46.99787056758483,47.71850491776987,46.74199433538287,47.38951873779297,1620655
2007-11-26,46.648006201721955,47.201537727291395,44.794201637674,44.92997360229492,4104109
2007-11-27,45.253743553678554,47.35298538208008,44.98742355899599,47.35298538208008,3523272
2007-11-28,47.61406211156116,50.31905280828446,47.61406211156116,49.82296371459961,3780667
2007-11-29,49.556639535276226,50.48615573486689,48.75767987482102,49.82296371459961,2733954
2007-11-30,50.35040446640027,52.235540362074225,50.35040446640027,51.41046905517578,3533830
2007-12-03,50.94569792374762,51.42089976342475,50.07884786716845,50.778594970703125,1895828
2007-12-04,50.376508839598436,50.73682609879113,49.086675127484966,49.316444396972656,2068000
2007-12-05,50.05797714409119,50.95093880892159,49.42089611937753,50.73161315917969,1913390
2007-12-06,50.658493126250576,52.0318717956543,50.42349989217346,52.0318717956543,1614083
2007-12-07,52.48095517062617,52.653277781289056,50.77336236697489,50.977020263671875,1705017
2007-12-10,50.924818078852475,52.303420863550095,50.433952813828846,52.219871520996094,1310789
2007-12-11,52.40263000740603,53.25381670851056,49.0918933693094,49.29555130004883,2689025
2007-12-12,50.50182772931597,52.16242219974325,49.36865772924061,50.15195846557617,2593458
2007-12-13,49.80731271261546,50.10496798527852,48.329492894938625,49.540992736816406,2068216
2007-12-14,48.70025146603615,50.09974155821819,48.078833927013754,48.13627624511719,3019685
2007-12-17,47.83339582200386,47.89605782048329,46.09969568733759,46.339908599853516,3132276
2007-12-18,46.73678377514154,47.49397331660964,45.76549689266161,46.882999420166016,2725119
2007-12-19,47.31120347447308,47.46264310228925,46.02137396413539,46.65845489501953,2166153
2007-12-20,46.90909980000825,47.44174391573917,45.89603418906253,46.214576721191406,2397583
2007-12-21,46.66367793287938,47.394756155401005,46.58012429637418,47.05010223388672,2161197
2007-12-24,47.38952794107625,49.081453515962004,47.25897995648886,48.935237884521484,642358
2007-12-26,48.54358376013743,48.820347342652205,47.410409534309345,47.68195343017578,1146806
2007-12-27,47.17542844371645,47.52008234989825,45.64016639097282,46.07358932495117,2283484
2007-12-28,46.47567327877552,46.62711287080132,44.79419587665777,45.478275299072266,2290703
2007-12-31,45.24329635874601,45.70283063027902,44.642766129835536,45.35818099975586,2320547
2008-01-02,45.41561173830661,45.76026128093675,44.14144592910486,44.846412658691406,2229398
2008-01-03,45.01874104723745,45.53571752432741,43.65058220488969,43.828128814697266,2477420
2008-01-04,43.4939212197932,43.57225085589962,41.211909522382804,41.546119689941406,5350684
2008-01-07,41.88032737256612,42.862062001975765,40.778488440610964,42.41297149658203,3047267
2008-01-08,42.55918977221787,43.843795081668674,40.30328914585407,40.40773010253906,3529736
2008-01-09,40.35551810387538,41.6871222674427,39.420781911485506,41.645347595214844,4065645
2008-01-10,41.253684347491706,43.770680408816155,40.18840054455658,42.68450927734375,4233184
2008-01-11,42.37642988677354,43.48349314706007,41.52524724969447,42.83596420288086,4071463
2008-01-14,43.26937908497663,43.61402865010117,41.5252353422147,42.65840530395508,2234354
2008-01-15,41.79155110589465,42.09964995538129,40.85681518491535,41.34246063232422,2731906
2008-01-16,41.09704054722007,42.79940568080727,41.05004189408296,41.94822311401367,2984777
2008-01-17,41.99522461696314,42.55919990786713,40.78372468391411,41.53569030761719,3616899
2008-01-18,41.90643386755218,42.52262724687495,39.91163384067158,40.8359260559082,3393442
2008-01-22,39.18577315448503,44.25109554958232,39.06044490857989,43.650569915771484,6413235
2008-01-23,43.07093342719118,47.300741937343936,42.82028119231523,47.097084045410156,5879482
2008-01-24,46.55401210563846,47.102319638546916,45.25895878483609,45.84904098510742,3666353
2008-01-25,46.198909145636996,46.888212538936486,44.841193982778954,45.2171745300293,2867338
2008-01-28,45.19106380313444,46.34512095296754,44.09444466323207,46.25634765625,2814437
2008-01-29,46.4600185970553,46.564459566478085,44.96130721198739,45.80727005004883,2564260
2008-01-30,45.702820770425504,47.60362374726235,44.90908070765532,45.35294723510742,3029274
2008-01-31,45.26941142408901,46.67412567138672,44.36078647382121,46.67412567138672,3000184
2008-02-01,46.65323915670856,50.00575566383656,46.65323915670856,49.8699836730957,4223702
2008-02-04,49.87519002780705,50.021405648553696,48.40259015403769,49.170223236083984,2992534
2008-02-05,48.39738308439103,48.39738308439103,46.334696210486015,46.42346954345703,3348191
2008-02-06,46.58009680364318,46.75242366268873,44.909063692381764,44.95606231689453,3060089
2008-02-07,44.62185897900828,45.723697662353516,44.01088964586482,45.723697662353516,3122471
2008-02-08,45.30074702629233,45.488737378261355,42.86729895063635,43.79159164428711,2746559
2008-02-11,43.86468175551381,44.55920481018313,42.87250351026892,43.655799865722656,1988594
2008-02-12,44.03702270654982,45.17019734291016,43.85947603108555,44.94565200805664,1931814
2008-02-13,45.716562374610604,46.339777067387914,44.00535829469673,44.98771667480469,2789548
2008-02-14,45.30989066171003,45.34685782543717,44.28528157457977,44.67082977294922,2686547
2008-02-15,44.581052013149744,44.90321991937888,43.54588009463447,44.63386535644531,1982130
2008-02-19,44.760618404068666,45.45249268633669,43.540593362322255,44.03177261352539,1546529
2008-02-20,43.56172969913058,44.87682342529297,43.38215995846965,44.87682342529297,1471648
2008-02-21,44.89792558336525,45.309882546110074,43.85219134957669,44.221893310546875,2764875
2008-02-22,44.4912683331583,45.3574333190918,43.60398234870559,45.3574333190918,2056687
2008-02-25,45.28876679298259,47.16369903173121,44.50182846558323,47.08975601196289,2708095
2008-02-26,46.809838863010725,47.12672759642257,46.27640891624515,46.667236328125,2684931
2008-02-27,46.47179895867953,46.936573516907906,45.90668126821818,46.34504699707031,1686162
2008-02-28,45.86442665267662,46.13906456193791,45.27290018393383,45.309871673583984,1497075
2008-02-29,44.887371211160996,45.183134571145445,44.074019800495364,44.258872985839844,2068000
2008-03-03,44.121579564545215,44.850425720214844,43.54589868193657,44.850425720214844,3158242
2008-03-04,44.34866033973269,45.62149869236278,44.11099380571362,45.2359504699707,3071186
2008-03-05,45.74826790132085,46.40845435070058,44.98245040444326,45.73770523071289,2124780
2008-03-06,45.426089636956924,45.65319353737258,43.36630835867308,43.498348236083984,2515884
2008-03-07,43.41383292284341,44.72364268904409,42.72724220980345,44.427879333496094,2820363
2008-03-10,44.3856286718823,44.538789512409686,43.30292275563962,43.382144927978516,1894105
2008-03-11,44.274726800405276,47.36967560607557,44.274726800405276,47.21123123168945,3644374
2008-03-12,46.6936503176838,47.739384989801906,45.54228460897682,45.69544982910156,2848914
2008-03-13,44.89266616000411,46.9418850663992,44.19550818305917,46.64084243774414,2828982
2008-03-14,46.79927486067722,47.12144274837351,44.311690559749955,45.54227828979492,2598199
2008-03-17,44.81873408285427,46.99998886649443,44.427902182939214,46.376773834228516,2700015
2008-03-18,48.15134985891321,49.3238410949707,47.0422346501373,49.3238410949707,3508080
2008-03-19,50.17416442160612,50.17416442160612,48.13550791808771,48.27811050415039,3669262
2008-03-20,48.53160754370177,50.29562547308128,47.39608799516807,50.184715270996094,3290872
2008-03-24,50.33259118173621,50.84489579586632,48.927712865510586,49.0280647277832,4068769
2008-03-25,48.948824800662216,50.427641259896724,48.72172099947319,50.33257293701172,2928967
2008-03-26,50.16886746171334,50.406534033333735,49.466430416163014,49.65656280517578,2202570
2008-03-27,49.867838393859785,51.05617157412983,49.44003497582745,49.57207489013672,2500692
2008-03-28,49.513967777299804,49.93648760110989,48.59498943975732,48.7692756652832,2188671
2008-03-31,49.06502899538549,50.28505402970653,48.54744524835057,49.0703125,2612636
2008-04-01,50.036839645766115,52.67758552648556,49.39249935270657,52.661739349365234,3389133
2008-04-02,52.81488099096076,53.82364383427869,51.88005681119024,53.25324249267578,3272664
2008-04-03,53.031436591100515,54.56835052934965,52.582507959589186,54.499691009521484,3281606
2008-04-04,54.47856449534416,54.47856449534416,52.79905225601322,52.957496643066406,2601431
2008-04-07,53.501476708280066,53.92399642123188,52.41877509927357,53.121212005615234,1476712
2008-04-08,53.121193630711886,53.121193630711886,52.11243104116445,52.31840515136719,2054963
2008-04-09,52.45046702432623,52.53496836838735,50.85017289487121,51.214595794677734,1577666
2008-04-10,50.9980742538245,52.270917483030935,50.68118540856505,51.89592742919922,2278205
2008-04-11,51.38362997750578,52.14416411878249,50.966389211008945,51.21990203857422,1328459
2008-04-14,51.09312500308461,51.600150453574514,50.686451414841464,50.707576751708984,1335247
2008-04-15,50.95579011227164,51.49978256225586,50.332575502983076,51.49978256225586,1758350
2008-04-16,52.03851032363634,53.681055136985556,51.67408742119769,53.55957794189453,1968123
2008-04-17,52.978618055591355,53.73915192535777,52.67229197389957,53.58070755004883,1746713
2008-04-18,54.33066951422939,54.98557218964698,53.79723533039621,54.124691009521484,1723333
2008-04-21,53.89759292424402,54.31483351564801,53.00502357810782,53.200439453125,1034323
2008-04-22,53.30077093226844,53.55428357715755,52.402918351486825,52.7462158203125,1310035
2008-04-23,53.53315623839267,54.309531629434574,52.67755435005657,53.86588668823242,1151439
2008-04-24,53.67576149091601,55.39224465654615,53.67576149091601,55.09648132324219,1567969
2008-04-25,55.45563536564072,55.45563536564072,54.53665285418229,55.2443733215332,1619039
2008-04-28,55.4556449088115,55.4556449088115,54.531383074976816,54.927494049072266,1379205
2008-04-29,55.339450058900006,55.339450058900006,53.321919373265175,53.60184097290039,1586501
2008-04-30,53.46449503575098,54.45741153326498,52.69867799249724,52.740928649902344,1662567
2008-05-01,52.80959164072338,54.64226829489143,52.65643082676588,54.394039154052734,1879559
2008-05-02,55.55598643012907,56.04188221633261,54.51025183513804,54.81657791137695,2455440
2008-05-05,54.09301401481221,54.95917894451014,53.89231895702082,54.75848388671875,1086255
2008-05-06,53.92929435204779,55.418674242308754,53.77084995998288,55.408111572265625,1646837
2008-05-07,55.392243104689115,55.471465268839765,53.03669917033812,53.142330169677734,1665907
2008-05-08,53.12648939642579,53.62295210475715,52.402927179784236,53.01557922363281,1118039
2008-05-09,52.645872555832995,53.279649877496944,52.11772189350214,52.566650390625,1146375
2008-05-12,53.453927253368676,53.596525379165456,52.387063524712936,53.50674057006836,1450207
2008-05-13,54.0190706655486,54.08244667577333,52.767357561562605,53.23741149902344,1432861
2008-05-14,53.749179049782406,54.65042243866186,53.733178960434856,54.319786071777344,1259935
2008-05-15,54.1437974489706,55.285011291503906,53.887822366113355,55.285011291503906,1013314
2008-05-16,54.90638413528697,55.412999483580556,54.399768786993384,55.19435501098633,1533923
2008-05-19,55.19437413969237,55.55167154232537,54.645097547920734,55.1303825378418,1039926
2008-05-20,54.78906515531627,55.21568886291939,53.93582212369571,54.36244583129883,1302062
2008-05-21,54.607767150593745,55.007725622803484,52.85328031458733,53.050594329833984,1872125
2008-05-22,52.92792068644577,53.14123032627477,51.744041445611096,52.02134704589844,2734708
2008-05-23,51.72271915720537,52.33066120376947,51.55207052698535,52.0053596496582,1846483
2008-05-27,51.99469728026811,52.89060592651367,51.99469728026811,52.89060592651367,1038848
2008-05-28,53.050590786702344,53.16257827472428,52.154682115353516,52.2933349609375,1378128
2008-05-29,52.352011295213345,53.370573016190995,51.99471381135891,53.365238189697266,1448591
2008-05-30,53.365230180138575,53.461221973915,52.61330907418072,52.98660659790039,1335354
2008-06-02,52.970584265382854,53.03991066876286,51.76537444141273,52.26665496826172,1595120
2008-06-03,52.88528512020808,53.013272729824514,52.21868609183045,52.79462814331055,1560428
2008-06-04,52.44264582604604,53.79183908799154,52.38398467766762,53.30122375488281,1376404
2008-06-05,53.47188582948377,54.67709612761545,53.3385677937262,54.554443359375,1893350
2008-06-06,54.07981887943572,54.07981887943572,51.85071240963397,52.112022399902344,2229290
2008-06-09,52.28266813165331,52.91193635932985,51.01879685151265,51.15211486816406,1895828
2008-06-10,50.85348296747737,51.504086165911815,50.21354941952325,51.477420806884766,2280360
2008-06-11,51.23744300185689,51.3707610227292,50.074893903594926,50.17621612548828,1923949
2008-06-12,50.62417325467078,51.6427347383371,50.26154541239802,51.162784576416016,2306972
2008-06-13,51.733377371930985,52.31998437442585,50.78413827473068,52.3093147277832,1851762
2008-06-16,51.744055648051884,53.26389766000672,51.49341094420676,53.109249114990234,1568185
2008-06-17,53.546537390622404,53.935830543480215,51.08812134385613,51.18410873413086,1617315
2008-06-18,51.06145688448972,51.296101498675405,49.909573112280746,50.298866271972656,2039879
2008-06-19,50.298841233741136,52.2613105293438,49.99487473513345,52.186649322509766,1691981
2008-06-20,51.994697360955534,52.18134170818977,50.59750805937575,50.709495544433594,2678682
2008-06-23,50.83214596963583,51.386757311915424,49.63227071980363,49.76025390625,1729798
2008-06-24,49.66958994138369,50.60815947759876,49.061652357291464,50.0482177734375,1926319
2008-06-25,50.43220366023328,51.76006690419565,50.22955916671891,50.816162109375,2402539
2008-06-26,49.968231572058166,50.485512276729814,48.464385343228884,48.66703414916992,2331537
2008-06-27,48.7950199235404,49.285639683070976,47.58980982341657,48.43239212036133,2874988
2008-06-30,49.322979146431535,49.322979146431535,47.58982258368174,47.93645477294922,2394782
2008-07-01,47.259181825383294,47.69647090958764,45.85132717274597,47.60047912597656,3747267
2008-07-02,47.888454233868906,48.160429516420876,46.96054965188268,47.01921081542969,2367307
2008-07-03,47.61647569172266,47.840455042367005,46.61924483866889,46.77922821044922,1326412
2008-07-07,47.01387680789118,47.45116593751438,44.88076188224796,45.291385650634766,3428566
2008-07-08,45.29138258308077,48.97634413196677,44.73144072015167,48.12309646606445,3904894
2008-07-09,48.165760796516906,48.165760796516906,45.1793981471815,45.291385650634766,3745651
2008-07-10,45.47270402431099,47.03521178318904,45.01941480068731,46.587257385253906,3337417
2008-07-11,45.51002359770087,47.131192283542255,44.955416603176495,46.043304443359375,4502754
2008-07-14,46.741894364114536,47.59514187714893,44.17149094345354,44.33147430419922,2905371
2008-07-15,43.85686327588741,44.7314414909701,42.62499203293301,43.38224792480469,5424595
2008-07-16,43.35555879642588,47.184501609213235,42.84894353777834,46.80587387084961,4538740
2008-07-17,47.19520070430528,48.2990889265862,45.86733306506305,48.0804443359375,3887116
2008-07-18,48.30974385025898,48.58171472785315,47.09386837166682,48.2670783996582,2762828
2008-07-21,48.10176011447693,49.03499497863003,47.71246695509243,48.43239212036133,2720163
2008-07-22,47.63779072473306,49.45627276039887,46.992522622813894,49.22696304321289,3923641
2008-07-23,48.859030437764275,50.54419114941946,48.43773697215968,49.88292694091797,3635646
2008-07-24,50.5548508429607,50.5548508429607,46.496595910983494,46.78990173339844,4164660
2008-07-25,47.23782744954061,49.05097447121853,46.981852411501386,48.30971908569336,3207264
2008-07-28,49.21631563505959,49.258976700174564,47.136527340491654,47.2271842956543,4022333
2008-07-29,47.47782479521174,50.48551756810593,47.41916363867946,50.27753829956055,4574726
2008-07-30,51.01348255746627,51.48276760059364,49.035015741905205,50.83216857910156,3906833
2008-07-31,49.39763259887695,50.29887176486699,48.77902958212461,49.39763259887695,2976912
2008-08-01,49.42428793781811,49.69625876497887,47.96843326827444,48.69902801513672,2703678
2008-08-04,48.39505201917141,48.715018696618515,47.61113102927467,48.1604118347168,2433138
2008-08-05,48.87501040977393,50.90680248433571,48.29906858990689,50.60816192626953,3808896
2008-08-06,50.448177939493746,51.104106986416596,49.64292643659942,50.69881820678711,3002878
2008-08-07,49.8615781388029,50.394854541123166,48.704359622431525,49.0989875793457,3635539
2008-08-08,49.2269624625351,51.8826916757528,48.741677686070766,51.62671661376953,2694089
2008-08-11,51.52008157297793,54.282468970365805,51.130788374678076,53.7225227355957,4347821
2008-08-12,52.975917971340586,53.48786817665904,51.76537763286995,52.19200134277344,3129151
2008-08-13,51.97639341568525,51.97639341568525,50.47904199469148,51.09306335449219,2871648
2008-08-14,50.62984362717192,52.353415409557904,50.09123076576557,52.213375091552734,1818577
2008-08-15,52.52579400390699,54.23320631013491,51.91715629762799,52.56888198852539,2168092
2008-08-18,52.471913747197725,52.94050646748717,50.694481939064154,51.35697937011719,2840834
2008-08-19,50.403630385752564,51.04458384662348,49.69804497153704,50.204341888427734,3101354
2008-08-20,50.38208513626584,51.09844252471853,49.41796307797464,50.64061737060547,2510820
2008-08-21,49.2456198951027,50.392870549611274,49.164827720206425,49.75730514526367,2058196
2008-08-22,50.355151936933304,52.05179155144763,50.06968751468481,51.45392608642578,2562859
2008-08-25,51.330052108329475,51.56165659959243,49.71420445227589,49.92965316772461,1995167
2008-08-26,49.79500090110461,50.68910296405807,49.36411228801314,50.17741775512695,2093320
2008-08-27,49.55800635546708,50.78604893101674,49.48259797984332,50.35515594482422,1934723
2008-08-28,51.07690836509833,52.073346590908365,50.50597497193085,52.003326416015625,2300507
2008-08-29,51.43777286021072,51.69092131978198,50.91531573893386,51.10383224487305,1891519
2008-09-02,51.52397349894065,53.075185404286685,50.62987114701577,51.62092590332031,1871156
2008-09-03,51.77172656280512,52.78432508451526,51.23310910323804,52.75739288330078,2079529
2008-09-04,52.224156879264775,52.547325542218566,50.64062511784739,50.74296569824219,3118269
2008-09-05,50.12353230881383,50.613673280709286,49.38563117443907,50.50056076049805,2394889
2008-09-08,52.24568094881125,53.398319244384766,51.50239153640099,53.398319244384766,4132122
2008-09-09,53.05363346712015,53.5060705740694,50.43057943110557,50.877628326416016,3922887
2008-09-10,50.87762409692257,51.766338029479336,49.86502558151303,51.17924880981445,2871863
2008-09-11,50.1073854344851,52.04640143318561,49.91348516285073,51.798641204833984,2362459
2008-09-12,50.95839424950228,53.05360612812167,50.95839424950228,52.81122970581055,2295120
2008-09-15,51.42700712772442,52.78431816628606,44.710472106933594,44.710472106933594,5060750
2008-09-16,46.87568936232993,52.26184376823759,46.660240706720664,52.14873123168945,7115821
2008-09-17,50.856068760433075,51.84711863741706,47.90445425962493,48.47538757324219,5300799
2008-09-18,49.455670293181484,53.72150333681319,47.5543538262827,50.62984848022461,8119761
2008-09-19,56.016002916072175,57.3248376225415,51.028424342189076,54.394771575927734,6174048
2008-09-22,53.096714679147425,54.1631730329239,49.3587222304274,50.09123992919922,5016468
2008-09-23,50.09123239975089,51.83634379477235,50.0158240287718,50.36592483520508,3472633
2008-09-24,51.841730130792,51.841730130792,49.1648127519289,50.46287536621094,2801185
2008-09-25,50.92611567113357,51.99257448332957,49.94044905902953,51.491661071777344,2552301
2008-09-26,50.30667218407506,54.0069595557752,50.015819572907866,53.699951171875,2767892
2008-09-29,52.482684121646805,52.61733623112479,47.60821400322958,48.723148345947266,4287486
2008-09-30,49.57953684075637,53.75380458999932,49.57953684075637,52.24568176269531,4323579
2008-10-01,51.50240132855517,51.69091782173701,49.41796119436901,50.46287536621094,3421886
2008-10-02,49.283310625717796,49.55261930180431,46.86492960599494,47.36045455932617,3585223
2008-10-03,48.33535600284257,48.84165745306956,44.95823611663959,45.232933044433594,5387855
2008-10-06,44.074899648486344,45.09826996837674,41.737310772321685,43.80559539794922,8279435
2008-10-07,45.04979884302996,45.04979884302996,38.87726467954522,39.324317932128906,7469646
2008-10-08,38.05857430055717,42.227460361341464,36.62585689544022,39.99220275878906,7813235
2008-10-09,40.97247985398363,41.564957213861945,36.2811393737793,36.2811393737793,6269400
2008-10-10,34.47138990911888,43.15925478875906,34.185923234445106,42.28670120239258,12328595
2008-10-13,43.44471372653562,44.12336685243155,39.814446591153725,42.437503814697266,5713343
2008-10-14,42.690660356744395,43.87022677206314,36.405016616528755,38.818016052246094,6827396
2008-10-15,37.33681372966646,38.274007922339706,31.756760887854963,32.69395065307617,7122178
2008-10-16,34.06742174231437,36.78204331302773,32.3330801832475,35.769447326660156,8928365
2008-10-17,33.78733761037913,37.90236193439785,33.78733761037913,36.16801834106445,6172863
2008-10-20,37.27758161704551,37.27758161704551,33.91662163311646,35.882568359375,2753563
2008-10-21,35.338560703784665,36.69048573522769,33.6419230254061,33.87352752685547,3852854
2008-10-22,33.022523242627464,33.76581315129893,30.609525145480568,31.961450576782227,6688840
2008-10-23,32.079931205745154,33.00096303466891,28.401187672021134,30.911134719848633,8750806
2008-10-24,28.627419864639126,30.221721844003643,27.803337776689663,29.14449119567871,5399383
2008-10-27,28.568163569158923,30.846508821409227,27.679449753840665,27.905668258666992,5226996
2008-10-28,29.085237091976197,34.4390754699707,27.070816587324334,34.4390754699707,7756132
2008-10-29,33.986625263670895,34.11589357354558,31.083489782672814,31.89679718017578,6695412
2008-10-30,33.081767955814826,33.53420505140455,31.988379415003163,33.29721450805664,3973741
2008-10-31,33.20026777476785,36.275761372942576,33.04945539394317,36.1034049987793,4444789
2008-11-03,36.10339282454373,36.82513849528315,33.00635406363936,35.69404602050781,4079974
2008-11-04,37.142906805870666,39.04421818605606,35.817914540486846,38.89340591430664,4236093
2008-11-05,38.5110029729791,38.694131276664834,34.13205953633674,34.848419189453125,6192795
2008-11-06,34.51986269538531,35.16081619228352,33.593444747323794,33.93277359008789,4205602
2008-11-07,33.814269840551475,36.922079854461494,32.661633654167844,36.59891128540039,4123502
2008-11-10,36.38885510635439,36.755113894070966,32.343852667591506,32.860923767089844,4864336
2008-11-11,32.06918262823194,33.23259175411639,30.684938662627715,31.530567169189453,4833522
2008-11-12,30.50619213331421,30.807420422189075,27.926585428947394,28.101844787597656,6867153
2008-11-13,27.992310729677083,32.319041442411,26.73810478368977,31.634431838989258,8463350
2008-11-14,30.927915718989585,31.064838091392573,28.107324301742928,28.58928871154785,6043896
2008-11-17,28.320926324524706,28.7371679553883,26.513556194770633,26.76001739501953,7503369
2008-11-18,26.858605441741073,27.23651013349377,24.12564288487956,25.867290496826172,8564305
2008-11-19,24.881437481523257,25.188142425831785,21.929403518059868,22.493520736694336,10951760
2008-11-20,21.11335955537238,24.257086882542687,20.560195473195503,21.168128967285156,14219791
2008-11-21,22.033471924778972,22.258024007483908,18.500886972461128,21.02025032043457,16192978
2008-11-24,21.250284628504147,26.50808580408536,20.494475203036224,26.34925651550293,14359532
2008-11-25,27.346034990602224,27.411757811124446,23.797020690504624,26.288997650146484,11737953
2008-11-26,25.834422636865614,28.12375718271805,24.722617907040544,27.90468406677246,9387885
2008-11-28,27.855393974423546,27.9649305426078,25.867287591423338,26.01516342163086,3995505
2008-12-01,25.42912478215017,25.467464026029123,20.538278021252502,20.81212043762207,10446019
2008-12-02,21.57341483147722,24.689758234178928,21.551507969535887,24.465206146240234,12704830
2008-12-03,23.512225467217554,26.119218248770213,23.07407702776426,26.009681701660156,9913558
2008-12-04,25.155278826832543,27.932053098821353,24.645928807604935,25.242908477783203,10491486
2008-12-05,24.87596573534817,28.89599109336062,24.41043151271213,28.594762802124023,9207201
2008-12-08,29.361524132848178,30.87314224243164,29.16983463761075,30.87314224243164,10270399
2008-12-09,30.259730439804777,30.539051845770643,28.1073189025741,28.4030704498291,9256655
2008-12-10,28.687873091248328,30.560963517743627,28.222338841937635,30.48428726196289,7524271
2008-12-11,29.777774445904015,30.013279956580107,24.990985716241457,25.75227165222168,13235998
2008-12-12,24.941692011893167,28.50166035454606,24.941692011893167,28.479753494262695,10352822
2008-12-15,28.315456320556944,28.9014807719517,26.349256474076096,27.19269561767578,6338032
2008-12-16,28.46879541723493,31.01554179291224,27.176252604270747,31.01006507873535,11328857
2008-12-17,30.303556626595963,32.14926381186354,29.41082496982331,30.97721290588379,7508756
2008-12-18,31.245572408377438,31.93018198051123,27.66917203956673,27.93754005432129,7764644
2008-12-19,28.545471893866175,29.95302796675809,27.515818106238058,29.93659782409668,6764582
2008-12-22,29.88730978570606,29.9913718740784,27.236503156970922,28.479753494262695,7576310
2008-12-23,28.600245727847557,29.153409707094752,27.8006205663598,28.479753494262695,3936785
2008-12-24,28.53999543523616,28.797407758942036,27.855385892430817,28.101844787597656,1258319
2008-12-26,28.101849848519564,28.56738415134472,27.400810036653915,28.457847595214844,2151285
2008-12-29,28.441412751265627,28.441412751265627,26.32734006705699,26.814781188964844,6058010
2008-12-30,27.23649964090746,28.33735074221795,26.880501952193995,28.068984985351562,4663828
2008-12-31,28.6331042757759,29.399866849163317,27.767758586099546,29.0986385345459,4446944
2009-01-02,29.224605095737548,29.24103523861227,27.970399255748525,28.200428009033203,3544389
2009-01-05,27.849917435420945,28.627633602407055,27.384383078407943,27.7458553314209,4413328
2009-01-06,28.46880457595405,29.706578394341587,26.738110565978893,29.262950897216797,8245281
2009-01-07,28.753600773027888,29.503931062642103,27.860869126046243,28.025175094604492,5022502
2009-01-08,27.38438313418753,27.833485093421846,26.765496228874014,27.576072692871094,4528181
2009-01-09,27.40628402412938,27.849911421776444,25.53867028345877,25.70297622680664,6333722
2009-01-12,25.429128248742764,25.74130995154905,23.473885070693548,23.95037269592285,7097397
2009-01-13,23.408165635921737,25.111473462590865,23.39721220631157,24.89787483215332,5599783
2009-01-14,23.676530709191276,24.05443298760989,22.948105220934806,23.32600975036621,7375264
2009-01-15,23.265767283492007,25.034797994685686,21.76510235925936,24.426864624023438,8643711
2009-01-16,24.865006582845734,25.35244755052361,23.56151060932456,24.985496520996094,6878250
2009-01-20,24.607607047809257,24.72809704829848,22.411378698428262,22.526391983032227,10216205
2009-01-21,23.446501598972976,25.511283766205544,22.416849998144187,25.412700653076172,9621577
2009-01-22,24.43233653289166,24.859533723219492,23.2164700307415,23.643667221069336,7985407
2009-01-23,22.258019963643857,24.678797493345204,22.25254324928118,24.503538131713867,6354193
2009-01-26,24.94716761910269,25.259349368329882,23.556041534649395,24.092775344848633,5110635
2009-01-27,24.246128829360238,24.875969067770054,23.52865889919924,23.98871421813965,4269816
2009-01-28,24.89239381841796,27.055758821178348,24.481629023910507,26.820253372192383,9215282
2009-01-29,25.93300869228949,26.72167823312371,24.23517736779285,24.339237213134766,8905524
2009-01-30,25.116954805898462,25.19363107831248,22.323748704107874,23.539615631103516,16117558
2009-02-02,22.91524710835506,24.1420649530015,22.668785945484686,23.99966812133789,7677588
2009-02-03,24.05991267598456,24.092772961699943,23.00835201891225,23.534130096435547,6218438
2009-02-04,23.561519867290727,24.74452411648394,23.298630784474422,23.545089721679688,6638632
2009-02-05,23.085033280689057,24.547359081675587,22.433283880084968,23.676536560058594,8361965
2009-02-06,23.862749053786285,25.314121403482467,23.69844308982269,25.116952896118164,7888870
2009-02-09,24.749996416577396,25.845373027109353,24.415907844697525,25.664634704589844,5059673
2009-02-10,25.54700609546405,25.8378220654916,23.293186924904653,23.433002471923828,10123439
2009-02-11,23.466564847810158,24.13767831593643,22.599711388091528,24.037012100219727,8542649
2009-02-12,23.254049863250007,23.42742011282377,21.251896436816725,23.063899993896484,9978203
2009-02-13,22.756301425248385,22.99119076462465,21.128855665595175,21.27985382080078,9462011
2009-02-17,20.284378436288485,20.424194055670803,19.37837542932618,19.65800666809082,10513465
2009-02-18,20.379444198639728,20.44096332275325,18.98129315297076,20.099815368652344,7758394
2009-02-19,20.36267360228277,20.97226800874483,19.031632530879154,19.283300399780273,7818838
2009-02-20,18.310188269125018,20.42419414536507,18.05292909136499,20.25641632080078,11825548
2009-02-23,20.586375162295848,20.636707119841915,18.248666398934198,18.315776824951172,10901013
2009-02-24,18.282222193715562,19.870522197743995,18.013777041676327,19.76426124572754,16065411
2009-02-25,19.205000714304095,20.424189322847052,18.343739732609205,19.339223861694336,11497581
2009-02-26,19.797815247554663,20.446558922520353,18.62896205228857,18.690481185913086,9381959
2009-02-27,18.008186952908638,19.026039848784,18.008186952908638,18.511520385742188,11042802
2009-03-02,17.896331913348202,18.265443269894938,16.57647709426195,16.75543975830078,13564827
2009-03-03,17.11896362435285,17.52722329793845,15.787923630642418,16.71629524230957,14052791
2009-03-04,17.54399534555898,17.655846419808817,15.877399168625605,16.41988182067871,14196518
2009-03-05,15.82706728758527,16.27447506686201,15.312547939165947,15.525066375732422,12987653
2009-03-06,15.715213854692864,15.715213854692864,13.57324658860406,14.647027015686035,20799488
2009-03-09,14.020656520531878,16.101104815348304,14.020656520531878,16.050771713256836,15073000
2009-03-10,16.386331879001418,18.78555907890328,15.855035064442786,18.7631893157959,18969274
2009-03-11,19.171448877120604,19.171448877120604,17.700594437420566,18.120038986206055,13028487
2009-03-12,17.678220431840547,20.03270538166741,17.678220431840547,19.937631607055664,12373524
2009-03-13,20.077450637364795,20.35708186790803,18.735225787629282,19.42311668395996,11115528
2009-03-16,19.607674646324405,20.055083760138807,17.426559238991594,17.61670684814453,10246912
2009-03-17,17.885148239992127,18.958928962775804,16.805776226170945,18.919780731201172,13163488
2009-03-18,18.740812732800993,19.971186108671635,17.896330295949852,19.78662872314453,14784574
2009-03-19,20.105405561331533,20.608741134348698,19.014848984089927,19.227367401123047,12538584
2009-03-20,17.952256316613955,19.08755481056727,17.778886103193127,18.343738555908203,26813000
2009-03-23,19.059594339244523,22.107562493050533,18.63455627679027,21.867080688476562,19121621
2009-03-24,21.31900936951066,21.654565009094817,19.49022837548316,19.68596839904785,15724947
2009-03-25,20.116597477941152,20.435375753257752,17.86836993209415,19.54615020751953,15558270
2009-03-26,19.89288805891362,20.6926297693141,18.863848319508474,20.569591522216797,15269090
2009-03-27,19.83136427742472,20.01591930614553,18.696066172056792,18.819103240966797,10053084
2009-03-30,18.147998108560603,18.34373923545903,17.029476890874374,17.258773803710938,12214281
2009-03-31,17.51044159163164,19.64122192728006,17.482478245186112,19.372777938842773,17360578
2009-04-01,18.8526646682276,19.020442435305526,18.209515794903066,18.59540557861328,11018560
2009-04-02,19.29448348691212,21.005820698885373,18.863852963913484,20.675857543945312,16160763
2009-04-03,20.289964913735922,23.09745216369629,20.2228533442141,23.09745216369629,17069244
2009-04-06,22.34245406948939,23.17016051736789,21.805563711213875,22.549381256103516,12148235
2009-04-07,21.816743142250647,22.029262716074083,20.027109827886434,20.077444076538086,13079341
2009-04-08,20.429782159257243,20.832449310671436,19.85374248135578,20.653484344482422,11236845
2009-04-09,21.565078341184893,24.188008261405887,21.481189451973176,24.0426025390625,16100751
2009-04-13,23.5448598650434,24.400528392779382,22.678006458308964,23.852453231811523,11568906
2009-04-14,22.95204703048393,23.584011133246747,21.25189471753612,21.5706729888916,13134074
2009-04-15,21.9118215448337,24.72490165492565,21.62100776483172,24.607458114624023,16733412
2009-04-16,24.523569717422518,27.772871713400452,23.751789984498583,26.4250545501709,19380094
2009-04-17,26.425052034101423,28.427205196910663,25.876976856964436,27.59390640258789,17889160
2009-04-20,26.699098377891026,26.84450414916089,24.15446175270312,24.283092498779297,14327533
2009-04-21,23.56723274230957,27.403759002685547,23.226082428088393,27.403759002685547,16954929
2009-04-22,26.727049357265106,27.51560622909778,25.647676467895508,25.647676467895508,17826778
2009-04-23,26.022381206804646,27.370198051170835,25.58056474432164,27.073789596557617,10064720
2009-04-24,26.704684531595365,29.372356534926798,26.1789790871304,28.3265380859375,12671861
2009-04-27,27.213604904466063,27.403754720078183,24.747268128947727,25.580564498901367,12689962
2009-04-28,24.982157462659334,27.112938715311273,24.970972585015964,26.380306243896484,9486684
2009-04-29,26.78298273431381,28.354504431578388,26.469796882921894,27.78965187072754,10507001
2009-04-30,28.15875078901719,29.59045630512468,27.979788174148027,28.857826232910156,11962703
2009-05-01,27.97420958164976,28.522284872205912,26.285241884830953,26.542503356933594,10793379
2009-05-04,27.051418081601877,29.047978392649437,27.051418081601877,29.014421463012695,14070460
2009-05-05,28.6565016664909,28.874613723180246,27.75609353818889,28.030132293701172,8761257
2009-05-06,28.734787422725155,30.75371728261683,28.265011142752297,30.669828414916992,11134921
2009-05-07,29.500992814825842,29.75266187354152,28.20350962554331,29.10951042175293,29396654
2009-05-08,29.836542757452175,30.250394804783326,28.6285389564302,30.160913467407227,15789053
2009-05-11,29.243720852845694,30.132943936751975,29.070350646972656,29.070350646972656,10880866
2009-05-12,29.849850745149123,29.957447558790555,27.81115786097906,29.113656997680664,8540171
2009-05-13,28.099974383347586,28.303844609739905,26.848443340624176,27.227867126464844,10779157
2009-05-14,27.22219345317631,28.74554853222709,26.333097945554005,28.343473434448242,10460995
2009-05-15,27.811142259008573,28.218882469121294,26.29911321095838,26.570940017700195,9015851
2009-05-18,26.93904571998084,29.306193808502282,26.93904571998084,29.158954620361328,11046788
2009-05-19,28.89844776263922,29.510055812331718,28.1792429487512,28.59264373779297,7767445
2009-05-20,29.175943805363964,30.10468188609175,27.9753811370576,28.292510986328125,9177895
2009-05-21,27.720534744061265,28.43973950171591,27.335450638092183,28.088632583618164,6509341
2009-05-22,28.065984129530193,28.553004506296293,27.4034079473983,27.437387466430664,4972617
2009-05-26,27.43172378189576,29.328837117513764,26.927712496904547,29.06267547607422,9509741
2009-05-27,29.1306385280314,29.204258117656387,28.173586190430765,28.298173904418945,9219699
2009-05-28,28.473715002884926,29.413778331743533,27.981031883068134,29.32883071899414,6701230
2009-05-29,29.453435325284413,30.280237197875977,28.739893122319625,30.280237197875977,7891564
2009-06-01,30.727619828795735,32.534128095641755,30.438806603517303,31.93384552001953,10978588
2009-06-02,31.769624813527315,32.23965688664396,30.631355605270247,30.71630096435547,7393472
2009-06-03,30.591695627805606,30.999435910283186,30.25757725211667,30.57470703125,6077942
2009-06-04,30.755924860906795,31.59971507510065,30.336858858967148,30.91448974609375,10197997
2009-06-05,31.424165107966765,31.741294913805046,30.21793973808703,30.302885055541992,6625703
2009-06-08,30.070692187019596,30.908819396008088,29.883810678679815,30.506744384765625,5792426
2009-06-09,30.73328001297707,30.73328001297707,30.03672642307813,30.223608016967773,6094104
2009-06-10,30.489774160438216,30.699307252682722,28.926778416684595,29.78755760192871,7096966
2009-06-11,29.94044895185359,30.30288400056106,29.447765662262523,29.527048110961914,5588147
2009-06-12,29.844167454334706,30.818207960811446,29.685602612465324,30.653980255126953,7039109
2009-06-15,30.31421334544431,30.45578966232347,29.175942271462066,29.402463912963867,7345958
2009-06-16,29.63465491036248,30.031067287916322,28.688928071946556,29.07967758178711,6777296
2009-06-17,28.94943099049798,29.153298895152787,28.049007041110457,28.507713317871094,7184453
2009-06-18,28.524705236259766,29.147639413741175,28.20191241011397,29.006065368652344,5161597
2009-06-19,29.595000715723355,30.05370674678595,29.175934739740335,29.968761444091797,9400921
2009-06-22,29.266550438898026,29.379810086787877,27.77717245313076,27.81681251525879,7586330
2009-06-23,28.12827366060578,28.694578765941554,27.777166729720232,28.28683853149414,5919669
2009-06-24,28.536020844101536,29.215583411952792,28.303836346079255,28.643617630004883,5544404
2009-06-25,28.400116756927478,29.187278697564086,28.077323965337996,29.181615829467773,6477450
2009-06-26,29.040031148580375,29.645974153885355,28.479391075061212,29.402463912963867,8224594
2009-06-29,29.40812544598864,29.929125430571585,28.847487725414634,29.119312286376953,6016098
2009-06-30,29.107986605788145,29.617658531321815,29.062681348451665,29.124975204467773,4700999
2009-07-01,29.289210669752975,29.781894125957443,29.034374640080813,29.07967758178711,4156902
2009-07-02,28.620970912742173,28.8135130515659,27.267503763708145,27.36377716064453,6670631
2009-07-06,27.32412736214906,28.40576728396866,26.95036659255045,28.343473434448242,6377788
2009-07-07,28.224559158410138,28.224559158410138,26.842777644878424,26.933385848999023,5696643
2009-07-08,27.182553269705398,27.358109101225676,26.100915587728657,26.939043045043945,6664598
2009-07-09,27.182552480822068,27.369434039108928,26.28213119506836,26.28213119506836,6061566
2009-07-10,26.055607213179766,26.40671650667644,25.48364151335761,26.18585777282715,4608772
2009-07-13,26.485998988436204,27.60161606261074,25.95367334576409,27.573299407958984,6864890
2009-07-14,27.494015254114856,28.502035494971928,27.04097441063162,28.156591415405273,5593319
2009-07-15,28.54734298467724,29.051351980919748,28.09996264361444,28.711570739746094,6631198
2009-07-16,28.592659171942,29.447777864577198,28.14528095088015,29.209930419921875,4666307
2009-07-17,28.989064546873962,28.989064546873962,28.009360665207648,28.292510986328125,5539017
2009-07-20,28.45674668369316,29.510070367391364,28.377464205833622,29.413799285888672,4640448
2009-07-21,29.75923943167743,29.804542368476653,28.592653896229926,29.34017562866211,3523272
2009-07-22,29.017374255699444,29.97442884526305,28.81916929525909,29.566688537597656,3435570
2009-07-23,29.583679430209507,31.112697435940113,29.408123605911545,30.569046020507812,6064906
2009-07-24,30.257576413919043,30.620011434684297,29.595002546414374,30.393489837646484,2869493
2009-07-27,30.348189437315035,31.225959311414684,30.09335347274239,31.17499351501465,3053301
2009-07-28,30.93713961316018,31.15799600594837,30.353845890732188,30.903160095214844,3749314
2009-07-29,30.64266957474452,30.982450880595167,30.189626281927463,30.631343841552734,3669370
2009-07-30,31.01077018998617,32.596419522765046,30.920161989188017,31.786603927612305,5203293
2009-07-31,31.288237922935497,31.707301460104635,30.687955770957714,31.554399490356445,4200107
2009-08-03,32.18300824478809,32.43218364432497,31.650684906747422,32.27928161621094,4201507
2009-08-04,31.916856420331722,34.646437650583174,31.49779259393961,34.49353790283203,9319792
2009-08-05,34.063132248484884,35.86963975714441,33.74600249126028,35.67143249511719,8559564
2009-08-06,35.90361454493739,37.557219929438794,35.51853043195801,35.62046432495117,7360288
2009-08-07,36.14147023763769,38.157511071698195,35.54685300835223,37.755435943603516,6829658
2009-08-10,37.60819795993387,37.71013187981501,36.079177524096046,36.52655792236328,4809172
2009-08-11,36.15847067562226,36.317035632355726,35.116472721020195,35.3599853515625,4350191
2009-08-12,35.16743495622061,36.639824590513854,35.16743495622061,35.73373794555664,4346528
2009-08-13,36.44496516675546,36.952105351230365,35.7073054339103,36.43920135498047,3336599
2009-08-14,36.20291849482829,36.28360009746972,35.33847376007702,36.12799835205078,3126831
2009-08-17,35.07913258196931,35.07913258196931,33.43092740912357,33.494319915771484,5120960
2009-08-18,33.70179257355179,34.74488721561908,33.5750075374637,34.174354553222656,3828980
2009-08-19,33.24075953976912,33.93807731534423,32.871929661751345,33.64992904663086,3758166
2009-08-20,33.79399134098355,35.194390213448656,33.65568106704121,35.177101135253906,3762980
2009-08-21,35.73612342332338,36.34123435980457,35.280850443680535,35.851383209228516,4491229
2009-08-24,35.91477057265833,36.56598485950586,35.19439995389201,35.33271026611328,3790364
2009-08-25,35.68425704071332,36.289367992011684,35.39034728381746,35.8340950012207,2824214
2009-08-26,35.78222210061305,36.56598524809525,35.46525949531074,36.50835418701172,2830953
2009-08-27,36.30088525638931,36.8829431431705,35.586276181205406,36.80802536010742,2638407
2009-08-28,37.078899590713476,37.42467664738464,36.61209891807552,37.32670593261719,2869462
2009-08-31,36.84836177105315,37.021250213930024,35.98391720505296,36.66394805908203,3693342
2009-09-01,36.410382460798395,36.91752258205848,34.55470808806096,34.67573165893555,6388979
2009-09-02,34.358766721445356,34.65267875615268,33.886204763431024,33.932308197021484,3417789
2009-09-03,34.57200110594923,34.698786150699874,33.632638542128625,34.45674133300781,4346820
2009-09-04,34.50284193588477,35.298132657679794,34.0418052336306,35.24626541137695,3397143
2009-09-08,35.70730028611719,37.1826171875,35.41338825705981,37.1826171875,5525519
2009-09-09,37.13652023186275,38.0874081065137,36.73311218582153,38.05859375,3421960
2009-09-10,37.781952027929826,38.97488649056428,37.58024928068799,38.85962677001953,4037785
2009-09-11,39.05557579225494,39.13625502583283,38.266049019403944,38.802005767822266,4078968
2009-09-14,38.519618845282196,39.91425632408883,38.07010749460833,39.83357238769531,3235298
2009-09-15,40.127490970378496,41.18787225008682,38.84234928835426,40.48479080200195,6855901
2009-09-16,40.74413976444804,42.352005971216606,40.61735469981456,42.2770881652832,5259807
2009-09-17,42.144513630042354,43.82729671214699,41.326174975091604,41.983150482177734,5902801
2009-09-18,42.115714737579076,43.072366303468975,41.55094119276808,42.62861633300781,4347890
2009-09-21,41.95435332808105,42.50183311094937,41.23398271734246,41.37229537963867,4664627
2009-09-22,41.74688928691636,42.44997089827191,41.28008869952431,42.3058967590332,6311426
2009-09-23,42.35776149439568,42.64590975573599,40.329200744628906,40.329200744628906,5141712
2009-09-24,40.352240963432784,40.709545468586114,38.58877603061746,38.778953552246094,6288748
2009-09-25,38.59453409749621,39.70678236169491,38.32367502958012,39.205406188964844,5177226
2009-09-28,39.68374119291484,41.37805230754335,39.31491138654825,41.29160690307617,4622695
2009-09-29,41.30313288574412,41.695010865057974,39.925782037842396,39.94883728027344,5517069
2009-09-30,40.254284732889616,40.69803006494732,39.049824382728815,40.012237548828125,4832570
2009-10-01,39.51660743054082,40.017985957557855,38.03552708751716,38.07586669921875,6718445
2009-10-02,37.516871427890074,39.268811398040455,37.18261975400107,38.052825927734375,4836314
2009-10-05,38.16232149034119,39.25728330507286,38.16232149034119,38.96337127685547,3886423
2009-10-06,39.3840627155479,40.023751572633444,38.62335265917189,39.33795928955078,3305256
2009-10-07,39.11897770387273,39.41288741576007,38.675227702807454,39.22847366333008,2391414
2009-10-08,39.41287998499216,40.34071473544724,39.41287998499216,39.69526672363281,3797745
2009-10-09,39.52238352007689,40.04681277604021,38.99795426411358,39.99494552612305,2644933
2009-10-12,40.121727843402844,40.62310652197225,39.545431376676156,39.80476760864258,1812067
2009-10-13,39.54541943523039,39.77017743506494,38.77894799974376,38.81352615356445,3506894
2009-10-14,39.21118716091504,40.761424481827426,39.21118716091504,40.56548309326172,4844657
2009-10-15,40.22546957251213,40.49632877247034,39.82782531519547,40.37530517578125,2930435
2009-10-16,39.94307932307224,39.94307932307224,38.73862373305927,38.87693405151367,3827803
2009-10-19,39.02676092051016,40.12748881683633,39.02676092051016,39.8681526184082,2794690
2009-10-20,39.74713297674948,39.7644173530713,39.40135373729569,39.487796783447266,3464855
2009-10-21,39.44169698577587,40.54818642097158,39.22846890434839,39.30338668823242,3828659
2009-10-22,39.176591647760404,40.42715252017274,38.680976935383924,40.33494567871094,4038534
2009-10-23,40.490561978746186,40.507851061710326,39.41288678152446,39.672218322753906,3837859
2009-10-26,39.74714296504216,40.72107901386215,39.47628378612628,39.649169921875,3063077
2009-10-27,39.49931836562342,39.68949350840633,38.65216300347817,38.81352615356445,4051370
2009-10-28,38.60607038396439,39.21118119028599,36.99820459435603,37.11346435546875,5179686
2009-10-29,37.71857599591941,39.44746550378533,37.46500591102435,39.286102294921875,5985489
2009-10-30,38.96913359825491,39.9027321874898,37.62636323920339,39.124732971191406,8155797
2009-11-02,39.33797846659576,40.104450355112355,38.12199266433639,39.401371002197266,4820803
2009-11-03,38.940328274759864,40.05258173759324,38.802017950267306,39.827823638916016,3559416
2009-11-04,40.190876060069236,40.60004778576575,38.784713341325194,38.93455123901367,4750417
2009-11-05,39.153549528254175,40.05257471037986,39.08439555394919,39.966129302978516,3328576
2009-11-06,39.528146635070534,39.9949472006364,38.934563372648455,39.314918518066406,2318247
2009-11-09,39.85663645431277,41.406868932520844,39.51662096091277,41.33195114135742,4092339
2009-11-10,41.13600638591885,41.13600638591885,40.21393301866814,40.70378875732422,2880373
2009-11-11,41.136016484511714,42.06961770296702,40.93431362078906,41.87367630004883,3017722
2009-11-12,42.24970492351384,42.50714337108588,41.78162466578991,41.957157135009766,3083444
2009-11-13,41.96886020744365,42.61831423389692,41.85184013871734,42.296512603759766,2530365
2009-11-16,42.70023050687485,43.60712300736869,42.536399560495354,43.10394287109375,3310820
2009-11-17,42.84649661397158,43.443293713529485,42.19119185569101,42.232147216796875,3692331
2009-11-18,42.36671193077868,44.379441459640034,42.36671193077868,44.221466064453125,5263657
2009-11-19,43.95231662506173,43.95816738924343,42.72946894992419,43.24435043334961,5212208
2009-11-20,43.02203786236551,43.15075473782987,42.4486437092518,42.45449447631836,3161894
2009-11-23,43.297022582585605,43.7943566940295,43.02203182390651,43.45499801635742,3195591
2009-11-24,43.484272452563495,43.484272452563495,42.09174687195407,42.226314544677734,3618133
2009-11-25,42.28481948002271,42.72949203349127,42.09759017991698,42.25556564331055,2061263
2009-11-27,41.14971951173691,41.71726274327872,40.746007203753585,40.79866409301758,1827829
2009-11-30,40.99174998065648,42.717782984843446,40.7284607514111,42.512996673583984,6679892
2009-12-01,42.88746683145072,43.43745318854959,42.36672956546232,43.197566986083984,3464104
2009-12-02,43.21510002798942,44.28582317388315,42.998612245865615,43.95232009887695,3113633
2009-12-03,43.79435934763351,44.88263515124135,43.19756217385707,43.40234375,3233115
2009-12-04,44.04595505900818,44.95285251764109,43.53692403689451,44.35020446777344,4176527
2009-12-07,44.00499579779034,44.508176007788194,42.81725210597367,43.238521575927734,3199630
2009-12-08,43.15659582394183,44.23317468387067,42.93426198013909,43.69488525390625,4596837
2009-12-09,43.70074279983436,44.37359994653713,43.332135009842766,43.928932189941406,4423993
2009-12-10,43.96401994538154,44.31507530088297,43.694875291762536,44.198055267333984,3862198
2009-12-11,44.297522642894116,44.96452876188407,44.040079520235146,44.90602111816406,3669582
2009-12-14,45.16933512633123,45.61985841910184,44.408711693416414,45.549644470214844,3854757
2009-12-15,45.14007574364496,45.555489638343175,44.882632537945526,44.946990966796875,2269611
2009-12-16,44.99965260827681,45.56134040460239,44.74806016883659,44.946990966796875,2975443
2009-12-17,44.6720008755995,45.06986247747065,44.29753759396815,44.882633209228516,3079086
2009-12-18,44.97039278941245,45.57304067804985,44.46721266958064,45.50868225097656,3846678
2009-12-21,45.57304866234911,46.55015998785952,45.56134712810388,46.45654296875,2788355
2009-12-22,46.339520266463175,46.8836557578875,46.10548012843444,46.71982955932617,2921230
2009-12-23,46.74323793479737,48.17672326650706,46.50335174846773,47.48630905151367,2689922
2009-12-24,47.714487451848974,48.521916817904845,47.6033181620203,48.41074752807617,1198107
2009-12-28,48.51022847983828,49.04266252145244,48.26448677131009,48.58628845214844,2613173
2009-12-29,48.69745902894404,49.0426637870942,47.91928325871934,48.00119400024414,2761674
2009-12-30,47.8783158915901,48.04214207873932,47.15864797420275,47.66767883300781,2761461
2009-12-31,47.778854252374906,48.13576050135058,46.643767583260065,46.69057846069336,2619764
2010-01-04,47.094272905616215,47.48043758534312,45.90068377088175,46.17567443847656,3450498
2010-01-05,46.228353738688185,46.24590603832194,45.15177947845354,45.8597412109375,4342568
2010-01-06,45.707617097421796,46.34536963920931,45.15178003341256,45.3448600769043,3476223
2010-01-07,45.420923605880944,46.50335347602078,44.50232470414909,45.93581008911133,3986356
2010-01-08,45.78367948850355,45.818784086423626,44.15711425492265,44.8358268737793,4005809
2010-01-11,45.04646991648385,45.339017792333365,44.56669272873214,44.876792907714844,2662602
2010-01-12,44.584240217808706,44.82412641320836,43.73585052042176,43.99329376220703,4696653
2010-01-13,43.94648673294357,44.87678715054495,43.94648673294357,44.437965393066406,4540392
2010-01-14,44.244894710480416,44.789030388510106,43.89383438304503,44.636905670166016,2790269
2010-01-15,44.35020988410779,44.473080765181884,43.74171099226346,43.81777572631836,3910458
2010-01-19,43.74170591610398,44.900195881577645,43.4667150891298,44.853389739990234,4324709
2010-01-20,44.40872132249082,44.75977690760186,43.36725135850289,43.81192398071289,3554778
2010-01-21,43.83530527207318,44.127853029349176,42.302357301617164,42.425228118896484,4807099
2010-01-22,42.43108912417769,42.73533848555786,41.1848330997514,41.30185317993164,4963147
2010-01-25,41.78748212599841,42.495448646816115,41.050266515820795,42.18534851074219,3799375
2010-01-26,41.92789691580455,42.694370952792084,41.62949837303822,42.015663146972656,2804407
2010-01-27,42.04492707486044,42.39598259356341,41.366219106014995,42.360877990722656,4314186
2010-01-28,42.624168285478255,42.624168285478255,41.57684784268853,42.17364501953125,3146586
2010-01-29,42.302354935508745,43.09223193791504,41.734811748720304,42.126827239990234,4296221
2010-02-01,42.34332115181552,43.051287625644015,42.29066425319708,43.04543685913086,3030507
2010-02-02,43.19171215847395,43.67734003015181,42.536402562153924,43.572021484375,3776733
2010-02-03,43.373089152469085,43.373089152469085,42.36672409899857,42.594913482666016,3140315
2010-02-04,42.41938648828572,42.41938648828572,40.611442667244205,40.63484573364258,5638152
2010-02-05,41.10876726939798,42.99277083651488,41.032702567326936,42.92256164550781,7971862
2010-02-08,42.68267326627244,42.86405651068282,41.225789760756655,41.37791442871094,5343170
2010-02-09,41.79333182251174,42.04492428312714,41.10292236522842,41.30185317993164,5293953
2010-02-10,41.23749869683953,41.752380455759656,40.418362802239685,41.114627838134766,3747713
2010-02-11,41.042449907737144,42.122980260193536,40.599608971339144,42.08164978027344,3888879
2010-02-12,41.662435560858476,42.607161187279054,41.33178207047222,42.512691497802734,4004002
2010-02-16,43.06771907877424,44.24862861001135,42.920105387369595,44.17777633666992,6032312
2010-02-17,44.18960180328436,45.252419826640896,44.160075222920504,44.78596115112305,5226133
2010-02-18,44.567483616846914,45.884198428604456,44.567483616846914,45.59487533569336,4296646
2010-02-19,45.43545627684991,46.008198147832054,45.05165864735719,45.890106201171875,4001238
2010-02-22,46.00229795924245,46.74627114287893,45.62440940267822,46.43333053588867,3667244
2010-02-23,46.09086661923884,46.409711574805044,45.5535555973077,46.002296447753906,4121995
2010-02-24,46.04951063023272,46.3742597649889,45.553530394711075,45.77790069580078,5580963
2010-02-25,45.583068761082835,46.37427664133605,44.98670947486996,46.356563568115234,3765146
2010-02-26,46.24437475487954,46.828925310094945,45.878295007477554,46.226661682128906,4256784
2010-03-01,46.58682282509954,46.69901037348963,46.067225150813904,46.291595458984375,2061476
2010-03-02,46.43922114733297,46.846636167161606,45.89010155220146,46.06133270263672,2288320
2010-03-03,46.020006277343164,46.090858571269756,45.54173892750457,45.73658752441406,1903302
2010-03-04,45.93733329120972,46.05542521788724,45.70705858336865,45.82514572143555,2385478
2010-03-05,46.020003257165534,47.130055976111734,45.88419824744074,46.899776458740234,3324958
2010-03-08,46.893868235294434,47.30128323088087,46.74035016590673,47.11233901977539,2351888
2010-03-09,46.952925708875476,48.03345676131662,46.657698226690535,47.720516204833984,3166252
2010-03-10,47.90943730725265,48.08066839801918,47.42526581118708,47.69097137451172,1944121
2010-03-11,47.53156624867389,47.80317147723146,47.25405187411515,47.79136276245117,2158422
2010-03-12,48.02162886327972,48.97225886920489,47.85630211392794,48.46446990966797,2783572
2010-03-15,48.228305449105505,48.783334265822525,47.82679473184089,48.346397399902344,2374104
2010-03-16,48.41132873192308,49.97012662414908,48.186958412128256,49.70442581176758,3325277
2010-03-17,49.834323035892766,50.62553550485665,49.509573865003304,50.572391510009766,3713909
2010-03-18,50.584197523902375,50.80266827066311,49.87565565743797,49.928794860839844,2553751
2010-03-19,49.326541900634766,50.56059086229864,49.26749832873156,49.326541900634766,4748740
2010-03-22,49.043124070057715,50.18860769469578,48.948654353294785,50.170894622802734,2398128
2010-03-23,50.164998979000366,50.348038875632916,49.39150409559565,49.85205841064453,1990999
2010-03-24,49.69261567309022,50.33620962219015,49.580428122108366,49.89927291870117,2298950
2010-03-25,50.306688785563516,51.151035640186436,50.259449148753696,50.50153732299805,3248315
2010-03-26,50.7318068645343,51.02112985771054,49.98193457077846,50.194496154785156,2577137
2010-03-29,50.31259156818308,50.507440099524196,49.82251087899548,50.27716064453125,1844624
2010-03-30,50.14138027322292,50.54879056441154,49.89338765271638,50.283084869384766,1707391
2010-03-31,49.952407470311755,50.105925498398086,49.46823596459477,49.539093017578125,2355608
2010-04-01,49.733950599436795,50.259452688501355,49.46234062593815,49.87565994262695,1885124
2010-04-05,50.176796472078415,50.90305632644699,49.82252068609261,50.86172103881836,1573984
2010-04-06,50.64916746222301,51.91864272877888,50.39527049346725,51.78874206542969,2763587
2010-04-07,51.5879809149838,51.788733841766415,49.72805099506263,49.91109085083008,3138614
2010-04-08,49.769365970881864,50.27715488076791,49.68080064342982,50.02916717529297,4148889
2010-04-09,50.18859373175062,50.89123120913824,49.733943980484085,50.83218765258789,2161823
2010-04-12,50.802669389072626,50.932570011080124,50.04688786989167,50.2063102722168,2001416
2010-04-13,50.200415511386005,52.26109842336145,50.07051486454949,52.06624984741211,3606334
2010-04-14,52.14299774693624,52.53859915335724,51.48168596999863,51.9304313659668,2646764
2010-04-15,51.6588249613335,51.95995669779318,50.082314006272824,50.2063102722168,3748882
2010-04-16,50.10002418962632,50.383442841575736,48.41132577798659,48.57665252685547,5407694
2010-04-19,48.2519386355558,49.59817582151154,48.210608115296765,48.94867706298828,2912195
2010-04-20,49.30882898186094,49.999662718323485,48.96636668653941,49.98785400390625,2564488
2010-04-21,49.94651207157483,51.51121440984991,49.79889837238226,51.36360549926758,3327615
2010-04-22,50.838101960153516,52.444139687421796,50.63144468316309,52.190242767333984,2565232
2010-04-23,52.379173176704896,53.17628507925583,51.85367119312963,52.88105773925781,2498050
2010-04-26,52.88697519927276,54.02064999813117,52.68031792551067,53.48923873901367,2598929
2010-04-27,53.111335734662234,53.689981688493404,51.599772944029816,51.65291213989258,3253737
2010-04-28,52.160713046009604,52.25518274060785,51.334074486615954,51.74148941040039,2593933
2010-04-29,52.2374743738601,54.705571985107284,52.213856948085144,54.569766998291016,3287009
2010-04-30,54.0914937474313,55.077554684192016,52.290612557573084,52.562217712402344,3673941
2010-05-03,53.09363475743265,55.26060061150496,52.7629812195647,54.78233337402344,3350470
2010-05-04,54.29815592913286,54.29815592913286,52.715735898980206,53.194007873535156,3952234
2010-05-05,52.8515532597397,53.59552620847081,51.67655265906935,52.243385314941406,2954609
2010-05-06,51.94225995010911,52.43234081180724,46.5573179268515,50.11775588989258,5349441
2010-05-07,50.31851218922847,52.06035039987774,49.391499290983646,50.59012222290039,7330767
2010-05-10,52.41461919071798,53.50695884762501,52.10167866624521,53.33572769165039,5489864
2010-05-11,52.7275626467424,54.12694333704089,52.50319226083558,53.506961822509766,3355041
2010-05-12,53.99325020091979,54.706819189993475,53.273739827096065,54.29651641845703,3026680
2010-05-13,54.20730826955001,54.397591672992924,53.23804299027442,53.333187103271484,2251434
2010-05-14,52.792078913744426,53.05372168595409,50.96654018336898,51.55522918701172,3210154
2010-05-17,51.733631802978856,52.76830096680006,50.163779787511125,51.54928970336914,3086633
2010-05-18,52.215295521709265,52.5245080315419,49.78321890560734,50.05080795288086,2912514
2010-05-19,49.670229228638185,50.88924047219489,48.26093450291758,49.52751541137695,3137445
2010-05-20,48.52256550149535,49.7118405926342,48.07658553386126,48.21929931640625,5108991
2010-05-21,47.43437297507139,50.104301585689505,47.05974751072123,49.973480224609375,5266740
2010-05-24,50.15781722713065,50.21133790612343,48.45714918549006,48.61175537109375,2569909
2010-05-25,47.93982062906647,49.28370681351299,46.756486856109625,49.15288543701172,3911627
2010-05-26,49.84266724193708,50.360006566924106,48.391749258670515,48.748531341552734,2845013
2010-05-27,49.8248366336584,51.5255052420022,49.432377243877006,51.394683837890625,3581141
2010-05-28,51.41845360091801,51.60874185433873,50.318371638722574,50.56217575073242,2597547
2010-06-01,50.032952824910915,51.37683418188785,49.85455697052864,50.431358337402344,3254481
2010-06-02,50.75840721844875,51.60874371533931,50.003214851699425,51.48981475830078,2849265
2010-06-03,51.39467675110089,51.70388918270805,50.69300498382839,51.216285705566406,2154488
2010-06-04,50.15781849692525,50.77029704857428,48.24902836491701,48.463096618652344,3533731
2010-06-07,48.76043177591096,49.49183950641349,48.112275783801614,48.147953033447266,2757847
2010-06-08,48.52851399634652,49.12315398123005,47.38085747520668,48.86151123046875,4155267
2010-06-09,49.30748535024981,50.472975530953775,48.647437167515115,48.87339782714844,2799198
2010-06-10,49.54535542360993,51.19250816509137,49.41453401890971,51.03195571899414,3195910
2010-06-11,50.354041097888846,51.97145708929999,50.294574225121075,51.78117370605469,2600630
2010-06-14,52.1855351782439,52.89909914028172,51.88821525321109,52.57204818725586,3422754
2010-06-15,52.649362494452006,53.791072845458984,52.304472835315494,53.791072845458984,2797072
2010-06-16,53.452122001579774,53.755388168808345,52.857482079754995,53.19047927856445,2671532
2010-06-17,53.31535671904932,53.469962912448686,52.57205678490775,52.91694641113281,2908262
2010-06-18,53.1012777388486,53.51158041433042,52.64935162199298,53.166690826416016,2890722
2010-06-21,53.85052554395231,54.183522730852424,52.655304359284315,52.83964157104492,2247395
2010-06-22,53.041820149460264,53.11317944895151,50.84760246784768,50.895172119140625,3482920
2010-06-23,50.87734313630237,51.828765277675814,50.31243412999507,51.222232818603516,2410565
2010-06-24,50.80003219814536,51.05572874010969,49.824825330622254,49.931861877441406,2691410
2010-06-25,50.478930861123395,51.68604952623543,50.03890187480067,51.44819641113281,4994612
2010-06-28,51.60280567662876,51.72768086015763,50.38974073243891,50.52650833129883,1806356
2010-06-29,49.789163872351054,50.33623437112322,48.302563449647366,48.653404235839844,4492557
2010-06-30,48.65933868273439,49.63454562367171,47.86251796233764,48.01712417602539,3390120
2010-07-01,48.11821678659369,48.474998889559785,46.89920564181456,48.19552230834961,2941640
2010-07-02,48.54038977286983,48.82581725358694,46.79809868657444,47.0240592956543,2576606
2010-07-06,47.99333954530934,48.284713351837055,45.47207045705663,45.95372772216797,3831584
2010-07-07,46.26294034353031,48.36201907172764,45.95372791358668,48.30849838256836,3918962
2010-07-08,48.90313315177897,49.022062109551804,47.69601459887178,48.587974548339844,2360817
2010-07-09,48.67717440954037,49.20045509299316,48.28471028003654,49.15288543701172,1919991
2010-07-12,49.10530386223043,49.509655485033406,48.34416543850872,49.33126449584961,1625114
2010-07-13,50.015109046802415,50.83571453930324,49.80104077454913,50.58596420288086,3438699
2010-07-14,50.187556352531985,50.829770846157125,49.80698944469356,50.28864669799805,2391325
2010-07-15,50.19946244472449,50.59192183625312,49.19451948767973,50.478939056396484,2546098
2010-07-16,50.27079165978517,50.27079165978517,48.58796251510612,48.89717483520508,3975514
2010-07-19,49.111258577025396,49.783199211303135,48.32633519508659,49.56912612915039,2464991
2010-07-20,48.7842108346225,50.2767571603324,48.57608874710409,50.17566680908203,3011054
2010-07-21,50.811922871225,50.811922871225,48.66527494053009,48.9744873046875,3037841
2010-07-22,49.79509311574445,51.674152323404215,49.66427174441146,51.335208892822266,3707213
2010-07-23,50.913003365911024,52.01903135617621,50.455131070863224,51.917945861816406,2913896
2010-07-26,51.745501151339916,53.071543571399346,51.3292522945586,52.96451187133789,2572247
2010-07-27,53.07155499520593,53.517534975780585,52.197438477125516,53.089393615722656,2612641
2010-07-28,52.934792889108095,53.72566259322408,52.524494929692004,53.000205993652344,2863722
2010-07-29,53.303463794910556,53.68997686342766,52.0844528791149,52.28662872314453,2395045
2010-07-30,52.17364723164005,53.261836807746434,51.55522244909757,53.053714752197266,2783359
2010-08-02,54.070560659327654,55.771229151352394,53.8148640768458,55.61662292480469,4314186
2010-08-03,55.3965950012207,55.68202257868225,54.95061501425607,55.3965950012207,2771028
2010-08-04,55.43226697741286,56.18745440954955,55.063587747556106,56.16366958618164,2903903
2010-08-05,55.6641965629947,56.15774631711587,55.265786141203385,55.37876892089844,2671319
2010-08-06,54.82574339282695,55.3847012983403,54.445171690884955,55.2063102722168,2597228
2010-08-09,55.62850132826539,55.86040819839557,55.20036000354226,55.69985580444336,2353057
2010-08-10,55.05169587020633,55.64038954448153,54.379755313335444,55.04574966430664,2704804
2010-08-11,54.02892316781744,54.62950447188778,53.49374531050789,53.898101806640625,2747749
2010-08-12,53.22615276113218,54.1775746399043,53.02992314399138,53.29751205444336,2641024
2010-08-13,53.04466631544798,54.182576682488154,53.04466631544798,53.45790481567383,2070724
2010-08-16,53.23630838975326,54.05081252303966,52.894935798173606,53.541748046875,1565799
2010-08-17,54.06278573179941,55.37438144592438,53.68548023672119,54.92520523071289,2381120
2010-08-18,55.05097428530448,55.34443629375366,54.50597688183787,55.01504135131836,1856104
2010-08-19,54.82340245398869,54.871313039867886,53.35010822416527,53.5357666015625,2857344
2010-08-20,53.302188117302585,53.64356072605292,52.9787819766849,53.28422164916992,2372191
2010-08-23,53.52378276230317,53.75735169855529,52.703284931362774,52.721256256103516,1653390
2010-08-24,52.05647061797987,53.27822922534031,51.87680109168238,52.85300827026367,2779958
2010-08-25,52.331964075496195,53.82322934150835,52.331964075496195,53.55971145629883,2442668
2010-08-26,53.86513965868206,54.18255687510339,52.99074267976768,53.24228286743164,2237509
2010-08-27,53.517790175505915,54.2724011911782,52.63740418106899,54.2125129699707,2996384
2010-08-30,53.86516247951539,54.65571144509931,53.727414685732114,53.76334762573242,1818262
2010-08-31,53.63159115224895,54.374229565741366,53.17043716276175,54.17060470581055,2715859
2010-09-01,55.14082023970035,56.170931844130955,54.86532465446578,56.03318405151367,3594003
2010-09-02,56.170931659699946,57.18906075710686,56.01521739774586,57.1112060546875,2878285
2010-09-03,57.859834353502634,58.093403322338204,57.386702735338595,57.78197479248047,2385691
2010-09-07,57.10519933491866,57.36871233302348,56.56019716032283,56.61410140991211,2339344
2010-09-08,56.81176120277461,57.20104447038962,56.48835499803984,56.841705322265625,1633512
2010-09-09,57.752032898887535,57.752032898887535,56.24280077851707,56.42845916748047,1425589
2010-09-10,56.674019506335945,56.967481623219456,56.15297719966814,56.80577850341797,1276025
2010-09-13,56.787807659886155,57.35676051912338,56.56022263049843,56.883628845214844,2344553
2010-09-14,56.62010556654672,57.05131053736736,56.284716906742084,56.50032424926758,1968570
2010-09-15,56.28472830185162,57.416654936486424,56.12901401499819,57.14714813232422,2235170
2010-09-16,57.08126095580484,57.15911565688404,56.41048847631522,56.65005111694336,1511267
2010-09-17,56.80576914911344,57.147141806133654,56.30269339891967,57.08725357055664,1867904
2010-09-20,57.428621442322296,58.380873451343874,57.26691836262269,58.23713684082031,2629649
2010-09-21,58.48267963439592,58.92586704641172,57.60229363253558,57.66218185424805,2382927
2010-09-22,57.620284484812494,57.88979131080693,56.86566828629802,57.075286865234375,1856636
2010-09-23,56.69196889919856,56.7518571265937,55.52411446518863,55.566036224365234,2306285
2010-09-24,56.19488876530195,57.14115201407398,56.146978177652386,57.039337158203125,2698213
2010-09-27,56.913548254732966,57.051296005951265,56.075088961571524,56.20085906982422,1576961
2010-09-28,56.24281211078211,56.40451523789482,55.30852629699388,56.21885681152344,2294060
2010-09-29,55.99725156892878,56.1290056822235,55.53609760105095,55.72175598144531,1399440
2010-09-30,56.254780838003484,56.76983911883969,55.2845622292108,55.542091369628906,3103641
2010-10-01,55.97928539527538,56.09906186254102,55.17675392190287,56.051151275634766,2414073
2010-10-04,55.94335889407509,56.56022725351314,55.931381244929995,56.48836135864258,2069236
2010-10-05,57.08726384497896,57.45858068661636,56.482373128321946,57.26693344116211,2950888
2010-10-06,56.9614717190846,57.30883312831595,56.721909111750456,57.171085357666016,1500531
2010-10-07,57.39866719566342,57.69212918797062,56.95547979620182,57.30284118652344,1145595
2010-10-08,57.165105635621714,57.61428195304299,56.78181123140685,57.230987548828125,1515625
2010-10-11,57.30285388750537,57.614282414844446,57.099229037203806,57.33279800415039,1260505
2010-10-12,57.05132813392621,58.09341765857461,56.84171440687213,57.758033752441406,2021401
2010-10-13,58.22516049398583,58.74620268306368,57.82988359194671,58.177249908447266,1902664
2010-10-14,58.087400882528094,58.57849885570478,57.59031408737783,57.93767547607422,1637977
2010-10-15,58.58449947902364,58.74620256199838,57.94966479348466,58.38087463378906,2127063
2010-10-18,58.47668192654687,58.883931486538096,58.07541633070311,58.82404327392578,2115902
2010-10-19,58.243128383416106,58.620438825076356,57.422635300489574,57.56637191772461,3128622
2010-10-20,57.704121657928034,59.27324199664629,57.704121657928034,58.81208801269531,3326233
2010-10-21,58.979767500767,59.56669151250397,58.314988799411424,58.6743278503418,1931790
2010-10-22,58.75816914184516,59.1055353922069,58.249104696078234,58.50663375854492,1600772
2010-10-25,59.021695158031946,59.045650449540545,58.380871681716705,58.63241195678711,1623839
2010-10-26,58.15329051256318,58.51263448010754,57.76999610905433,58.19521713256836,1454078
2010-10-27,57.85386343831832,58.255124443044714,57.476552877399875,57.96166229248047,1975904
2010-10-28,58.36890844911515,58.57852215869079,57.057312201108736,57.734073638916016,1906916
2010-10-29,57.71608439585903,58.08141225167832,57.506465911865234,57.506465911865234,2378888
2010-11-01,58.09939932478488,59.27923653285094,57.7041272188011,59.063629150390625,2537487
2010-11-02,59.578678485762325,60.321316850131794,59.24928349464775,60.23147964477539,2695130
2010-11-03,60.23150158972273,60.65073393893823,59.776336288118884,60.41716003417969,2022145
2010-11-04,61.01605850627873,62.25578414957855,60.26144226377665,62.18990707397461,3808623
2010-11-05,62.44141144110787,63.45355637040312,61.8365209837808,63.34575271606445,3790127
2010-11-08,63.75300578313981,63.78294989282002,62.93849685715236,63.63322448730469,2918892
2010-11-09,63.729037093907436,63.80689662575138,60.17156562723243,60.59678649902344,5230810
2010-11-10,60.78843789854809,61.770633697509766,60.6746454410118,61.770633697509766,2500070
2010-11-11,61.411312002040475,61.698785231503365,60.42911584897171,60.76449966430664,2334880
2010-11-12,60.45066607533717,61.11502429245437,60.07017143045549,60.63789367675781,2170008
2010-11-15,60.849307845868985,61.50158743511818,60.18494446962382,60.2332649230957,2034582
2010-11-16,59.949394362939096,60.215139682955176,57.6784900517028,58.06502914428711,4150271
2010-11-17,58.24016589335949,58.75957264061004,58.00461784054472,58.548187255859375,1992806
2010-11-18,59.429987890482785,59.7138466453129,58.95889658279201,59.158203125,2000672
2010-11-19,58.97700440025812,59.42393785323932,58.360961654009586,59.29106521606445,1756395
2010-11-22,59.04949422985881,59.82256760025579,58.964942008658696,59.53870391845703,1618418
2010-11-23,58.602540738347386,59.07967137607073,58.584422411389795,58.928680419921875,1495110
2010-11-24,59.41185017265702,60.583541161477676,59.38769240351332,60.559383392333984,1845793
2010-11-26,60.04602306028282,60.04602306028282,59.248787197161846,59.69572067260742,1196619
2010-11-29,59.266910232003525,59.73800151679703,58.69314840830201,59.62929153442383,1698780
2010-11-30,58.729384967352615,60.203053253831975,58.668990532805466,59.490379333496094,2968640
2010-12-01,60.36008468213006,60.52919889800444,59.599095201545104,60.29969024658203,1797852
2010-12-02,60.49295027089013,61.62840471189331,60.29364375869741,61.56196594238281,2121004
2010-12-03,61.13919274660592,61.76731442126477,61.0002855553987,61.652565002441406,1406562
2010-12-06,61.35059047383985,61.73108523125928,60.758705386147255,61.54385757446289,1435688
2010-12-07,62.03307278733055,62.31693646900457,61.2237627510606,61.30228042602539,2397915
2010-12-08,61.36871460005232,61.706933282621435,59.8104889639391,60.29365921020508,2016830
2010-12-09,60.54730234353939,60.72849050380959,59.39976916488023,59.448089599609375,2348380
2010-12-10,59.69574534459605,60.14267900475733,59.50851763649144,59.762184143066406,1512011
2010-12-13,59.90108255332982,60.14870465947731,59.57493787758052,59.750091552734375,1450570
2010-12-14,59.67762153911297,60.577528222447086,58.91662698729943,58.989105224609375,1876727
2010-12-15,58.75354684173309,58.844143398046654,57.49730333011687,57.545623779296875,2855962
2010-12-16,57.581843080360684,57.95025884206529,56.95372151394506,57.20134353637695,2623590
2010-12-17,57.2194751025204,57.78720237975009,57.03828690077068,57.63621139526367,2893061
2010-12-20,57.63621339272901,58.620672098649926,57.593937287095244,58.518001556396484,2067216
2010-12-21,58.88036295563269,59.64739659592882,58.37303512290598,59.56283950805664,1806462
2010-12-22,59.496442190763595,60.39634900867841,59.32733280931158,59.574954986572266,1955707
2010-12-23,59.460184153236916,59.67760902322517,59.019290071428735,59.05552673339844,1278576
2010-12-27,58.868310822761345,60.11247565055839,58.75959591699945,60.08831787109375,1115937
2010-12-28,60.11850509033061,60.348008855221025,59.611177111491116,59.76820755004883,1033023
2010-12-29,60.19096349025324,60.619778592559584,59.593044001772476,60.5533447265625,1388703
2010-12-30,60.28760354233103,60.571467148939725,60.118494246554015,60.19096755981445,1154524
2010-12-31,60.09435731595991,60.571488154899576,59.95544518586722,60.08831787109375,1297073
2011-01-03,60.52314182939433,61.0365140162798,60.456707964261305,60.9579963684082,2448727
2011-01-04,60.86138094529866,61.00029305174643,58.86830080249482,59.152164459228516,2634220
2011-01-05,59.00722577991876,59.62326877846604,59.00722577991876,59.33940505981445,2081460
2011-01-06,59.46015700996635,59.49035421448956,57.551634906085816,57.58787155151367,2534724
2011-01-07,57.91402543522809,58.687098552460135,57.90798599283444,58.55422592163086,2468924
2011-01-10,58.30055735637289,59.532642743781324,58.28847847203899,58.910560607910156,2781021
2011-01-11,59.266898986134755,59.73195073921971,58.77165002145382,58.928680419921875,2545247
2011-01-12,59.38166812817882,59.62929512148713,58.67503360756517,59.01325225830078,1891715
2011-01-13,58.916602828213115,59.351457379245005,58.596502581933194,59.27898406982422,1133583
2011-01-14,59.24879732828412,59.768209106542535,58.8924603348615,59.75613021850586,1360109
2011-01-18,59.707805259059185,60.269493103027344,59.26691118450579,60.269493103027344,1493515
2011-01-19,60.34196545599432,60.37216757149009,59.30315179096448,59.62929153442383,1834100
2011-01-20,59.61116550710101,60.34799710739334,59.49641119790971,59.659481048583984,1427396
2011-01-21,59.913146955510925,60.11849290333013,59.51452904697684,60.11245346069336,1524236
2011-01-24,60.335930098053296,60.426526654335404,59.617216684351426,60.245338439941406,1552724
2011-01-25,60.1426540278946,60.78285457577098,59.81651431098284,60.73453903198242,1896392
2011-01-26,60.831190064073645,61.11504885221223,60.19098445967555,60.82514572143555,1530826
2011-01-27,61.07275783485845,61.33850312290485,60.396320626925274,61.211669921875,1664764
2011-01-28,61.35662353282639,61.67068437547112,60.12453793504021,60.378204345703125,1783714
2011-01-31,60.44462097724484,61.38680323639331,60.44462097724484,61.27204895019531,1421763
2011-02-01,61.622370707515245,62.06929931413783,60.8613763505087,61.88811111450195,1769576
2011-02-02,61.80958422579521,62.49810020670571,61.507602329354434,62.12968444824219,1774253
2011-02-03,61.97868891691589,63.37384399974498,61.97868891691589,63.23493194580078,2268867
2011-02-04,62.957132565410056,63.41614499841598,62.14178314433712,62.49208068847656,2577456
2011-02-07,62.64909407551773,63.47652215921774,62.57662076811434,63.43424606323242,2919317
2011-02-08,63.585257194219,64.22545787209492,63.271196299480984,64.18318176269531,1744915
2011-02-09,63.92346524225053,64.56970525692711,63.79059259376354,64.17713165283203,1339486
2011-02-10,64.12865221975666,65.02364217866717,63.939914150664734,64.78619384765625,1845581
2011-02-11,64.7192236938689,65.41938247687114,64.42089370910024,65.2428207397461,1327049
2011-02-14,65.41941192214941,65.51073938340986,64.54269100741004,65.16370391845703,1274643
2011-02-15,64.81055321234507,65.65074476668698,64.6157220347334,65.05408477783203,943519
2011-02-16,65.42547700435206,65.99169620145896,65.20629808742848,65.6385726928711,1358301
2011-02-17,65.47420801133762,65.93083542578809,65.34026337724305,65.83341979980469,896109
2011-02-18,66.06475264846769,66.06475264846769,65.2367325153861,65.71771240234375,1495747
2011-02-22,65.07235412509787,66.11346510034592,65.06017779280022,65.68119049072266,1904790
2011-02-23,65.51071591702312,66.06475877898775,64.42698779500881,65.13323974609375,2096236
2011-02-24,65.12108109395771,65.12108109395771,63.471133329913165,64.31741333007812,1653603
2011-02-25,64.64008348238846,65.19412140666772,64.36610613443484,65.13323974609375,2243568
2011-02-28,65.30981281783968,67.13631726613691,65.30981281783968,66.99628448486328,2199985
2011-03-01,67.16675982371609,67.27025865967342,65.1332479155778,65.1697769165039,2357734
2011-03-02,65.17587270295306,65.62032374590564,64.08605615077963,64.18955993652344,1976436
2011-03-03,64.9445181618846,65.4742085344766,64.91407732154875,65.37679290771484,1421975
2011-03-04,65.18195198067995,65.60813846290898,64.46352362136166,64.93232727050781,1163241
2011-03-07,65.23065320529413,65.44983706814722,64.08604337353388,64.50614166259766,1031535
2011-03-08,64.74359479143023,65.69337850566608,64.6218265091134,65.28546142578125,1234356
2011-03-09,65.07235886665462,65.62031361071831,64.56093805983143,64.85317993164062,1231379
2011-03-10,64.28087175194861,64.73141088745564,64.04342831999878,64.16519165039062,1412727
2011-03-11,64.20782020662216,65.163692072378,63.92775464320275,65.06018829345703,1230104
2011-03-14,64.57922964984711,64.9810636265709,64.14695482739148,64.31134033203125,1487987
2011-03-15,62.50307687217,64.44526137025976,62.50307687217,63.85469436645508,1939869
2011-03-16,63.69031449819285,63.818170962198245,62.21084525446811,62.655296325683594,1892565
2011-03-17,63.55634963504077,63.67811294521994,62.28997170769804,62.85618591308594,2014279
2011-03-18,63.672015751151235,63.964257529511805,63.00838605403639,63.24583435058594,2440861
2011-03-21,64.04345037227533,64.60357669800501,63.77556107779866,64.11042022705078,1492027
2011-03-22,64.0251682481646,64.20781819406945,63.51374247440775,63.87295913696289,1689213
2011-03-23,63.72076388481425,63.74511655787337,62.50917889862548,62.63703536987305,1672737
2011-03-24,62.935357785957144,63.349363052655924,62.32043311574191,63.12409591674805,1433668
2011-03-25,63.16062518728638,63.94602348903453,62.95971072061217,63.708580017089844,1143575
2011-03-28,63.78163263635675,64.366116422026,63.74510363417396,64.01299285888672,1367018
2011-03-29,64.06170568495364,64.56703842062205,63.22151384808704,64.49398040771484,1377223
2011-03-30,64.73140549748037,65.02973550747087,64.39654649141396,64.9505844116211,1867266
2011-03-31,64.67660653538336,65.6142136481749,64.67660653538336,65.2428207397461,1550386
2011-04-01,65.45592360703475,65.778606289287,64.92014523354655,65.21238708496094,1532740
2011-04-04,65.34026502381876,65.68121231682213,64.95060744775272,65.11499786376953,1163985
2011-04-05,64.99321612747613,65.6629342386972,64.87753601843498,65.23674774169922,1194599
2011-04-06,65.39504924306468,65.43158318459106,64.92015738008557,65.34025573730469,793848
2011-04-07,65.07238546579507,65.22459463050949,63.66597396887888,64.76187896728516,3552121
2011-04-08,65.15152202278213,65.27329031484352,64.03126459872813,64.32350158691406,1590886
2011-04-11,64.32349754422607,64.88362868989256,64.01299607239874,64.38438415527344,1422294
2011-04-12,64.09214935777787,64.4270084737833,63.647698279878796,63.78164291381836,1410495
2011-04-13,63.92775389736389,64.29305379636175,63.787721117287944,63.958194732666016,1082028
2011-04-14,63.73295362349776,65.61425726517311,63.574656277638546,65.41942596435547,1812947
2011-04-15,65.51072497026342,66.46050863258476,65.37069219390612,66.1987075805664,1868010
2011-04-18,65.8638599285032,65.97345188933996,65.34635083945705,65.78471374511719,1282616
2011-04-19,65.79686516856974,66.22913974260639,65.46200618258015,65.9795150756836,1280065
2011-04-20,66.75276166297868,66.75276166297868,65.83950684958869,66.74058532714844,1340018
2011-04-21,66.97191822781488,67.35548749113461,66.36917499291569,67.25807189941406,1315463
2011-04-25,67.26416207373018,68.40877185661859,66.83797563654451,68.02520751953125,1287931
2011-04-26,68.22003909677079,68.5548981315273,67.67208929562898,68.20177459716797,1384026
2011-04-27,68.46968513463688,69.2489953822792,68.09829204726596,69.07852172851562,1561653
2011-04-28,69.0480420052628,70.46662899157549,69.0480420052628,69.98564910888672,2041066
2011-04-29,70.07699305774472,70.52753221951357,68.81061484636676,69.73604583740234,1488200
2011-05-02,70.07696824461978,70.64318731420055,69.58990025406703,70.41791534423828,1369994
2011-05-03,70.62494228664636,71.3616351605989,69.66298230257529,70.66756439208984,2362518
2011-05-04,70.5214643073952,70.86849979428553,70.08918952209437,70.3753433227539,1906384
2011-05-05,69.99785360404317,70.68584126382567,69.71170477561856,70.16223907470703,1391999
2011-05-06,70.90499907797997,70.90499907797997,69.62035653561777,69.9613037109375,1680178
2011-05-09,70.0404476628736,70.75278277120196,69.76647034227736,70.47271728515625,949472
2011-05-10,70.70411100139451,71.51386207887995,70.54581368690064,71.47733306884766,1426759
2011-05-11,71.25206960756714,71.51995892233916,70.98418523048294,71.05115509033203,1884593
2011-05-12,70.69800595848714,71.23986762436024,70.26573129655415,71.20333862304688,1594500
2011-05-13,71.55315324956464,71.56541877026677,70.67000591589542,70.69454193115234,1638933
2011-05-16,70.70068384613315,71.60835736488343,70.49829278063622,71.04412841796875,1012295
2011-05-17,70.87853876699361,70.97053018400723,70.30817208609601,70.87240600585938,1450251
2011-05-18,70.86014476166842,71.56543223010001,70.37564168125233,71.54090118408203,1178336
2011-05-19,71.8352949836902,71.90275537085118,70.8724214329026,71.28945922851562,1490007
2011-05-20,71.16066928481622,71.34465712775118,70.15486145019531,70.15486145019531,2494330
2011-05-23,69.38208641919485,69.81752732547659,69.09384170897577,69.30236053466797,1991743
2011-05-24,69.43729943919048,70.38790731703217,69.35756856565067,69.90340423583984,1434625
2011-05-25,69.7684623102624,70.52281169679837,69.3207559021017,70.20390319824219,1476507
2011-05-26,69.94019773021276,71.19132081496157,69.59675315280198,70.95213317871094,1418786
2011-05-27,71.17904792195138,71.44889436262986,70.70067767283828,71.29557037353516,1150166
2011-05-31,71.88434761505259,72.43018329833133,71.51023920600026,72.40564727783203,2593295
2011-06-01,72.35655137186747,72.35655137186747,70.46146921783667,70.65772247314453,2641768
2011-06-02,70.64547175307408,71.30169697705378,70.1732343053496,70.17936706542969,1744915
2011-06-03,69.35142265716257,71.20970872996976,69.35142265716257,70.73133850097656,1652434
2011-06-06,70.63934253974966,70.86626462181161,69.85432434082031,69.85432434082031,1378073
2011-06-07,70.13032046894467,71.36304530803764,69.87886730243734,70.5228271484375,1701544
2011-06-08,70.26525380138663,71.00734288452664,70.20392618040569,70.4492416381836,1627666
2011-06-09,70.64547127843835,70.78039697314632,69.40048617357691,69.66419982910156,2002479
2011-06-10,69.33301666062943,69.63353183212793,67.91017165268956,68.00830078125,2651335
2011-06-13,68.06965414355696,68.92827066536971,67.52382340482855,68.46216583251953,1754163
2011-06-14,69.2716956283511,69.62127291033086,68.69519626940018,69.54154205322266,2135780
2011-06-15,68.9896020333804,69.1735898769492,67.65261508209967,68.30884552001953,1989723
2011-06-16,68.14322624670456,69.25329561508262,67.98377448418236,69.0202407836914,2339876
2011-06-17,69.69488293199142,70.05059306046931,69.20424707143651,69.9156723022461,2678866
2011-06-20,69.58447108373886,70.78039405905191,69.48634195330428,70.56574249267578,1265502
2011-06-21,70.98280301752563,71.06253389433637,70.03832786245151,70.50443267822266,1521047
2011-06-22,70.1977867391939,70.8969414472706,70.00152842302008,70.05059051513672,1317695
2011-06-23,69.13676020572869,69.19195504022008,67.64031717655439,68.67678833007812,2540783
2011-06-24,68.67679878794078,69.30849299649752,68.36401806382332,68.95891571044922,2173835
2011-06-27,69.1981041112261,69.9033964763517,68.91598716517586,69.76847076416016,1226808
2011-06-28,69.97698210793345,70.11804056584337,69.36368619488248,69.940185546875,1675607
2011-06-29,70.27135286946778,71.11156574330833,69.94630668641511,70.98277282714844,1346290
2011-06-30,71.05639280392805,71.4979665208779,70.47376060904199,71.28330993652344,1918396
2011-07-01,71.12997959845073,72.7858796460003,71.07478475394511,72.71841430664062,1647331
2011-07-05,72.70616563133885,73.28266514738121,72.3075261587296,73.12934112548828,1653071
2011-07-06,72.82881746854532,73.83462015114067,72.58962983340243,73.73649597167969,1730670
2011-07-07,74.25778988129012,74.6380309951425,73.82848170763039,74.56443786621094,1687619
2011-07-08,73.77940042557782,74.42949279074266,73.3132958087245,74.3129653930664,1263801
2011-07-11,73.50957975654883,73.72423636404811,72.92081971098733,73.08027648925781,1254340
2011-07-12,72.73683070529874,74.13514521240606,72.73683070529874,73.1354751586914,1355644
2011-07-13,73.35625014414019,73.65676539263191,72.46697489499945,72.47924041748047,1531464
2011-07-14,72.78591117430969,72.98216456919259,71.85983409445433,72.0744857788086,1211076
2011-07-15,72.30135406649559,72.87784829508409,71.80458569951828,72.85331726074219,1337679
2011-07-18,72.72455827374797,72.76749257772117,71.60222811221674,72.28298950195312,1376585
2011-07-19,72.57123154975349,73.8468856735733,72.39950926184339,73.73649597167969,1765430
2011-07-20,74.20259193280592,74.20259193280592,73.4666358049895,73.9020767211914,1348097
2011-07-21,74.3804308548631,74.78520290712534,73.97565382874916,74.37429809570312,1563886
2011-07-22,74.45404206810966,74.86495195329537,73.99407009771475,74.73002624511719,1027283
2011-07-25,73.77940510619412,74.300704588457,73.48502270067918,73.8836669921875,1179824
2011-07-26,74.06151814826956,75.72967839446115,73.76100299881594,75.06118774414062,1790730
2011-07-27,74.71775670989922,74.99987363240227,73.00666186776846,73.11092376708984,2020550
2011-07-28,73.27651779062637,74.6748319949185,72.57735820155382,73.9879379272461,1600028
2011-07-29,73.35623483314804,74.00019452440708,72.43629596981539,73.908203125,2224540
2011-08-01,74.71162036828368,75.23291989219686,72.77360851329613,73.43596649169922,2484337
2011-08-02,72.91467372291106,73.33784415173267,71.00732549135725,71.01345825195312,2546098
2011-08-03,70.97053133870962,71.12385534341355,68.86692957534615,70.78041076660156,2029480
2011-08-04,69.92178279353581,70.24069625001361,67.87337636556653,68.01443481445312,3472927
2011-08-05,68.87917749137114,68.89757577037037,65.5489845416183,66.75104522705078,3590708
2011-08-08,64.87437658517197,65.83724992599691,61.084210833190994,61.170074462890625,5508466
2011-08-09,62.07774827179958,68.21683617397926,61.31113323129388,68.12483978271484,6481749
2011-08-10,66.22362633565893,69.33303061707957,65.51220120155601,66.16842651367188,5127274
2011-08-11,66.35241993800439,71.49797090950568,66.21136145140986,70.24071502685547,4905320
2011-08-12,70.6516211528095,71.755553044188,69.47409612313746,70.07512664794922,2170859
2011-08-15,70.89096715417024,71.74365909004217,70.42754620761106,71.69422912597656,2560873
2011-08-16,70.45228632524001,72.79410186442134,69.90235773421735,72.44808197021484,3354190
2011-08-17,72.94856238682631,73.45523965230572,72.07115531442936,72.6519775390625,2398660
2011-08-18,70.5573016801267,71.10105134344202,68.81484529046556,69.642822265625,4287504
2011-08-19,68.93842331867603,70.32250751102288,67.96833013818846,68.12898254394531,3322300
2011-08-22,69.60575781237746,69.60575781237746,67.51109749406379,68.25875091552734,2398766
2011-08-23,68.3390837457131,70.25455551018628,67.96834388052031,70.2298355102539,1866947
2011-08-24,69.9950555297895,71.64483155323165,69.42041185293965,71.33588409423828,2332647
2011-08-25,71.78072927921042,72.73228612408546,69.2350060324615,70.03208923339844,2450640
2011-08-26,69.69226159642325,71.29878579729336,67.95597870795426,71.15666961669922,2351888
2011-08-29,72.08968622276235,72.50367724753364,71.06398429676572,72.42952728271484,2062752
2011-08-30,72.16383550489638,72.50368159638172,70.9280511248951,71.87960815429688,2188717
2011-08-31,72.27506308134173,72.89295782075816,71.44708593453741,72.60254669189453,2642937
2011-09-01,72.8311737419766,73.49231974081047,72.1576652375216,72.57783508300781,2668449
2011-09-02,70.91571161226739,71.97848634830774,70.61294293422388,70.80448913574219,2185209
2011-09-06,68.92610149122106,72.26891001205216,68.67276776518453,71.76223754882812,2917404
2011-09-07,73.03505578313722,73.82596025085311,71.79308786733483,73.76416778564453,3230032
2011-09-08,73.41816305176057,74.14110146801941,72.68905089997963,73.3501968383789,1855573
2011-09-09,72.39247833168014,73.0165519391412,70.59440749821275,71.57685852050781,2536212
2011-09-12,70.4769943046959,71.77457128445587,69.97650075631557,71.71278381347656,2344021
2011-09-13,71.8672527866674,72.05262019859217,70.62528461227774,71.8919677734375,2409396
2011-09-14,72.31830434031153,72.485135496063,70.69942275156811,71.9846420288086,2269930
2011-09-15,72.5284172606534,73.60354952677696,72.0711748551197,73.5788345336914,2674614
2011-09-16,73.7332750205931,74.61686569207588,72.6210657549553,74.57978820800781,2978420
2011-09-19,73.31313709382363,74.17200808604315,72.89296721375553,73.42435455322266,2226772
2011-09-20,73.78273290056386,74.87640125810934,73.16483811548646,73.88777160644531,1931471
2011-09-21,74.0916979093161,74.2523453800366,69.2041522044154,69.51309967041016,3575613
2011-09-22,67.99925534633871,69.6984612544843,67.52347668982789,68.47502899169922,4510415
2011-09-23,67.84474714266183,70.08770698711531,67.35661621264853,69.642822265625,2862659
2011-09-26,69.84055508481991,70.23600487481926,68.69127318189523,70.13096618652344,2681630
2011-09-27,71.26172264425043,71.82400368256565,69.72934320081099,70.19276428222656,2458825
2011-09-28,70.35342039328519,70.80448400361779,68.62949468227556,68.7530746459961,2447239
2011-09-29,69.99503494702626,70.1309723903476,68.58005680270966,69.56250762939453,2064771
2011-09-30,68.70360863205214,70.06915123097245,67.93124052781918,67.9559555053711,3697114
2011-10-03,67.38752686790404,69.32771362856629,65.79953872104238,65.80571746826172,5539931
2011-10-04,64.9344856842907,68.64802811338261,63.84081232078721,68.45648193359375,4996100
2011-10-05,68.17843276706473,68.32054395560921,65.58327369975464,67.59761047363281,4149952
2011-10-06,67.49256760854156,69.64902060929231,66.31857052337485,69.55015563964844,2826517
2011-10-07,69.90855098894997,70.1001022300905,67.58527121079285,67.65941619873047,2700445
2011-10-10,69.08055689234892,70.86009129594434,68.8951894561004,70.81066131591797,2481042
2011-10-11,70.27926705500204,70.74268810542148,69.24120249894074,69.72315979003906,1882360
2011-10-12,70.20512744950447,71.97230444452026,69.64902511356169,71.19993591308594,2118665
2011-10-13,70.61293373399228,70.65618496489179,69.09909054101496,69.9394302368164,1658705
2011-10-14,70.69324258006118,71.80545193302795,70.43373023809625,71.60772705078125,1445786
2011-10-17,71.30497484406905,71.44709104519242,69.67373542156965,69.78495788574219,2143433
2011-10-18,70.03212709512118,72.69525295371395,69.80350838384481,72.42337799072266,2257281
2011-10-19,72.41101272992752,72.75703263964513,71.13815055486982,71.40384674072266,2211572
2011-10-20,71.29263023519255,72.25654506918016,70.31635790419102,72.13296508789062,1849726
2011-10-21,73.08448669990004,74.61686569207588,72.4604133611537,74.57978820800781,3050172
2011-10-24,74.53035340532907,76.16159221938568,73.98043005927389,75.92061614990234,2569590
2011-10-25,75.39543885005382,76.16780234857966,74.65396407853531,74.8331527709961,2251966
2011-10-26,75.24094222879441,76.77949502070214,75.03085485102204,76.36550903320312,2327757
2011-10-27,77.84229697531713,80.38802114175041,77.55806456600376,79.77012634277344,2987774
2011-10-28,78.76913118473999,80.01727815119004,78.44782632275181,79.9740219116211,2303202
2011-10-31,78.86182632411358,80.22737473444302,78.65792262866803,79.36231994628906,2339450
2011-11-01,77.31710859519256,79.92462091812288,76.74864362808782,77.45304107666016,3507050
2011-11-02,78.76295413664903,79.38702763333461,77.13788853975683,78.89270782470703,2197221
2011-11-03,79.3252454164083,80.25826640864486,77.7557933510309,79.95549774169922,2108673
2011-11-04,79.35612029939078,79.81954131146794,77.79903111085211,79.60945892333984,1520090
2011-11-07,79.67742976772459,80.74020928523929,78.81855891496467,80.19646453857422,1111579
2011-11-08,80.48688659878154,81.07388770012504,78.69499456607245,80.82054901123047,1803486
2011-11-09,79.30052199372373,79.39938695996088,77.1131753313154,77.35415649414062,2515164
2011-11-10,78.51577091006122,78.59609960900467,76.97103449482076,77.7557601928711,1451633
2011-11-11,78.86182721587137,79.23874588212989,77.87937620443786,79.07191467285156,1964424
2011-11-14,78.70878104186363,79.100984288622,77.30804578406362,77.81230926513672,1604492
2011-11-15,77.66289524804371,79.26284473094115,77.49480742546552,78.61539459228516,1642654
2011-11-16,78.00529976050487,78.69010670696464,77.0278992197572,77.10260772705078,1630536
2011-11-17,76.93451867695437,77.26446904410541,75.56490985464565,76.01937103271484,1702501
2011-11-18,76.52983428127273,76.8971362545367,75.60846165620649,76.70414733886719,1519346
2011-11-21,74.99839678855058,75.90108884738514,74.13305141106956,74.39452362060547,1751186
2011-11-22,74.17661640792198,74.80538553576883,73.40465558261523,74.1454849243164,1266033
2011-11-23,73.32994654843667,73.49180905663236,72.03504648287118,72.07862854003906,1642441
2011-11-25,71.98522774852024,73.79684135943774,71.72375566080295,72.42101287841797,826057
2011-11-28,74.59997044938117,74.77428358974541,73.08095449795108,73.80310821533203,1939444
2011-11-29,74.04587768165926,74.39450383572782,73.57896603102999,74.1952896118164,1525937
2011-11-30,76.51740733873363,77.58196692001823,75.50888039787161,77.40765380859375,3091629
2011-12-01,77.09014432315739,77.30180913562721,75.98200786570712,76.57342529296875,1349160
2011-12-02,77.37030441097721,77.81854033263018,76.38667852809465,76.44893646240234,1700694
2011-12-05,77.32670937892424,77.46989603091387,76.0380345599121,76.55474853515625,1648182
2011-12-06,76.52985876891046,76.79133096341357,75.9135350596498,76.47383117675781,1329175
2011-12-07,76.02558324231157,77.62553249802218,75.62715477458876,77.38273620605469,1286762
2011-12-08,76.73527569297723,76.84733589313113,75.39057348670605,75.63959503173828,1483523
2011-12-09,76.10028668667412,77.85587316703464,75.77656671220846,77.38273620605469,1816029
2011-12-12,76.71661003130887,76.72283531831744,75.12911640407695,75.79524230957031,1747359
2011-12-13,76.29329257866229,76.69794639651217,74.50657938455204,75.0419692993164,1614166
2011-12-14,74.89230101491354,76.07711185649745,74.5992161213157,75.1479721069336,1756714
2011-12-15,75.85885614296559,76.8690591502808,75.48470800483834,76.2330093383789,1429310
2011-12-16,76.98128879437681,77.9291352573303,76.46371613635594,76.9126968383789,2416305
2011-12-19,77.3305111874463,77.9166809865964,76.74434644558227,76.86282348632812,1450038
2011-12-20,77.91045259317526,79.55047498771663,77.83561992425331,79.36963653564453,2004393
2011-12-21,79.13267173346019,79.71884158275701,78.47167427308027,79.59412384033203,1629792
2011-12-22,79.89342926079577,80.74773627855022,79.66894141279664,80.47959899902344,2447132
2011-12-23,80.69162559057354,81.25908849996819,80.37359814970726,81.2279052734375,947452
2011-12-27,81.27778442048084,82.26304477921057,80.78515424111598,81.68934631347656,1333959
2011-12-28,82.01361764433763,82.01361764433763,80.42348049391637,80.46089935302734,1200340
2011-12-29,80.46092705620018,81.3775908029547,80.29255983273198,80.95979309082031,1279746
2011-12-30,81.20296395793659,81.50852013569536,80.40477752685547,80.40477752685547,1083197
2012-01-03,81.81408966493574,82.49379410474461,79.63778731909791,80.67916870117188,2272163
2012-01-04,80.0680485903174,80.5045581676555,79.17009195547186,79.28233337402344,1672843
2012-01-05,79.10772879678281,80.51702764730634,78.90194781005742,79.70013427734375,2244206
2012-01-06,79.68764793586809,79.96202590446063,78.98923680558039,79.08277130126953,1792643
2012-01-09,78.83335743071551,79.5317687072582,78.73981785815263,79.02043151855469,1225320
2012-01-10,79.70636322180857,80.16157965391741,79.39457142213325,79.49434661865234,1458011
2012-01-11,79.0578213999745,79.9931966133912,78.9580462232541,79.84353637695312,1226277
2012-01-12,80.22395317645487,80.24266008156845,78.54028114336201,79.20127868652344,1462688
2012-01-13,78.44050227532063,79.15138992299163,78.27837071459383,79.14514923095703,1258273
2012-01-17,79.19505018720263,80.44221776544482,79.19505018720263,79.94335174560547,1403160
2012-01-18,79.99946069381161,80.5981018524418,79.77496773068187,80.1179428100586,1420168
2012-01-19,80.29876991866443,82.01985542042985,80.01192064927481,81.82654571533203,2206150
2012-01-20,81.91385517632595,82.25058953885357,81.37133476991976,82.1009292602539,2411734
2012-01-23,82.08843472913398,82.69954693879501,81.583333328481,82.08219909667969,1201722
2012-01-24,81.73922806541742,83.39795684814453,81.57709656656549,83.39795684814453,1663808
2012-01-25,83.12358216760789,84.71995468922897,82.8554398507052,84.68254089355469,1907554
2012-01-26,84.9880910519682,85.61167453576626,84.4580471136539,85.13775634765625,1608851
2012-01-27,84.95068433372649,85.44331451780117,84.4081690851234,85.23753356933594,1374991
2012-01-30,84.6201783730236,84.81349309597998,83.93423856573871,84.50170135498047,1274962
2012-01-31,84.76984813956649,84.95692725102295,84.00284502319484,84.71996307373047,2205831
2012-02-01,85.3123740425646,85.67405092955558,84.54537083053218,85.11906433105469,1411877
2012-02-02,85.14401117719775,85.87984637101577,84.58902455060264,85.71147918701172,1417829
2012-02-03,86.6468504072246,87.07089379891944,85.35603861434457,86.5096664428711,1840266
2012-02-06,86.33504321149366,86.37868758454024,85.18140560857915,85.7551040649414,1247856
2012-02-07,85.56803711484028,85.98582958667801,85.32483225391601,85.73016357421875,1411133
2012-02-08,85.62415983085795,86.1417325888863,84.91327737492577,85.82994079589844,1155587
2012-02-09,85.78005902443246,86.24151615536864,84.61396010133443,85.99208068847656,1341825
2012-02-10,85.06295957753382,85.7177164040144,84.63268560406573,85.28121185302734,1574516
2012-02-13,86.30508559619517,86.35534175301322,85.51353074668523,85.99097442626953,821486
2012-02-14,85.72711425487445,85.75852944590186,84.76593474412591,85.2999267578125,976259
2012-02-15,85.61405948987884,86.08522633518542,85.06122127916356,85.48213195800781,1063000
2012-02-16,85.48210294613796,86.82020858840819,85.40671362712352,86.65058898925781,1635107
2012-02-17,86.81397051984123,86.99615423788278,85.97214907108656,86.54383850097656,1206930
2012-02-21,86.75742553156375,86.88307614866487,84.68429734246,85.31880187988281,1459499
2012-02-22,85.16803446499684,85.60150925537405,84.44558157594301,84.74712371826172,987208
2012-02-23,84.80993974233323,85.30623469656287,84.39531106283253,85.29367065429688,1201934
2012-02-24,85.56380767086324,86.27997845896932,84.82878572446857,85.85279083251953,856140
2012-02-27,85.07380207907669,86.22973489467145,84.63405034609177,85.95331573486328,928318
2012-02-28,86.09776122925479,86.44327735161967,85.31248341959186,85.62659454345703,1077244
2012-02-29,85.85906669225322,86.53754534516982,84.93557902861252,85.11148071289062,1356388
2012-03-01,85.29993481829436,85.78366562899127,84.93556238413727,85.6894302368164,971795
2012-03-02,85.81506501391526,86.399318293254,85.67686058697156,86.2234115600586,1032173
2012-03-05,86.23600052669391,86.98358652670355,85.75855672397262,86.9521713256836,1213840
2012-03-06,86.27996944294802,86.81395646766391,85.82764358944183,85.90303802490234,1417192
2012-03-07,86.5187058300984,86.9019142154281,85.4947007175678,86.83281707763672,1219048
2012-03-08,86.53126383541132,86.88934411114113,84.95442568657596,86.84537506103516,2344872
2012-03-09,86.09778713698921,86.21715062275308,85.68316358946221,85.72085571289062,4735452
2012-03-12,86.02242640351695,87.92593520093673,85.71459202665311,87.41707611083984,3462829
2012-03-13,88.22115348051018,88.98130329125757,87.52383405265087,88.5478286743164,2516865
2012-03-14,88.64838615905884,89.13839404824873,87.9510562661787,88.6546630859375,1502763
2012-03-15,88.91222207120263,89.13838502244487,88.33426593551856,88.70491027832031,1837396
2012-03-16,88.88706761543304,89.28913722942482,88.54782838412343,89.14464569091797,5181594
2012-03-19,88.98760761697383,90.4639282939514,88.78657277043602,90.2000732421875,1848344
2012-03-20,89.65350833222632,90.47019125372316,89.4713246702871,90.1498031616211,1525618
2012-03-21,90.23148279265065,91.02303770858929,89.91737159636425,90.60212707519531,1521578
2012-03-22,90.00534204758159,90.00534204758159,89.01275205319982,89.69123077392578,1904365
2012-03-23,89.95506487443022,90.69636363887015,89.39593960118133,90.2251968383789,1335234
2012-03-26,91.02308330704659,91.15501089076174,90.13729255051813,90.80320739746094,1595882
2012-03-27,90.97905684320979,91.73292981468241,90.47648505204154,90.8534164428711,1136772
2012-03-28,90.45764783949059,91.17381861143285,89.40851467061044,90.63983154296875,1647969
2012-03-29,90.27545753920145,91.03560749740022,89.72261935327248,90.92253112792969,1392105
2012-03-30,91.50046647473869,91.93394107755078,90.76545495499155,91.51931762695312,1857911
2012-04-02,91.61984758368715,92.398848671951,91.31202349343923,92.3108901977539,1534653
2012-04-03,92.02191848432619,92.43655225603233,91.60101797625084,92.0973129272461,978066
2012-04-04,91.28058914053854,91.97791872348161,90.69634608931219,91.50675201416016,1590035
2012-04-05,91.34344108949519,91.97795070310242,90.91625345951469,91.58845520019531,1154099
2012-04-09,90.45136059446526,91.45022729169524,89.86083030959625,90.87226104736328,1193749
2012-04-10,90.9602241233785,91.60101060281846,88.93106524018286,89.0378646850586,1407731
2012-04-11,89.86084969768325,90.26290927142972,89.31429853167873,90.06187438964844,1245517
2012-04-12,90.16237838486344,91.55075073242188,89.34568517224767,91.55075073242188,1196300
2012-04-13,91.2492161147412,91.63871161870699,90.77804924032006,90.92881774902344,1134965
2012-04-16,91.40628259197378,93.37889862060547,91.12357631986688,93.37889862060547,2587555
2012-04-17,93.67414895135597,94.27724337433904,92.75694327431157,93.93171691894531,1751186
2012-04-18,93.48566690664633,94.13901735030583,93.29719612143896,93.61758422851562,1045992
2012-04-19,93.75580222717717,93.87516570346003,92.53077264870683,93.0145034790039,1028240
2012-04-20,93.04589308074901,94.72324820637563,93.04589308074901,94.30233764648438,1571539
2012-04-23,93.5547936629003,93.90032014861924,92.41143511925168,93.3663330078125,1627453
2012-04-24,93.56105790729451,94.81750272665619,93.38515114906575,94.77980041503906,1470129
2012-04-25,95.5964972336435,95.9294494170521,94.88660343834047,95.91688537597656,1404329
2012-04-26,95.8917888244635,96.0739725748705,95.20703307596804,95.60909271240234,1754056
2012-04-27,96.8780887419893,97.95235012409815,96.45717800060187,97.58169555664062,1933066
2012-04-30,97.65080753261614,97.83926819381195,96.6959096131071,97.7513198852539,1390510
2012-05-01,97.75131245286278,99.63598006042322,97.56285180599633,98.99519348144531,1645205
2012-05-02,98.68107789342616,99.05173243409419,97.73874413089973,98.6245346069336,1456523
2012-05-03,98.65595579258802,98.93237493580743,97.6633657995551,97.69477081298828,1565055
2012-05-04,97.38063725252404,97.66334344761762,96.4634419192423,96.8655014038086,1499574
2012-05-07,96.35666811278351,97.76388177801313,96.21217651413792,97.41836547851562,1034831
2012-05-08,96.89692079837535,97.73874220370774,96.67076803649543,97.63194274902344,1197576
2012-05-09,96.78383227596593,98.27271695906482,96.67075590921134,97.19845581054688,1345014
2012-05-10,98.0465463174163,98.0465463174163,96.9408802489683,97.33037567138672,922259
2012-05-11,97.09169681265213,98.25390660856588,96.62052985297217,98.05287170410156,1176103
2012-05-14,97.3869367291938,98.63081765197806,97.0351333618164,97.0351333618164,1884274
2012-05-15,97.40392555149616,97.55573884393058,96.32221993140296,96.95479583740234,1404542
2012-05-16,97.54308440316824,97.58736840882908,94.89892090019625,95.10134887695312,2060413
2012-05-17,94.94952812478496,95.2215423297525,92.54574584960938,92.54574584960938,1880234
2012-05-18,92.792451963965,93.43135858120188,91.04654772457766,91.30590057373047,2168095
2012-05-21,91.55262762638597,93.43137394138425,91.54629694101054,93.28588104248047,1380731
2012-05-22,93.4882769053982,94.19043901477468,92.9885530345873,93.4819564819336,1054071
2012-05-23,93.03916496668919,93.65908979802276,91.70442686097972,93.56420135498047,1055559
2012-05-24,93.81088616808603,94.41182909818492,92.94425974958914,94.27266693115234,968499
2012-05-25,94.17146866564218,94.7471094482454,93.35544657981406,93.69703674316406,841896
2012-05-29,93.99433242280178,95.09500943525732,93.8741417845865,94.98748016357422,1150804
2012-05-30,94.2979747455437,94.2979747455437,92.4445311603325,92.46983337402344,1708985
2012-05-31,92.46982971923582,94.19676216773686,91.48933306596977,93.31747436523438,2197221
2012-06-01,91.48933576861198,92.62164573147238,90.58475598712371,90.78085327148438,1700694
2012-06-04,90.97061369553501,91.22364604462595,89.87625725056756,90.66697692871094,1736836
2012-06-05,90.40762801100185,92.77977688611321,89.95849839383942,92.45716857910156,1465983
2012-06-06,93.45030973068548,94.34856900115376,92.36861456094788,94.32959747314453,1627134
2012-06-07,93.91210121483584,95.31009470239327,93.84252525694102,94.120849609375,947771
2012-06-08,94.08921856983257,95.27213287353516,93.91842351133235,95.27213287353516,940330
2012-06-11,95.91737643978048,95.9426786557706,93.2985150013779,93.44400787353516,1543157
2012-06-12,92.90630643130753,94.27266693115234,92.62797183681568,94.27266693115234,1106689
2012-06-13,93.80455011680213,94.50671211589703,92.84936601030915,93.19095611572266,1297179
2012-06-14,93.41868945310274,94.25368295679465,93.08975044186091,93.77925109863281,1766493
2012-06-15,94.39919146773217,94.56366613085821,93.26056097546233,94.34858703613281,2210083
2012-06-18,94.07657056162198,95.16459647744317,93.69069643140628,94.44978332519531,1469385
2012-06-19,94.80404465790387,96.07552727404277,94.50041804436152,95.677001953125,1385727
2012-06-20,95.80983630063947,96.65116062819193,95.46824612645169,96.32855224609375,1590461
2012-06-21,96.70176451413013,96.75236894551264,94.36756842382918,94.5763168334961,1338636
2012-06-22,95.28479236484411,95.39233190381314,94.17778459851387,95.00013732910156,1821025
2012-06-25,94.47509356357243,95.22784975623645,93.93107548831532,94.83565521240234,926511
2012-06-26,94.80403238196708,95.89206864798923,94.73445642225398,95.18358612060547,1031642
2012-06-27,95.29109485769024,95.83511287341305,94.79769152052047,95.51250457763672,956806
2012-06-28,95.0507441610699,96.1134679498748,94.56366114198087,95.96165466308594,900893
2012-06-29,97.88466525771891,98.5045899759198,97.18883390310812,98.46663665771484,1568350
2012-07-02,99.09920777158132,99.99746704101562,98.4792830828468,99.99746704101562,1571752
2012-07-03,100.06072184593258,100.79450647857215,99.81402016089446,100.26947021484375,850613
2012-07-05,100.00377814071697,100.14927097023684,98.90943196877758,99.21305847167969,1005492
2012-07-06,98.38441229108444,99.81403876715842,98.30218522102791,99.56733703613281,828609
2012-07-09,99.34589977404048,100.45923798831008,99.21938873170309,100.30109405517578,1066614
2012-07-10,100.56682457754675,100.98432147310605,98.68174760180725,99.14984893798828,914712
2012-07-11,99.20041485455886,99.54200495653052,98.4223564915103,99.3775405883789,1286230
2012-07-12,98.85883881697599,99.85830705459783,98.27687763260403,99.2636947631836,1070866
2012-07-13,99.24469094017057,100.38333136290765,99.09919811127,100.30109405517578,1034193
2012-07-16,101.02856904609192,101.02856904609192,100.11132797918296,100.27580261230469,1171532
2012-07-17,100.86411521542972,101.50934225454534,99.70650290352476,101.1108169555664,1410707
2012-07-18,100.75026531629547,101.40181284444996,100.38969330586406,100.74393463134766,914605
2012-07-19,100.71228136608612,101.06019190083887,99.36489244567805,100.02909088134766,1302494
2012-07-20,99.20041492512782,100.1872319160175,98.88412703341604,99.29530334472656,1655623
2012-07-23,98.25789416171447,99.07391620305647,97.86569958968272,98.64376831054688,1275069
2012-07-24,98.83984954493245,101.68010977973084,98.70067713202138,99.6938247680664,1538693
2012-07-25,100.54151557984864,101.38283999954723,98.61215471840612,98.89682006835938,1343207
2012-07-26,100.20623706149101,101.21203607491564,99.97218642957093,100.57946014404297,1078201
2012-07-27,100.9969396494918,102.76814579583545,100.99060896626344,101.51565551757812,1338317
2012-07-30,101.51570151279807,102.28110916505213,101.21838499574177,101.90156555175781,836050
2012-07-31,102.16086120333341,102.16086120333341,101.14242162632716,101.52196502685547,1070654
2012-08-01,102.15458580337983,102.90102182874,101.86360000729722,101.95848846435547,1314293
2012-08-02,101.40811154903221,102.19250060942947,100.45291717406255,102.10394287109375,825101
2012-08-03,103.53989950282288,103.53989950282288,102.306370427948,103.12872314453125,1001452
2012-08-06,103.43236943629668,103.58418273056061,102.24312425618349,102.3380126953125,1080114
2012-08-07,102.66061851155224,102.66694919553584,100.5921059965195,100.82615661621094,1376585
2012-08-08,100.49088220150004,100.71861238704298,99.78239969139683,100.2505111694336,1025264
2012-08-09,100.25049906793966,100.49720075391524,99.08023590475426,99.34590911865234,1341293
2012-08-10,99.08655100582632,99.97847954136292,99.08655100582632,99.757080078125,684147
2012-08-13,99.62424691695179,99.83299529340023,99.1371639517633,99.42182922363281,736234
2012-08-14,99.44079383146753,100.04173670732462,99.44079383146753,99.66219329833984,952554
2012-08-15,100.01015681737839,100.83200111997465,99.88273276769569,100.48159790039062,863475
2012-08-16,100.27136173817429,102.14440539644946,99.72346208295872,101.7494125366211,1566756
2012-08-17,101.67935069970014,101.94055404230308,101.55192662177804,101.838623046875,1075862
2012-08-20,101.90230052631556,101.98512460302959,100.57715663342712,101.34165954589844,1254553
2012-08-21,101.3926280085527,101.7685139572749,100.95304553782573,100.98489379882812,929381
2012-08-22,100.97854330101852,101.42450169046455,100.10573341484326,101.10595703125,1025582
2012-08-23,101.06134614624247,101.37352525205426,99.62152981555478,99.67887115478516,1644461
2012-08-24,99.50046965411047,100.27772423204466,99.41128006330334,100.09933471679688,1470767
2012-08-27,100.2650077634741,101.41176235955702,100.1121009504814,101.12507629394531,1217667
2012-08-28,100.7619211200013,101.18239672790587,100.30958691541032,101.0358657836914,925235
2012-08-29,101.16967686381254,101.2461251117502,100.36057373904603,100.5389633178711,1184926
2012-08-30,100.25223717014464,100.50070940274384,99.88910293326508,100.28409576416016,1087236
2012-08-31,100.53895043126614,101.1632983766721,99.70436466416032,101.10595703125,2286726
2012-09-04,101.10594352890223,101.303439951204,100.17579242152333,101.13780212402344,1220643
2012-09-05,101.30982494243564,101.43723866714494,100.02927050774782,100.62813568115234,1426759
2012-09-06,100.9976429104496,101.73666315977061,100.94667742203231,101.2015151977539,1333852
2012-09-07,101.47544938791985,101.7048043957529,101.07408070762054,101.32891845703125,938416
2012-09-10,101.6856873242902,101.6856873242902,99.39854409566492,99.51959228515625,1520728
2012-09-11,99.653402929539,100.5644369691346,99.1373618021902,100.49435424804688,1229466
2012-09-12,100.60264880383926,101.21425532459227,100.06749051477163,101.0358657836914,1130501
2012-09-13,100.83202251070288,103.176507718793,100.78105701347175,102.99175262451172,1703670
2012-09-14,103.15733996493314,104.32321131079053,102.99170218005995,103.6542739868164,1544008
2012-09-17,103.71805260020105,104.59086275086764,103.6925698464326,104.1831283569336,1028240
2012-09-18,103.90275536591005,104.14485173833513,102.73688380085478,103.01720428466797,1231698
2012-09-19,103.00447279460298,103.2401933375906,102.36100769042969,102.36100769042969,1018460
2012-09-20,99.3858404843513,99.53873699213487,98.78697516158971,99.31575775146484,4632660
2012-09-21,99.6279375795011,99.92736507593887,99.09914465267497,99.50688934326172,2721918
2012-09-24,99.38582323165981,99.66614378090595,98.93348897419855,98.95260620117188,1643823
2012-09-25,99.3730761438703,99.49412435137741,96.92028439605718,97.08592224121094,2356352
2012-09-26,96.88840822762216,97.56372152575045,96.1047881143314,96.28954315185547,1819325
2012-09-27,96.79286425887636,97.92051195662616,96.62085055358017,96.79924011230469,1585677
2012-09-28,96.30233080487301,97.2515890876321,96.20038947003648,96.7164306640625,1572071
2012-10-01,96.97123407262451,97.11776500164333,95.26383874053752,96.32140350341797,1540925
2012-10-02,96.62085621604443,97.20061456564883,96.27682878529029,96.99674224853516,1038976
2012-10-03,97.16237306854227,98.2900206307246,96.99672490295282,97.42357635498047,1286868
2012-10-04,97.84405417262539,98.29002285911447,96.69729969372848,97.21334075927734,1265608
2012-10-05,97.62746445619365,97.94599880003273,96.65271319631846,97.28980255126953,836900
2012-10-08,97.27068304756264,97.48093121003104,96.51255582651208,97.39173126220703,975940
2012-10-09,97.59560243665197,98.23269176928865,96.97125447732259,96.99037170410156,1033980
2012-10-10,96.96486736541318,97.7166288904137,96.92026740195111,97.50001525878906,734108
2012-10-11,97.945998882487,98.29640216145967,97.47455771957183,97.50641632080078,940436
2012-10-12,97.51914958042276,97.66568053333812,96.9585085141696,97.08592224121094,1199170
2012-10-15,97.26431643609419,97.7867334091751,96.60810987641494,97.5510025024414,1182269
2012-10-16,98.27091354366941,98.5257513373688,97.74213106358378,98.0988998413086,837750
2012-10-17,97.64016558109347,97.76120341504034,96.84380421567764,97.37895202636719,1408050
2012-10-18,97.34715145247354,98.72326125916709,96.99038262605808,98.62133026123047,1274856
2012-10-19,98.2963822886666,99.61516070801437,97.69115165676895,97.81856536865234,1679221
2012-10-22,97.00310806952352,98.23905221743202,96.34053602447823,97.43632507324219,1052370
2012-10-23,96.23225962685805,96.74192502767272,95.44863912697811,96.21314239501953,1213415
2012-10-24,96.22583833842089,96.78010346273516,95.78624555007835,96.30866241455078,1069378
2012-10-25,96.77376692226868,98.086169828135,95.4231398929659,96.49344635009766,1431648
2012-10-26,96.49982897160001,96.67820822681303,95.37218108341415,95.75443267822266,1249025
2012-10-31,96.60811541014203,97.21972203144271,95.82450540608953,96.97126007080078,1392211
2012-11-01,96.93938632607792,97.68478242520288,96.10480062258954,97.18785858154297,1025157
2012-11-02,98.39832699742232,99.65976425573845,98.39832699742232,99.22654724121094,1908404
2012-11-05,98.37920189197226,99.16918753697382,97.80581954731706,98.57669830322266,1072780
2012-11-06,98.7487214211589,99.30936244884552,98.36009407996309,99.0608901977539,902274
2012-11-07,98.60220514050133,99.41767372600145,98.16898810030666,99.19469451904297,1777549
2012-11-08,98.97808300230554,99.43040689895892,98.21356964111328,98.21356964111328,1534122
2012-11-09,97.49366224698278,98.0670343253217,96.68455928425738,96.83745574951172,1350860
2012-11-12,97.03495280621911,97.37261466960717,96.26407395486376,96.92028045654297,974771
2012-11-13,96.48071005697115,97.44908556927383,96.47434453621501,96.7164306640625,690844
2012-11-14,97.31304606078896,97.40935330638465,94.73206811359196,95.1172866821289,1341187
2012-11-15,95.2071847969007,95.99688768310372,93.78187272645619,94.20561218261719,1011126
2012-11-16,94.18635555980039,94.49453254523384,93.22972912588352,94.32759857177734,1976117
2012-11-19,95.2521243617509,95.77859638735016,94.75134329623774,95.63092803955078,1130288
2012-11-20,95.77860446817262,96.5554670920722,94.9824762260447,96.54904174804688,1055984
2012-11-21,96.61965459798523,96.8186840264942,95.84920701482396,96.43988037109375,994437
2012-11-23,96.80587467155543,97.49284508300646,96.60684517948134,97.34517669677734,360038
2012-11-26,96.83794318215419,98.23115965245027,96.83794318215419,97.68543243408203,1219261
2012-11-27,97.24882922253752,97.53774049949267,95.81709227985287,96.95990753173828,1722485
2012-11-28,96.78017712007114,97.01772739980544,96.10603668963851,96.45915985107422,1568988
2012-11-29,96.7608919742389,97.4286069258912,96.07392182208746,97.10758972167969,1450782
2012-11-30,97.42223207425097,98.3018170763084,97.03700293964636,97.67262268066406,2044043
2012-12-03,97.95507050185813,98.87317587830097,97.79456191349678,98.12199401855469,1273368
2012-12-04,97.91657256576319,98.87319897724021,97.56987476701406,97.94225311279297,881440
2012-12-05,98.12844511595345,98.12844511595345,97.0305652502999,97.76248168945312,1089150
2012-12-06,98.4109377656582,99.35472389449811,98.39809749226742,99.13642883300781,1272411
2012-12-07,99.51521645494877,100.01599745019959,99.12999790156076,99.93254089355469,1137835
2012-12-10,99.97107553848157,100.49112221958053,99.52807049594985,100.18294525146484,1310679
2012-12-11,102.06412285595773,102.4621818149849,99.97109544176575,100.61954498291016,1453971
2012-12-12,100.52967076609148,100.94699537753701,99.77848854825946,100.41410827636719,1200233
2012-12-13,98.99517338552411,99.64362273104193,98.49438195852136,98.86676025390625,2542271
2012-12-14,99.05297230605997,99.50239228878016,98.59070163609637,98.90530395507812,1067677
2012-12-17,99.90685550451215,100.42690208843571,99.17492883335025,99.81696319580078,1584402
2012-12-18,99.88761189941235,100.81214283470098,99.6179557415556,100.69015502929688,1611614
2012-12-19,100.6837019320061,100.8763163956228,100.16365537685417,100.40763092041016,1237651
2012-12-20,100.41407827644038,101.66604132288812,100.23430404339601,101.48626708984375,1166536
2012-12-21,100.62594181387031,101.7173961764654,100.28565898477179,101.31291198730469,2927715
2012-12-24,101.33218243670551,103.17481883455346,100.74793441149674,101.4028091430664,614946
2012-12-26,101.59541123561718,101.78802573505337,100.56815820426537,100.77361297607422,824357
2012-12-27,100.72867775865643,101.60826254635448,100.20863105029815,101.39639282226562,746439
2012-12-28,100.68371098107943,101.55688066005776,100.14440917940196,100.17008972167969,836794
2012-12-31,99.98393606160431,101.51197052471855,99.82984233941404,101.49913024902344,1094359
2013-01-02,102.84736773624184,103.19406548222447,101.7366582116332,102.59697723388672,1455034
2013-01-03,102.82815674047315,103.05929214177256,101.45420543745726,101.77522277832031,1400396
2013-01-04,101.85862731790328,102.21817572011192,101.31290020009813,101.82010650634766,1330238
2013-01-07,101.51835563052553,102.65475602757779,101.48624974708915,102.54560852050781,953830
2013-01-08,102.59699537066395,102.64835646598593,101.67246441332601,102.17325592041016,802352
2013-01-09,102.41719820803489,102.78315110003793,102.16038240115157,102.67400360107422,735596
2013-01-10,102.80245490955168,103.14272738868519,102.07695337003236,102.66120147705078,983594
2013-01-11,102.66117580355319,102.8987364417414,102.35299888062212,102.7125473022461,806817
2013-01-14,102.70615537829138,102.70615537829138,102.08338640110907,102.36588287353516,598682
2013-01-15,102.07691407770609,103.014284991308,101.96135165238235,102.84735107421875,1300793
2013-01-16,102.43646101343782,102.91798678191496,102.16680491687546,102.54560852050781,1203741
2013-01-17,103.04000519330117,103.04000519330117,102.44291681185973,102.66120147705078,742187
2013-01-18,102.5392150672025,102.74465943991889,101.97422221453854,102.65477752685547,1555913
2013-01-22,102.64193160101148,103.49583576270635,102.48783791611326,103.3353271484375,1003047
2013-01-23,103.1041676408942,103.88102998481966,102.8024160989488,103.68841552734375,890050
2013-01-24,103.93882612539029,104.31120439174825,103.51507636208218,104.11217498779297,903550
2013-01-25,104.31124117575139,104.54237654507679,103.7013020641772,104.23419952392578,932145
2013-01-28,105.09448034226294,105.09448034226294,103.82967723912209,104.46528625488281,888562
2013-01-29,104.29193739633766,104.68358127059155,104.02228129976433,104.51664733886719,644072
2013-01-30,104.2405832896512,104.53591994720058,103.20691540207379,103.61138916015625,922153
2013-01-31,103.5086649429028,103.572866298961,102.82810974099539,102.84095001220703,1369357
2013-02-01,103.56003149894343,104.66432612302135,103.02714459473947,103.99019622802734,1225639
2013-02-04,103.495842489334,104.9404201116428,103.495842489334,104.33690643310547,1296860
2013-02-05,104.99822358978086,105.49901521188632,103.69489904817338,103.85540771484375,1734072
2013-02-06,103.27752891075484,104.26626102853602,103.21975289763711,103.81684112548828,1212352
2013-02-07,103.94524036581512,104.03512226065436,103.23258972167969,103.23258972167969,981255
2013-02-08,103.40592141914915,104.52947095275977,103.23257258666716,104.49737548828125,1114768
2013-02-11,104.55517441824813,104.97891374529095,104.32403914265915,104.97248840332031,920133
2013-02-12,105.07113119363714,105.70506515626057,104.28194274409837,105.42044067382812,868471
2013-02-13,105.53684261579424,105.65327557749946,104.48891448357199,104.82528686523438,754517
2013-02-14,104.59891716015633,104.71535015855792,103.72564344140675,103.86795043945312,1187690
2013-02-15,103.39574405054903,103.79033832113933,102.67125100693434,103.43455505371094,2178831
2013-02-19,103.40866028125153,103.88735020869248,103.39572328279604,103.8226547241211,1294309
2013-02-20,103.57684110919767,104.30133393283901,103.11756197278561,103.188720703125,1269754
2013-02-21,102.88470843355896,103.03996292592218,101.79149521004675,102.21843719482422,1257316
2013-02-22,102.4254080531746,103.4086513275387,102.38659706116862,103.3180923461914,1100737
2013-02-25,103.92615506474624,103.97142931051894,101.75913975155515,101.7979507446289,1228509
2013-02-26,102.0890500254706,102.94938670031635,101.36455708794726,102.12786102294922,1172914
2013-02-27,102.14078659183802,103.19517802777195,101.7914667049162,102.9817123413086,1022287
2013-02-28,103.11111982446815,103.47336634729221,102.61302954404806,102.76181030273438,1793068
2013-03-01,102.58067505024741,103.59625569592109,102.16020684702272,103.49275970458984,1279746
2013-03-04,103.41515436990508,104.99352095343222,103.18875160625032,104.44367218017578,1074480
2013-03-05,104.82532977251752,105.4075158039285,104.17199548153224,105.18757629394531,896215
2013-03-06,105.71152497866264,105.71152497866264,104.44365709456875,104.74121856689453,717738
2013-03-07,104.83180762478825,105.05173665108863,103.32459972921927,103.5510025024414,1654134
2013-03-08,103.71268750600095,103.71915075858456,102.21841708400594,103.49922180175781,1667634
2013-03-11,103.49277624652126,104.16552128229229,103.06584472174626,104.14611053466797,1284529
2013-03-12,103.96496151527033,104.09433148653025,103.03993999002965,103.188720703125,1337679
2013-03-13,103.42805146885846,103.75795011324298,102.8329286678442,103.04639434814453,763447
2013-03-14,103.00761348552406,103.80326520352406,102.92351774072279,103.4216079711914,855609
2013-03-15,102.98821702301889,103.37633752338733,102.63243377717549,103.24049377441406,2655055
2013-03-18,102.51601660052356,103.0723181902686,101.99205227029557,102.677734375,1312699
2013-03-19,102.65828996383601,102.75532269516428,100.96349076119834,101.62329864501953,1810395
2013-03-20,102.17316421199445,102.50953674316406,101.88207643220596,102.50953674316406,1195875
2013-03-21,102.20549747269636,102.90411643898598,101.95321024086238,102.24430847167969,1085323
2013-03-22,102.50306362808963,103.14992413291624,102.24431313078173,102.94293212890625,800864
2013-03-25,103.62861057218167,103.79679156967096,102.82649559956577,103.08523559570312,940330
2013-03-26,103.68038029160016,103.75153905159264,102.84591739850642,103.06585693359375,1405605
2013-03-27,102.50949623489572,103.21458876849238,102.41246351587812,102.9817123413086,820955
2013-03-28,102.98174352534356,103.49924452194773,101.99203677162957,102.5677490234375,1596095
2013-04-01,102.58065444521888,103.05933380126953,102.33484102288855,103.05933380126953,1539649
2013-04-02,103.63510474861563,104.15907962787522,103.49927145626107,104.1267318725586,1006023
2013-04-03,104.61832162860811,104.79297637939453,103.97792437315643,104.79297637939453,1264864
2013-04-04,104.79295819910912,106.05436272910221,104.67652521621636,105.82794952392578,1328006
2013-04-05,105.04528080961575,107.57454348278614,105.04528080961575,107.52925872802734,2077740
2013-04-08,107.10229376523661,109.3857421875,107.06994602302233,109.3857421875,2261001
2013-04-09,109.51514919261591,109.9679547395383,108.57717985642455,109.39224243164062,1489582
2013-04-10,109.17228440027449,110.77652478325483,109.11406265697569,110.46602630615234,1541350
2013-04-11,110.66654498075323,112.83356037761598,110.49835351197952,112.73006439208984,2558854
2013-04-12,112.49719747357534,112.79475894949375,111.57863904724407,112.33547973632812,1210332
2013-04-15,111.48808367170824,112.60069712348054,110.22668947714651,110.2525634765625,1780738
2013-04-16,110.78944939556399,113.2799001874696,110.06495652742663,112.86590576171875,1817305
2013-04-17,112.2966757933075,112.3678345400092,110.83474232044792,111.7791748046875,1307596
2013-04-18,111.95383016885643,112.14142191749802,111.09996717291406,111.85033416748047,1109772
2013-04-19,112.07025257733486,113.92029571533203,111.96028285041538,113.92029571533203,1739918
2013-04-22,114.11436306775758,114.29548103909539,112.87236929512403,113.52570343017578,1071398
2013-04-23,114.03029264916448,114.28256941139331,113.1699558635848,113.87503814697266,1067146
2013-04-24,114.01087510860198,114.45721734890195,113.53866936048962,114.39253234863281,999220
2013-04-25,114.30201715501504,114.42492394877861,113.49342811101725,113.85567474365234,984232
2013-04-26,113.51277066758401,114.6512684990753,112.87884725195529,113.60334014892578,1004535
2013-04-29,114.03675214953665,114.25022839456012,113.49338764049162,113.84269714355469,877081
2013-04-30,114.04322539223632,115.20758689987257,113.70685289105757,115.18818664550781,1679009
2013-05-01,115.04582314804,115.32398428260547,114.17902348714995,114.21783447265625,1380624
2013-05-02,114.61249988158836,115.77039839271723,114.05618775858245,115.16233825683594,1080858
2013-05-03,115.84150250582,116.51424740134705,115.55041479820892,116.07437896728516,1067039
2013-05-06,115.97734288969068,116.66302476373288,115.71212918630182,116.02909088134766,890581
2013-05-07,115.97089745420384,115.97089745420384,115.06527598418968,115.70567321777344,860711
2013-05-08,115.6733194759037,116.93471350956484,115.00057459231193,116.65656280517578,1670611
2013-05-09,116.92175305376763,116.98643803107893,115.55686330947891,115.72504425048828,1567394
2013-05-10,115.89325764939481,116.17787160350828,115.57628546205545,116.02909088134766,868365
2013-05-13,116.02911696823821,116.74714674464782,115.85446221098137,116.41077423095703,1008787
2013-05-14,116.8053556638555,116.87004066086449,115.59570949675575,115.93854522705078,1189284
2013-05-15,116.08991209962892,117.00174196457765,115.56885740736132,116.98871612548828,1549004
2013-05-16,116.50680166676622,117.42515014451308,115.36700326102606,115.64706420898438,1520090
2013-05-17,116.1616101823848,117.17765786013862,115.7577983933452,117.13858032226562,1379561
2013-05-20,116.949677162242,117.24928212441269,116.01830294944608,116.55889129638672,794911
2013-05-21,116.65011394362492,118.08301005032646,116.65011394362492,117.38610076904297,987846
2013-05-22,116.734765010445,118.83198953245167,113.83642457533776,114.65707397460938,1868648
2013-05-23,114.06439274425392,114.20768762311893,112.55335226107648,113.06137084960938,1485543
2013-05-24,112.0192336890587,114.01225096037008,111.70660290742069,113.63449096679688,1225426
2013-05-28,114.89152746360713,115.7642906401228,113.05483077366765,114.26626586914062,1787116
2013-05-29,113.45213361903143,113.53029924804423,110.12393008749711,111.94109344482422,1979306
2013-05-30,112.1430038542104,112.76174732104822,110.70360048211735,110.72314453125,1418361
2013-05-31,110.22163581749203,111.32235668612682,108.37190245666773,108.40447235107422,2578944
2013-06-03,108.33284865667856,109.14699055170063,107.25167160068236,108.56080627441406,1932959
2013-06-04,108.71711385921095,109.01020068022012,107.59685939550359,107.89645385742188,1418892
2013-06-05,107.49260608749785,108.08530830077133,106.41794772721613,106.76313781738281,1206186
2013-06-06,106.61336851287392,108.59336047005223,105.96857329616309,108.48263549804688,1303557
2013-06-07,109.08834007474871,109.30977940636615,107.06927101802168,108.93853759765625,1433030
2013-06-10,108.96456533671905,109.32929942592843,107.38838585397151,107.64239501953125,986996
2013-06-11,106.7045441456489,107.56428162300676,105.64941899004018,105.65593719482422,1395294
2013-06-12,106.25511892867067,106.32675577612417,103.57171101327803,103.99505615234375,1763836
2013-06-13,104.07972372707057,107.95503292640878,103.46748806950467,107.53167724609375,1979093
2013-06-14,107.53168251081338,109.60937292664428,107.01714591802829,108.15043640136719,1581106
2013-06-17,108.91246161351518,110.04575207216686,108.09833067988167,109.74614715576172,1912231
2013-06-18,109.65499816215531,109.83735999471313,108.65197639003338,108.96460723876953,1528169
2013-06-19,109.03619052649917,109.34231358439575,104.4704914147295,105.85127258300781,2212422
2013-06-20,104.73755996102462,104.8026891692398,100.09369423222977,100.67987823486328,3090566
2013-06-21,101.48101781857376,103.43495791152331,100.55615115094817,101.98252868652344,2928990
2013-06-24,100.84925639677193,103.59779436099582,99.01254876247756,100.94043731689453,2998829
2013-06-25,101.74153588207193,102.78363505587781,100.9534459388753,102.14534759521484,2259832
2013-06-26,103.07021847967731,104.17092871304534,102.58824112100959,103.08324432373047,1701757
2013-06-27,103.6824308298196,104.77664385170785,103.64335330251632,104.65289306640625,1796364
2013-06-28,104.9394840563208,107.22558833089897,102.85528564453125,102.85528564453125,2160866
2013-07-01,103.68895738140588,104.24908977988176,102.47100404050539,102.67942810058594,1374246
2013-07-02,102.68593590203015,105.95552826495766,102.67942826245329,105.92295837402344,2555346
2013-07-03,104.88738137411663,104.88738137411663,102.82922407219088,103.5456771850586,1251683
2013-07-05,103.55868693099966,104.0406536483056,101.8457306077878,103.86479949951172,1304514
2013-07-08,104.11884111622791,105.00463033913694,103.57825265956903,103.7020034790039,1289951
2013-07-09,104.50959386894459,105.54518527443712,103.76709975250492,105.33025360107422,1254553
2013-07-10,105.330273813406,105.330273813406,103.58475784341823,104.73106384277344,974133
2013-07-11,106.77618945752955,107.49915026358889,106.20954935532006,106.8608627319336,1499999
2013-07-12,107.07575037686817,107.45351028949831,105.64286576392348,106.16390991210938,1057685
2013-07-15,105.90342064385447,106.63939661882314,105.65591906285994,106.09880828857422,911629
2013-07-16,106.11180655372546,106.59378374747021,105.70799496190337,106.16390991210938,1329813
2013-07-17,106.32677053910989,106.46354717865529,105.54519879686477,106.03368377685547,820955
2013-07-18,105.97506534889915,107.28421020507812,105.97506534889915,107.28421020507812,1429204
2013-07-19,107.0887824686841,107.65542237071175,106.57424592808235,107.44049072265625,1203210
2013-07-22,107.4991231887938,108.22207324841935,107.14741489915205,108.15043640136719,749415
2013-07-23,108.69752712479732,108.7691745327761,107.27766819236501,108.1048355102539,873680
2013-07-24,108.07881709594126,108.50868054743448,106.13139515480563,107.08231353759766,1863652
2013-07-25,106.48960203625886,106.9259836550055,106.01414288567153,106.67848205566406,1668166
2013-07-26,106.40492641561555,107.18649808625028,105.57775901452665,107.16695404052734,921940
2013-07-29,107.7531383923833,107.98109591662602,106.01413032754326,106.19650268554688,926830
2013-07-30,106.90643329153373,107.82478155566567,104.9785453056897,105.33025360107422,1052051
2013-07-31,105.51263836297863,106.01414923147927,103.23305214971745,104.24909973144531,2209339
2013-08-01,104.75061518148703,105.12185705460791,102.9399592991898,103.53916931152344,1482672
2013-08-02,103.59776901924063,103.77362317577892,102.47099666383622,102.65335845947266,1100843
2013-08-05,102.62080448177659,102.67942605845991,101.84574039906832,102.19744873046875,814364
2013-08-06,101.75457808067826,102.49055420378116,101.41589553064587,101.83273315429688,792892
2013-08-07,101.67640911410604,102.27560849432656,101.00555174633222,102.1648941040039,935440
2013-08-08,102.41239913016253,102.6403567103927,101.48102475866139,101.83273315429688,901849
2013-08-09,101.87178013212942,103.57171057733225,101.71547003178127,102.87480163574219,966692
2013-08-12,102.6403339297435,102.68592966141038,101.7806071820485,102.4449462890625,991992
2013-08-13,102.54916472864214,102.55568293291637,100.59522471284846,101.08370971679688,1030791
2013-08-14,101.40700713783211,101.5973867313456,100.12030771720516,100.225341796875,1140068
2013-08-15,99.39816840359941,99.73298051137968,97.95390718721839,98.2690200805664,1451314
2013-08-16,97.93419254415646,98.26899391456543,95.03910092804922,95.38703155517578,1862695
2013-08-19,94.9866138697231,95.32141534576289,94.00844666687448,94.02157592773438,1588228
2013-08-20,94.36290444655424,96.60151161861502,94.06092093587968,95.80060577392578,1336616
2013-08-21,95.53804678415588,96.76566985738019,94.67805363749065,95.15728759765625,1538799
2013-08-22,95.4198954650899,96.11576762604801,94.5402029935838,96.08293914794922,1329069
2013-08-23,98.10488713707345,98.10488713707345,96.1485637125537,96.83130645751953,1576323
2013-08-26,96.96916091104158,97.36961923805633,96.32580599560062,96.5884017944336,921727
2013-08-27,96.00414544640586,96.32581761883024,95.32140267598953,95.6759033203125,1537736
2013-08-28,95.87940707321019,95.91879484846466,94.95376773417404,95.36735534667969,1258167
2013-08-29,94.90123506166874,96.15511630275343,94.53360523831985,96.06977081298828,1294309
2013-08-30,96.23392454128536,96.68034070207804,95.15073391165471,95.60369873046875,1756926
2013-09-03,96.0041058790625,96.3060893624661,93.9624483629357,94.82244110107422,1572283
2013-09-04,94.72398917100152,95.68245686669736,94.14628057256706,94.90779876708984,1639996
2013-09-05,94.90123944254952,95.2819985397298,93.52918418361534,93.57514190673828,1328112
2013-09-06,94.88812286843192,96.1813921108392,94.88812286843192,95.15071868896484,1522748
2013-09-09,95.54460667284727,97.44840240478516,95.41987339244054,97.44840240478516,2007794
2013-09-10,98.0326517578451,98.47249780828666,97.21205728157646,97.63876342773438,1425696
2013-09-11,97.50090690566958,97.94732293568191,97.2711395863392,97.89480590820312,1237438
2013-09-12,97.90793353526294,98.59723548177968,97.23175019717623,97.35648345947266,1060555
2013-09-13,97.53371346867819,97.98668870128947,97.29737624987689,97.50088500976562,966586
2013-09-16,99.48349638657388,100.03494651480379,98.95174546930451,99.59510040283203,1479802
2013-09-17,99.39816838013981,100.28443071312591,98.99772061961058,99.41130828857422,1560059
2013-09-18,99.13557010034381,101.4266949183246,97.41558399852057,101.40043640136719,3081318
2013-09-19,101.89282535802313,103.32395748734409,101.42015063669996,101.43984985351562,2469987
2013-09-20,101.43982958514233,101.768071712833,99.1290054321289,99.1290054321289,2307667
2013-09-23,98.97798752882741,99.85110965454301,98.47249521140152,99.3193588256836,1423038
2013-09-24,98.95175284227726,99.31938273908222,98.43313114426465,98.47251892089844,1310785
2013-09-25,98.5381504713533,99.60822217857357,97.7963314834118,98.63006591796875,926192
2013-09-26,98.60382021739898,99.33907999653914,98.46595767778236,99.3062515258789,1179080
2013-09-27,98.91891670606915,99.35219281705018,97.92106127141338,98.53814697265625,1141875
2013-09-30,97.72409621257846,98.9385895093,96.83127497169492,97.31050872802734,1275494
2013-10-01,97.44182726392565,99.90363205680896,97.00198120139967,98.17051696777344,1433030
2013-10-02,97.62566480738012,99.52290146906547,97.53375998609863,99.51634216308594,1462582
2013-10-03,98.94517315409372,99.5228710739389,97.04793707184031,97.67159271240234,1582276
2013-10-04,97.78977265548592,98.30183502980547,97.0413836298397,97.9276351928711,1111048
2013-10-07,96.96916088801665,99.60822683680667,96.89695529572664,99.16838073730469,1393274
2013-10-08,99.1158348408047,99.4506467825769,97.78317832111463,97.84225463867188,1044504
2013-10-09,98.32807326171326,98.97142808738023,97.50746816000643,97.98670196533203,1085217
2013-10-10,98.53817697466525,100.29099180927288,98.3018502866597,100.27786254882812,1313230
2013-10-11,99.86424281328271,101.14439321269116,99.69356248229406,101.09186553955078,1150804
2013-10-14,100.42227048892944,101.58424714595233,100.11372758714894,101.30853271484375,1169513
2013-10-15,101.0131177136689,102.0306726194102,100.48793667217639,101.05250549316406,1260399
2013-10-16,101.36102307602143,103.29764677869298,101.15751429678835,103.18604278564453,1417936
2013-10-17,102.98915296508689,104.4202850524116,102.37861568864597,104.11830139160156,1530614
2013-10-18,104.66972095710439,105.03735081713428,103.58651993925065,103.73094177246094,1302707
2013-10-21,103.63246878597923,103.63246878597923,102.37202809359464,102.91690826416016,1314825
2013-10-22,103.44207261143471,105.20801606563529,103.43551330770478,104.87321472167969,1504145
2013-10-23,104.30864447491136,104.9519993554636,103.61277256708486,104.24955749511719,1404861
2013-10-24,104.28238737498475,105.3655776977539,103.76376575128879,105.3655776977539,1442385
2013-10-25,105.77259452766462,106.34373311760991,103.71779681637703,104.84038543701172,1551661
2013-10-28,104.97171394197267,104.97171394197267,103.03508951587452,103.4289779663086,1383495
2013-10-29,103.42894960303863,103.82940789780402,102.36544788404302,102.8578109741211,1229041
2013-10-30,102.44423403888419,103.40270180541712,101.79431980377845,102.31951141357422,1274643
2013-10-31,102.38515003170811,103.04163417065583,101.24943204539973,101.45951080322266,1636701
2013-11-01,101.95842658978496,102.89719501414969,101.45293426155463,102.80529022216797,1408794
2013-11-04,102.98914687036958,103.14669799804688,101.82717003496431,103.14669799804688,1148465
2013-11-05,102.31952391088646,102.62149687794663,101.76150376423855,101.89280700683594,1212245
2013-11-06,102.4048449603334,103.1729331543768,102.18820688472567,102.51644897460938,1104882
2013-11-07,102.96286420030768,103.08103817879497,101.64333641024247,101.96501922607422,1439940
2013-11-08,101.28884896938227,101.28884896938227,99.22092120685205,100.44855499267578,1566649
2013-11-11,100.58639740932713,100.92775811731882,99.98898954978614,100.10059356689453,972432
2013-11-12,99.66732238756518,99.94960677278226,97.94076630906561,98.34122467041016,1601091
2013-11-13,98.09329437250065,99.1063461303711,97.66953914382736,99.1063461303711,1545602
2013-11-14,98.98717327153581,101.05961880629401,98.97393125411166,100.68220520019531,1423251
2013-11-15,100.3180310371009,101.72834329445577,100.3180310371009,101.655517578125,1718233
2013-11-18,101.66216281429114,102.07267615914849,100.83450974497782,100.93383026123047,1260187
2013-11-19,100.78153353979494,101.50986603412235,100.0267170085592,100.72193908691406,1135816
2013-11-20,100.7616613785015,101.62905114370926,99.1990603005816,99.35134887695312,1137197
2013-11-21,99.51026483667466,99.97375699930734,98.99381533562779,99.77511596679688,959676
2013-11-22,99.9869954543751,99.99361109406284,98.76868674304976,99.04015350341797,869215
2013-11-25,99.42418391964782,99.54336207957432,98.41113197141422,98.55017852783203,964460
2013-11-26,98.66935332345085,99.74198894523738,98.24559802959816,99.40431213378906,1722698
2013-11-27,99.6360691615828,100.59614242392122,99.33811835318127,100.4637222290039,1605236
2013-11-29,100.65569874726494,100.96690219693149,99.20564983374463,99.21890258789062,938523
2013-12-02,100.07305353003261,100.07305353003261,98.37803229682707,98.55017852783203,1562929
2013-12-03,98.25222630973225,99.09973691384091,98.01385925371949,98.5700454711914,1204698
2013-12-04,97.74901330433585,99.29175676143555,97.69604523125203,98.89448547363281,1299411
2013-12-05,98.5965302781633,100.00022711073217,98.12642254108172,99.84793853759766,1616717
2013-12-06,100.66896848010467,101.15894462992864,100.1061666004524,101.13907623291016,1363935
2013-12-09,101.30459792636647,101.84754210095906,100.4769450173569,101.79456329345703,1301006
2013-12-10,101.93360826665904,102.35074790387738,101.35756442840874,101.38404846191406,1298561
2013-12-11,101.5495802810161,101.8475417710984,99.56983968412025,99.60956573486328,1670292
2013-12-12,99.6492955984928,99.7817265123765,98.23235677574962,98.23898315429688,1666784
2013-12-13,100.5299269016388,102.63547232525501,100.10617156109504,100.39750671386719,2636240
2013-12-16,100.34451591516498,100.94704374259182,99.53672073366423,100.82786560058594,1861207
2013-12-17,100.64911186644592,101.33771829522496,100.46371287115579,101.03975677490234,1619162
2013-12-18,100.86101051999226,103.11884503102769,99.88106869373554,102.67523193359375,2744135
2013-12-19,102.56264049937216,102.60898219250213,101.13907523685455,101.96672821044922,1836651
2013-12-20,101.75482272928453,102.48978141476627,101.58929217109225,102.43681335449219,2509105
2013-12-23,102.94664907795276,103.198258108897,101.70848305573452,101.94022369384766,1456416
2013-12-24,102.21833005706928,102.59573291292506,101.47675562273784,102.04617309570312,462937
2013-12-26,102.1785977388197,102.94665616014915,101.63565359358913,102.11900329589844,735065
2013-12-27,101.47014452396793,101.72836926522801,100.92720026367834,101.45028686523438,1190985
2013-12-30,101.6489177519607,102.56264929065254,101.31785653414552,101.56946563720703,934909
2013-12-31,101.58931571625455,101.88727723386157,100.38425984671112,100.74842071533203,1657111
2014-01-02,100.90068711316549,101.48335726248185,99.99358222096016,100.70205688476562,1465346
2014-01-03,100.73516135539715,102.33088333447752,100.35113215584434,101.93360137939453,1215541
2014-01-06,101.98660288742369,102.90032366438527,101.82768792207735,102.62223052978516,1563567
2014-01-07,102.62221842520087,103.29096714520838,101.76808146377677,102.54939270019531,1765324
2014-01-08,102.48980621100013,102.82086740748113,101.39068647537893,102.19847106933594,1784139
2014-01-09,102.15213805798906,102.51629896126676,101.17881204338619,102.09915924072266,1376054
2014-01-10,102.76788091447142,103.38365076327396,102.48316146313884,103.09231567382812,1665721
2014-01-13,102.39712131475278,103.69488218113248,102.38387929528668,102.74142456054688,1326305
2014-01-14,102.73480717300342,103.68163849689131,102.29780975269765,103.44989776611328,1502125
2014-01-15,103.44986176347803,104.5489920515497,102.88044433508956,104.07225799560547,1588228
2014-01-16,103.66177025413536,104.41658683206997,103.66177025413536,104.21795654296875,889412
2014-01-17,104.19144116258948,104.42319256356167,103.34393061732236,103.76107025146484,1668272
2014-01-21,104.06566809147147,105.07870941643785,103.27111471497282,104.55563354492188,1797852
2014-01-22,104.76091327197574,105.26413159515229,104.11203270453498,104.25770568847656,1297923
2014-01-23,103.76108157169462,104.54238211892573,103.00626506066293,103.3770523071289,1574835
2014-01-24,103.08574153271617,103.14532525840997,101.43043518066405,101.43043518066406,2225284
2014-01-27,101.50985412687726,102.13887677885043,100.11939939359546,100.59612274169922,1999397
2014-01-28,100.6623484975871,101.50985910010955,100.58288565261581,100.67559051513672,1348947
2014-01-29,100.0333292901267,100.76166176000616,99.05338773838966,99.72875213623047,1951774
2014-01-30,100.26508474525092,101.4105461983169,100.1194118016149,101.27149963378906,1932109
2014-01-31,101.31123641587965,103.28435087674718,100.84112864818958,102.52291870117188,2624866
2014-02-03,102.03292107973704,102.03292107973704,99.81481363280048,100.09953308105469,2096768
2014-02-04,100.27170386179,101.7879633659589,99.58972377371829,101.57608032226562,1903302
2014-02-05,101.3046248358734,102.13890434480746,100.880869441007,101.92039489746094,1531677
2014-02-06,101.90714406693374,103.13869482331508,101.75485547480231,102.84074401855469,1512011
2014-02-07,103.3042307378783,104.02593693791933,101.74161867835792,103.93324279785156,1690808
2014-02-10,104.24443048200409,105.27734010428402,103.75445433700811,104.84033203125,1523385
2014-02-11,104.67478552674658,105.72756338583484,104.39670319121277,105.40974426269531,1577598
2014-02-12,105.26872139262636,105.756139408678,104.828045947727,105.45568084716797,1133902
2014-02-13,105.03500257230391,106.5573414343381,104.91482134532161,105.9831314086914,1170044
2014-02-14,105.80955373619639,107.18500479932109,105.74278637003839,106.9579849243164,1069165
2014-02-18,107.01139068603517,107.15160754515577,105.84959540047376,107.01139068603516,1499999
2014-02-19,106.56404766624478,107.96620561816552,106.53065856950522,106.95130920410156,1347990
2014-02-20,106.85784163215088,107.49881919138363,106.15008587522901,106.7777099609375,1126142
2014-02-21,106.59074451311054,107.29850015835873,105.983145318525,106.5373306274414,1293246
2014-02-24,106.664175969885,107.9928840562753,106.4238026949868,106.77100372314453,1535929
2014-02-25,106.82443630277035,107.15161259950658,106.21015495385018,106.4037857055664,1285911
2014-02-26,107.17831721253322,107.81929466044379,106.79104488745365,107.53887176513672,1533484
2014-02-27,107.66574648806582,107.97956937108054,106.31701312853512,107.08485412597656,1229678
2014-02-28,107.03810208785002,108.28668957103082,106.96465257999644,107.69244384765625,2377931
2014-03-03,107.2117096116364,108.21993472578872,106.98468974115075,108.12644958496094,1381794
2014-03-04,109.30158839684607,109.94257669993566,108.88761994320338,109.74226379394531,1649245
2014-03-05,109.75560227094249,109.83572309036607,108.38015155057849,109.57532501220703,1379349
2014-03-06,110.12285126010973,110.12285126010973,108.7206934430496,109.21478271484375,1171107
2014-03-07,109.04785455350708,109.2214496747509,106.8978807638632,107.97286224365234,1573027
2014-03-10,107.86603376948337,108.27333087329093,106.87784444176265,107.4320297241211,1308978
2014-03-11,107.74586803027026,108.55378020367117,107.67241851539734,108.21993255615234,871660
2014-03-12,107.76587900724594,108.86757826881878,107.76587900724594,108.34677124023438,1090851
2014-03-13,108.68064773495884,108.72739031086792,107.5722768582934,107.99292755126953,928637
2014-03-14,107.80595324740415,108.72070403249933,107.2384144126091,107.5455551147461,1094040
2014-03-17,108.00625900727842,109.02782667616748,107.94616296908505,108.64724731445312,1328219
2014-03-18,108.61387253900105,109.2081183581382,108.05301581883238,109.14803314208984,1005917
2014-03-19,108.9544154532124,109.2882631627442,106.27028030177952,106.59077453613281,1682729
2014-03-20,106.77101130503989,107.05144500732423,104.88143571972827,107.05144500732422,1748529
2014-03-21,107.81930284963474,108.2599890930061,107.11822931301971,107.6857681274414,3037204
2014-03-24,107.63233720201893,107.93279569442932,106.02319531899165,107.05144500732422,1134965
2014-03-25,107.81932173499926,108.52707754672603,106.95799555081781,108.10643768310547,1286549
2014-03-26,108.4068659247442,108.66059270038382,106.50393676757812,106.50393676757812,1352030
2014-03-27,106.41045605847341,107.77922464022505,105.89633121780344,107.75251770019531,1278364
2014-03-28,108.28668507558046,109.40840911865234,108.09305433296804,109.40840911865234,1568138
2014-03-31,109.55532887689385,110.0561004238703,108.39354408634145,109.50191497802734,1627134
2014-04-01,109.40840954228048,110.25638202081791,108.96105202138665,110.11616516113281,1236482
2014-04-02,109.83574439820043,110.12286030193184,109.10796390215162,109.81571960449219,1093827
2014-04-03,110.2964406126074,110.2964406126074,109.01446410526053,109.76229095458984,928956
2014-04-04,110.03606741539824,110.93745396667622,109.50858895835155,110.43000030517578,1466196
2014-04-07,110.79055447988146,112.18603024684526,110.63030198148203,111.55839538574219,2149918
2014-04-08,111.3246679189766,111.82543921439374,110.38322134921262,111.71192932128906,1317376
2014-04-09,111.73865460064238,112.13926953672953,110.85062175713077,111.79206848144531,1267946
2014-04-10,111.78541728225694,112.21273923566162,111.24458539668218,111.5450439453125,2179363
2014-04-11,110.91738222727486,112.27280810385729,110.91738222727486,111.09098815917969,2116539
2014-04-14,111.5717173389879,112.29950845223057,111.41147571592367,112.22605895996094,1169619
2014-04-15,112.38634296883178,113.90868213563795,112.21941914957262,113.47467803955078,1935510
2014-04-16,114.0488982711666,114.77667875397502,113.23431480368991,114.56969451904297,1356388
2014-04-17,114.10230897507921,114.8301002676385,112.86707492106005,113.41458892822266,1973885
2014-04-21,113.71507179770899,114.28261071912064,113.37454194682076,113.93540954589844,1228403
2014-04-22,114.17578292122727,114.77670011444624,112.94054860284454,113.93540954589844,1286762
2014-04-23,113.94206425136045,114.26922971863401,113.18088388452094,114.0155029296875,1827403
2014-04-24,114.18243714697493,114.63647688017566,113.68834782562953,114.26255798339844,1076925
2014-04-25,114.30262388324257,114.70323887668168,113.76846333861272,113.88197326660156,1074693
2014-04-28,114.21578429945421,114.70987343935121,113.18753478609707,114.4027328491211,1841648
2014-04-29,114.50959777443148,115.40430198529411,113.88196298169763,114.9903335571289,1148253
2014-04-30,115.01039285295599,115.65805257033487,114.70325212881858,115.64469909667969,1193324
2014-05-01,115.57122899808992,116.12541430120496,114.56301484147403,115.94513702392578,992948
2014-05-02,115.6046038868859,116.49263669289101,114.82339883797476,115.557861328125,1376798
2014-05-05,114.93690971321305,116.21220397949219,114.84343542496835,116.21220397949219,872085
2014-05-06,115.64468640847016,115.99188751547925,115.15059710737007,115.7782211303711,816065
2014-05-07,116.58614530684963,117.47417837431864,116.18553026972943,117.3339614868164,1573665
2014-05-08,117.4741579150068,117.96825801112116,117.18037071759991,117.547607421875,1323541
2014-05-09,117.31392193166813,118.14854099985604,116.59281278956442,117.28053283691406,993161
2014-05-12,117.60102130684609,117.9014906549073,117.20040633949702,117.547607421875,972220
2014-05-13,117.81470070702464,118.38891086403702,116.37248233303325,116.57278442382812,1624796
2014-05-14,116.82307364782889,117.50955593106842,116.61443805273827,117.28746032714844,1505633
2014-05-15,117.13937610992548,117.81239830847444,116.61442490828041,117.69798278808594,1752249
2014-05-16,117.43551507055015,118.53926849365236,117.17976399798057,118.53926849365234,1226277
2014-05-19,118.20948952774496,119.23248287293904,117.51627183284775,118.12199401855469,1038657
2014-05-20,118.12203274943391,118.51911948559754,117.57688587849125,118.00089263916016,950641
2014-05-21,118.78159754431523,119.01715322165653,117.34805708677591,117.3749771118164,1046205
2014-05-22,117.46245263796744,117.94029937573082,117.06536596156549,117.11921691894531,1148678
2014-05-23,117.50283912704643,118.09510144252754,117.30093896254569,117.95376586914062,798419
2014-05-27,118.27677567408415,118.86230232102079,117.6037535282345,118.8219223022461,1528488
2014-05-28,118.6065830719887,118.85560962920815,117.44226492744394,118.41140747070312,1470979
2014-05-29,118.60265114291674,118.68849828447445,117.59390356372279,118.25209045410156,1190800
2014-05-30,117.98737837764813,119.22505520740268,117.35780361269929,119.0891342163086,1976700
2014-06-02,118.99610258424075,119.4253490901189,118.72423882232245,119.33235168457031,1589100
2014-06-03,119.40389100817822,119.40389100817822,118.4953132052089,118.66700744628906,1072800
2014-06-04,118.61694538595998,119.47544942608673,118.08037899632187,119.31090545654297,1352900
2014-06-05,119.18929553365084,121.61457539144777,118.86019664914951,121.50725555419922,1551100
2014-06-06,121.80055688107748,121.86494222070941,120.90627966462317,121.39276123046875,1529100
2014-06-09,121.0637091766209,121.62173745161044,119.31092749664234,119.47547149658203,1354600
2014-06-10,119.2679766726625,119.70438442046249,118.28784135394869,118.53108215332031,1778600
2014-06-11,118.5239559298363,118.90312869892266,117.40074911852567,117.82284545898438,1272800
2014-06-12,117.8442820674117,117.9086674107144,116.81407290868621,117.25048065185547,1304600
2014-06-13,117.30773139198365,117.62966906801351,116.29898387948101,117.42935180664062,1569100
2014-06-16,117.32922898552239,117.91588037035817,116.69965401964504,116.97866821289062,1100300
2014-06-17,116.83553454718165,117.8943557739258,116.4277497902917,117.89435577392578,1436200
2014-06-18,117.579576690224,119.23934958251151,116.95715230370469,119.11772918701172,1378900
2014-06-19,118.85304434444268,119.71154844551239,118.08038737853838,119.66862487792969,1407000
2014-06-20,120.17657292948121,120.17657292948121,118.67419342405567,119.78308868408203,2385600
2014-06-23,119.59712303505133,120.23384833068322,118.9961710312703,119.23226165771484,1182800
2014-06-24,118.93886449319945,119.4611193077461,118.50960708182417,119.02471160888672,1378300
2014-06-25,118.59550207160073,119.26800046463856,118.47388164765367,118.78865814208984,1066100
2014-06-26,119.05337894354712,119.09630251738137,118.13047844021658,118.60980987548828,1143200
2014-06-27,118.19484017483033,119.68290790973765,118.10183184772225,119.51836395263672,1731200
2014-06-30,119.44684259446345,119.47545466658518,118.43093391236033,118.9603500366211,1248300
2014-07-01,119.38244145604094,119.84031100660305,118.26638510882526,119.38960266113281,1093100
2014-07-02,119.26082860988168,119.4039108066631,118.36655123440795,119.2894515991211,900200
2014-07-03,119.2464929466381,119.2464929466381,118.00166607881951,118.85301971435547,831400
2014-07-07,118.8530329798181,119.33951458786761,118.61694246421612,119.10342407226562,1324700
2014-07-08,118.72426248012124,119.96910051980913,118.65987712888011,119.26799011230469,1183300
2014-07-09,118.7314168555244,120.0978643135245,118.0946918358894,119.9476318359375,1360000
2014-07-10,119.13919435436958,120.99929544582413,119.13919435436958,120.34825897216797,1026800
2014-07-11,120.16942124522265,120.96354001618417,119.86894534762534,120.89915466308594,837700
2014-07-14,120.97782122581549,121.32837089368674,120.47701727205173,121.19960021972656,982100
2014-07-15,121.22825199736883,121.90075040337203,120.79184415409908,121.81490325927734,1160400
2014-07-16,121.80059927094317,122.32285429049962,121.34987990371742,122.23700714111328,1264400
2014-07-17,121.75766608179607,122.2870713498396,121.22109960755334,121.34272003173828,683600
2014-07-18,121.82922628688856,122.53034781442535,121.3928183632075,122.358642578125,866700
2014-07-21,122.1941066730019,122.1941066730019,121.3499028506625,121.91509246826172,913900
2014-07-22,121.64322934050892,123.05976216476012,121.64322934050892,122.57328033447266,1491100
2014-07-23,122.58755113031896,123.56767567361808,120.7202994707051,121.92220306396484,1873000
2014-07-24,122.25131086270278,122.5589370727539,121.10663133347843,122.5589370727539,1479500
2014-07-25,122.115391607926,122.4158675593103,120.5843888557446,120.8848648071289,1140900
2014-07-28,120.906306184379,122.33715004454918,120.77037427102728,121.95797729492188,820500
2014-07-29,121.77193412948964,122.34426276463005,121.35698822748458,121.6932373046875,979900
2014-07-30,121.68610602394976,122.34429284938612,120.90629878781586,121.73619079589844,1217400
2014-07-31,121.07800793265162,121.59311258097505,120.28388917619233,120.32681274414062,1293300
2014-08-01,118.85306596739782,121.16387607993838,118.63128688355764,119.9548110961914,1428500
2014-08-04,120.2910176212358,120.85619602404189,119.52552199339942,120.46272277832031,1228000
2014-08-05,120.33394398113747,120.39832932286592,118.7457067196805,119.01757049560547,1440500
2014-08-06,118.7815094398418,119.31092563039809,118.15909581589067,118.2592544555664,1569500
2014-08-07,118.45957967826419,119.30377242407114,118.05894509269658,118.23780059814453,1721300
2014-08-08,118.91742647020268,119.2894489066149,118.14476952525656,118.9603500366211,1628600
2014-08-11,119.21076104441524,120.46274943614843,118.97467049485456,120.21949768066406,1097900
2014-08-12,120.226614670594,120.37684710912612,119.56126683626077,119.56842803955078,1250900
2014-08-13,120.01547308794963,121.50801086425781,120.01547308794963,121.50801086425781,1455900
2014-08-14,121.94785704163151,122.05600718482027,120.67883668395443,121.31334686279297,1189200
2014-08-15,121.91899663149663,122.14973158169154,120.96724246706259,121.74595642089844,2295400
2014-08-18,121.91905350250964,122.87802545774444,121.839739701639,122.74824523925781,1020200
2014-08-19,122.71935611660501,122.83472360627854,122.07763958311388,122.48141479492188,998300
2014-08-20,122.43096860199289,123.29620291325462,121.68830814297188,122.95011138916016,794000
2014-08-21,123.26735263591931,123.64949783864814,122.78425262291121,122.9068374633789,865100
2014-08-22,122.71214831495504,123.19523729491245,122.04880176029492,122.15695190429688,1112400
2014-08-25,122.50300995160461,122.76979857078531,121.70266609815496,122.00550842285156,943900
2014-08-26,121.76039062986807,122.77704605505976,121.52966664093127,122.03438568115234,818700
2014-08-27,122.0343988441091,122.40212039835149,121.67388363334365,122.22186279296875,639500
2014-08-28,121.91179858946614,122.33720380554436,121.60174985429053,121.83969116210938,725700
2014-08-29,122.28673351697263,122.88517893638708,121.83968728527304,122.59677124023438,1641300
2014-09-02,123.02219731127623,123.1087284364392,122.30838429149581,122.66168212890625,940800
2014-09-03,122.95726574339822,124.16860206862347,122.34438573928384,123.14472961425781,829900
2014-09-04,123.12314884550345,124.06770792428513,122.47422587735205,122.7914810180664,1066000
2014-09-05,123.15921847921646,124.96179473704014,123.00059088836379,124.86805725097656,1410000
2014-09-08,124.63729361728156,124.90407129803495,124.10372725372592,124.29840850830078,877600
2014-09-09,124.05327126584363,124.70941151080838,123.74322250090599,124.33447265625,1089500
2014-09-10,124.09652953680246,124.57241219126124,122.61120882929447,122.88519287109375,1368900
2014-09-11,122.79150458949053,123.28901742820108,122.09210407739788,122.51750946044922,1193500
2014-09-12,122.20744344511834,122.24348616258949,118.39318656196657,119.33052825927734,2819600
2014-09-15,119.34493179868689,119.8568571224953,118.56621779710005,119.35934448242188,1538200
2014-09-16,119.64779873047047,121.34221374476199,119.29448983713343,120.57071685791016,1390900
2014-09-17,120.05152574231857,121.98388135616709,120.05152574231857,120.7797622680664,1132200
2014-09-18,121.25570133079589,121.25570133079589,119.22960732820923,119.70549011230469,1636500
2014-09-19,120.04435863062831,120.35439643035765,119.38821830769506,119.50358581542969,2401700
2014-09-22,119.51078998698559,119.6910475887759,118.71044579495451,119.07096099853516,1263900
2014-09-23,119.15026562679606,119.82803591776967,118.49412536621094,118.49412536621094,1314700
2014-09-24,118.32106351090354,119.64775647530266,117.80192087230424,117.9605484008789,1597200
2014-09-25,117.92453348805383,118.43645895157154,117.16024296366854,117.3188705444336,1150800
2014-09-26,117.4486494281712,119.0205015284681,117.11697058064199,118.7248764038086,921000
2014-09-29,118.16970402922482,118.58069675024667,117.1674719400963,118.55184936523438,856800
2014-09-30,118.75373705210531,119.07819862014405,117.65056111954132,118.55184936523438,1444900
2014-10-01,118.45808213993001,119.64057158145101,118.16967437450577,118.9051284790039,1405600
2014-10-02,118.76091485106251,119.3954140833406,117.82357318727317,118.60228729248047,1200600
2014-10-03,118.71766389402677,119.66222306266359,118.26342217392953,119.55406188964844,983500
2014-10-06,119.65499953813621,120.5346575567217,119.2512242513202,119.7631607055664,852900
2014-10-07,119.12144395176396,119.64057574719294,118.49413998694519,118.52298736572266,899000
2014-10-08,118.81137421009157,121.25566653342727,118.60948660242161,121.19798278808594,1484900
2014-10-09,121.27729186972417,123.04381386950358,121.0321442130468,121.60897064208984,2010700
2014-10-10,122.27230659243259,123.34664558593059,121.42870255138304,121.443115234375,1298600
2014-10-13,121.42873163630951,122.41653975821767,120.70048389500431,120.75096130371094,1409900
2014-10-14,121.26283807955578,123.11589073499741,120.75091286487829,122.3443832397461,1674600
2014-10-15,121.99833998316149,121.99833998316149,119.40263717623077,119.6622085571289,3691000
2014-10-16,118.79696399029928,120.32555591000524,118.34272232257288,119.88572692871094,1962100
2014-10-17,120.35437527504367,121.61617828871343,119.12862597646001,121.43592071533203,1872400
2014-10-20,121.61615537430038,122.87795815022648,121.22680393005818,122.8274917602539,1050300
2014-10-21,122.84189808964719,124.03881072998047,122.6111741721876,124.03881072998047,1400700
2014-10-22,124.26239504089065,125.3944182188224,123.49810446315321,123.61347198486328,1182000
2014-10-23,124.24795253675566,124.65172776379558,123.31061090138456,124.33447265625,1419600
2014-10-24,124.59402327265067,125.42320361855069,123.92345945206499,124.63728332519531,1326900
2014-10-27,124.65173492672827,125.96400449001565,124.65173492672827,125.59628295898438,1093900
2014-10-28,125.96399935874133,127.6367950439453,125.54580043744035,127.63679504394531,1797400
2014-10-29,127.32673075339241,127.94681721600531,126.02166774537018,126.88690185546875,1660300
2014-10-30,126.54800460295527,127.54302978515625,126.08654572174059,127.54302978515625,1007000
2014-10-31,128.82647307626317,129.50424326963912,127.54304011512306,129.21583557128906,1584900
2014-11-03,129.64123877295538,131.66733197797166,129.32398370844567,131.53033447265625,2472900
2014-11-04,131.227508771532,132.30905417349516,130.54253221736508,131.9701690673828,2453100
2014-11-05,132.4965374134383,132.69121869476896,130.36950001298953,130.96795654296875,1341000
2014-11-06,130.9896059887882,131.30686116033453,129.62685882159295,129.84317016601562,1209900
2014-11-07,130.3694759994603,130.3694759994603,129.25187692649007,129.3816680908203,1374500
2014-11-10,129.14370706498465,131.45821862391287,128.87692943745571,131.4221649169922,1385300
2014-11-11,130.93193338816857,131.6024975128192,129.70618366805093,130.22532653808594,1226400
2014-11-12,131.08953863386267,131.17668602749384,128.88897829015522,129.5063018798828,1439900
2014-11-13,129.51355112704135,130.53757725560564,129.43366232803675,130.40684509277344,1179100
2014-11-14,130.10183147537506,130.50853410037794,128.79456512228336,129.29568481445312,1037800
2014-11-17,129.3537552468032,129.956550448312,129.13587572741972,129.62246704101562,794800
2014-11-18,129.90573000057188,130.43590617699132,129.28114784516083,130.1381378173828,808800
2014-11-19,131.00234201774313,131.15484989929476,127.35652596923651,128.0900421142578,2069300
2014-11-20,128.13366036796222,129.92751804897244,127.53087613639403,129.90573120117188,1957700
2014-11-21,130.7264098646769,130.9442894308144,129.44820006878683,129.6007080078125,2077100
2014-11-24,129.42637185217728,130.7554135090065,129.42637185217728,129.69508361816406,1711500
2014-11-25,129.69513021037372,130.501276879749,129.63702825164754,130.00741577148438,1894800
2014-11-26,130.35601665908683,131.43813368995106,130.32696014123775,131.22752380371094,1071000
2014-11-28,131.78673633962904,133.21745391347392,130.92248784306412,131.30740356445312,826700
2014-12-01,131.00238037109375,132.6074038403142,130.82081592821635,131.00238037109375,1659700
2014-12-02,131.19847379574747,132.21524141643835,130.29065149967445,132.0699920654297,1506500
2014-12-03,132.09906819758095,132.36052152287414,131.38006878257022,131.88845825195312,1026100
2014-12-04,132.02639111291435,132.46940878239977,130.93700449107945,132.21522521972656,927400
2014-12-05,131.66328077927986,131.66328077927986,130.2180347498258,131.32920837402344,1342800
2014-12-08,131.60522178052852,133.03593989661803,131.60522178052852,132.8035430908203,1284300
2014-12-09,131.43085133274087,132.65822856725583,131.20571322829142,132.34593200683594,1069100
2014-12-10,132.29512082108462,133.04316545334873,131.77947291755763,132.69456481933594,1203100
2014-12-11,133.1013115411462,133.4716991449885,132.19348900855607,132.8035430908203,1553600
2014-12-12,131.93928419117773,133.34096783700292,131.04598999023438,131.04598999023438,1595000
2014-12-15,131.452620581831,132.0118420153901,130.17441124407844,130.95877075195312,1468700
2014-12-16,130.82081038906824,131.75767799864911,129.4844877238936,130.10906982421875,1359200
2014-12-17,130.72639526235355,133.1230480585261,130.33422095256458,132.89064025878906,1356500
2014-12-18,133.84207599763872,134.7281116048192,132.90520809526183,134.69906616210938,1292600
2014-12-19,134.83703283849928,135.04764273548278,133.29010009765625,133.29010009765625,2765400
2014-12-22,134.3794448350726,136.3040230709005,133.82749304033615,136.14425659179688,1245100
2014-12-23,136.26049601416872,136.66719864228173,134.72809148779015,135.3308868408203,984000
2014-12-24,135.5197397547143,136.15158063366752,134.23426006273846,134.4448699951172,1013700
2014-12-26,134.62638233001474,135.39621369620704,134.05264363994343,134.08895874023438,637400
2014-12-29,134.24146619622735,135.73029664865632,134.13253197753295,135.45431518554688,964500
2014-12-30,135.07671162308336,135.67950701352774,134.43760112105727,134.7571563720703,702700
2014-12-31,135.2219217830509,135.88281894405054,132.2515304750146,132.2587890625,1110600
2015-01-02,133.01413810382843,134.77169208153543,132.88341699308913,134.60464477539062,1229100
2015-01-05,134.75714167316326,135.60686199877233,133.50797732735802,135.15658569335938,1267300
2015-01-06,135.94818761569715,139.64483683884873,135.73756666606852,138.9185791015625,2915600
2015-01-07,139.4051972394276,141.59124054102088,138.57000511380974,141.47503662109375,2138400
2015-01-08,141.76550214300553,142.1141027393422,140.41466236516118,141.2716522216797,1640900
2015-01-09,141.59120743651206,142.8331019097,141.05377274386493,142.76048278808594,1574100
2015-01-12,142.9856264814531,143.5375783708645,142.4191463344269,142.89846801757812,1133200
2015-01-13,142.93480270647902,143.8208381515582,142.29569226561793,142.99290466308594,1367900
2015-01-14,142.2448696139283,144.547105776559,141.8454255613359,144.25660705566406,1720900
2015-01-15,144.64151663469386,145.5565975398405,143.8426285638247,145.3024139404297,1468400
2015-01-16,145.55661426322038,145.99963204763543,144.07505294916982,145.8325958251953,1604600
2015-01-20,146.19571371175044,146.60241635215925,144.55436380776598,144.9828643798828,1872000
2015-01-21,144.57618468983483,145.65104342180024,143.8208701676188,145.411376953125,1199800
2015-01-22,145.98507362672655,148.49793044318545,145.1934552993383,148.17837524414062,1432500
2015-01-23,148.6068686860462,148.81748965555778,147.08173394285822,147.51022338867188,1245100
2015-01-26,147.16160752408618,149.07892748994195,146.8202655040978,148.99903869628906,970200
2015-01-27,148.43255269740442,149.3766788446587,147.93143310987875,148.65042114257812,992600
2015-01-28,149.4638413445895,149.83422879320955,147.8007049560547,147.8007049560547,1615500
2015-01-29,147.55379463760227,148.91916283613682,147.37948877763577,148.7085418701172,1255600
2015-01-30,147.04542187196523,148.0621783884149,144.0532431962863,144.27838134765625,2183300
2015-02-02,144.55433618169062,144.94652156843048,141.63478803593858,144.82305908203125,1617000
2015-02-03,145.3532401563172,145.3532401563172,143.07279103687014,145.31692504882812,2119000
2015-02-04,145.31691962910574,147.32865682537084,144.15491380549722,146.5806121826172,1716200
2015-02-05,146.8348040524874,147.79346971586156,145.91246457911348,147.59011840820312,1055400
2015-02-06,146.52252929913524,146.95828846583674,140.68342073986759,141.6783905029297,2347100
2015-02-09,142.08505030314728,142.68784549986077,140.734210591891,140.973876953125,859600
2015-02-10,141.62025461453987,141.98338347252587,139.54315710358742,141.43869018554688,1894700
2015-02-11,142.03856150417238,142.54330968945297,139.72696661955277,140.75840759277344,1281400
2015-02-12,141.12417069493563,142.5945149338475,140.37070954562662,142.44090270996094,1238200
2015-02-13,141.80449462681133,142.11904140092818,140.3048833934606,141.26316833496094,1016100
2015-02-17,141.13151012069082,143.12123641717733,140.64871758682455,141.04373168945312,1006700
2015-02-18,141.0948999639882,142.3531091823076,139.5513997695415,142.1190185546875,934700
2015-02-19,141.40944394162622,141.745946421782,138.51264503443855,138.84913635253906,1167100
2015-02-20,138.49805187459054,140.59750113659788,138.40295113604103,140.3122100830078,1335200
2015-02-23,140.59013904015845,141.78982549256247,140.22438083927852,141.62889099121094,755800
2015-02-24,141.07296554262643,141.29973387821218,138.6735922466607,139.0320281982422,1367200
2015-02-25,139.07590229179362,140.81691499449224,138.84182283477273,139.33924865722656,875300
2015-02-26,139.0100628182285,139.3319318252956,136.8886696891838,136.89598083496094,1431600
2015-02-27,137.44464853203414,140.05616805690494,136.6399758364573,139.25149536132812,2095100
2015-03-02,139.3465863842893,141.13147732299697,138.6443256114101,139.01739501953125,1278700
2015-03-03,138.46874446028966,139.0539598550298,137.61287154982998,138.7028350830078,1088700
2015-03-04,138.6223755956346,138.89303312652282,136.91062967878244,137.20323181152344,1017400
2015-03-05,137.61289666943813,138.54923700711814,136.78629051695867,136.88870239257812,1422800
2015-03-06,134.56972684695668,134.56972684695668,131.7680184243753,132.09719848632812,2256900
2015-03-09,133.00430814681906,134.02842657224423,131.88507786196013,131.99481201171875,2257900
2015-03-10,131.69492344364238,132.87997668134543,131.0365630142644,131.6144561767578,2559700
2015-03-11,131.44619216115973,132.1191859530238,130.8243987163224,131.19747924804688,1440400
2015-03-12,131.7826713042055,134.32103403407532,131.7826713042055,134.30641174316406,1826900
2015-03-13,134.11625668171155,135.33057697017568,133.37011775347665,134.5844268798828,2203100
2015-03-16,135.44031149821666,137.50319393413497,134.86972936957096,136.84483337402344,1580200
2015-03-17,136.18643653720662,137.04963188165158,135.55002070232536,136.1571807861328,1600300
2015-03-18,136.06206287354152,140.23170450338412,135.56463703372594,140.0854034423828,1824000
2015-03-19,139.6026045865776,140.92664765052552,139.33925820310327,140.52432250976562,2209400
2015-03-20,141.98000894188058,144.5183716274364,141.20460337906368,144.35743713378906,2895000
2015-03-23,144.3428303132688,145.637606384491,143.2528667916669,144.50375366210938,2100700
2015-03-24,144.45987150649827,145.04508692356356,143.61132087191208,143.98439025878906,1971400
2015-03-25,144.3721297089818,144.78177725618477,141.28512848419837,142.02395629882812,1904400
2015-03-26,140.95588738817355,141.89953856917828,140.18048184243793,140.92662048339844,1803100
2015-03-27,140.7291571143504,142.62378229529176,140.45848840131825,142.10440063476562,1465100
2015-03-30,142.49943286120185,144.44526965443123,141.9654288800121,144.08682250976562,1196900
2015-03-31,143.74298092971136,144.77442179237505,142.62376166581848,143.11387634277344,1872600
2015-04-01,143.24552722816347,145.2645081978861,141.92147334899855,144.83291625976562,2409400
2015-04-02,146.30328358638485,147.02016655058281,145.23526470490017,145.83511352539062,1670400
2015-04-06,146.21552542889515,147.97116061014475,145.915600977131,146.88851928710938,1130200
2015-04-07,146.4934870478922,146.93240140305574,145.05239868164062,145.05239868164062,987200
2015-04-08,144.9353967963105,145.75469186883376,144.1673020847908,144.44528198242188,1240700
2015-04-09,144.0136663955462,144.0136663955462,140.8096313461493,141.27780151367188,1753300
2015-04-10,141.90688574960427,142.4774677101394,139.65381365531303,139.9171600341797,1903900
2015-04-13,140.19514931239075,140.42923997781566,139.22955322265625,139.22955322265625,1371900
2015-04-14,139.8440221016309,140.78768473277202,139.5806756885284,140.0269012451172,1508800
2015-04-15,140.07810290676267,140.58283993114196,138.81257128620322,139.01739501953125,1104200
2015-04-16,138.30048077546735,139.91713683699152,137.8249996078711,139.06126403808594,921400
2015-04-17,138.5565368903622,139.33194256055577,137.26906076289617,137.7152862548828,1165200
2015-04-20,137.85427035379183,138.83449970071723,137.36415568032916,137.96400451660156,1048000
2015-04-21,137.89083093289355,139.66841029217377,137.89083093289355,138.13223266601562,853800
2015-04-22,138.13227342404463,139.3831604914343,138.022539242763,138.33709716796875,755200
2015-04-23,138.32243593244567,139.08321925314073,137.69333137043253,138.3004913330078,1106800
2015-04-24,138.3809859949744,139.69040688509088,137.81771511970416,138.04449462890625,890600
2015-04-27,138.79796348885077,139.44901281536707,138.2858929399924,138.90037536621094,985400
2015-04-28,138.3224484589381,138.60042829306457,137.15933993518115,137.70797729492188,999900
2015-04-29,135.98156894200463,137.26903365314922,133.58219629365823,133.94064331054688,1879100
2015-04-30,133.32621446978894,134.00653072722454,132.07532730665616,132.76295471191406,2136000
2015-05-01,132.96041621850844,135.9084264036388,132.96041621850844,134.72337341308594,1895100
2015-05-04,135.2646945357238,136.02546664854586,133.8162840877285,134.13815307617188,1578800
2015-05-05,134.45269157485782,134.64288178518618,131.74608363008082,132.00942993164062,2488800
2015-05-06,131.92900126392976,133.2896223594075,131.81195594856368,132.8507080078125,2084200
2015-05-07,132.8507488519951,135.11113278492314,132.4045232167711,133.97727966308594,1681300
2015-05-08,135.82065877294718,138.44680016581293,135.74019151646678,137.26905822753906,1612200
2015-05-11,136.81551075369984,137.58360520248777,134.30641487132095,134.72337341308594,1083200
2015-05-12,133.6553761872843,135.3817554647627,132.95311548032052,134.91357421875,1063900
2015-05-13,135.91658726531384,137.02285938168117,133.43116617835477,133.7409210205078,1146500
2015-05-14,134.5079668740102,136.44762334816392,134.40471524136925,136.26324462890625,911700
2015-05-15,136.76474529532342,137.63500735113072,136.01247705391557,136.89012145996094,1262000
2015-05-18,136.1231280537141,136.7942580479551,135.54048499115504,136.2779998779297,916100
2015-05-19,135.69538838489314,137.5096689759807,135.12749868605025,135.72488403320312,1117700
2015-05-20,136.58774417428506,137.02287522283518,135.34134231184214,135.4003448486328,1175000
2015-05-21,135.85759387077164,136.6762356742633,135.0020740799263,135.3634490966797,1605100
2015-05-22,134.86193247947415,136.49184484538208,134.38255244727927,135.4224395751953,821200
2015-05-26,135.28970260243884,135.3855831175854,133.94742040471337,134.28668212890625,971500
2015-05-27,134.95047972992592,136.21900631911421,134.06546405815345,135.80599975585938,1223500
2015-05-28,135.36347754356612,136.2558755093042,134.90622191431646,135.5699920654297,966800
2015-05-29,135.7986258611471,136.12313422661717,133.31319292757016,133.7852020263672,2486800
2015-06-01,133.96218724036794,135.76172514512993,132.75266342376142,135.25283813476562,1136700
2015-06-02,135.1495579600284,135.44455931498925,133.5491525395262,134.33828735351562,980800
2015-06-03,134.37516167915274,134.38254402765307,131.60948185073886,131.96348571777344,1113000
2015-06-04,131.6390241707658,132.7821631380108,131.27763785795682,132.0372772216797,1256100
2015-06-05,130.71714041350884,131.80128817935898,129.38222903759376,130.25250244140625,1487700
2015-06-08,130.2377455377234,130.2377455377234,129.30848087175536,129.51498413085938,1607700
2015-06-09,129.6846205810729,129.9132484052571,128.4824789162359,128.75535583496094,1503100
2015-06-10,129.0798188739836,131.2702383132785,128.85856222538786,130.0607147216797,1373900
2015-06-11,130.57697136623835,131.07847592779873,129.95007941070733,130.72447204589844,926400
2015-06-12,130.44424438476562,131.30713538546084,130.11973605898282,130.44424438476562,1064400
2015-06-15,130.0754984880833,130.3926357449387,129.07247778029208,129.65512084960938,1486100
2015-06-16,129.75099164474048,131.29977744440401,129.6920003555812,130.7318878173828,1113100
2015-06-17,130.77613846426948,132.73054831325203,130.23774452176343,132.435546875,1305300
2015-06-18,132.75261290719573,134.8397803383327,132.45761160216665,134.14651489257812,1039000
2015-06-19,133.95481948865117,135.25284151213972,132.3617847869268,132.36915588378906,2610000
2015-06-22,132.68630051995876,133.32056374662605,130.11236961975166,130.19349670410156,1562500
2015-06-23,130.4442374034259,130.51799338391393,128.6963309509689,129.24209594726562,898100
2015-06-24,129.46335387917344,130.16400200069833,128.2169632158344,128.2538299560547,1502100
2015-06-25,128.35707677049933,128.6447071056445,127.09593270624103,127.11805725097656,1390200
2015-06-26,127.34669270940796,128.63734374667393,126.63130237703668,128.26121520996094,2714700
2015-06-29,128.1136984025933,129.35271784111146,126.10765728477881,126.11502838134766,1223300
2015-06-30,127.09591041644497,128.91757263741306,126.35839571171557,127.60479736328125,2167300
2015-07-01,126.75664454676134,128.91756841266525,126.75664454676134,128.8880615234375,1638600
2015-07-02,129.81732225025166,132.09623964947596,128.63729439602582,128.85855102539062,1046800
2015-07-06,128.22436855588867,129.69202757399475,128.22436855588867,129.64039611816406,1242100
2015-07-07,130.13444773107292,132.09623925001964,130.02382504351485,131.80860900878906,1520100
2015-07-08,130.74661749222724,131.7201423901004,130.46635827855184,131.52838134765625,1201700
2015-07-09,132.13314100175756,132.6936481421889,130.8867393143319,131.36611938476562,1364100
2015-07-10,132.15527517726204,133.0402906622006,131.50625856996862,131.8971405029297,1044400
2015-07-13,132.7821723774925,133.77045085701556,131.4841502562701,132.24378967285156,1022700
2015-07-14,132.40603851450626,133.15092445268286,131.55790094872518,132.74530029296875,856600
2015-07-15,132.50184547233434,133.95474980276526,131.62420149822276,133.79249572753906,1234600
2015-07-16,134.38996193268363,135.6289815256644,134.18345866718684,135.2823486328125,1140600
2015-07-17,134.83247933441373,135.24548587757894,134.26458971076943,135.0094757080078,1020500
2015-07-20,135.17170889493383,135.29708505795432,133.99906308764,134.91357421875,666000
2015-07-21,134.98733667012553,135.20122227003634,133.9474380725586,134.05068969726562,889700
2015-07-22,134.22027383517207,135.0389154164769,133.97689268899188,134.50790405273438,1142300
2015-07-23,134.39732764620902,134.52270381998207,132.2732925356761,133.77044677734375,1143800
2015-07-24,135.34131683266781,147.6725633608752,134.27930513111815,136.1820831298828,1299400
2015-07-27,136.26322057915695,137.87100857918136,136.1231022302618,137.00811767578125,1591100
2015-07-28,137.42112802073137,138.25452330940757,136.73523343488384,137.44325256347656,1133500
2015-07-29,137.53912173127253,137.9594992623133,136.63935288863212,137.5243682861328,890900
2015-07-30,137.02287117523886,137.91526904415988,136.15998020063316,137.281005859375,646900
2015-07-31,138.71914889026147,139.427168013391,137.64975473602746,138.0775146484375,1467100
2015-08-03,138.02590717254031,139.18381095164858,137.75303026436654,138.9404296875,771700
2015-08-04,139.10270552061752,140.47448387983832,138.48319561737867,139.05845642089844,1283700
2015-08-05,139.5451919057082,139.9803229731634,138.72654995924285,139.16905212402344,1377300
2015-08-06,139.01417453077914,140.34169222356263,137.88577773976326,140.05406188964844,1390500
2015-08-07,140.11303622557205,141.75770207006929,138.9772685661364,141.3741912841797,1001600
2015-08-10,142.15597618415734,142.4878555899019,138.95516468714823,139.50830078125,1619100
2015-08-11,139.50830561207434,141.83147278631424,139.11742365899374,141.27096557617188,1362500
2015-08-12,140.99070738621592,141.72822220934006,139.97293332915797,141.6175994873047,1123900
2015-08-13,140.57668797215288,142.77749073864993,140.294148035782,141.82579040527344,792400
2015-08-14,141.7811683309074,143.3722932446795,140.76255431949815,142.51724243164062,683800
2015-08-17,142.6213541952717,144.00428412694893,141.63990687518296,143.9001922607422,868400
2015-08-18,143.57307152961798,145.11214511574912,143.33514075282955,144.82217407226562,1215900
2015-08-19,143.9745643559621,144.5024661719146,142.80724910924124,143.63998413085938,928000
2015-08-20,143.04515871954675,144.13812903297523,142.0116710957455,142.9113311767578,1337700
2015-08-21,142.93362002928708,143.90018243010596,141.23096084352605,141.24583435058594,1993800
2015-08-24,136.6360154376475,138.63607641912495,134.87387381066466,135.37203979492188,2744800
2015-08-25,142.52467160361547,142.52467160361547,131.5131946793866,131.66932678222656,2181300
2015-08-26,133.8329705559123,135.68433073286056,132.2790237872963,135.29769897460938,1988100
2015-08-27,136.42783790303588,138.97809388849072,134.91105798720673,138.0933074951172,1467900
2015-08-28,137.75129072467215,137.8405090648894,135.31998884730913,137.04495239257812,1447900
2015-08-31,136.93344102193316,138.45022113024402,133.09689291874946,133.327392578125,3230500
2015-09-01,131.33479971586144,132.2790691754305,128.69531295519383,130.12286376953125,1821800
2015-09-02,131.75112167647194,132.77717807805678,130.5466285755934,131.69908142089844,1113600
2015-09-03,132.1823461449375,133.2009599937415,131.6544558483941,132.28643798828125,1126300
2015-09-04,130.79196295123847,131.58751954078076,129.21570058537796,130.05587768554688,1162600
2015-09-08,131.7362398727562,132.42028499417097,130.66558570894168,132.00390625,1276800
2015-09-09,132.9928162714475,133.11178165534952,129.55034198165373,129.81800842285156,960400
2015-09-10,129.70647332457486,131.32734547108797,129.4611114762198,130.16001892089844,1011700
2015-09-11,130.0410136066414,133.23070531065014,129.4759452278345,133.1935272216797,1213100
2015-09-14,133.4835022882567,134.13780036984352,132.24926230532162,133.04483032226562,979200
2015-09-15,133.24556862286514,135.14896864289076,131.9295415210665,134.6359405517578,974700
2015-09-16,134.5021287225271,136.81446546400872,134.40547929337896,136.37579345703125,952300
2015-09-17,136.3014654331198,140.0041748395937,135.2977135080645,137.4613494873047,1289900
2015-09-18,135.83303254410504,139.2011614148151,135.49100995885016,136.80703735351562,2761000
2015-09-21,137.02267972641604,138.39819007992915,136.87397866404908,138.13795471191406,999900
2015-09-22,137.1193025850061,137.85538795603847,135.83302230092386,136.24195861816406,1128300
2015-09-23,136.0635291990857,137.4687750304501,135.54306988101783,136.43528747558594,945900
2015-09-24,136.2270841112497,137.3051806886605,133.63965005643163,134.7474822998047,1574500
2015-09-25,135.93714142649,137.31264033027324,134.72520573726158,135.9073944091797,1057400
2015-09-28,135.44638346004973,135.58022231373985,132.89612761167356,133.95191955566406,1000600
2015-09-29,134.234463743293,136.6062831904296,133.95936626910296,135.63970947265625,1595800
2015-09-30,136.53194792756676,136.99292455885973,135.1341331808562,136.59886169433594,1431900
2015-10-01,137.3126505932972,138.42049449506794,136.52452475311236,138.21974182128906,1068000
2015-10-02,137.80334535897563,139.49113099027562,136.69551303510556,139.39447021484375,1199900
2015-10-05,140.0785127158781,142.7179987229758,140.0785127158781,142.61390686035156,1587900
2015-10-06,142.80724764133663,144.16787311975773,141.97450128311445,142.554443359375,1362200
2015-10-07,143.07492143045175,144.48017896628303,142.45037008908128,144.40582275390625,1301700
2015-10-08,144.10092379099513,145.28311224360615,143.00795368343827,144.9485321044922,961800
2015-10-09,144.80726581351013,145.1567194673335,143.90761722442875,145.04519653320312,876600
2015-10-12,144.97083806265354,146.547100692879,144.3091088585311,146.205078125,1058200
2015-10-13,145.8705158452735,146.27200979614238,144.27194843282106,144.95599365234375,1303100
2015-10-14,145.28312122281122,146.18278118996716,143.95223166446752,144.31655883789062,1118600
2015-10-15,145.06752005068225,146.9709206759667,144.2273426867236,146.91143798828125,1030500
2015-10-16,147.20882329450404,147.84080545820785,146.72553080385475,147.66236877441406,1217600
2015-10-19,147.57317457864698,150.6810799290444,147.5359964788618,150.6290283203125,879900
2015-10-20,150.16062130684935,151.00822979837395,149.54350115189922,150.29444885253906,1049600
2015-10-21,151.11228942871094,152.21269061296823,150.6066923363803,151.11228942871094,1158300
2015-10-22,151.52121589077595,153.00081774507396,151.2907276011211,152.2944793701172,1514300
2015-10-23,151.73684074334514,152.5398398827558,149.89292309645444,150.9635772705078,1193000
2015-10-26,151.00822780033243,151.46920446738199,149.75168291610962,151.20896911621094,967000
2015-10-27,150.77768622882385,153.60305082656356,150.37619236345682,153.30564880371094,1010400
2015-10-28,153.55848448312238,154.75554667846322,150.1754816401884,152.9488067626953,1369600
2015-10-29,152.96365563895034,153.02313832397476,150.65876115635558,151.96734619140625,1094200
2015-10-30,152.2647334891109,152.53239987315393,149.78883361816406,149.78883361816406,2021800
2015-11-02,149.88545818609086,153.32794251503051,149.61779184644087,152.9933624267578,1353200
2015-11-03,152.53243842856043,153.42466749767206,151.04540510692624,151.60304260253906,969300
2015-11-04,151.87810210113767,152.3836878204319,150.94870657729365,151.48403930664062,1207900
2015-11-05,151.1197475564891,152.0640168064274,150.324179356147,150.93386840820312,1171600
2015-11-06,149.0750743406034,149.2683845672105,143.80354450945305,144.911376953125,1836200
2015-11-09,144.74038447058993,145.00805091761333,141.10458851653433,142.390869140625,1805700
2015-11-10,142.88155424013567,145.030316317882,142.53954302784973,144.58421325683594,1010300
2015-11-11,144.95601498402993,145.3054573814006,143.52102191135594,143.9150848388672,858300
2015-11-12,143.7951048938774,144.43235474127866,142.4456178056683,143.25531005859375,1133300
2015-11-13,143.25532316584594,143.49522564807518,139.10190204987782,139.70167541503906,2038800
2015-11-16,138.98942888614243,140.85622020475523,138.38965561014555,140.67628479003906,1373000
2015-11-17,140.391386911054,141.62091695270755,140.04652500653606,140.0690155029297,998500
2015-11-18,140.376393026194,142.81296247690247,140.2264411389875,142.6255340576172,1174600
2015-11-19,142.97791580614094,144.4848363412567,142.31816403846082,143.22531127929688,937600
2015-11-20,144.252416573618,144.46982851436223,143.27778647019332,144.11746215820312,1228100
2015-11-23,144.1924666785649,144.58232108513533,142.89546491637307,143.2628173828125,926000
2015-11-24,142.44560959813987,142.82795948455012,139.21434523182208,140.37640380859375,1892900
2015-11-25,141.04364021156942,141.77835642491345,140.60130044011947,141.31353759765625,944900
2015-11-27,141.09613058880265,143.08287896232582,141.0211660749132,142.44561767578125,475800
2015-11-30,143.19534272669736,143.22532624666886,139.3493070859436,139.626708984375,2237900
2015-12-01,140.22646537558376,141.46350002050804,138.70454726311849,141.44100952148438,1520200
2015-12-02,141.3360416590721,141.40351315213914,137.07016852161698,137.21261596679688,1671600
2015-12-03,136.9651983226399,137.9398284251336,135.36081145474037,136.21548461914062,2135100
2015-12-04,137.37755261825893,140.84122650649837,136.54536989241547,140.46636962890625,1760700
2015-12-07,139.91908659555625,141.04365726695025,139.55172272460007,140.81874084472656,936800
2015-12-08,140.6987905762169,141.42601389343312,139.77664578500276,140.9162139892578,1545300
2015-12-09,140.31640913243467,141.96577687041017,139.6716549374407,140.38388061523438,1053300
2015-12-10,140.50388141626553,141.23859781773814,138.64458275170585,138.7195587158203,955800
2015-12-11,137.9398451483402,139.01193038325178,137.09266489996622,138.3971710205078,1296900
2015-12-14,137.9473335887815,139.57421109583882,137.54998620612218,139.4242706298828,1026000
2015-12-15,140.5863325601889,144.0500065958809,140.5863325601889,142.220703125,1739900
2015-12-16,142.82795482329175,145.50443825998642,142.55805743000928,144.94964599609375,1831700
2015-12-17,144.87465770112206,145.4669264015011,144.1699250988361,145.04708862304688,1053200
2015-12-18,144.65726336867212,145.3919796283299,142.81297398059104,142.83546447753906,2252300
2015-12-21,144.1399363307431,144.65724055842432,142.61801859871625,143.82505798339844,1148700
2015-12-22,144.34242725165822,145.5869551660337,144.09502027303705,144.39491271972656,1500000
2015-12-23,144.97215087827266,145.58692167275856,144.61229146476052,145.4669647216797,1243500
2015-12-24,145.1520863430172,146.4565924469626,144.88968194242878,145.70687866210938,379500
2015-12-28,145.35451509446492,145.65439603834756,144.64227783322534,145.50445556640625,834000
2015-12-29,146.46408181868017,146.8689222189392,145.7968370243682,146.7864532470703,1083900
2015-12-30,146.73398584685043,147.16131676418095,146.171700496867,146.31414794921875,598900
2015-12-31,146.39664750163837,147.1913424652413,145.12213606342272,145.77438354492188,1013500
2016-01-04,144.17747592920867,144.61980437746644,142.6555576521871,144.19996643066406,1445500
2016-01-05,144.69475879997796,147.51367848006018,144.41736836350844,147.07135009765625,1236500
2016-01-06,145.96175787921123,147.33373528346087,145.9467604025207,146.7114715576172,941800
2016-01-07,144.63481529713343,145.32455076521373,143.48775385742383,143.61520385742188,1285800
2016-01-08,143.75763792149226,144.58232777359464,139.14690208947042,139.52175903320312,1397800
2016-01-11,140.36139955055788,140.90119432866422,139.25931949856766,139.9790496826172,1211300
2016-01-12,140.54137422241908,140.54137422241908,138.37470148596122,139.10191345214844,1380000
2016-01-13,139.28932175310237,141.92082451034565,137.8348865916763,138.14976501464844,1262200
2016-01-14,138.479638206148,140.89370606834822,137.60996747035753,139.19186401367188,1376400
2016-01-15,136.7027755421965,138.77199240663768,135.60069563128025,138.0747528076172,2418000
2016-01-19,139.44677735837936,140.36892219907773,138.49463755716403,139.7466583251953,1138600
2016-01-20,138.56212416177314,138.78702917296835,133.4790535539693,135.42831420898438,2188800
2016-01-21,137.0176830217303,137.97731572189073,135.03094612836477,136.9727020263672,1456800
2016-01-22,138.772005578805,141.0436370949553,138.337170275289,140.43637084960938,1208900
2016-01-25,140.4738439903912,141.74086189872278,138.73451425803844,138.80947875976562,1239100
2016-01-26,139.1618583770117,142.55056762695312,138.7195300235137,142.55056762695312,1420500
2016-01-27,142.07077584186828,142.07077584186828,138.57710652418055,139.4767608642578,1495300
2016-01-28,140.27893059824444,141.38850366901522,139.15436005037964,140.0390167236328,1282700
2016-01-29,141.86833053349656,142.15322542086318,133.1116793736963,139.65667724609375,3488400
2016-02-01,139.1318867300774,142.0707634185275,139.04941775546448,140.89370727539062,1524900
2016-02-02,141.01366596140443,141.26107288828533,138.6445676067795,139.52923583984375,1450900
2016-02-03,140.35392675694575,141.53097148456598,138.23223531165374,141.17111206054688,1387800
2016-02-04,140.91615088693462,141.4559340685771,139.48419539305058,140.63125610351562,1191000
2016-02-05,139.6191831437857,140.27893487937925,137.08515854427358,137.9323272705078,1447700
2016-02-08,138.35966738644908,138.35966738644908,133.93634963623643,136.80775451660156,1839300
2016-02-09,134.91095125977344,135.833095724691,132.0320539685005,134.146240234375,2102600
2016-02-10,134.5094329876773,138.40530397844597,134.5094329876773,137.0814666748047,1445700
2016-02-11,135.05407769215714,137.86817805238198,134.75149097204536,137.2932586669922,1943200
2016-02-12,138.75324322721315,139.69884106695503,137.25541948108585,138.83645629882812,1633200
2016-02-16,140.4402129558699,141.4992896613418,138.85161521207885,140.96975708007812,1538800
2016-02-17,142.19521897993815,143.3450691633153,141.4916881981618,141.54464721679688,1302800
2016-02-18,141.0983082744623,143.71571621877308,141.0302164680841,143.17105102539062,863800
2016-02-19,142.20281039207285,143.76115409294957,141.02270590181456,143.31483459472656,1341000
2016-02-22,143.3148154156116,145.56911757719067,142.93657625561107,143.2996826171875,1122500
2016-02-23,143.24674822542985,145.0244770570389,143.0198024001051,143.4888153076172,832400
2016-02-24,142.94417333291918,144.00323854827516,141.41608362823828,143.10302734375,776100
2016-02-25,144.2377099197381,145.3572945239299,143.66279059173525,145.1984405517578,899100
2016-02-26,145.26649505822988,145.9321995094767,143.99561733451168,144.03343200683594,979300
2016-02-29,144.32849174899314,145.86415333847086,142.99709407827154,143.52662658691406,1734300
2016-03-01,144.31337217129038,147.25607237096463,144.260413148339,147.180419921875,1226200
2016-03-02,147.04424904857734,148.06548778197973,146.5071444007871,147.73263549804688,1099500
2016-03-03,148.47401039819022,149.44230177196107,146.26509498034144,149.33639526367188,1366100
2016-03-04,149.23045815560778,150.22900338001898,147.76288859670922,150.17605590820312,1503800
2016-03-07,149.8280558211891,151.3561448680638,149.21531038586662,151.03085327148438,1193100
2016-03-08,150.0247722476314,150.89471761892307,149.05646946704672,149.54818725585938,1003800
2016-03-09,149.8886121535362,150.89472969281417,149.2909993664472,149.6087188720703,1000600
2016-03-10,150.44083593339892,151.20488640442136,148.2621862770629,149.79783630371094,1022700
2016-03-11,151.6890084083845,152.28662109375,149.91884068844888,152.28662109375,1527700
2016-03-14,151.4923322074567,152.48332842422838,149.51036285979785,150.6072540283203,1433900
2016-03-15,150.07012667741023,151.25023064692525,149.84318094259436,151.02328491210938,888900
2016-03-16,150.35761694035378,152.25638478743886,149.15481926015508,151.7041473388672,915000
2016-03-17,151.89326712902894,155.83452400434413,151.32590842512963,155.1763916015625,1702300
2016-03-18,155.11582500453193,156.50018120818532,153.89789489375087,155.04774475097656,2486800
2016-03-21,155.51680938178086,155.66810273229984,153.08850897421024,153.56509399414062,1082600
2016-03-22,153.23224896519193,153.8676879932768,152.34717070258588,153.08851623535156,1011700
2016-03-23,152.1126546515487,153.70125212134428,151.9840547284897,152.4303741455078,1068200
2016-03-24,151.5755571644651,152.604368140567,151.12923772632536,152.38499450683594,731600
2016-03-28,152.76320271194848,154.11729355039876,152.01428517203686,153.61802673339844,625800
2016-03-29,154.1854001101526,156.6363822153855,153.9584543300165,156.5456085205078,1085100
2016-03-30,156.87847567873646,157.10540993746483,155.5697598910404,155.63027954101562,929200
2016-03-31,156.0160848750329,157.43825619453253,155.78156691178185,157.11297607421875,1442300
2016-04-01,156.96922621230746,158.79990206779925,156.51533467596283,158.17959594726562,1256800
2016-04-04,158.42924814407144,159.17060520450573,156.90873088470872,157.9224090576172,823300
2016-04-05,157.3248039140844,157.73329714559432,156.29599289282788,156.62884521484375,966900
2016-04-06,156.15981625200314,158.06614487722297,155.75132303235623,157.84677124023438,939400
2016-04-07,157.74081378890062,158.0055741933446,155.51676636828572,156.43209838867188,902300
2016-04-08,156.83306736427213,157.4685062876372,156.38673644965345,156.66664123535156,1050000
2016-04-11,157.33990360012393,157.47606413432365,156.3035206259699,156.34890747070312,943100
2016-04-12,156.80283142337888,158.0585882543555,156.333818540244,157.4307098388672,885900
2016-04-13,158.21741221327372,158.21741221327372,156.3640429166284,157.07513427734375,800700
2016-04-14,157.13564460256526,157.62735079027746,155.68320791789372,157.30963134765625,1033600
2016-04-15,157.16590192903033,157.50632634310017,155.8798913364651,157.24911499023438,1066700
2016-04-18,157.249123034559,158.42922720441106,156.92384294235634,158.1569061279297,861100
2016-04-19,158.42169183492834,158.4443852615865,157.34749398231764,157.54417419433594,1007600
2016-04-20,156.21273423536854,156.62879951649631,153.82983273708987,154.10972595214844,2636900
2016-04-21,153.98869468620904,154.68465321857644,150.62236913287836,150.75852966308594,1704600
2016-04-22,151.136821837264,153.33061623015575,151.136821837264,152.91455078125,1397800
2016-04-25,152.54381035882318,154.0718994140625,152.18070408830005,154.0718994140625,1245500
2016-04-26,154.63173755062732,154.78303090739783,152.8313154391116,154.28375244140625,1439000
2016-04-27,154.86622896165505,155.43358765171303,153.47431174568564,154.7527618408203,1407900
2016-04-28,153.5423745312,155.20662419057305,153.5045483142491,154.06434631347656,759700
2016-04-29,153.56506625478985,153.84495947983837,151.38640546344394,152.1807098388672,1504900
2016-05-02,153.39865898903625,155.0780416316041,153.32300654667327,154.71493530273438,872800
2016-05-03,153.76929501161112,155.14607904735468,153.6936425901459,155.04774475097656,758100
2016-05-04,153.7693542476795,157.20376080656214,153.7693542476795,157.06002807617188,1107800
2016-05-05,156.30353241272277,157.74840864137437,155.79669337007923,157.68032836914062,1106000
2016-05-06,157.53658884795496,159.5261302543979,157.14321694269753,159.48074340820312,1091000
2016-05-09,159.38993916667707,161.19792142980938,158.33087440527993,161.16009521484375,1206100
2016-05-10,161.65187988982876,162.49157142098213,161.19798820809103,161.82586669921875,1133500
2016-05-11,161.45513068296734,161.48539627388928,153.03553647918284,153.7466278076172,4023100
2016-05-12,154.32914373118226,155.3277006918744,151.1065501218407,154.35183715820312,3067600
2016-05-13,153.1014202549525,153.1014202549525,148.770656964984,149.8152313232422,3369700
2016-05-16,149.84569978731244,152.66678885953542,149.03749708580682,152.01870727539062,1797400
2016-05-17,151.08087029623485,151.86620018154144,148.18354261235558,149.03749084472656,1921900
2016-05-18,148.4046837627204,149.34250295480493,145.4921030176326,147.52786254882812,2428000
2016-05-19,146.36888411964972,148.11490568448474,145.81991410053752,147.80230712890625,1913900
2016-05-20,148.61815340791918,150.10494259487396,147.94718736081205,148.7782745361328,2266900
2016-05-23,149.02223710683418,150.02105404126385,148.05391333721303,149.2509765625,1280800
2016-05-24,150.11257483384756,152.04159058795017,149.63222308267217,150.68441772460938,1493400
2016-05-25,150.92074299866226,151.25622594581395,148.5037556638094,149.51019287109375,1531800
2016-05-26,149.6627344399978,151.08090544680758,148.67916966738892,150.30320739746094,843100
2016-05-27,150.34892641351993,151.40874138061588,149.96006582336443,150.79115295410156,886800
2016-05-31,151.53832907998319,151.6450725948488,149.49494989993548,150.69200134277344,1475100
2016-06-01,149.89144711142865,151.9272062893281,149.89144711142865,151.1647491455078,1205000
2016-06-02,150.4022439261101,151.19520561735234,149.5254231446587,150.5089874267578,1115000
2016-06-03,151.46209678036976,152.35418181671855,150.6767669057823,152.10256958007812,1374800
2016-06-06,152.43804774831816,153.57411305534058,150.6081552980081,151.47735595703125,1370000
2016-06-07,151.4773823222636,153.15478596603523,151.46212991950742,152.1178436279297,881400
2016-06-08,152.00345227088425,153.9248474754324,151.73658762457922,153.59698486328125,1211600
2016-06-09,153.48261294416722,154.58817338631016,152.49903679318223,153.7494659423828,824100
2016-06-10,153.07855794100635,153.87914044624262,152.3465938017167,152.689697265625,830200
2016-06-13,153.11667382815747,154.42046923860886,152.491453285284,153.8105010986328,999200
2016-06-14,153.56650362744008,155.77000441530706,153.2005158039314,154.64157104492188,1257600
2016-06-15,154.90840212153518,156.53243940992053,154.90840212153518,155.708984375,1261300
2016-06-16,155.3354008827791,157.3330466423836,154.6263212767317,157.22630310058594,843200
2016-06-17,157.12716852249255,157.12716852249255,155.25151884245636,156.9822998046875,1452700
2016-06-20,158.52245813742584,159.94062880596775,157.40164527192474,157.79812622070312,1214400
2016-06-21,158.03448864696423,159.30779062617253,157.83624235224352,158.91893005371094,1190800
2016-06-22,159.3611699484338,159.73477815246267,158.39285771284935,159.0409393310547,1087900
2016-06-23,159.94827752841513,160.45150209477575,158.94946041390108,159.42218017578125,730200
2016-06-24,155.98347149153417,159.216293712902,154.78640828639737,157.4473876953125,1733900
2016-06-27,156.639199983657,158.6749591939924,155.44976868181365,158.55296325683594,1760100
2016-06-28,159.51364416878994,162.5710927436904,158.5910660214567,162.4719696044922,1732000
2016-06-29,163.08957851933562,164.79748671094558,162.34999415859798,163.87490844726562,1575600
2016-06-30,164.4848492921555,165.5827892599205,163.08955155263502,165.37692260742188,2073000
2016-07-01,165.85730961738722,166.9399974180792,165.08723205304122,165.55995178222656,1047900
2016-07-05,165.71240845749608,167.93116121167662,165.6742832790815,167.91590881347656,1321800
2016-07-06,167.4965716840692,167.99217578413052,165.30070312711072,165.8649139404297,1397200
2016-07-07,165.483673189816,165.95640447255767,163.06668573483353,164.37811279296875,1235700
2016-07-08,165.29308076467967,167.54995905229268,164.71361751780674,167.40509033203125,1152800
2016-07-11,167.58809193874026,169.45610971904466,166.49777211215016,169.0672607421875,998200
2016-07-12,168.75463661659006,169.14348556144864,167.11534681982107,168.853759765625,1254200
2016-07-13,169.09014883732763,170.9810395737066,168.53354666411644,170.97341918945312,1194200
2016-07-14,170.96574022018737,170.96574022018737,168.8842357415279,169.39508056640625,1159700
2016-07-15,169.74584838389254,170.1651905321686,167.69483667587232,169.98220825195312,1115200
2016-07-18,170.06605333668912,170.37866353043276,168.754626233631,169.4789581298828,849000
2016-07-19,169.7229760173904,170.0508270263672,168.22855479829613,170.0508270263672,1077100
2016-07-20,170.36342660240007,170.40155178654328,169.12061773120251,170.2109375,751800
2016-07-21,169.82970545700715,171.0572619026318,168.38102992837335,170.94288635253906,663200
2016-07-22,170.70648807147654,172.41439584780096,170.43962348217994,171.78155517578125,967300
2016-07-25,172.20094624223753,172.63554075348398,170.8513938741456,171.1563720703125,800400
2016-07-26,171.17925124260327,171.62910980487322,170.3939213056972,171.171630859375,920600
2016-07-27,171.66721793214725,171.70534311542986,167.01623642598196,169.0367431640625,1587600
2016-07-28,169.12058968949347,172.1246722087796,168.97572099427347,170.84375,923600
2016-07-29,170.73703402628252,174.67894796098918,170.73703402628252,173.1082763671875,1260500
2016-08-01,172.97102533705834,174.19858178427933,172.51354640443748,173.53524780273438,921600
2016-08-02,172.75755609617428,173.45901533351005,170.18807902054317,170.49305725097656,1301900
2016-08-03,169.41800606450388,169.55525442530288,168.00746707055345,169.5018768310547,1510600
2016-08-04,169.68485715156368,170.08133816473273,167.2602371348526,167.4508514404297,1036300
2016-08-05,167.83205352582291,168.49539911562806,166.5740039615177,167.5194549560547,1378700
2016-08-08,167.50419483683348,169.54757419109006,167.18396426493527,167.71768188476562,1147500
2016-08-09,167.74056504339657,168.7851275664135,166.48251545924,168.22091674804688,881800
2016-08-10,167.64907850918988,168.67076827753777,166.48252002377413,166.96286010742188,1218800
2016-08-11,167.00863067981015,167.00863067981015,162.7770022557599,163.585205078125,2212900
2016-08-12,163.81390291337823,165.1176979622362,163.26493290306811,164.09600830078125,1196500
2016-08-15,164.69532641464346,165.17937747044923,163.95002824288062,164.4878692626953,1148100
2016-08-16,164.29580314995292,164.66460679251605,161.56048699650148,162.55934143066406,1273100
2016-08-17,162.55933621120326,164.80291019451494,161.61426005414864,164.4033660888672,1128900
2016-08-18,164.03456349117693,165.24855432917244,163.6887976283884,164.69534301757812,890800
2016-08-19,164.07298667166162,164.6953582478012,162.16748737998998,162.81289672851562,973500
2016-08-22,163.15865187510528,163.85783942792006,162.14442720218574,163.26622009277344,811700
2016-08-23,163.9423661893873,164.1190946245521,162.8282642251835,162.86668395996094,677700
2016-08-24,163.09716347572945,164.9335139412434,162.21355661926813,164.61080932617188,1371100
2016-08-25,164.72606916718058,167.13868056751025,164.6722909226545,165.6173553466797,1052200
2016-08-26,166.08604595682988,167.6457908903914,163.58122488641732,164.24200439453125,1253500
2016-08-29,164.24204278453013,166.18596203243598,163.93470831433842,165.72496032714844,883700
2016-08-30,165.9938444622636,166.1167829173042,163.78101089181484,165.8862762451172,944700
2016-08-31,165.5712784424922,166.8083189202584,164.67999214411438,165.555908203125,1817500
2016-09-01,165.11026357264458,166.46255152338895,164.62620069140917,165.97850036621094,881900
2016-09-02,166.66997229354965,168.58316217949653,165.66343873906663,166.49325561523438,939100
2016-09-06,166.8236686896115,167.63811547251234,165.50210955069647,167.6227569580078,1374700
2016-09-07,167.5843270364622,168.3142550489896,166.65462110695148,168.229736328125,813600
2016-09-08,167.4844424448524,167.9454557932352,166.4010810070488,166.8006134033203,2414600
2016-09-09,165.43293246933834,165.43293246933834,161.1916501118483,161.2761688232422,1693000
2016-09-12,160.7460369173952,164.07297233664207,160.19282560297654,163.1048583984375,2081200
2016-09-13,162.1598066773135,162.27505415850266,158.9865264892578,158.9865264892578,1406600
2016-09-14,159.47056115078027,161.56814700579622,159.09406657206253,159.64727783203125,1212800
2016-09-15,159.27849976033616,160.06989704883702,158.59467069384345,159.7471923828125,1230100
2016-09-16,159.31690066821884,160.60771917978016,158.56391147908585,160.37721252441406,2460600
2016-09-19,161.2761955813502,161.6680604555812,160.44639028969382,161.0380096435547,960100
2016-09-20,161.89088677119506,162.07529447257645,160.33882085906012,160.3465118408203,974700
2016-09-21,160.2465878777008,162.2212470134301,158.2949899581587,162.02146911621094,1498100
2016-09-22,162.9051042095203,164.7875539789935,162.03686744184589,164.03457641601562,1173600
2016-09-23,163.70418076475397,164.54936803630048,161.61427380607262,164.03457641601562,1208900
2016-09-26,163.79636985008054,165.25623762852175,163.27389900082497,165.01036071777344,1073800
2016-09-27,165.62502142402838,165.62502142402838,163.38144764054738,163.60426330566406,935500
2016-09-28,163.65038958959082,164.21895941458126,161.86781720277858,163.35841369628906,1149600
2016-09-29,162.66691723780784,162.882053683012,159.20166117044513,159.49363708496094,1362700
2016-09-30,160.84594659420983,161.2685402840793,159.03264508099966,159.05569458007812,1697200
2016-10-03,158.50245826197536,158.50245826197536,154.3610641997591,155.08331298828125,2024100
2016-10-04,154.84512316336676,155.45212445935005,151.66416390534374,152.8013153076172,1894600
2016-10-05,153.177797106696,154.43788685887085,149.5819237937717,150.38101196289062,1612300
2016-10-06,150.10442007386618,152.59387105701572,148.02219246887833,150.9649658203125,1364700
2016-10-07,151.85625116732018,153.90005902740273,150.45786433740759,151.21852111816406,1427000
2016-10-10,151.34146435546066,152.770591706469,151.24926637283326,151.74868774414062,699000
2016-10-11,151.74867241514517,152.27883420981155,149.68950618409647,150.25039672851562,959400
2016-10-12,150.6576320863501,152.93962590023347,150.28113745854503,152.83973693847656,1206700
2016-10-13,152.00221521784505,153.07021796981616,151.29533679504914,152.7398223876953,1226300
2016-10-14,152.93963668229893,153.55431728619098,151.35684204101562,151.35684204101562,1056400
2016-10-17,151.55654391798313,152.36331113536082,150.77282618761174,151.74095153808594,1014500
2016-10-18,152.470947265625,153.4313820657521,151.99457535646042,152.470947265625,855900
2016-10-19,152.3863934007511,152.7014187563358,149.90463373214183,152.4862823486328,1409700
2016-10-20,152.90121469277705,153.00878291756848,150.84204818275344,151.5642852783203,1241800
2016-10-21,150.43480125664325,151.28766773061548,149.85854044244732,151.0187530517578,872100
2016-10-24,151.88699930079105,153.04721207250958,150.59618052384872,151.37220764160156,1030400
2016-10-25,150.8573605878905,151.90231376249724,150.45782828881556,151.57192993164062,1035700
2016-10-26,149.91229356811462,150.64991238758267,144.04979790751213,144.74131774902344,2676100
2016-10-27,144.5646325266837,144.57232350800817,139.7240508112562,140.78436279296875,3726600
2016-10-28,141.552704334577,142.93573264536104,139.86234160986598,140.51544189453125,1694000
2016-10-31,141.5834483866677,143.16624293407853,140.5154454438187,142.8819580078125,1932800
2016-11-01,142.13662692230693,142.51310974338296,139.5626577694683,140.79969787597656,1861200
2016-11-02,141.0763296472873,141.5450222397656,138.03366742456575,138.0567169189453,1662400
2016-11-03,138.00294772365234,138.77129551750954,136.85042603286655,137.78781127929688,1118900
2016-11-04,138.39476176926252,138.70210783438748,137.17309193603157,138.5177001953125,1662700
2016-11-07,140.5922440292587,141.0763067808826,138.90956086795114,139.7854766845703,1082700
2016-11-08,140.07744925522525,141.291439871629,139.07091577381587,140.79969787597656,874100
2016-11-09,138.41015916845961,139.6087797475589,134.3917038362085,138.9019012451172,2099600
2016-11-10,139.31677122285421,143.27375607005135,135.75162764721352,140.0620574951172,3137400
2016-11-11,140.0313472814647,142.10588341489787,139.82389015090527,140.30795288085938,1795200
2016-11-14,140.55608587084706,144.47162353286504,138.94334912136605,143.89785766601562,1786900
2016-11-15,144.5491283817368,146.73563064403555,141.7346035906542,142.84335327148438,2468600
2016-11-16,143.13029060071287,143.61875536225435,140.98255764635843,141.84320068359375,1030500
2016-11-17,141.70358737010804,142.6340209427458,139.66441591206586,140.09085083007812,1090800
2016-11-18,139.99783506676516,140.92050768403178,138.91234482936696,140.20718383789062,1369300
2016-11-21,140.47855157404248,141.86644106438905,139.07516353086706,139.31552124023438,1006600
2016-11-22,140.02882278464295,141.0988023858411,139.6721550302746,140.78866577148438,1068300
2016-11-23,139.7187274265274,140.30024267261254,138.05172178679993,140.15292358398438,1102500
2016-11-25,140.91275167686968,141.88194356787966,139.8350107673048,140.57159423828125,490900
2016-11-28,140.05988323750594,141.85094828084488,139.61793780792152,140.59487915039062,1398200
2016-11-29,141.07560633016277,142.78138214001928,140.61040119890671,141.34698486328125,1346900
2016-11-30,139.858268160382,140.81194965301776,138.3385700942783,139.29225158691406,2234500
2016-12-01,138.72624240195174,139.08291020626396,136.3614119357379,137.09800720214844,2075900
2016-12-02,137.67953567991307,140.17616322874633,137.56322554873157,139.06741333007812,1273900
2016-12-05,139.18373150717582,140.1916936332483,138.03621140090274,140.15292358398438,1027300
2016-12-06,140.16842654597937,141.22290794293568,138.88909780473386,139.64894104003906,1202000
2016-12-07,140.1063761065847,142.47895594095164,139.9590570475564,142.47120666503906,1278400
2016-12-08,141.4244903841568,143.54896348441596,139.91255324663518,142.4014434814453,1196100
2016-12-09,142.4712328599612,143.5644843433777,141.71913887471362,142.22311401367188,974800
2016-12-12,141.8664482802056,144.5104068796397,141.6726098813783,144.30880737304688,1066900
2016-12-13,144.92134855998364,145.52612343963744,142.71158600135502,145.32452392578125,1566000
2016-12-14,145.11515823784035,145.46406493303684,140.3312287491974,140.5560760498047,2093400
2016-12-15,140.64137003559154,141.2538940912423,139.13718236179557,139.56362915039062,1533700
2016-12-16,140.6879021834261,141.78890282742285,139.42408391590627,140.5638427734375,1975400
2016-12-19,141.53303816533227,142.50999125400338,140.60261622975335,141.6028289794922,1171300
2016-12-20,141.55632054028516,142.3781935104152,140.6491463650731,141.87420654296875,1295200
2016-12-21,142.10678641338478,143.00619929939546,137.90437192579665,138.1447296142578,1617100
2016-12-22,138.0129026113706,138.6641966157257,135.70235283537536,136.64828491210938,1618000
2016-12-23,137.1600454590177,137.1600454590177,135.30695085052932,136.4234619140625,973500
2016-12-27,136.4312286376953,136.74136535435093,135.91173129931317,136.4312286376953,1041200
2016-12-28,136.78011049623194,136.8964087860624,134.22144164136424,135.0665740966797,1290100
2016-12-29,135.5162944018818,136.78012449181477,134.446302702137,136.44671630859375,1472900
2016-12-30,136.93520711101345,138.63323347900618,136.1598534694429,137.757080078125,2285100
2017-01-03,138.8580501926766,141.5950469970703,137.13676454168694,141.5950469970703,2751200
2017-01-04,141.81991907524343,142.76585134208344,140.7576766786375,142.72708129882812,1991700
2017-01-05,139.32328063115372,143.23105729898464,138.1447399280799,142.97518920898438,2186400
2017-01-06,142.316155112851,145.84401634582147,141.5795715618028,144.85931396484375,2251400
2017-01-09,144.5957179249495,145.60366828518946,143.66528400632995,144.14601135253906,1954000
2017-01-10,143.53345108091764,144.1382259274193,142.39368037075144,142.8123779296875,2666100
2017-01-11,142.43241505134876,143.03718974769055,140.78092037947107,141.1065673828125,2151700
2017-01-12,140.81198303409806,142.06030293866166,140.42430619207158,141.95950317382812,1243200
2017-01-13,141.78890319186596,143.41715041702113,141.4865157735893,142.6728057861328,1740400
2017-01-17,142.95191401571566,144.80500831682187,142.77358603210723,143.69625854492188,1888500
2017-01-18,143.44038898337882,145.12290455876658,143.22329096274524,144.65769958496094,1330300
2017-01-19,143.84357568451566,143.95212469452485,141.68033292875052,141.82765197753906,1939700
2017-01-20,141.7578901086959,143.471414818495,140.4165317879778,143.07598876953125,2673600
2017-01-23,142.95971419553499,143.60325916465874,142.51775692250277,143.4404296875,2150200
2017-01-24,143.58771361238072,143.72727156065918,142.2153346328663,142.77359008789062,2315200
2017-01-25,142.58752997425248,142.83564881845268,141.18414177574834,141.42449951171875,2063800
2017-01-26,141.81995406476736,142.21538020923546,141.01357955755202,141.1841583251953,1891300
2017-01-27,141.55630769493877,141.64158523036696,138.42387263040186,139.1837158203125,2194000
2017-01-30,139.53264156011855,139.548140114107,136.94295149821974,137.8113555908203,1716100
2017-01-31,138.79603439257897,142.7193332841475,138.79603439257897,142.48672485351562,3403200
2017-02-01,143.7350394939774,144.21575489104168,140.71891477083847,140.7499237060547,2925100
2017-02-02,140.57934791969402,142.29288444231844,140.57934791969402,141.8586883544922,1535100
2017-02-03,142.74257709924464,143.75828824160195,142.48670903704735,143.69625854492188,1805300
2017-02-06,142.85112520140558,143.82806629824995,140.92049083399962,141.16860961914062,1179400
2017-02-07,141.21516500874347,142.16884669197978,138.41613784020817,138.83482360839844,1812900
2017-02-08,138.98989112074176,140.44755976949656,138.5246860290457,140.04437255859375,1406100
2017-02-09,140.346712544062,141.78887031940482,140.1761338521755,141.1065673828125,1298500
2017-02-10,141.20838059925998,143.01683557108242,140.95786464545856,142.56277465820312,1193500
2017-02-13,143.13425029698513,143.88580997448867,141.33362015315163,142.22610473632812,1250600
2017-02-14,141.76422027020166,142.78979339021507,140.80127911995282,141.6546173095703,1079700
2017-02-15,141.25531092007498,141.5684707044383,138.4447690506758,139.77566528320312,1954900
2017-02-16,140.0418632183417,141.59196542809164,139.7835108590792,140.27671813964844,1373100
2017-02-17,140.41766690851333,142.52362066361533,139.65827067832797,141.7720489501953,1657800
2017-02-21,142.11652467598387,145.31850820150134,141.73290831379086,144.95838928222656,1521200
2017-02-22,144.70002978907183,145.37330854632813,143.73708861798414,144.59825134277344,1469200
2017-02-23,144.59821401772416,145.45155200553697,143.76053700510556,144.82525634765625,1043700
2017-02-24,144.5904426046176,144.60610358556337,142.40619567707262,144.27728271484375,1213100
2017-02-27,144.8644198221019,146.67288652505036,144.28509502818562,145.8743438720703,1313800
2017-02-28,145.3576358521641,145.90565062301377,143.10293285686708,144.36337280273438,1841800
2017-03-01,144.26164482833892,144.73920324455023,142.65673461347603,142.8916015625,1845900
2017-03-02,142.89159904066418,142.92290905859448,140.6055854652231,141.81121826171875,1566500
2017-03-03,142.1008400642719,142.2652504623921,139.98706205684798,140.44895935058594,1729600
2017-03-06,139.92442534196496,141.02046675195726,138.9849698089896,139.97923278808594,1104200
2017-03-07,139.73654083926928,140.20626263094982,137.72452939680412,138.7970733642578,1379700
2017-03-08,138.209920557595,138.491758428047,135.95522953980486,136.7615966796875,3275700
2017-03-09,136.73809500477466,136.82421245349485,132.4400709754539,132.55751037597656,4031600
2017-03-10,132.55754777052354,134.49909122613224,131.20315369986537,131.6572265625,3101200
2017-03-13,132.30699192457388,132.90197764693283,130.65511125170624,132.06430053710938,2719600
2017-03-14,131.61023484163422,132.6123223993562,130.46722237488754,130.92129516601562,2718900
2017-03-15,131.531920476366,135.42284260423006,131.13265519983628,133.08985900878906,2657100
2017-03-16,133.08991210252609,133.54398500084594,132.30703026662889,132.62017822265625,1110200
2017-03-17,132.2521928938023,132.8706760939483,130.7490615423291,131.53977966308594,2846800
2017-03-20,131.8764063757389,132.4792285674028,131.33621614711515,131.6102294921875,1076000
2017-03-21,131.97037241904755,132.87068158559327,130.67861046107683,132.27569580078125,2042000
2017-03-22,132.0799496113976,132.30698000139117,128.04027800589577,129.4886016845703,2554700
2017-03-23,129.64520044525656,132.7688904491495,129.5512465281337,131.1796417236328,1459700
2017-03-24,131.44582362129748,131.7981299187553,130.34979409492576,131.48497009277344,1545900
2017-03-27,130.67861266248156,131.80596422812857,129.6217295290576,130.07579040527344,1598200
2017-03-28,130.07576555896614,131.6180431776744,129.37117693793655,131.56324768066406,1980600
2017-03-29,131.38321223744254,133.0037711397953,130.79605096418794,132.98028564453125,1916500
2017-03-30,132.44792181385262,133.87277225843636,131.01525879850223,133.12120056152344,1548100
2017-03-31,133.3717120646318,135.0392537229374,133.262109116648,134.6791229248047,2052000
2017-04-03,134.87485836997357,136.91035556905342,134.506903015172,136.2683868408203,2526500
2017-04-04,136.260566573416,137.56015310341857,133.4265266068351,133.52830505371094,2966100
2017-04-05,133.8727610129815,134.3424947773223,133.13685035689963,133.31690979003906,1725000
2017-04-06,133.15249445089563,133.58308168930537,132.33829095538917,132.93328857421875,1819800
2017-04-07,132.79238216638666,133.80230618847392,132.26785289234738,132.94113159179688,1501100
2017-04-10,132.83152783985815,134.34249563297826,132.44008701568958,134.25637817382812,1379400
2017-04-11,134.19373226279217,136.1979071629253,134.09977835159393,135.7125244140625,1807600
2017-04-12,135.29761123652995,136.87119903798896,134.7730700235511,135.65773010253906,1913900
2017-04-13,135.68908619181067,136.40149958711305,135.27414782660404,136.09617614746094,1043300
2017-04-17,136.51107767816322,137.9202671218763,136.08832681796264,136.66766357421875,1215700
2017-04-18,136.08049449032174,136.87120065837743,135.74384916811817,136.79290771484375,1190200
2017-04-19,136.53455893907912,137.65408594285773,136.03351514638956,136.55804443359375,1367000
2017-04-20,136.81639320873865,136.98080361182895,135.54030423908702,136.79290771484375,1145900
2017-04-21,136.69112670571073,136.98861357872633,134.10761513922415,134.6399688720703,2003800
2017-04-24,135.4542147759716,135.56381775207652,131.16401383511473,132.2600555419922,2407300
2017-04-25,132.55753474354026,132.73759418911865,131.07005235091944,131.55543518066406,1754600
2017-04-26,131.22657678371476,131.3126942157697,129.08148938750966,129.2067413330078,2025600
2017-04-27,129.20679136336034,133.08988987711527,129.20679136336034,131.42234802246094,2388200
2017-04-28,131.25011514711295,131.3832155514021,129.0423949158189,129.3790283203125,1838300
2017-05-01,130.1305616738543,133.2777485951926,129.04235688518332,132.00164794921875,2955500
2017-05-02,132.1113138831301,132.87853476114515,131.0465940756314,132.1426239013672,1954800
2017-05-03,132.66716634176427,132.91768232719136,129.3320819454324,129.6374053955078,1520500
2017-05-04,128.870155462191,129.7313300994779,127.84458235967531,129.50428771972656,2223200
2017-05-05,129.5277567623751,129.87222657353595,128.43955182938527,128.7996826171875,1665000
2017-05-08,129.05021467101415,129.17547860817803,125.61336453618114,127.48445129394531,2399600
2017-05-09,127.6097091484824,127.6097091484824,125.77776895163124,127.18695831298828,2041000
2017-05-10,127.18694401964174,129.76261910652855,126.97556265273685,129.684326171875,2429300
2017-05-11,127.852402409514,127.9933273206134,125.00271363544648,126.65459442138672,2684400
2017-05-12,126.39622587846928,126.56063626275973,123.15509668750074,123.2881851196289,2834800
2017-05-15,123.28029840530134,124.80823361673984,123.1140404413294,123.6286392211914,2108400
2017-05-16,123.62863037845968,123.68404164244218,121.30109152973606,122.02152252197266,3241200
2017-05-17,121.86319505169142,123.54156346754264,120.40650796478272,122.12445068359375,3276400
2017-05-18,121.67317498676493,122.52026542689367,120.73898727365405,121.92650604248047,2319600
2017-05-19,122.10067210100712,126.0036565978604,121.36441628885949,124.98238372802734,4364900
2017-05-22,125.39405215516395,126.76365361562978,124.24611987627418,124.76863098144531,2106100
2017-05-23,124.7686544587904,125.29115358221424,124.16697049838312,124.49156188964844,1802000
2017-05-24,124.58654195725465,126.65282498857763,124.15904053838936,126.49449157714844,1619600
2017-05-25,126.72412769356147,128.4499829917197,125.94036073665156,127.2228775024414,1777800
2017-05-26,127.25454943342488,127.27037432356738,124.26991475220667,124.49949645996094,1475500
2017-05-30,125.11697146153944,125.30697881230194,122.67068571079177,122.6944351196289,1767500
2017-05-31,122.7815314103567,123.69988223528746,121.85526814178687,122.11652374267578,3560300
2017-06-01,121.91859604162399,122.91610747859539,120.8419118531187,122.57569122314453,2096500
2017-06-02,123.01110888325728,123.69986587080511,120.41440226530254,120.84190368652344,1903100
2017-06-05,120.53316421658502,121.05567541388274,118.87063298157103,120.54107666015625,1609000
2017-06-06,120.67563952905448,121.89483210904719,119.26645169612273,121.19815063476562,1836000
2017-06-07,121.14275589905726,123.59695419801528,120.98442247332869,122.92403411865234,2070300
2017-06-08,122.9240614590044,123.9294855800402,121.68111902644867,122.36988830566406,1790400
2017-06-09,122.31444310521444,123.94530041380665,120.76274647292223,123.18529510498047,1217500
2017-06-12,123.1377675531094,127.35741879947842,123.02693295722258,126.46282958984375,2386400
2017-06-13,126.12241737748938,127.31786075720694,124.36488850405459,125.72657775878906,1940400
2017-06-14,126.39157180549081,127.29408555571612,125.72656421691745,126.38365936279297,1793000
2017-06-15,125.75823349475957,128.0461856765573,125.13280022288171,127.24658203125,1647400
2017-06-16,127.6028628492491,128.95663975765117,125.28324831552045,126.87451934814453,4639200
2017-06-19,126.48660206619108,126.48660206619108,124.45990504030836,125.85325622558594,2150500
2017-06-20,127.1357643185351,127.72952373950348,124.79240056861701,125.86116027832031,1829000
2017-06-21,126.21739114035508,126.60531824211054,124.72904267007868,125.70280456542969,1749600
2017-06-22,125.56033040910465,126.47866913285328,124.2936388121139,125.97991943359375,1903000
2017-06-23,126.25701940589664,127.01703689742953,125.40992878269452,125.79784393310547,1967900
2017-06-26,126.48661196551423,129.1783168986652,126.42327616849009,127.02494812011719,1801400
2017-06-27,126.62116263642316,129.39995204819553,126.51032804085557,128.54493713378906,1819200
2017-06-28,129.24165219426132,130.38167237613646,128.82997555523576,129.6770782470703,2014300
2017-06-29,129.4395556086561,130.92791644396712,128.67162578023,128.71121215820312,2008500
2017-06-30,129.51874136349934,130.52416540053864,126.8270244320418,128.06204223632812,1568800
2017-07-03,128.53703275113656,130.93581971138713,128.4895339329242,130.76956176757812,1057100
2017-07-05,130.6112216043486,130.9041511016459,125.22780101698139,125.26738739013672,2456900
2017-07-06,125.01406219603808,125.9244884208882,123.05068913225747,123.3277816772461,1594500
2017-07-07,123.64445109962918,124.2619719865033,123.05069170230848,124.00862884521484,1343800
2017-07-10,124.18277655399767,124.40444572210629,123.01109493970009,123.05859375,1140400
2017-07-11,123.2881941535757,123.2881941535757,121.23774799597369,121.87109375,1668400
2017-07-12,122.90030188735376,125.84534992180433,122.84487853656556,123.1219711303711,1861400
2017-07-13,123.60488572996441,125.44949984045705,123.35154257038083,125.12490844726562,1331000
2017-07-14,124.5390408807536,127.40491543980455,124.5390408807536,127.24658203125,1365400
2017-07-17,127.16744629294058,128.90122584460104,126.68452145014963,128.35496520996094,1246900
2017-07-18,128.03033046287646,128.63200216165035,126.38363667247827,126.5340576171875,1268700
2017-07-19,126.50243152293446,127.1832762121627,126.2728498384579,126.8824462890625,1185700
2017-07-20,127.21492304597706,128.2916071604816,126.71616132173845,127.46825408935547,1241300
2017-07-21,127.37324909197348,127.68991589789958,125.87697608585364,127.1278305053711,1321500
2017-07-24,127.15950802282008,128.22827976462972,125.99573864353965,126.70033264160156,1221000
2017-07-25,127.10411246467687,128.299543844121,126.03534059082064,127.91162872314453,1362300
2017-07-26,128.25204459103102,130.07290936852206,127.79286915461554,129.6533203125,1090500
2017-07-27,128.98829130127905,132.17876971569405,127.9116191440422,131.6800079345703,1498800
2017-07-28,129.69289664590582,131.17333293340863,126.85075904274782,127.08035278320312,2031700
2017-07-31,127.14367111566644,127.34159089506188,124.91113020565466,125.48114013671875,3627000
2017-08-01,130.82497924376375,131.02289903081936,126.01948101562206,130.2945556640625,3144100
2017-08-02,128.61618950584764,130.90414157903368,126.91407222450968,127.75325012207031,2486400
2017-08-03,127.41285645139557,129.4791397126118,126.77159821171921,128.2124481201172,1919500
2017-08-04,128.41828495143662,130.4449817170337,128.06994417983734,130.25497436523438,1647200
2017-08-07,130.19957177006862,132.3054293456931,129.42371742529846,131.711669921875,1534200
2017-08-08,131.22873422754228,132.1945837766162,128.48953107759712,129.90663146972656,1387900
2017-08-09,129.89079724409686,130.1441282774058,127.95117376251686,129.3682861328125,1194800
2017-08-10,129.16244455547312,129.16244455547312,127.46825170929017,127.57908630371094,1191500
2017-08-11,126.94575840398312,127.40492168728761,123.50194921874207,124.99822235107422,1839300
2017-08-14,125.54446960647269,127.4286696772473,125.14071762561987,126.93782043457031,1644600
2017-08-15,126.45742775575869,126.92181637494981,124.40772089671968,126.09712982177734,2024300
2017-08-16,126.7056262667959,127.79453450728765,125.98503043557729,126.46542358398438,2043300
2017-08-17,126.30532173817411,127.13801071827267,125.86495208740234,125.86495208740234,1302700
2017-08-18,124.7200092981079,125.03226920803337,122.10982481374786,122.96654510498047,2131500
2017-08-21,123.23877590792743,124.4958301120915,122.14186502402326,123.76721954345703,1145800
2017-08-22,123.96737532861528,124.64793550963937,122.43809716508397,122.6863021850586,1052100
2017-08-23,122.58220144839616,126.3133027836683,122.47811076192407,126.16118621826172,1731200
2017-08-24,127.04192411592722,128.96353364829218,125.20840072372863,125.43258666992188,2289900
2017-08-25,125.84092837266785,128.09881692539247,124.78405346719337,127.33817291259766,1501200
2017-08-28,127.46627327858094,127.85860478170252,124.99221344701303,125.56869506835938,1100900
2017-08-29,125.24043637963682,126.15319704133869,124.63993562280089,125.10432434082031,1068500
2017-08-30,125.46462093647602,125.80089989044527,123.66311868628573,125.72084045410156,909100
2017-08-31,126.12918022056527,126.97788601715799,125.28847670267311,125.58473205566406,2279500
2017-09-01,126.12118500417056,127.72252047374076,125.70483436126068,126.65763092041016,1043200
2017-09-05,126.65760670816705,127.45025979505755,124.90414274942984,125.60873413085938,1397800
2017-09-06,126.16120068140965,128.00272640347467,125.78488592879542,127.0899658203125,1676600
2017-09-07,127.17804626398649,129.41991812161515,126.6896385100646,128.7473602294922,1456800
2017-09-08,128.50714607852177,128.7953868948632,127.72249527406575,127.7545166015625,915800
2017-09-11,128.2429143930232,129.15567487130312,127.69045185299804,128.36302185058594,736600
2017-09-12,128.42705948776901,129.52398224805262,125.70479493030496,126.1451644897461,1302400
2017-09-13,126.37738446783351,128.45111083984375,126.26529148062266,128.45111083984375,1540600
2017-09-14,128.47513799984577,131.19740315485348,128.2509398153777,131.1093292236328,1770300
2017-09-15,131.70182417057723,132.26228907372396,130.67697057133216,131.92601013183594,2811600
2017-09-18,131.70180554742518,131.8939579343509,129.04358350092852,129.32382202148438,1718200
2017-09-19,129.08363945497578,129.2437705414633,127.14602520887365,127.89064025878906,1733700
2017-09-20,128.01877689482666,128.6112754781774,127.370237917187,128.0267791748047,1637000
2017-09-21,127.91462972123063,128.9875334086685,127.44223884934104,127.77051544189453,1231100
2017-09-22,127.65043222949825,128.26694971500103,126.89781493248009,127.15402221679688,855100
2017-09-25,127.32218189446144,129.78823989240308,127.29014834461228,128.49114990234375,933200
2017-09-26,129.043615748939,131.45362120255572,128.71533904961535,130.91717529296875,1706500
2017-09-27,130.5889012326216,131.06929450196793,127.84260478484326,128.1949005126953,1478300
2017-09-28,128.48313895275456,129.64410460343618,127.65043775394626,129.3798828125,1168600
2017-09-29,128.72334440487253,129.70816221568884,127.95469806801799,128.91549682617188,1611000
2017-10-02,129.0515912748537,129.21173456040216,127.70647564021174,127.85860443115234,1335600
2017-10-03,127.74652121782819,128.38705775728883,126.43342680968213,127.33817291259766,1168400
2017-10-04,126.84175227135405,128.2989730819768,126.60956405657585,127.97869873046875,1661700
2017-10-05,128.43507108809015,130.16451574590536,128.0347373552931,129.11563110351562,1371200
2017-10-06,128.33100204133734,129.00355989368043,127.12199836268121,128.29898071289062,1161900
2017-10-09,128.266960084534,129.1156658718492,128.21892197841717,128.71533203125,551500
2017-10-10,129.355861382097,131.0372683054253,128.9955633891605,130.436767578125,1076700
2017-10-11,130.63691417909249,132.19821338391816,130.20454688100742,132.1741943359375,1414900
2017-10-12,131.75788384135544,132.84679247711955,130.2686413279901,131.7418670654297,1385500
2017-10-13,132.43844632001512,134.36805839648486,131.61375957180462,133.15904235839844,1446500
2017-10-16,133.2711335449169,133.9356891886362,132.13418689981785,132.3743896484375,1092800
2017-10-17,132.26228684647234,134.3039917323997,131.96604373491596,133.79156494140625,1366200
2017-10-18,133.4872825354676,134.1918738236423,131.44557802884583,131.70179748535156,1092700
2017-10-19,131.91797413311411,133.29512322334563,131.43758095896007,132.5264892578125,1518300
2017-10-20,132.51849311224368,132.75069356320273,130.5728766639571,131.88597106933594,1300000
2017-10-23,132.29431778996496,133.06296414092336,131.4856478286475,132.46246337890625,965400
2017-10-24,132.34236050127436,132.70267074479773,130.94920650393752,131.20541381835938,1507700
2017-10-25,130.5568584243358,131.21341172825984,128.97153997866232,131.0532684326172,1220700
2017-10-26,131.46161825806718,131.9740450453034,129.41991338710997,131.11732482910156,1868200
2017-10-27,129.10764794918023,129.70814863731596,123.07061974003159,125.43258666992188,3493800
2017-10-30,125.3605075440942,126.72163975515521,125.0162141902969,126.29728698730469,1371900
2017-10-31,126.02505104055841,126.19319657969596,123.34282242834054,124.36767578125,2357300
2017-11-01,124.8961588471818,126.28931282533566,124.33568168373831,125.77688598632812,1539800
2017-11-02,125.68881307797392,128.32301667258568,125.4966606475378,127.59440612792969,1690100
2017-11-03,125.20036508541914,126.28127102841052,123.86325191171058,124.10345458984375,2114200
2017-11-06,124.08747500604365,124.42375396931843,123.0946548908189,124.09548950195312,2230300
2017-11-07,124.29565707957735,128.41108853357272,123.83126835149608,127.34619903564453,2481300
2017-11-08,127.37818622234093,128.21888951820856,124.64790718852603,125.72881317138672,2289400
2017-11-09,125.30445836548519,130.90913062464426,125.296456089027,129.11563110351562,2798300
2017-11-10,130.62892374111667,131.70982996816855,129.40390319964132,131.1093292236328,2832400
2017-11-13,131.54969449783204,132.7747149985021,128.19489516201872,128.3550262451172,2945900
2017-11-14,128.58722134656853,129.57203907297918,127.98672064703702,128.51515197753906,2085100
2017-11-15,127.9805645273088,129.95697522287327,127.17056095435115,129.09837341308594,1726300
2017-11-16,128.68526618665925,129.89217598335162,127.80236524126379,129.49526977539062,1601700
2017-11-17,130.00555120315485,132.97826232382963,130.00555120315485,131.1800537109375,2209600
2017-11-20,130.72647268604248,130.97757180946712,128.7338585110376,128.7986602783203,1440200
2017-11-21,128.7743187470204,129.1064230600838,127.49451207397325,128.91201782226562,1407900
2017-11-22,128.71768262716495,129.64108629119065,128.17498166634653,128.2478790283203,1152200
2017-11-24,128.8796724164188,129.51147423136047,127.5674705484129,127.9805679321289,589500
2017-11-27,127.98055111752896,128.19114757494918,125.834046817971,126.67644500732422,1377800
2017-11-28,126.50630848619156,126.82222163603907,125.1698079953617,126.45771026611328,2312400
2017-11-29,126.40105016427935,129.58435802484962,125.96364134761198,128.5718536376953,2627300
2017-11-30,129.07407797833005,131.47978964744502,128.67717176677093,131.01808166503906,2655100
2017-12-01,131.38259664439917,131.86049585735347,130.39439114932472,131.5041046142578,1725100
2017-12-04,132.19258528241835,133.00258888385434,131.4554790387898,132.5732879638672,2498800
2017-12-05,133.03498897599215,133.03498897599215,131.27728273617117,131.8280792236328,2010500
2017-12-06,131.91717167642466,132.78386900209523,131.0423664054916,131.83616638183594,1310800
2017-12-07,131.2772674560547,132.13586915108579,130.97755776953989,131.2772674560547,1137900
2017-12-08,131.10716432139841,131.81997134190667,130.19996437505864,131.42306518554688,1423800
2017-12-11,131.46355940242557,132.2978619480844,130.94515770066016,131.43115234375,1122300
2017-12-12,134.4605886636053,135.51359574555613,132.41937626655772,134.7440948486328,4140500
2017-12-13,135.08429655588344,136.35599571234806,133.81258503974541,134.32289123535156,1878300
2017-12-14,134.46058602297543,135.9023913180624,133.88547807823548,134.160888671875,1342800
2017-12-15,134.78457364948918,136.97968851074975,134.65498248650027,135.9266815185547,3053300
2017-12-18,136.2020927576622,138.45390165060263,135.99959186901884,137.5548095703125,1689000
2017-12-19,137.5791030889052,138.08130131720654,135.48118457459034,136.42079162597656,1569500
2017-12-20,136.33979594423073,136.8905923951898,132.75956957430614,132.82437133789062,2263500
2017-12-21,133.23746845722175,133.585763998975,132.67856411378372,133.40756225585938,1098500
2017-12-22,133.2374753292803,135.92668042465905,132.84056917920194,135.32728576660156,2015600
2017-12-26,135.47308210329467,137.69249608917744,134.99518301615745,137.18218994140625,1103000
2017-12-27,137.55477905097558,138.7130779443802,136.99587474477647,138.32427978515625,1617700
2017-12-28,138.3810114583385,138.8589106139469,137.63580963272693,138.63211059570312,995000
2017-12-29,138.7697854140937,139.60408790924424,137.9921767286859,139.1099853515625,1190900
2018-01-02,139.59598010652942,140.14678883418222,137.9759733399883,139.66078186035156,1442900
2018-01-03,139.40159741664968,139.8146947228978,137.5790896707824,139.01278686523438,1849300
2018-01-04,138.9074953340501,138.9074953340501,134.89796839063243,134.9465789794922,2159500
2018-01-05,135.31110610212022,136.38030444487018,134.76029721792992,136.2021026611328,2126500
2018-01-08,136.85821352540577,137.83831095877906,136.356002889447,137.09310913085938,1874900
2018-01-09,136.81771114467512,137.2227129449781,133.7558985231585,134.07989501953125,1720900
2018-01-10,133.39136538377437,133.74776888779277,131.84426815085385,133.63436889648438,1339500
2018-01-11,133.853078404884,134.0474836944095,132.88917226212118,133.51287841796875,1494600
2018-01-12,133.65868838917496,134.43629727646558,133.14028658420588,134.06369018554688,1238100
2018-01-16,134.39572913263424,136.16154253134934,133.56952240994488,133.68292236328125,1448900
2018-01-17,134.23378920297228,136.0482016032138,133.3427803547123,135.59458923339844,1699300
2018-01-18,135.2948843143693,135.7808913607462,132.63807380943356,133.04307556152344,1947600
2018-01-19,133.57767398130292,133.88546689250848,132.05486351654707,133.03497314453125,1805200
2018-01-22,133.0673679643227,135.13287926770582,132.89727415844322,134.5415802001953,1751600
2018-01-23,135.2138847218464,137.1173979808061,134.12848294679722,134.72789001464844,2864000
2018-01-24,134.98707221728,135.40018189375982,133.4642741108281,134.5415802001953,1802200
2018-01-25,134.12037218810644,134.64686948459416,131.70656537764205,133.0025634765625,1476900
2018-01-26,133.52908589616445,133.94218324398685,132.04677796385175,132.60568237304688,1574700
2018-01-29,132.37888719635865,132.67048899727712,131.08288880535676,131.96578979492188,1678600
2018-01-30,131.87667413910225,132.41127944088836,130.62116618236442,131.7146759033203,2145000
2018-01-31,129.57625441189083,132.57326474026607,128.43414656761374,132.33026123046875,3259500
2018-02-01,132.52463497636495,133.51283995064065,129.03352287398212,129.3170166015625,2652400
2018-02-02,128.94447695950046,129.60057790760985,126.11755990440798,126.78176879882812,3166200
2018-02-05,126.10135087986708,128.93636339813395,125.03215258572249,125.64775085449219,2678600
2018-02-06,124.87015265956599,126.43345360878543,123.22584640990392,126.34435272216797,3469700
2018-02-07,126.1904387342928,128.38555363854525,125.3561361252893,125.43714141845703,2055700
2018-02-08,125.05642460017596,127.06522957417572,123.23391694771941,123.26631164550781,2940100
2018-02-09,123.84142945752949,128.36125028225396,122.52922779733181,127.3325424194336,3211700
2018-02-12,127.4378457666374,127.8509430815016,123.41212758413783,127.008544921875,2338500
2018-02-13,126.77068941821243,128.0338102000025,125.90127544689291,127.53348541259766,1481900
2018-02-14,126.85270735846623,127.15617872283518,124.10501995489703,126.38518524169922,2092500
2018-02-15,126.77891800239313,128.5013386176094,126.19656774882998,128.0748291015625,1692400
2018-02-16,127.96000169517113,129.2149126193803,127.53350469232682,128.02561950683594,1909900
2018-02-20,127.92716754484606,129.10005278682095,127.56627592721846,127.61548614501953,1516600
2018-02-21,127.13158370595336,127.69752630683692,124.08042469578518,124.09683227539062,1657100
2018-02-22,124.7037507072832,127.91895985519085,124.7037507072832,126.3359603881836,1602800
2018-02-23,126.6722349342004,128.4930877685547,126.21292296072592,128.4930877685547,1071000
2018-02-26,128.89503095711143,130.5354386690203,128.3619034568681,130.46983337402344,1451800
2018-02-27,131.3228175004092,132.11841610634247,126.25395202636719,126.25395202636719,1944300
2018-02-28,126.86910646307842,127.80415072639983,125.80285163041526,125.90946960449219,2076100
2018-03-01,125.73724088584045,128.68176942681012,125.40095433528299,127.0823745727539,1655200
2018-03-02,126.94294499244639,127.73854367567412,125.58960122005638,127.55809783935547,1565900
2018-03-05,126.61485281434588,130.1417315519286,126.61485281434588,129.1492919921875,1610300
2018-03-06,128.56692829637458,129.73981356470958,127.97638063885982,129.28871154785156,1472000
2018-03-07,128.50950445581168,129.9940836049942,127.34481675125623,127.88615417480469,1461900
2018-03-08,128.0994016298155,128.81298732453178,127.27100043861,128.18142700195312,1201700
2018-03-09,128.06661739094773,128.59974484049883,126.4344073672821,128.4193115234375,1376300
2018-03-12,128.54232350098744,129.4281449894239,128.04199874868485,128.55873107910156,2259700
2018-03-13,128.87858923793513,130.6338243536829,127.9845578469361,129.15745544433594,1409100
2018-03-14,129.80543897799967,130.6748654525263,128.7883943534055,129.9940948486328,2498200
2018-03-15,130.01872923760263,130.55185678084845,127.77956351920538,128.44393920898438,1792800
2018-03-16,128.36189917488147,129.63321761226481,127.99280995507783,128.87863159179688,2092600
2018-03-19,129.02623986453514,129.02623986453514,126.43439321265105,127.4842529296875,1269300
2018-03-20,127.69752075734598,128.60794739848103,126.46721516204543,126.78709411621094,1318200
2018-03-21,127.01674992170994,127.66470536061658,125.75364168630439,126.59024047851562,1401000
2018-03-22,126.2621496142542,127.30381173532139,125.00723905353273,125.10565948486328,1797300
2018-03-23,125.32713266698376,126.8281069973555,124.16244487017788,124.44950866699219,1785000
2018-03-26,125.31892734245046,125.93408016421165,124.48232851588291,125.75364685058594,1485000
2018-03-27,124.26907907930106,124.51514273394163,120.799620346353,123.40787506103516,3576100
2018-03-28,124.04761047780589,128.05019597125823,124.01479532165676,127.87796020507812,2420800
2018-03-29,128.2388416972492,129.00982259141867,125.73721813945068,126.59843444824219,1761500
2018-04-02,126.77887050745102,127.54165381228998,124.65453377154404,125.5567626953125,1680700
2018-04-03,125.76185209233824,127.41045725020969,124.83501777916534,126.50003051757812,1429700
2018-04-04,125.49115999799257,128.68175173523744,125.40913462585496,128.18142700195312,2066900
2018-04-05,127.9353613092688,128.29625291627073,126.49180739657542,127.58267974853516,1477800
2018-04-06,127.57448497944105,128.9770388900078,125.96689264795809,126.39340209960938,1198800
2018-04-09,126.4508386789041,127.11520186129063,125.49120158042149,125.83568572998047,1310500
2018-04-10,126.71327858698236,127.46786451575456,125.81924701081527,127.07415771484375,1409200
2018-04-11,126.46721288187466,127.71392603358971,125.93407295766737,125.99149322509766,1269800
2018-04-12,126.01613311435135,126.40982750211609,122.73531734723436,122.96497344970703,1892600
2018-04-13,123.09617751624369,124.54794162517959,122.78449609339572,124.44950866699219,1284300
2018-04-16,125.35173404877104,125.54858744397417,124.162441176626,124.90061950683594,1357600
2018-04-17,125.14668895267926,127.09056782402992,124.28547251709946,125.68802642822266,1630400
2018-04-18,125.95870458770959,126.22116329785848,124.92523978158427,125.1220932006836,995500
2018-04-19,124.99086160625366,124.99086160625366,121.86588700507453,123.2602310180664,1368500
2018-04-20,123.67853290385509,124.21167291498132,120.48794043134481,120.77501678466797,2333300
2018-04-23,120.88984231048224,121.73465125630501,119.71695683795213,120.4879379272461,1494700
2018-04-24,120.59455958643834,121.5049862738993,119.65952778704462,121.22611999511719,1674900
2018-04-25,120.8898244886535,121.7346333099328,119.56929601305806,120.35669708251953,1899900
2018-04-26,120.90622879574353,124.2444513019152,120.47971937318738,123.16178894042969,2048700
2018-04-27,122.13653539547373,129.1820821416171,122.13653539547373,128.0666046142578,2371100
2018-04-30,128.3783103154635,128.73099196418573,126.31139310580683,128.2306671142578,2580900
2018-05-01,129.7972400831009,131.83955187333441,129.30511283969273,131.01934814453125,3064700
2018-05-02,130.10892520594294,131.21619276213443,128.1732438502937,130.5682373046875,2483800
2018-05-03,130.1253419312972,130.97836098409172,129.48558389936042,130.44522094726562,1635900
2018-05-04,130.33034681746935,131.33920625482008,130.13350596359697,130.6912384033203,1710600
2018-05-07,131.26540657940185,131.40485223456136,130.01049580549721,131.04396057128906,1650800
2018-05-08,131.57709051226448,131.72473370245416,129.66601417940257,130.2073516845703,2265300
2018-05-09,130.125310358713,131.68370487825942,129.7644312481265,131.18338012695312,1212900
2018-05-10,131.642682974383,132.55310950678103,131.3556066969736,132.2332305908203,1319200
2018-05-11,132.47933131974742,132.96324859474328,130.9537516355243,131.14239501953125,1151200
2018-05-14,130.97014089976892,131.6345165115505,128.60796239181968,129.60861206054688,1764000
2018-05-15,128.91141451680306,129.24770103875602,126.45080340745697,126.84449768066406,2298300
2018-05-16,127.59212583510104,129.27008600552088,127.59212583510104,128.18190002441406,1253600
2018-05-17,128.4310986727139,128.93781265155874,127.30967854203075,127.65856170654297,1064800
2018-05-18,127.12694126756206,128.63878114186147,126.67838077499371,128.07391357421875,1239400
2018-05-21,128.70523008930954,131.0145135338655,127.00233793555437,130.44964599609375,1354900
2018-05-22,130.41639703557857,132.2438854144258,129.89306603601662,131.42982482910156,1624900
2018-05-23,131.56274390077112,132.6592319213623,131.52950969325047,132.29373168945312,1495300
2018-05-24,132.27713689474962,132.89183035215095,130.93974513520686,131.89501953125,1026300
2018-05-25,132.35187551723357,132.80043588480433,131.85346384203453,132.4847869873047,981700
2018-05-29,132.13593553487613,133.63114556834591,131.4215520560488,132.70079040527344,1605800
2018-05-30,132.75894209724564,134.93531404141746,131.80365495008311,134.22923278808594,1676400
2018-05-31,132.90846688503757,134.2624759474734,132.23561979945433,133.09121704101562,3009100
2018-06-01,133.3736460399712,134.07972734855326,132.07779050081564,133.57301330566406,1540900
2018-06-04,133.88034329928968,135.3589488111839,132.82537891435246,135.08482360839844,1397000
2018-06-05,135.39216698445122,137.1698168092563,134.88545306510724,135.34231567382812,1784100
2018-06-06,135.20113830886484,137.32768450373402,135.20113830886484,137.28614807128906,1309900
2018-06-07,137.2446187817463,137.72641353787566,136.20627129227975,136.88742065429688,1621900
2018-06-08,137.0203196055132,137.52703364089544,136.17302458279525,137.3775177001953,1282900
2018-06-11,136.97875177583657,137.58515564115535,136.52188916721755,137.1448974609375,1077500
2018-06-12,137.08676522096457,138.7481209288356,136.54682968596177,138.01712036132812,1268800
2018-06-13,138.50724756936043,138.57370332715604,134.7608818588635,134.98516845703125,1155400
2018-06-14,135.699520133733,136.62157295945582,135.1346526627269,136.27268981933594,1277800
2018-06-15,136.51358842595846,137.8842144192738,136.2311610122344,136.6298828125,2510800
2018-06-18,136.44710419493646,137.64328202115294,136.04008026458143,137.09503173828125,1362000
2018-06-19,136.66313275866426,138.40754875764247,136.62159632830168,137.3858184814453,1702300
2018-06-20,137.23630449916868,139.94430995056123,137.0618565592139,139.62034606933594,2165200
2018-06-21,139.09700438607763,140.8165136312469,138.84779849436842,140.7832794189453,1210900
2018-06-22,141.1321773083519,143.70728399920267,140.06891055635742,143.5826873779297,1833800
2018-06-25,143.70726255501677,143.79863762202834,141.3813621289254,142.4280242919922,2346600
2018-06-26,142.54433013679497,143.7571127508236,141.74687379012983,143.2088623046875,2723100
2018-06-27,143.51622081734234,143.9232448662855,141.97946166992188,141.97946166992188,1546200
2018-06-28,142.23697186337668,142.86829517323125,140.84143908922417,142.22036743164062,1091000
2018-06-29,141.84652659665468,142.3366360973165,140.35961901620786,141.373046875,2191700
2018-07-02,141.33983673330903,141.81332921072212,138.8644201908167,140.9494171142578,1131100
2018-07-03,140.8331099316648,143.28361960433782,139.9110570581695,142.17050170898438,648800
2018-07-05,142.55262836238938,143.39160843970984,141.21523649796197,143.29193115234375,1172100
2018-07-06,143.54114378021512,144.08107934563049,143.10088550684227,143.698974609375,1134000
2018-07-09,143.2088610895155,143.9564787847588,142.15390931061143,142.99288940429688,1484100
2018-07-10,143.1008625174107,144.23058478790944,142.37816424078886,143.5660400390625,1566800
2018-07-11,142.8599993613029,143.69899225615498,142.029321358568,142.1539306640625,968100
2018-07-12,142.17050702790263,142.95134622432715,141.6388737181235,142.58584594726562,845400
2018-07-13,143.12577826344804,143.44142718803948,142.12065261307754,142.6190643310547,987400
2018-07-16,142.3034089997209,142.3034089997209,139.99412577663463,141.7634735107422,870200
2018-07-17,142.236976333937,143.05935203571363,141.39799619990245,141.6139678955078,1052200
2018-07-18,141.10722754720342,142.2369498119084,140.26824756960815,141.8133087158203,1501900
2018-07-19,141.24846176640378,144.86191563053163,140.932812789694,144.50473022460938,1726300
2018-07-20,143.7737042823113,144.14750672904148,141.48103829058124,141.63055419921875,1383100
2018-07-23,141.71364919261856,141.88808444662632,140.4094788572484,141.53089904785156,1138800
2018-07-24,141.63054410522344,142.22033083368896,140.79986642718694,141.049072265625,2066200
2018-07-25,141.35647420437525,142.82677781825527,141.0989660515499,142.1539306640625,1630400
2018-07-26,142.81013954957865,143.682353858246,141.61396137485073,141.97946166992188,1265300
2018-07-27,142.253598912714,142.67724010408992,139.37114541270506,140.0356903076172,1375400
2018-07-30,140.05227941182312,143.64080084659074,138.6816534635385,142.76028442382812,1721400
2018-07-31,143.74048885410062,147.17949462856186,142.79351661693414,146.37374877929688,2379500
2018-08-01,145.7839745630192,147.93542732792721,144.778848705495,147.6529998779297,2071300
2018-08-02,147.32071640095722,148.18461575642633,146.1245383125095,146.41526794433594,1711200
2018-08-03,146.40697285216095,149.06513946962642,146.19100117157063,148.08494567871094,1190600
2018-08-06,147.97693524994992,148.69131862857873,146.66446287176507,147.10472106933594,1316000
2018-08-07,147.1463035120962,147.1463035120962,145.3769552787864,146.59805297851562,831500
2018-08-08,146.6146348996242,147.07151023462225,145.6676626939636,146.431884765625,771700
2018-08-09,146.2989975010081,147.30412340446088,145.22742851522267,146.78079223632812,1188500
2018-08-10,146.681111359444,146.80570797970293,144.4133641447561,144.85362243652344,1214700
2018-08-13,145.1027930251818,145.71749916448982,144.41334160052625,145.1941680908203,948300
2018-08-14,145.36863719606038,146.1328593677315,145.16926993056993,145.85873413085938,959400
2018-08-15,145.5596730497382,147.3207186738505,144.3634949428356,147.14627075195312,1964000
2018-08-16,147.6503701278584,148.75937952204617,147.0454512510722,148.53253173828125,1378500
2018-08-17,148.80975445089254,150.0784095357825,148.41487658180623,149.95237731933594,1211100
2018-08-20,150.49851952402815,153.43068247333622,150.2716717477602,152.38047790527344,1779700
2018-08-21,151.8176016377321,152.951827937087,151.1034700735939,151.4059295654297,1175300
2018-08-22,151.6579333200735,151.7923625786054,149.64154572161382,150.70855712890625,898400
2018-08-23,150.78417879476098,152.21245450686214,150.5237301014807,151.59072875976562,917700
2018-08-24,151.06984385967513,152.10324169644915,150.885006806609,152.00242614746094,1108600
2018-08-27,152.2712742968503,152.4561113372828,150.34729223595215,151.2882843017578,1165600
2018-08-28,151.48992705115316,153.32988775539903,150.49013011543002,153.27947998046875,1502100
2018-08-29,153.413908107064,153.6323460700806,151.93521168085437,152.54013061523438,1298500
2018-08-30,152.6241328796633,153.1702341283043,151.60752921479687,152.44769287109375,1070400
2018-08-31,153.17865269235784,153.81717249234723,152.06963044935023,153.77516174316406,2267000
2018-09-04,153.7499424113519,154.4976875201201,152.26284921485617,152.76695251464844,1565100
2018-09-05,152.0696384986242,154.22886548609802,151.27148550141985,153.2542724609375,2039200
2018-09-06,154.13643659419103,155.37987526893875,153.90117896611173,155.02700805664062,1710500
2018-09-07,153.7919608614348,154.27084748233864,152.30486759043436,152.6493377685547,1114700
2018-09-10,153.43068305181424,154.22884878245526,152.3048668273775,152.9853973388672,869200
2018-09-11,153.64075268223078,155.892398371825,153.22067077490703,154.84219360351562,1740800
2018-09-12,154.91780540884247,156.25366279855697,154.32969330203883,155.37989807128906,1562300
2018-09-13,156.27048018602162,156.29568407659,155.28748999420523,155.62355041503906,1253000
2018-09-14,154.95137417574657,154.95137417574657,151.54031184403456,153.32986450195312,966400
2018-09-17,153.36348217596716,154.67414836810374,151.8091869618976,154.13644409179688,990600
2018-09-18,153.61553155488508,154.06081730108838,152.18725579423966,152.42250061035156,1384500
2018-09-19,152.817381588639,152.817381588639,150.47333040348647,151.06983947753906,1290400
2018-09-20,151.17904262061623,152.33847250927207,149.72556315924814,151.32186889648438,1426600
2018-09-21,151.28827884302336,152.9517993270126,151.27986900156486,151.6327362060547,2263100
2018-09-24,151.54869867740229,151.76713657577056,147.94439002512,148.4316864013672,1211600
2018-09-25,149.18788857181343,149.96923473368935,148.582969624608,148.70059204101562,1257100
2018-09-26,148.70057466945877,149.5827362795187,147.19667449977712,147.28909301757812,1130800
2018-09-27,147.8267826282421,148.61653846220588,147.21346679075333,147.4235076904297,1042700
2018-09-28,147.6671500449942,148.5157234875796,146.93621181375102,148.49891662597656,1740200
2018-10-01,148.53254409306558,149.82640345043367,148.05365742070677,148.40652465820312,1155600
2018-10-02,148.33092480499812,148.8770261593825,147.5999735649649,147.9108428955078,1111000
2018-10-03,148.10405695886374,148.70057883043134,143.9956569523489,145.43234252929688,1093600
2018-10-04,144.71821891091702,145.39874955824288,141.49199289847013,142.05490112304688,1950400
2018-10-05,143.23950511787365,144.440932982273,142.57576865610176,143.90322875976562,1759200
2018-10-08,144.5669566439152,147.40670089122253,144.26449723545818,146.95301818847656,1537900
2018-10-09,146.95303774219437,148.4317212581398,145.8356184683732,147.1126708984375,1198300
2018-10-10,146.18848273428458,147.67557606201024,144.9114303300277,145.029052734375,1697500
2018-10-11,145.70960526311143,145.70960526311143,142.6850232006734,143.16390991210938,3494400
2018-10-12,144.19729778245235,146.66738107478844,143.45794963511898,143.8192138671875,2415500
2018-10-15,143.2563379302831,145.4995739415794,143.19753312528246,143.68482971191406,1407500
2018-10-16,144.28132727855456,146.71781001571514,143.42436942399542,146.2641143798828,1255400
2018-10-17,146.23050586376124,147.20509890794307,144.10489256387945,145.13829040527344,1140700
2018-10-18,145.1382754262981,146.69258335910493,144.1720923242054,145.44073486328125,1160600
2018-10-19,145.49116672413686,147.37313829031407,145.49116672413686,146.83543395996094,1734100
2018-10-22,147.01183301710913,147.91921130446724,144.31491485901807,144.40733337402344,1210500
2018-10-23,144.15529312094895,145.98684388342184,143.65118975923073,145.08787536621094,1801500
2018-10-24,145.0206298043571,148.0032129487455,144.92821130174636,146.1968536376953,2465100
2018-10-25,148.99460232464784,152.50649266403042,146.93620417116853,151.9183807373047,3018800
2018-10-26,152.12842657937043,152.4812937468934,149.7675561354273,151.02780151367188,2013200
2018-10-29,152.0108616966188,153.67439559583173,151.0278713852029,151.95205688476562,1831900
2018-10-30,153.32148137742334,158.12721886572498,152.8677857909711,157.74073791503906,3125100
2018-10-31,157.7071161747571,157.7071161747571,153.53150202597655,154.18682861328125,2197700
2018-11-01,154.81694942330097,155.95116258596482,152.46448879054316,152.60731506347656,1393800
2018-11-02,152.59053504263497,153.3298832395218,149.35591232101768,151.57394409179688,1453500
2018-11-05,152.22927798474993,154.5733292999854,152.02763406155083,153.87599182128906,1011400
2018-11-06,153.74995911711582,154.3800819003827,152.07802871702395,154.27926635742188,1024300
2018-11-07,155.169824395109,157.42986663311723,154.3716715027704,157.3374481201172,1014000
2018-11-08,156.43009087136593,157.82476577498915,155.55631339107228,157.35426330566406,811000
2018-11-09,157.35426536048547,158.92538031310724,156.91738943451512,158.53050231933594,1262100
2018-11-12,158.56410604765927,160.60571069215953,157.4382896632224,157.88357543945312,916300
2018-11-13,158.5389105555361,158.93378857723783,156.92579755661694,158.67333984375,1021500
2018-11-14,158.8497551773954,159.40425347022918,156.43847666721538,157.44667053222656,1025500
2018-11-15,156.30022924011254,156.95413764709946,153.1156280451558,154.91598510742188,1731000
2018-11-16,154.90749600205615,157.16644287109375,153.79501073536835,157.16644287109375,1609700
2018-11-19,157.3108228600972,158.71204230445568,156.66540201110791,158.65260314941406,1184800
2018-11-20,157.74392482849169,158.41480849763164,155.23870761800558,155.55291748046875,1223100
2018-11-21,155.88409870739804,157.70144388350724,155.06884808235984,155.42552185058594,1379300
2018-11-23,155.0178997466008,155.88411496444402,153.37041015721945,154.9244842529297,330700
2018-11-26,155.3151071387519,155.66329327752555,153.24299143056365,153.48077392578125,1618800
2018-11-27,153.83744867113006,154.59326009832017,152.6145728126879,154.3300018310547,1721500
2018-11-28,154.32152040798857,156.52951563289102,153.7270641422609,156.5125274658203,1299900
2018-11-29,156.24075872756904,157.58253876130988,154.9499431918118,156.7672882080078,1061600
2018-11-30,157.02203567665956,158.32135168984718,155.98597790745237,157.69293212890625,3131000
2018-12-03,158.3808356707154,158.79696156610717,156.3172202784154,158.7629852294922,1597000
2018-12-04,158.86487635569466,160.18116763405044,156.71632045895976,157.1324462890625,1337100
2018-12-06,156.55497401719808,161.9985082439822,154.9584234024091,161.85414123535156,2413500
2018-12-07,161.30218122956884,161.4635364356541,159.11966158207997,160.0113525390625,1472000
2018-12-10,160.4614266837571,160.4614266837571,155.87560642068075,158.0411376953125,1269900
2018-12-11,161.56542963972407,162.61847573832418,158.59313527053072,159.18759155273438,1608400
2018-12-12,159.71410180850287,159.84996825791512,154.38944576706814,154.98390197753906,1688100
2018-12-13,155.38303118548797,158.04111525977365,155.38303118548797,156.30868530273438,2518100
2018-12-14,155.9350473628647,156.97110527154553,154.02428673822504,155.1197967529297,1681100
2018-12-17,155.204701439419,155.73971852565904,148.08818892708504,148.59771728515625,1691200
2018-12-18,149.51490941699592,150.8991536279608,147.06064380896277,148.61473083496094,1443500
2018-12-19,148.5552592497333,149.11575212823098,145.16685212408922,146.02456665039062,1833900
2018-12-20,146.0245599767515,146.27933063335004,142.44932205500433,142.7295684814453,2304700
2018-12-21,142.71260165622923,146.1774494128381,139.6468916310698,140.0205535888672,3190500
2018-12-24,140.02053668271077,140.436649574236,136.36885838810886,136.43679809570312,1176600
2018-12-26,136.47928251869442,141.5321807861328,135.6810070323561,141.5321807861328,1542500
2018-12-27,140.56406686330772,142.12664154667806,138.0843253984348,142.10116577148438,1661600
2018-12-28,143.40894605871972,144.49595548137074,140.9122168366957,142.7550506591797,1408000
2018-12-31,142.89091829329834,143.17966529713803,140.1054550050799,142.66163635253906,1225400
2019-01-02,141.2689250235346,142.06718756607756,138.95902640969072,140.13095092773438,1439900
2019-01-03,139.5619347405732,142.5087528901719,139.53645897221602,140.01202392578125,1559100
2019-01-04,140.8272961976492,143.40045262808377,139.42606405947882,142.1436004638672,1056100
2019-01-07,142.5342621528188,144.9205880429783,142.30498018372475,143.6382598876953,1571100
2019-01-08,144.19872896993928,147.4172931916276,143.22211026844448,147.06910705566406,1616000
2019-01-09,147.48522541356974,147.7060197295211,145.89717535144916,147.27291870117188,1022700
2019-01-10,145.4385916796731,147.69753830403798,144.5469138168426,147.21348571777344,1563400
2019-01-11,147.06912005130962,147.06912005130962,144.8526501053862,146.36427307128906,1470600
2019-01-14,145.6848963417966,146.4237196948168,144.5299470884056,144.9970245361328,1093900
2019-01-15,145.08193371100373,146.8143640015012,144.8951027393192,145.4131317138672,1462900
2019-01-16,145.40463802106748,146.96721248411876,144.7931935862779,146.82284545898438,1359800
2019-01-17,146.500132829715,147.66358253378823,145.51503944047013,147.1455535888672,1183100
2019-01-18,149.05632893204623,149.05632893204623,146.21141325556948,147.73153686523438,1251700
2019-01-22,147.680559164726,147.80795098018402,145.93115374777017,147.13705444335938,1192600
2019-01-23,147.16252723814037,148.00326655372854,146.40671579780633,147.90985107421875,1299800
2019-01-24,147.76547240912046,149.4809142803195,146.95020892871523,148.843994140625,1345400
2019-01-25,149.30257291949187,150.6528405235883,149.07327803787265,150.4065704345703,1228400
2019-01-28,150.02443118832213,151.83327572107973,149.0817887863374,151.58700561523438,1432800
2019-01-29,151.25581847671293,152.4532316328337,150.89914469879565,152.1814727783203,1817200
2019-01-30,152.20693654126262,155.08581526845694,151.73137154156407,153.92237854003906,2389700
2019-01-31,153.7100942271304,154.91599506884828,152.51268099086835,154.66122436523438,2544400
2019-02-01,156.7503323499512,157.29383715023278,149.9735040368393,152.1899871826172,2204400
2019-02-04,152.01162116185276,154.47437408679167,151.65494740461037,154.4488983154297,1531600
2019-02-05,154.84804680518573,156.38514558932206,153.81198883699454,156.2577667236328,1322900
2019-02-06,156.25778048823807,157.08153178072695,154.77163311946407,156.13040161132812,973500
2019-02-07,155.04336366737013,157.98168152865506,154.03278156797657,157.82882690429688,1579900
2019-02-08,157.0050625253646,158.32985432414065,155.7821738009026,156.34266662597656,1363600
2019-02-11,156.2577577518641,157.5146100011445,155.7397287975119,157.36175537109375,1124500
2019-02-12,157.89674856225193,157.9901640379609,155.926548926627,156.7672882080078,1905100
2019-02-13,156.4667350103542,158.4418940336808,155.98582946109767,158.01251220703125,1281200
2019-02-14,158.05544526970294,158.45046919280597,156.44096548738756,157.806396484375,1136100
2019-02-15,158.3388484897061,158.3388484897061,156.2091051692924,157.46290588378906,1727800
2019-02-19,157.55736429465043,158.0640316916257,156.04594502269785,156.49249267578125,1555700
2019-02-20,156.08884625891193,156.2520134175925,153.11753193997072,153.9075927734375,1727100
2019-02-21,153.45248264048246,156.44955946928542,153.29789836560755,156.42379760742188,1617700
2019-02-22,156.8187902993715,159.0601633732882,156.46669414858346,157.69473266601562,1259100
2019-02-25,158.3302472288699,158.4762354744109,156.7415423659635,157.411376953125,1234600
2019-02-26,157.63466360455146,157.96958092537778,156.66425642464947,157.3942108154297,907300
2019-02-27,156.80164171699624,157.06785633494172,155.2558646247566,155.64231872558594,1244200
2019-02-28,155.57362365722656,157.75487753005015,154.75780082263995,155.57362365722656,2336300
2019-03-01,155.5736019836293,155.85699551686264,149.3475664814164,150.7731170654297,2587600
2019-03-04,152.32749747464922,152.32749747464922,148.70351389366806,150.5498504638672,1827500
2019-03-05,150.6700628649003,152.14713722545156,150.26644294639547,151.4858856201172,1259800
2019-03-06,151.55458797539964,152.95437675822535,151.219670714295,151.46871948242188,1572400
2019-03-07,151.2883954108074,152.53360012176935,150.068952561861,150.61856079101562,1567700
2019-03-08,150.28363462916553,151.33132730173287,148.89244174749444,149.61380004882812,1440500
2019-03-11,150.28363622451,151.1423998600786,148.660573477433,151.0393524169922,1351500
2019-03-12,151.38284224766142,153.07460754200306,151.1509724129258,152.7912139892578,1094700
2019-03-13,153.7529996479316,154.11369182190506,152.9028322335816,152.98011779785156,1111000
2019-03-14,153.08320265665725,154.56027717450985,152.3704272587882,154.39710998535156,1691700
2019-03-15,154.03639328974717,154.61176321930336,150.48970921032227,151.2196502685547,2628600
2019-03-18,151.34849348628103,151.6318870315665,149.04700034745886,149.708251953125,1345900
2019-03-19,149.67390603364333,150.22351422801952,148.48022512224694,148.90960693359375,1316200
2019-03-20,149.038419525343,150.49831496705244,147.72451231743528,149.3733367919922,1396300
2019-03-21,149.0985209623268,153.06601741009348,147.89625725311973,153.0144805908203,1445300
2019-03-22,153.0746095477058,154.55168396723292,152.44771579755414,152.51641845703125,1480100
2019-03-25,153.0230890427985,153.52117350669906,151.71776469270367,152.84274291992188,739200
2019-03-26,153.58127823470224,155.76254510477722,152.76545543992628,155.64231872558594,1106400
2019-03-27,154.95531535082617,156.03735283422995,154.31124261229436,155.5306854248047,1448500
2019-03-28,155.73679563726142,157.4886677454019,155.1270676704727,157.46290588378906,1249400
2019-03-29,157.82356323084812,157.94378960298448,155.8999281729745,156.47531127929688,1613400
2019-04-01,156.87893701756337,157.26539114234149,155.41045851670268,157.0936279296875,1578700
2019-04-02,156.98197000976856,157.5659228984681,154.5430848210393,157.4027557373047,1253800
2019-04-03,157.55737256031915,158.19286239739,155.76255962377473,157.12799072265625,861200
2019-04-04,157.61748501228973,157.935236494382,156.61273304757404,157.8837127685547,813600
2019-04-05,157.8922688231965,159.23193788154168,157.3254817281452,158.6995086669922,762300
2019-04-08,158.87984795846862,159.3779324159015,157.16232076884862,157.55735778808594,623800
2019-04-09,157.39418439466834,157.39418439466834,156.32072994353507,156.7844696044922,709500
2019-04-10,157.746268362429,158.84548458682286,156.8617430116072,158.81112670898438,707500
2019-04-11,158.87125802047268,160.07352175861027,157.61745746182177,158.19284057617188,872400
2019-04-12,158.04683062902149,159.32639297636567,156.57835236485622,159.31781005859375,721000
2019-04-15,159.7214570960136,159.9361480100126,157.72911912433017,158.44189453125,651500
2019-04-16,158.14132223782806,158.2873235908078,151.21968925712767,152.0698699951172,1381500
2019-04-17,152.56794209906752,153.54693206466297,150.6013661456385,152.37901306152344,1916200
2019-04-18,152.42197999099594,154.0021021179755,152.23305092106418,152.91146850585938,1018200
2019-04-22,152.51638562249144,152.51638562249144,147.6643645330663,149.17579650878906,1297000
2019-04-23,149.92294031101005,152.19007553133378,149.39909402772315,151.66622924804688,982400
2019-04-24,152.02692791880568,153.93338427019646,151.35709332006766,152.98873901367188,828700
2019-04-25,152.3360573830621,153.263523539415,151.23684114672338,152.73109436035156,905500
2019-04-26,153.2291895350549,154.29406116278508,152.4219627229825,153.38377380371094,834100
2019-04-29,153.6499984518666,154.49158320237075,150.76455191787264,150.92771911621094,1183000
2019-04-30,150.19775003863938,150.4296198822053,144.7016681801008,149.167236328125,2193400
2019-05-01,148.88384431292488,153.65856793412806,147.93061617245496,152.64523315429688,2256300
2019-05-02,152.8770851501934,153.97630140498697,152.05266640725253,152.6881561279297,1644600
2019-05-03,152.55077023306956,154.62897663874205,151.6490658036444,154.07078552246094,1069900
2019-05-06,153.36659435505732,153.79597617234816,152.27597397379765,152.9543914794922,851900
2019-05-07,152.56793850085876,153.46964286719987,148.23976278389833,149.45062255859375,2063200
2019-05-08,149.27029343116126,150.713009971889,148.2397666407072,148.42869567871094,1013300
2019-05-09,147.89626974277024,149.40768897679538,146.71117176954922,149.22735595703125,1421700
2019-05-10,149.2273523358777,150.97064137098963,147.87908721312527,150.46397399902344,1279700
2019-05-13,149.12430940783182,151.30557651675704,149.08138170632134,150.2836456298828,1068100
2019-05-14,150.10327041369618,151.4343564950326,149.25310291232185,151.35707092285156,1408400
2019-05-15,151.50305999065012,152.79978820020176,150.48112929605426,152.0011444091797,906000
2019-05-16,152.1662354481792,153.5042220976193,151.79264650806303,152.31393432617188,900800
2019-05-17,150.9151077998434,152.67014043018605,150.63709031050627,151.57542419433594,1799400
2019-05-20,151.4276989232004,151.64490545363302,147.67437697108724,148.18698120117188,1255400
2019-05-21,148.68224046373095,150.7500379246295,148.00455704904132,150.1331787109375,1775700
2019-05-22,150.16793692075856,150.50677865290817,148.82995023046558,149.16009521484375,1540300
2019-05-23,148.42158113985485,149.8203918502875,146.8576913304836,148.98631286621094,1649700
2019-05-24,149.48155876737346,149.77695651024825,147.9089853780993,148.8560028076172,1148400
2019-05-28,148.6561603167258,149.27301946228155,145.95411044632525,146.04098510742188,2642600
2019-05-29,146.56228756957253,146.56228756957253,141.75767994836977,142.45274353027344,2067200
2019-05-30,142.45274436979034,143.86023851994457,141.64472913961032,141.662109375,1519200
2019-05-31,140.75854101270602,141.50573214465814,139.62038070574988,140.8280487060547,2379700
2019-06-03,140.86283126831552,141.27986423656046,138.74289268910857,140.46316528320312,1609700
2019-06-04,140.46314278329203,141.6795075269199,139.4726813565917,140.84542846679688,1702400
2019-06-05,142.00965726764903,143.4432286289447,141.34935404674874,143.31289672851562,1169400
2019-06-06,143.25207897503748,143.4171580867292,141.14082425497335,142.16604614257812,1386700
2019-06-07,143.26077429662143,143.35634572406033,141.89672384016222,141.95753479003906,872400
2019-06-10,142.36588121977613,142.64389874820617,139.5508791724609,140.21987915039062,2257800
2019-06-11,140.8367309207476,141.835875737906,140.1069068445145,141.3319549560547,1071100
2019-06-12,141.87062983734901,142.25291550125306,140.76723006599605,141.2277069091797,1069700
2019-06-13,141.32330444137438,142.33114624023438,140.64562091457788,142.33114624023438,995900
2019-06-14,142.45276585238432,142.7829108311645,141.25378131715246,141.54917907714844,1175000
2019-06-17,141.87934702008474,145.07662165646704,141.58394923987862,144.6943359375,1816500
2019-06-18,145.71955016167624,146.41461386297394,144.06008872342187,144.33811950683594,1389200
2019-06-19,143.99926124572616,144.70300835675874,141.64473637644872,143.59091186523438,1212300
2019-06-20,143.72990543175115,144.3902217986543,141.45358513254737,143.2259979248047,1722700
2019-06-21,143.19124501636628,143.19124501636628,140.8454169095384,142.56568908691406,2620200
2019-06-24,142.84373552413578,143.35633986068856,140.419702716984,140.7759246826172,1353500
2019-06-25,141.08000222217237,142.60044806811862,139.9505255137366,140.30674743652344,1151000
2019-06-26,140.31543902572918,140.8193598403432,137.8219119367517,138.37796020507812,1716900
2019-06-27,138.75154392177956,139.88102065303386,137.8566539806651,138.9513702392578,1199900
2019-06-28,139.2902495805193,140.14169570851692,138.40404297377336,138.80369567871094,1559200
2019-07-01,139.603012110491,140.3328363228984,137.13554844840152,137.8306121826172,1568400
2019-07-02,138.50827633297527,140.94967592406186,137.79584571640342,140.70640563964844,1557400
2019-07-03,141.25376373719914,143.49533690106247,141.25376373719914,143.38238525390625,1109700
2019-07-05,142.296353929853,142.56568793060904,139.49873250617006,141.58392333984375,959900
2019-07-08,141.6186622570859,143.53877387915367,141.6186622570859,142.7307586669922,1498500
2019-07-09,142.47012569600918,143.59091898990167,142.01834558826073,142.94798278808594,2712700
2019-07-10,143.52143069125657,143.7733845062667,141.87065262804992,142.38327026367188,1555200
2019-07-11,142.3050429541061,143.23469338743968,140.50657954449454,141.2277069091797,1011400
2019-07-12,141.4535956006878,141.64473843080668,140.74984847944836,140.97573852539062,844800
2019-07-15,141.22771997328798,142.4093242904597,140.81068705465017,141.2711639404297,1019700
2019-07-16,141.01049745265678,141.77505550751494,140.4891964203679,140.76722717285156,1155400
2019-07-17,141.34064767583214,141.70556636639807,138.64729426109454,139.1338348388672,1109900
2019-07-18,139.32500143448218,139.32500143448218,138.03044533144939,138.48223876953125,2152500
2019-07-19,138.55170099148307,139.20332057477884,135.74539636478153,135.91915893554688,1790700
2019-07-22,135.92786488047093,136.3709747549475,134.7028166797504,134.78102111816406,1602900
2019-07-23,135.11985320106626,137.61338013180608,135.11115645450846,137.4917449951172,2757700
2019-07-24,138.07387009131315,138.66467885232956,137.30929872666965,138.29107666015625,1054700
2019-07-25,138.07386959612114,138.83844095802257,136.5881840946153,137.55258178710938,1149000
2019-07-26,138.00434535240115,138.4995826316664,136.23194580274884,137.56124877929688,1556600
2019-07-29,137.95222603539466,139.82019710393456,137.95222603539466,138.6994171142578,1042800
2019-07-30,138.56041886717065,139.66383201408294,138.5343551379492,139.19467163085938,1385600
2019-07-31,141.18428031430847,142.8871857746688,139.4987550927827,140.9236297607422,2481600
2019-08-01,139.8897251037999,140.2372635963115,136.71851424590457,136.82276916503906,2441000
2019-08-02,136.74456308750666,139.08170782339144,136.1885148172663,138.36058044433594,1113600
2019-08-05,137.27455210647213,138.05649045481675,132.7827218341098,134.45086669921875,2052700
2019-08-06,134.71150863897552,135.4934469374276,133.06073085956902,133.330078125,1628300
2019-08-07,132.93039360458766,134.72017325353116,131.0189788316548,133.38218688964844,1792900
2019-08-08,133.58204931003522,135.00692397238606,132.4265086909888,134.79840087890625,1235500
2019-08-09,134.62461853027344,135.3718096008422,133.6428539283152,134.62461853027344,1229100
2019-08-12,134.28576839338487,134.6767375116813,132.23533813732993,132.96514892578125,1413900
2019-08-13,132.9912438889766,135.29362820810175,132.78272081098086,134.98085021972656,1549300
2019-08-14,133.75581688357454,134.21629379866005,131.19278174594578,132.16586303710938,2976000
2019-08-15,132.16586170073012,133.19661634533134,129.69028685649806,130.2893524169922,2882100
2019-08-16,130.65055608020612,133.19661150541907,129.6902821439939,130.9236602783203,1899200
2019-08-19,131.35537131484222,132.6944639581164,131.1351242223913,132.11302185058594,1082600
2019-08-20,132.15704636762098,132.6680211805459,129.89291348986174,129.96339416503906,1295800
2019-08-21,131.28487761859532,132.10419026874732,128.84453631214816,129.84005737304688,1525600
2019-08-22,129.94574664068057,131.32890443035475,129.02070643365911,131.0029296875,1164100
2019-08-23,130.59768548673694,130.97650393083006,128.1837731663905,128.65069580078125,1747200
2019-08-26,129.50526390864408,130.03386219968212,128.68595134462942,129.48764038085938,1022300
2019-08-27,130.3686085515874,130.56242699901813,128.11328128273266,128.15733337402344,1855300
2019-08-28,128.27190364075398,129.31146339665807,128.13974732822754,129.1000213623047,1220800
2019-08-29,129.50527139581374,131.03819577419753,129.0824008042234,130.580078125,1280500
2019-08-30,131.16154409728583,131.8134668442923,130.43912722941783,131.2144012451172,1420500
2019-09-03,130.73864006161332,131.7517845306335,130.47435436282024,131.71653747558594,943600
2019-09-04,132.33325083594258,132.77374496057178,131.74297687926324,132.28038024902344,1048100
2019-09-05,131.8487208737987,132.5358907175574,130.65938121346954,132.20111083984375,1055400
2019-09-06,132.2892071744935,133.5666375288509,132.25396011429876,133.24948120117188,1021900
2019-09-09,133.55783136289747,139.60141162529604,132.84421954950528,139.38116455078125,2675900
2019-09-10,139.17853661482565,144.12970031302925,138.95828952598714,142.03294372558594,2190900
2019-09-11,140.3150109540898,141.36338918678996,137.43417543577485,139.0816192626953,2704700
2019-09-12,139.41637175055465,139.42517679245356,135.769081425409,136.79103088378906,2739600
2019-09-13,137.61918505380362,138.5970825817489,135.42551939846305,135.6105194091797,1481700
2019-09-16,135.310953928441,136.1038512541006,134.6414078372092,136.0157470703125,1303600
2019-09-17,136.27125962908175,136.28007811521377,134.29785450076022,135.82196044921875,989800
2019-09-18,136.55317220632563,137.8922780461431,135.7426646683031,137.2755889892578,1254000
2019-09-19,137.49584276586447,137.874661261188,136.17436038955915,136.21839904785156,982400
2019-09-20,137.064165908495,139.08162326808988,136.561996108159,136.5884246826172,2128200
2019-09-23,134.28019557040238,137.73366707732464,133.12610338776278,136.50909423828125,1285900
2019-09-24,136.35057551081462,136.8879789610139,134.55335168534128,135.67221069335938,1110500
2019-09-25,136.0246016837356,136.9584606666629,135.35505534849744,135.4607696533203,979400
2019-09-26,135.954121709458,137.14344785577558,135.4607569665873,137.09939575195312,945000
2019-09-27,137.40771748220632,139.19612228166605,137.2579511156736,139.160888671875,1355000
2019-09-30,138.91424461193628,139.40760940844345,137.0113198823877,137.12583923339844,1255600
2019-10-01,137.3548822130421,138.2270519830418,133.63711069746458,134.2273712158203,1666000
2019-10-02,134.15688127068668,134.15688127068668,130.8796041095804,131.41700744628906,2144500
2019-10-03,131.48751518120199,131.9808665211486,129.91055190224293,129.94578552246094,1993300
2019-10-04,130.42149460148633,131.26724923623573,129.32907777500174,130.38626098632812,2070300
2019-10-07,130.39506467959652,131.3377285497901,130.2364932488053,130.580078125,1510400
2019-10-08,130.21888516570306,130.25413222749103,128.19260928298485,128.509765625,1605700
2019-10-09,129.24097154093266,129.53169927196896,127.98996985887001,128.60665893554688,1209400
2019-10-10,128.8004700550255,130.07790023567088,128.41283310248474,129.6726531982422,1549700
2019-10-11,130.13080730722945,133.11735755633015,129.76959882355123,130.91488647460938,1295800
2019-10-14,130.6946071119363,131.1086726485367,128.95024076688267,130.95889282226562,1103200
2019-10-15,130.8884246257692,131.46986662700274,130.11315070037352,131.1703338623047,1072200
2019-10-16,131.09104951822917,131.9632192505905,130.22768482863444,131.02056884765625,911600
2019-10-17,130.93246360470076,131.59320476288806,130.70341150927524,131.099853515625,902600
2019-10-18,131.17913184175097,132.45657542989872,130.0426630285002,132.07774353027344,1271100
2019-10-21,132.43018533911751,135.02027999397518,132.39493827444883,134.9409942626953,1417800
2019-10-22,134.9409543163061,136.20077437034806,133.70757627434625,136.12147521972656,1211600
2019-10-23,136.5531639915863,137.69845128136853,135.69860440602042,136.28005981445312,1227100
2019-10-24,136.2800767780256,136.40341459733548,133.73402123148878,136.05982971191406,1176700
2019-10-25,136.03339298162055,137.21391395890836,135.1876383836331,137.04652404785156,1171000
2019-10-28,136.66770177179998,137.11700090782568,134.5533220569906,135.53121948242188,1068200
2019-10-29,135.337422765138,136.72938593774467,134.20975877972768,134.6766815185547,1313500
2019-10-30,135.672183099018,136.33292425047426,129.20573292304127,133.1877899169922,1885600
2019-10-31,133.5401813120204,134.2890131509648,132.03368570668908,132.74728393554688,1559000
2019-11-01,133.67234831240532,135.78672825566161,133.18780206856653,135.7602996826172,1217400
2019-11-04,135.5840787769416,139.54852568203128,135.1171561057672,139.24899291992188,1810900
2019-11-05,139.19611694508924,139.52207823370406,137.01127026588765,137.79534912109375,1824200
2019-11-06,137.8482149411065,138.75563164724767,136.25362856318492,136.62364196777344,1942300
2019-11-07,137.02889818772888,138.35038048266168,136.5003133354436,137.40773010253906,1585700
2019-11-08,136.6324667290031,137.31963649995825,135.117165838483,136.1038818359375,1164600
2019-11-11,135.7778998836672,137.40773346441915,135.12597720561715,136.92318725585938,1449200
2019-11-12,136.79102696608774,138.25345700533427,135.1171414992029,135.3197784423828,1514300
2019-11-13,135.31096908110823,136.94960760626608,135.26691698428104,135.97171020507812,1313100
2019-11-14,135.7662961656138,137.89197513063078,135.7305765384448,137.15960693359375,1120700
2019-11-15,137.44542463012826,138.21352619319768,136.668396566042,137.54367065429688,1034100
2019-11-18,137.65978544095512,137.945583388625,136.76664470858688,137.28466796875,981100
2019-11-19,137.08815957085193,137.08815957085193,134.31049167926855,134.72132873535156,1124400
2019-11-20,134.25688702240132,134.58734464764572,130.28240087938843,132.3902130126953,1801400
2019-11-21,132.2741230196935,132.46167490637387,130.60394089730292,130.85401916503906,1506800
2019-11-22,131.36311208536642,132.37236525527337,129.07667448650034,131.91685485839844,1224800
2019-11-25,132.0687006908947,133.81926232336602,131.4077853463016,133.2923126220703,1513100
2019-11-26,133.74777462504164,134.89099324443214,132.7028019945788,134.63198852539062,2012400
2019-11-27,134.63202628502097,135.1679024972695,133.52452697451574,135.06072998046875,1088700
2019-11-29,134.6945239337455,135.39117247129008,134.02466852239547,135.05178833007812,789500
2019-12-02,135.19470491167394,135.30189106408105,132.06871242667367,132.9529266357422,1820800
2019-12-03,132.60458157965334,133.16726450005223,130.46104966195674,132.29197692871094,1729200
2019-12-04,131.41670648253813,133.91750287189134,131.2559477171428,133.20298767089844,1712800
2019-12-05,133.15832785336985,133.5334452673611,131.63999156962126,132.63137817382812,1379300
2019-12-06,132.2026474236599,133.77456964051458,132.1847807995362,132.39913940429688,1078400
2019-12-09,132.6135115621178,134.07826159093716,131.84541010625864,133.7835235595703,1045300
2019-12-10,133.88176414445837,134.02466990446507,132.15800940969893,133.11366271972656,1896000
2019-12-11,130.96119776525265,131.68463940017006,129.29101573895412,129.8626251220703,3609200
2019-12-12,130.02342272150884,131.01480942823773,127.18322825294285,128.62118530273438,3093100
2019-12-13,129.5679127831468,130.55035926164777,127.97810998452934,128.9248504638672,2403100
2019-12-16,129.55897006594725,130.05020010950275,127.62978314666216,130.02340698242188,2422300
2019-12-17,130.4074374113713,130.4074374113713,128.56757019134125,129.2017059326172,2263400
2019-12-18,128.38896065505284,129.95195669781,128.38896065505284,128.9248504638672,2007700
2019-12-19,128.8087247731798,129.89835727997757,128.38894764540152,129.81797790527344,1765100
2019-12-20,130.63967222121735,131.18448850250104,129.17492226258892,129.94302368164062,2836500
2019-12-23,130.05914317609378,130.6218261729543,128.88020454963063,129.47860717773438,1429600
2019-12-24,129.6750616303376,130.59499518594447,129.3177972802408,130.19308471679688,518600
2019-12-26,130.41639432436259,131.56853970278732,130.38960119660229,130.9522705078125,1043700
2019-12-27,131.31847741644464,132.1669583647489,131.13092549928305,131.81863403320312,1087200
2019-12-30,131.8275741623746,132.90826678896082,131.2023647631808,131.81863403320312,1070800
2019-12-31,131.56854608856204,133.051162828397,131.30060116971015,133.042236328125,1473900
2020-01-02,133.44412797112903,133.7567189752631,129.37140939243767,129.58575439453125,1849300
2020-01-03,128.8712375218688,130.38064715644487,128.61223277174133,129.81797790527344,1308200
2020-01-06,129.58577312023726,131.17556238062906,129.04989690932408,130.4967803955078,1026700
2020-01-07,129.1838590549938,129.94303403519163,128.17460579082965,129.01416015625,1621600
2020-01-08,129.42499499283235,130.45210113135215,128.63902698045658,129.8626251220703,1397600
2020-01-09,129.38035570263344,129.5679212364288,128.04064472143602,128.8176727294922,2236400
2020-01-10,128.83552017360813,129.4607158127535,128.30857053691722,129.31781005859375,1912800
2020-01-13,129.12137072399398,130.97909157681326,128.7908993640455,129.76441955566406,2061300
2020-01-14,129.96089398509355,131.5060371565248,129.6393627987648,131.4077911376953,1584800
2020-01-15,131.33633694539589,131.96153268254065,130.56823543169088,131.38099670410156,1357000
2020-01-16,131.60425799402626,133.12259411685173,131.31844649275712,132.66708374023438,1103900
2020-01-17,132.76533980757898,133.515588241179,131.82755311500514,131.97938537597656,1436900
2020-01-21,131.94365486838524,133.87284180367382,131.67570996711007,133.1761932373047,1628800
2020-01-22,133.34589568044797,133.65848671672438,130.3449426883783,130.40745544433594,1582600
2020-01-23,130.30919323067525,131.56852460386315,128.987349109302,131.5149383544922,1561300
2020-01-24,131.4792561210738,132.00620589406577,129.18387784647882,129.3446502685547,1893300
2020-01-27,128.38895997883614,128.53186574419982,126.4955062866211,126.4955062866211,2061600
2020-01-28,126.67412174807244,127.15641163305891,124.99501320729954,125.03074645996094,1422400
2020-01-29,125.28975241758397,126.26327232419054,124.86997527836041,125.06646728515625,1667500
2020-01-30,124.1733304547743,124.98609163180302,121.55643516631638,121.86902618408203,2639600
2020-01-31,121.46711745131113,121.6636094668595,118.66265660822677,118.92166137695312,2920300
2020-02-03,119.12709298759872,121.2884915207226,118.36791805562524,118.60906982421875,2812300
2020-02-04,117.51943036714908,124.36088996932482,116.11719321981008,122.61925506591797,5060800
2020-02-05,122.60140283351008,125.60235552185493,122.58353620722582,125.4594497680664,2811900
2020-02-06,126.62946506877752,127.39756648072043,125.05754261960647,125.80777740478516,2151300
2020-02-07,125.32550312034063,125.96855185328414,124.40555570866562,125.95069885253906,1983500
2020-02-10,126.92423172602744,127.80844596911177,124.88787191914798,127.77271270751953,2893300
2020-02-11,128.16568855982828,128.8802038349398,124.92358350560387,126.89743041992188,3060400
2020-02-12,126.81704107137337,127.25467125147993,123.23553847633082,124.29837799072266,4957300
2020-02-13,124.17141116830767,126.99163453190647,123.79054672577806,125.74022674560547,2557100
2020-02-14,125.92158306852578,126.29338423495078,125.0238223138246,125.97599029541016,1501100
2020-02-18,126.012280075498,126.57450657648936,125.00570479457124,126.20270538330078,1594300
2020-02-19,125.93065853097661,125.93065853097661,122.80211814861848,124.24396514892578,2267800
2020-02-20,124.25304921620001,127.44506026946604,123.91751487067991,127.43599700927734,2202300
2020-02-21,126.81934024410255,129.467264628357,126.81934024410255,128.99571228027344,3180200
2020-02-24,127.30902838142295,127.90753557792287,126.38406397201732,127.66268920898438,3097400
2020-02-25,127.66267994509047,127.89844920067708,122.24893962885953,122.6751480102539,4040700
2020-02-26,123.63638729281497,124.57041495460746,119.88213629032803,119.90933990478516,2228300
2020-02-27,117.92339344125274,120.19045356755136,113.37113975179324,114.0784683227539,3834700
2020-02-28,112.28295583217388,114.16008137634618,108.73727732363446,111.61190795898438,5789400
2020-03-02,111.94742696564175,115.46590873139745,109.136273775247,115.36615753173828,3437900
2020-03-03,115.23919798936441,118.15917243736544,109.85266110284034,111.0587387084961,4913100
2020-03-04,111.82955279913969,112.84519832779706,108.90050777935801,111.98371124267578,3673600
2020-03-05,110.08843886781571,110.11564248181261,106.64250477882993,108.72820281982422,3553600
2020-03-06,106.06213969623037,108.53777238843949,104.33010936426416,107.96646881103516,3613100
2020-03-09,102.01771068705348,102.04491430294036,93.40288178459119,93.43915557861328,6489400
2020-03-10,97.03017917027462,102.00864156621839,93.20338034276432,101.05648040771484,6009900
2020-03-11,98.55363761426095,99.34257702509359,90.6824046167834,92.04264068603516,5926000
2020-03-12,83.89935932340774,86.81933391527699,75.04876144365868,75.71073913574219,7611300
2020-03-13,80.57130983534826,82.76582222273856,73.9968359317115,81.40558624267578,7038700
2020-03-16,71.53027736396324,71.53934754149505,59.23374566778793,59.65995407104492,5743600
2020-03-17,60.34914717929739,61.18342369855141,48.93222805731455,53.375667572021484,10561600
2020-03-18,49.42190676614546,50.365004532822496,39.464979909838604,40.73453140258789,12166900
2020-03-19,41.995020833125594,53.9560281898865,41.26049214520732,50.54637145996094,10392200
2020-03-20,53.47541690897021,57.50171456411018,41.85899924132529,43.654510498046875,9258400
2020-03-23,43.980969710345384,47.2636720479682,41.75924993003274,45.486297607421875,10694900
2020-03-24,49.37657208332283,51.85220141841769,47.66267511743096,49.6304817199707,7401800
2020-03-25,50.528239511712165,63.06054818604165,49.630482138584526,56.53141403198242,8662200
2020-03-26,56.848804306580774,59.3879112163457,52.95853136028368,56.313777923583984,8730100
2020-03-27,54.7903083707735,54.82658216361156,50.510101134401346,52.74995422363281,4837800
2020-03-30,52.20586344237008,52.59579808421797,49.70303043491938,51.02699279785156,4848900
2020-03-31,51.335309377072235,51.97915361423653,47.880308544777606,49.74836730957031,6507700
2020-04-01,46.02131356632504,46.54727309609865,41.71389998129955,42.65699768066406,8728800
2020-04-02,41.82272393191628,43.96282922878893,38.313315850964855,39.909324645996094,7679000
2020-04-03,40.090690955964,42.72954883835368,40.07255405961055,42.3668212890625,6759100
2020-04-06,45.885297121994846,50.27432581308421,45.30493026354655,49.022911071777344,8207200
2020-04-07,53.50261693365892,58.34505385727424,53.50261693365892,55.20744705200195,8424900
2020-04-08,56.223091937357474,59.26095116639808,54.68149033754582,57.048301696777344,6692100
2020-04-09,59.85038876673749,67.25913977635734,59.76877792112633,61.81819534301758,9095600
2020-04-13,62.20812157268788,62.49830495988369,56.39538019282982,59.215606689453125,4123200
2020-04-14,59.95013375313801,62.933585471680686,59.56019916576574,61.43732452392578,5105100
2020-04-15,57.85537423019672,58.30878971862563,54.228077996839446,55.515769958496094,5168400
2020-04-16,56.23216171593867,56.53141533362469,47.254605074249916,48.15235900878906,8421600
2020-04-17,52.92225586073357,55.669931819928415,50.33780505958384,50.890968322753906,9279000
2020-04-20,49.004774727744305,51.68897320797108,47.37249205513394,48.8143424987793,6498400
2020-04-21,47.363418537851395,49.848117895099016,46.973483929313346,48.569496154785156,6130100
2020-04-22,49.77557378388754,50.01134998464932,46.701440669967305,47.571990966796875,5913200
2020-04-23,47.72615157097024,49.92973432849718,46.61982510328333,48.19770050048828,5861000
2020-04-24,48.40627220622814,48.64204495395137,44.098857661852556,46.69237518310547,10103600
2020-04-27,47.38156093427068,52.659277109921405,46.701442834735694,51.861270904541016,7038000
2020-04-28,55.11677193030203,59.54207830652319,53.25778307417118,57.429176330566406,15427700
2020-04-29,60.18592054631577,65.81729761462563,60.13150639342777,62.389503479003906,16205700
2020-04-30,60.231246568895074,62.24439689400206,57.365682955312515,60.54863357543945,8992000
2020-05-01,57.583325813591316,58.62617483013954,54.94446802885064,57.311279296875,6430000
2020-05-04,54.77217669898537,57.59239672748771,53.865352604361505,57.13898468017578,3763600
2020-05-05,58.88915188670914,60.10429270751331,54.49105347741493,54.9081916809082,5189500
2020-05-06,55.035147508350974,56.09613339089958,50.10202617632318,50.54637145996094,7686400
2020-05-07,50.70053408923508,53.30311822586922,50.12016723249179,51.68897247314453,6753600
2020-05-08,53.17616352452322,54.862856867654926,52.42350133655867,52.61393356323242,8335500
2020-05-11,52.23306181809883,52.29653922233252,49.793706465986816,49.94786834716797,9361400
2020-05-12,54.71776195606309,54.89912745340943,49.421909497253125,49.45818328857422,16602200
2020-05-13,48.24304658123779,49.42191731149491,44.63388679635354,46.402191162109375,13982300
2020-05-14,45.341200070477555,48.50601735747087,42.84743406660129,46.74677658081055,10654900
2020-05-15,45.74927208615638,47.28180342073143,44.77897067029243,46.5382080078125,7579200
2020-05-18,49.73929821951014,52.332815580014255,49.67582081216291,51.607357025146484,9214700
2020-05-19,51.924747737876544,53.43007564301853,49.113594341527126,51.57108688354492,7025000
2020-05-20,53.130818996364944,53.8290739006492,49.839046864527475,50.48289108276367,7010000
2020-05-21,50.38314890463516,51.9700911005275,49.512595128137036,50.78215026855469,6061100
2020-05-22,50.990711732054756,51.144873606718924,48.8596767731327,49.50352096557617,5301500
2020-05-26,52.595794291435915,53.97416724659844,51.59828923168132,53.72932434082031,10442100
2020-05-27,56.721844909918,57.40196296269701,53.8925547789499,57.30221176147461,9220000
2020-05-28,57.71935052101386,57.84630533091376,53.37566261510092,54.182735443115234,7862000
2020-05-29,52.30560883234628,53.84721033114209,51.1086014236952,52.32374572753906,8489700
2020-06-01,51.9700831603856,56.0417208637273,51.56201168050775,55.860355377197266,6494900
2020-06-02,57.12084852193344,58.48108113982597,56.62209252623708,57.537986755371094,7797600
2020-06-03,59.57833579159389,67.82136979259205,59.39697375364655,66.0893325805664,17321700
2020-06-04,68.12062491321058,70.59625068758287,63.15122609063408,69.58061218261719,17516800
2020-06-05,75.62005231322915,84.29835765987758,75.5928487003695,80.3446044921875,23237100
2020-06-08,86.039458827744,86.65609942590672,80.82522081571976,86.60169219970703,15401100
2020-06-09,79.80051802591119,81.90434958803537,75.9374455570171,78.41307830810547,12537800
2020-06-10,79.40151222774277,79.40151222774277,70.73227645557512,75.27546691894531,15585400
2020-06-11,65.01021487163477,71.32170909089864,63.84041107965441,65.21878051757812,13082500
2020-06-12,70.50555741822023,70.91362540114389,66.03491536563614,68.90048217773438,10647500
2020-06-15,65.173447472568,68.79167352310769,64.22127944523301,67.4586410522461,9850000
2020-06-16,73.40739959942263,73.71572335523263,67.63999843997408,68.48334503173828,11006200
2020-06-17,68.29291981338314,68.32919360710414,64.84699243211122,64.99208068847656,8312400
2020-06-18,63.48676350000288,65.69940981973862,62.19000463113485,64.3482437133789,8103300
2020-06-19,65.7447548198914,65.75382499912102,60.75722169562378,60.86604309082031,13314800
2020-06-22,60.16778619548648,62.42577658794953,59.02518573004502,62.162803649902344,6269600
2020-06-23,62.924521735219464,65.39108431538126,62.91545155732396,63.5955696105957,6921700
2020-06-24,61.600555514095625,61.8181913401516,56.82159254781627,59.043312072753906,10487700
2020-06-25,57.392895267202526,60.42168428980416,57.15711907573366,58.889156341552734,7432000
2020-06-26,57.891653361567634,58.66245595779564,55.72434421574714,56.132415771484375,11016500
2020-06-29,56.80345918054793,61.82726535761759,55.57924806998378,61.78192138671875,9412900
2020-06-30,64.71096369930923,64.8379185107439,61.27409977600005,62.00862503051758,10456500
2020-07-01,63.29632995861016,66.13468712565756,62.788503717812496,63.30539321899414,7979600
2020-07-02,65.11903565352898,66.16188474016509,62.280678744040685,62.398563385009766,6470600
2020-07-06,63.223773262008436,64.01270575003288,60.7662809404783,62.507381439208984,6075600
2020-07-07,61.21062451911266,61.35571969071355,59.451383615304074,59.78691101074219,5294900
2020-07-08,59.85038595726958,60.575847948401375,58.38132853856092,59.587406158447266,6884900
2020-07-09,59.43939179397484,59.57816221368551,55.387335769916795,56.45123291015625,9286300
2020-07-10,55.97016522743031,59.430137101569436,55.79439242528342,59.189605712890625,5824100
2020-07-13,59.92970629496806,60.26275247049953,57.54288125212296,58.92131805419922,5124300
2020-07-14,58.3569917111911,59.17110063530183,56.77502243223898,57.293094635009766,5240500
2020-07-15,59.70767401098586,61.724450362378356,59.050834945562286,61.60417938232422,7163100
2020-07-16,60.13323633449933,60.69756419398332,57.912930812055706,58.19047164916992,5227200
2020-07-17,58.08870410792129,58.80105206303872,57.4318650231391,57.7279052734375,4932300
2020-07-20,57.49662083969176,57.71864925218901,55.61861140148006,55.896148681640625,5644400
2020-07-21,56.4142272818272,57.709406108798724,55.86840237277071,56.386474609375,5207900
2020-07-22,56.4882381644645,57.48737317581472,55.61861679874077,57.3856086730957,4059700
2020-07-23,56.45123475275298,57.996194732506716,56.071932926118706,57.17283248901367,3274200
2020-07-24,56.98780291864527,57.616889352669396,55.78513892268561,56.0349235534668,3115400
2020-07-27,55.9424135442609,57.33935333009026,54.61022881702935,57.32085037231445,4299800
2020-07-28,56.96004835476697,60.197991675050005,56.7565193596156,59.337623596191406,5328400
2020-07-29,59.75392759996775,60.71606017364411,57.959186678558886,60.679054260253906,3809600
2020-07-30,58.74554553739474,59.763183497277346,57.931433052041676,58.85655975341797,3311300
2020-07-31,58.56977256727807,59.11559746069389,56.89529197210248,57.68164825439453,5134400
2020-08-03,56.626998993882836,57.163574122045446,55.42433510579024,56.46047592163086,4149800
2020-08-04,56.645506295652424,58.865811743310836,56.497486167747084,58.27373123168945,4097700
2020-08-05,59.0878419146901,59.74468456016854,57.60764059194643,57.82041931152344,3380800
2020-08-06,58.01469568232614,58.01469568232614,56.608502646421755,56.61775588989258,4865100
2020-08-07,56.59924641618046,57.85741917341289,55.97940975089186,57.53362274169922,6391300
2020-08-10,60.33676489332918,63.98176637350102,59.04158609332568,60.56804656982422,18253800
2020-08-11,63.0566332725309,65.6747362207365,61.82621318440477,62.12225341796875,13635300
2020-08-12,62.72359772908149,63.77824168054446,60.706821091376376,62.75135040283203,6873000
2020-08-13,62.140755583002594,63.1398940621189,60.80857800233709,61.07685852050781,5499400
2020-08-14,60.48478053326651,63.32491919309079,60.2905047750819,63.075138092041016,5334300
2020-08-17,63.23240793559667,63.269413850225625,61.22488470953252,63.075138092041016,4441600
2020-08-18,62.32578692074312,62.446050848106864,59.09709325743177,60.25349807739258,8189200
2020-08-19,60.24425027912476,60.725313033853254,58.96757450783332,59.09709167480469,4962300
2020-08-20,58.5882703195527,60.54953422940161,58.19046559211346,60.01296615600586,4220400
2020-08-21,59.94821223903802,60.632804012255335,59.115596807743174,59.689170837402344,3014100
2020-08-24,60.17949706847171,63.38968091718912,59.07859399277007,63.37118148803711,5515800
2020-08-25,64.16679168806058,64.88838942086993,61.53942805832534,63.509952545166016,5053500
2020-08-26,63.352680322474065,63.472944254058035,60.82708129395732,61.345149993896484,4363500
2020-08-27,61.63195083222667,63.926261376242095,61.63195083222667,62.51081848144531,4207400
2020-08-28,63.00112893828519,64.66635987652369,61.937231786530425,64.61084747314453,3676900
2020-08-31,64.58309150760661,64.60159799384168,62.390545785234515,62.76984405517578,4089900
2020-09-01,61.659698778400234,62.79760071872248,60.96585372175993,62.168514251708984,3485200
2020-09-02,61.65044042427183,62.936365924664415,61.021354009405535,62.760589599609375,3595200
2020-09-03,63.37117077322567,65.66548779877913,61.86321698773313,62.908607482910156,5310100
2020-09-04,64.29630422950228,67.05318484018343,63.68571723307681,64.98089599609375,6858400
2020-09-08,64.25929400095292,65.45270818443943,63.63946086122025,64.80512237548828,3899300
2020-09-09,64.70336213934065,64.91613732278347,62.8716082107057,63.7042236328125,4332700
2020-09-10,63.45444087370589,64.6016031342407,61.05836596102935,61.2341423034668,4586200
2020-09-11,61.46541900015342,61.48391842820141,58.63453008325054,59.34687805175781,5096600
2020-09-14,60.13323335976239,62.84385477661332,59.698422696932944,62.72359085083008,3529100
2020-09-15,62.936377605993,66.45186241064857,62.62183786925776,65.74876403808594,6836300
2020-09-16,65.71174381876894,69.56952019652016,64.79587042551029,68.57038879394531,8906800
2020-09-17,66.11879444307645,68.68139183390825,65.57296611836352,66.49809265136719,4973200
2020-09-18,66.09104742772723,66.51660482231898,64.37955754879954,64.60159301757812,5821500
2020-09-21,62.04824188913555,62.18701229324801,59.53189636283676,60.01296615600586,7010300
2020-09-22,60.15172791742057,62.048240254635026,59.90194684312272,60.23499298095703,6154600
2020-09-23,60.669806280037626,61.798461901489866,58.02394354526942,58.18121337890625,4440600
2020-09-24,57.40411210904104,59.35613357649228,55.137550945587996,58.12571334838867,5337500
2020-09-25,57.357855312220785,59.14335012281456,57.357855312220785,58.819557189941406,2601500
2020-09-28,60.87333939436297,61.557931172830116,59.948212698753544,60.86408615112305,3771800
2020-09-29,60.43852621571198,60.447772400412525,58.190468156133875,59.198856353759766,3816800
2020-09-30,59.34687653585367,61.16937718183394,58.93056883384319,59.83719253540039,4188200
2020-10-01,59.985212941489316,61.57643202401117,59.439391566382504,61.54867935180664,3426200
2020-10-02,59.32837391208854,63.371180212571495,59.25436913881312,63.0936393737793,5346800
2020-10-05,63.565458063418056,64.13903918861371,62.372043710480675,63.611717224121094,3688200
2020-10-06,64.52758184618475,67.19194397502653,63.84299012259491,64.74036407470703,6512200
2020-10-07,65.05491468048163,66.75715162051242,64.57385186199996,65.71175384521484,4167200
2020-10-08,66.74835656914784,67.1253076320781,65.40076137224902,66.03215026855469,3721700
2020-10-09,66.09812103569973,66.29601874062769,63.619679657132586,63.81757736206055,3825400
2020-10-12,63.74218879196539,64.18510580575675,62.856354764382665,64.10028839111328,3040800
2020-10-13,63.1108008516281,63.450056136266475,61.697239562216375,62.027069091796875,3705400
2020-10-14,62.093032691859015,62.70557733247253,61.499339560661184,61.932830810546875,2766800
2020-10-15,60.981028099638976,62.68672294653271,60.86794061756685,61.36740493774414,2900600
2020-10-16,61.75377099910232,61.91397286375781,60.45329738465923,61.084686279296875,3939100
2020-10-19,61.254318841960334,61.584148351622076,60.161164987960234,60.22713088989258,3587400
2020-10-20,61.15066263947995,62.27209026344444,60.71717136049028,60.74544143676758,2902200
2020-10-21,60.425031698470434,61.263744097527415,59.68997743384008,60.50984191894531,3137900
2020-10-22,60.32137520413692,62.70558080542988,60.21771346584204,62.526527404785156,2901400
2020-10-23,62.90347204199817,63.892967736533905,62.12129980267898,63.025978088378906,3194500
2020-10-26,62.20611810283481,62.29092832314192,60.18943445245043,60.9527587890625,3852700
2020-10-27,60.41560993060465,60.858526950516875,58.38008182283632,58.40835189819336,3795000
2020-10-28,56.79689041334017,58.07851983164995,55.92990432659506,57.25865173339844,6595600
2020-10-29,57.192680869372076,60.415602049947104,56.70264592282791,59.75593948364258,5851500
2020-10-30,59.35072311907142,59.95384199565899,57.324620867714565,59.190521240234375,3704500
2020-11-02,59.33187848314713,61.14123521288416,58.983201037392604,60.98103332519531,3666000
2020-11-03,61.81974475994416,62.196695869831416,60.688898620026805,61.244895935058594,3552600
2020-11-04,61.16008587334672,61.16951162829881,58.5402832018628,58.691062927246094,4431700
2020-11-05,59.30360565124514,60.406181683143,58.86068864960817,59.8124885559082,3283400
2020-11-06,59.84075822071569,61.09411755938109,58.08794173544906,58.295265197753906,4872900
2020-11-09,70.55556963800414,77.74588328569382,68.88756302488987,74.54180908203125,24996200
2020-11-10,72.28008825492134,79.62118311911271,70.97018887349277,74.29676818847656,14440400
2020-11-11,73.48633693456767,73.97636831277002,68.3409679198513,69.1796875,6844600
2020-11-12,67.53053328240725,68.44463014473021,64.09086628648531,65.15574645996094,8143000
2020-11-13,67.50225918205072,70.81942028539345,66.72009408546629,70.39534759521484,7732900
2020-11-16,75.34280705738873,77.67047225446716,74.30619697655558,74.40985870361328,13224900
2020-11-17,73.45805884142159,76.64328792784212,72.54396199606238,74.40985870361328,6171800
2020-11-18,73.38267538796795,76.36999962589316,72.18585622808389,72.19528198242188,7493300
2020-11-19,71.61101890265422,76.6433012528532,71.13983176674303,75.98363494873047,16282200
2020-11-20,75.84227752053097,77.0767854013203,74.69257986525645,76.44539642333984,9733700
2020-11-23,79.86621922918197,81.32690222077595,77.5574051480122,80.48818969726562,10874800
2020-11-24,83.6262792959379,86.1047278892926,83.32471985827524,83.67340087890625,9742200
2020-11-25,83.31530123983912,83.75821104663343,81.32689122755646,82.16560363769531,5973300
2020-11-27,82.89122746881462,83.49434633579305,80.60125804928138,80.62010955810547,2305900
2020-11-30,80.40336525391751,81.8923181931878,77.65163435661042,77.81183624267578,6987300
2020-12-01,79.77197295020726,81.31746597550148,79.05576658563983,80.09237670898438,4869700
2020-12-02,78.90499121616166,82.9194999426199,77.84010381883951,82.2221450805664,4333200
2020-12-03,82.82525977376719,86.41570282439159,82.25983674693762,84.4649887084961,5490000
2020-12-04,86.9245893889806,88.92242517083221,85.48275809305578,88.49835968017578,5268500
2020-12-07,88.30045283891313,88.39469600342426,83.87129731716281,84.21997833251953,6097000
2020-12-08,84.55923592038705,86.65130050086503,83.40011254859706,84.9173355102539,4603100
2020-12-09,85.39794648655571,86.8492035135636,84.05035118931582,85.60526275634766,4596400
2020-12-10,83.98439123458152,85.71835631031229,83.94669540383808,85.22832489013672,3046000
2020-12-11,84.06920181430615,84.7477123910468,81.31747086618651,82.8346939086914,4907600
2020-12-14,84.81367178418006,84.98329941533818,81.7603816130779,82.2881088256836,4841400
2020-12-15,83.34357480092459,84.58750843124834,82.1938771506757,84.56865692138672,5295100
2020-12-16,83.2493273175766,85.09638694211262,83.05142961275004,83.19278717041016,3371600
2020-12-17,84.05035760358886,84.0880534345398,82.44831714202509,83.89957427978516,3002000
2020-12-18,83.62628291470489,83.93726812036734,80.02641382631626,80.50702667236328,6377100
2020-12-21,79.11231305527174,79.63062175323209,77.51027975388567,78.82960510253906,4629100
2020-12-22,80.57298597474535,80.6295261203254,77.29352092597018,78.89556121826172,4139900
2020-12-23,79.77622635696936,81.60455478493454,79.65178802279415,80.0729751586914,2768600
2020-12-24,80.40800340370275,80.97277039828943,79.49863009599126,80.7621841430664,810700
2020-12-28,80.91533409865693,82.46606242438041,80.89619255035531,81.82471466064453,3105000
2020-12-29,82.121458311474,82.86810286857221,79.39333115932777,79.72836303710938,2281200
2020-12-30,79.65178468902975,81.89172573246684,79.65178468902975,80.37928771972656,2791400
2020-12-31,79.94852156157144,81.70026900803086,78.83812918177794,81.63326263427734,2488300
2021-01-04,81.9970171110956,82.55220964488836,78.55095419432979,79.26888275146484,4299400
2021-01-05,79.59436095106642,80.71432793678123,79.38376737020077,79.6135025024414,4647900
2021-01-06,80.40799889150915,82.78195254835742,80.1686893709987,81.43224334716797,8356300
2021-01-07,82.16931560887015,83.50945041945454,80.8961944768048,81.48967742919922,4227800
2021-01-08,81.6907014447393,82.80110122095897,80.1208314393683,82.7915267944336,3692500
2021-01-11,81.88215081297682,81.93958276397755,79.30717789694872,79.58477783203125,3988200
2021-01-12,80.25484301220153,82.31290649588783,79.65178560667148,81.77685546875,4103400
2021-01-13,81.74813806241467,85.46221939130183,81.74813806241467,85.06975555419922,4295600
2021-01-14,85.59622969102188,91.65554865512935,85.49093291510363,90.88975524902344,7465800
2021-01-15,89.98037801763063,90.21011310811367,88.3817922034769,89.02313995361328,4006500
2021-01-19,89.11886517537806,89.76978737204192,86.85978268714157,88.7072525024414,3094500
2021-01-20,88.38179374771182,91.90443017697017,88.08504497654171,91.21521759033203,3904100
2021-01-21,90.92805238851844,91.66512987457254,89.69321426380841,90.46858215332031,3059400
2021-01-22,89.02314121890547,91.89485545177338,88.11376796642274,91.40666198730469,3692700
2021-01-25,90.61216558803171,95.88654246662054,89.9803849118632,93.31157684326172,5322700
2021-01-26,94.28795398362219,95.39835369848312,92.50749051196394,94.81443786621094,3720100
2021-01-27,94.02949673100441,99.07413803393723,91.98100058802608,92.50748443603516,5775900
2021-01-28,93.08182788620864,94.79528490796524,92.55535132957252,93.34028625488281,3124700
2021-01-29,93.0339750389958,93.64660685035338,88.17120364609124,88.95613861083984,4517400
2021-02-01,89.43475813643042,89.59748686460766,86.68748209390604,88.96571350097656,3774100
2021-02-02,90.08567752964218,90.08567752964218,87.45327277350762,88.50623321533203,2987200
2021-02-03,88.41051454384639,89.74107496440011,87.12781164805193,89.38689422607422,2986900
2021-02-04,89.38689967966452,92.12460149119372,89.38689967966452,91.09078979492188,2794000
2021-02-05,92.28732789380268,93.71361060505215,91.81827597076901,92.61278533935547,2547700
2021-02-08,93.42644167778901,95.21647964164386,92.52664278583389,94.70914459228516,4464400
2021-02-09,98.11690720647812,100.5195769302692,97.01608190889793,98.1647720336914,6002200
2021-02-10,99.92607855918749,104.00391466050165,98.69124060938296,101.67782592773438,4318300
2021-02-11,103.52530247680448,106.65546786557316,102.66378672200439,104.59740447998047,4696700
2021-02-12,103.88905019039244,105.90882317275782,103.10411523775379,104.58783721923828,2264400
2021-02-16,104.28151773394744,106.65546405894938,103.98476896596202,105.27704620361328,3719700
2021-02-17,104.81757211004175,105.76523578560752,102.52019920590456,103.60188293457031,2752700
2021-02-18,102.79779609065861,103.99434368208833,101.19921026126376,101.96499633789062,3314300
2021-02-19,102.82651396768077,105.2291836206265,102.13730137375633,104.75056457519531,3073300
2021-02-22,104.27194780389252,110.39827317965376,104.27194780389252,107.94773864746094,4256300
2021-02-23,110.44612700867167,110.9821852994534,105.35362071670048,110.19725036621094,4174400
2021-02-24,110.12066189224878,115.95023788592707,109.60375248884955,113.91132354736328,4698100
2021-02-25,114.72498650091421,116.12255327096003,108.79011311544328,109.91007995605469,4935000
2021-02-26,109.00070442398655,111.47994758264272,106.50231241368255,108.09132385253906,3964400
2021-03-01,111.23106276560571,112.81050706946512,108.97198029649164,109.0485610961914,3604600
2021-03-02,108.97198853636394,109.23044692910713,106.57889313839586,106.90435791015625,3371900
2021-03-03,107.3063906254682,110.78116963732839,107.25853310187655,109.11557006835938,4274600
2021-03-04,109.15386090983745,110.23554465206641,102.18516861232047,105.4014892578125,5024200
2021-03-05,106.78948286792415,107.48826991242765,99.66763618540271,106.4161605834961,4576600
2021-03-08,107.58399673159461,110.0536729489366,106.4161650023175,106.92350006103516,3387300
2021-03-09,107.40210835902788,107.92859221793509,104.06134954501239,106.25342559814453,2863400
2021-03-10,106.19600237705302,110.01538053912849,105.95669284027628,109.42189025878906,2989700
2021-03-11,109.56547338561141,112.0160006144849,108.4263576957145,110.88645935058594,5177900
2021-03-12,110.80031017680967,112.98281187831155,110.65672300104832,112.81050872802734,2619900
2021-03-15,113.09768654689408,116.70647108446326,111.85327405634065,115.83538818359375,3816100
2021-03-16,115.82581647996058,115.93111326101236,111.75755433087106,112.17874145507812,3633300
2021-03-17,111.82455391964646,113.5858758113564,111.47994762133685,113.18383026123047,2232400
2021-03-18,112.60948939248583,115.65350683971224,110.68543876843732,111.82455444335938,6079000
2021-03-19,112.19787196622134,113.39441953940835,109.23043544534694,111.70011138916016,4471200
2021-03-22,111.52781549747984,111.88198892815582,108.97198416459337,110.32169342041016,2725900
2021-03-23,109.75692149833237,110.04408853976399,104.83671105989153,105.68865966796875,3682200
2021-03-24,106.36829820219423,109.39316674086875,104.71227310848741,104.72184753417969,3428000
2021-03-25,103.19983317985228,109.2687262936642,102.1181567983734,108.78053283691406,3852100
2021-03-26,109.79521072640874,111.6714038903138,107.41168982462311,109.76649475097656,2674100
2021-03-29,109.51760886570153,110.31211089724303,106.21513320951351,108.9432601928711,3331400
2021-03-30,109.10600181246949,111.47037378398258,108.8379690099215,110.45570373535156,2087800
2021-03-31,109.70905969620148,110.70458820085265,108.61780884176882,108.90497589111328,2507100
2021-04-01,110.07280747376889,110.41741377527185,107.81372496531489,110.2738265991211,2858600
2021-04-05,111.03961462705757,111.03961462705757,108.42635151770861,110.13024139404297,2911900
2021-04-06,109.82392563850645,111.86284007348507,109.61333209718394,111.50865936279297,2500000
2021-04-07,112.04472961178345,112.67650300009926,110.1972596698266,112.00643920898438,2541100
2021-04-08,111.37723906446162,111.93867660979363,109.97365258632992,110.67060852050781,2364300
2021-04-09,111.01909039295387,112.49043611726657,110.38989363106545,112.20004272460938,1669900
2021-04-12,112.68403544060563,113.12931120305484,109.80909589688936,111.0674819946289,2994200
2021-04-13,110.0607720922955,110.44797066712368,107.73759541372347,109.75101470947266,3681700
2021-04-14,110.0704404932883,112.04514633434628,109.92524012251096,110.11884307861328,2657400
2021-04-15,111.31916074129454,111.8612342912061,109.98333347107037,110.90292358398438,2314100
2021-04-16,112.78083123684365,114.70713463672729,112.2193936999294,113.37130737304688,3249500
2021-04-19,112.86794422596695,113.14866298743833,111.27075483803576,112.8292236328125,1753600
2021-04-20,111.81283507245796,112.69370455943567,109.49933318832791,110.60284423828125,2180100
2021-04-21,110.32213303998769,114.12634477878721,109.0056623313569,113.86498260498047,2467900
2021-04-22,114.01017063971955,115.24920002296591,111.87090781627111,111.94834899902344,2591400
2021-04-23,112.58722013447213,113.37129918463425,111.71603267793279,113.17769622802734,2348000
2021-04-26,115.09432962494104,117.80470466240195,114.63937188965491,116.32367706298828,3268400
2021-04-27,117.08839698956723,119.35350376496748,115.63640792860753,118.44358825683594,3301100
2021-04-28,118.74365970480532,121.40563956184,118.72430310078674,119.15989685058594,2297900
2021-04-29,120.29244593025865,121.53148275223708,117.87246425367248,119.38253784179688,2281400
2021-04-30,118.99534324497051,119.15990023199113,117.0593578394623,117.84342956542969,2751900
2021-05-03,118.76302004711034,119.86653107223377,117.74662481519245,119.2566909790039,2627800
2021-05-04,119.1018215831315,119.99237308637603,116.54632146978743,117.47559356689453,2730600
2021-05-05,117.0883955818435,118.72430560078676,116.48823745185766,117.04967498779297,2454000
2021-05-06,117.26263097434591,119.0437413201788,116.43015669072803,118.98565673828125,2044200
2021-05-07,118.41454052994189,120.99907908678823,117.90150561624553,120.94100189208984,2686000
2021-05-10,121.95740055338172,124.14506616535978,121.61860457889799,122.69307708740234,5105100
2021-05-11,117.87246620151868,120.00205454322482,115.74288524501064,118.7146224975586,5664400
2021-05-12,118.71462087427307,119.41157678074872,113.45842036233357,113.85530090332031,3294000
2021-05-13,113.85530263212783,117.42719062925495,112.80018676180383,114.21345520019531,3583900
2021-05-14,114.94913289477323,119.0146992725512,114.94913289477323,118.26934814453125,2477500
2021-05-17,118.09510692043642,119.23733857786168,117.33039181726883,118.32742309570312,1609700
2021-05-18,118.10478469733553,119.8858876194371,116.85607329892403,118.64685821533203,2552300
2021-05-19,116.30432083637758,118.40486315889272,114.62001565758094,118.35646057128906,2048800
2021-05-20,118.12414130075064,119.15021114130055,116.88511189664558,118.64685821533203,1669800
2021-05-21,118.90821978677637,120.33117023817002,118.0467068741309,118.46294403076172,1854500
2021-05-24,119.2566924578904,120.97972559192176,118.39517958347365,120.65060424804688,1975800
2021-05-25,120.99908330740627,122.63499327698575,120.2053296163176,120.41828918457031,1671900
2021-05-26,120.66997002734423,122.95442593871036,119.83749573867098,122.64466857910156,1765800
2021-05-27,123.4190615398211,124.60001374167692,123.03186300697034,124.18376922607422,3172100
2021-05-28,124.70650197533995,125.06465454971402,123.57395228277639,124.37738800048828,1929200
2021-06-01,125.5486506815355,129.9143072270844,125.5486506815355,129.8949432373047,3726900
2021-06-02,130.078873772507,131.17269556389454,128.11384962177283,130.86294555664062,2685700
2021-06-03,130.07885347443164,130.4370060186056,127.80406490101399,129.7690887451172,2060900
2021-06-04,130.3402202130828,130.61125700630396,127.40720330969891,128.03640747070312,1952200
2021-06-07,127.91054689225831,129.95301195400864,127.55239434189114,129.7110137939453,1796900
2021-06-08,130.30148942286917,132.32459048876834,129.61420815180725,131.3662872314453,2590900
2021-06-09,132.04388314641767,132.2568427146217,130.97908530539755,131.2501220703125,2075600
2021-06-10,131.41468643162594,132.19877294244705,128.45263106984635,130.23373413085938,2225700
2021-06-11,130.38861253158575,130.5241309175182,129.05279266179363,129.93365478515625,1976100
2021-06-14,129.89494552404474,130.87261285438348,127.86215490288477,129.01406860351562,1474600
2021-06-15,128.404216231766,129.3334956538785,126.12944241757032,127.0877456665039,2453700
2021-06-16,126.787682995724,128.26871068346998,125.87776747088202,126.54568481445312,1820700
2021-06-17,126.19720568441195,126.76833261247117,122.01548483103605,124.54194641113281,2784300
2021-06-18,122.9834758522277,124.1063509324385,121.27012463245748,121.31852722167969,4232300
2021-06-21,122.85763022826167,127.60080326323403,122.354277279826,127.2910385131836,2335500
2021-06-22,126.99095485963629,127.19422503950115,125.09368281532437,126.08103942871094,1971400
2021-06-23,127.13614601569802,128.7333426864852,126.62311111337108,127.97830963134766,1805300
2021-06-24,128.54942535830924,128.62686654184358,125.72288862608536,126.43919372558594,2019600
2021-06-25,126.81672492236912,127.38785187065116,125.69386455732014,126.87481689453125,2322900
2021-06-28,126.80705096705216,126.83608956808459,124.14507088949954,126.03265380859375,1904200
2021-06-29,126.42952134557545,127.98799011199164,126.40048274753754,126.79736328125,2201500
2021-06-30,126.40049323106888,128.04607792808196,126.08105385576211,126.3036880493164,2720200
2021-07-01,126.61679837038028,130.03173919482091,126.29390930348501,128.7107696533203,2550400
2021-07-02,128.61292513608458,129.22937955881372,126.4015247907238,126.84185791015625,1529300
2021-07-06,126.32325746670644,126.56788033946877,123.36820898317079,124.8946533203125,3143700
2021-07-07,124.38584528737975,124.5717536006403,121.43079670269387,123.0844497680664,2607600
2021-07-08,120.84370008629041,123.55411825288756,119.38574984354888,122.39949798583984,2630900
2021-07-09,124.2684290259836,126.98863438816764,123.95531202311273,126.90057373046875,1790100
2021-07-12,125.83400730168634,127.96711151057006,125.30561355394441,127.46808624267578,1263300
2021-07-13,126.7929312730715,127.24302900517343,123.71068153285646,123.88681030273438,1742700
2021-07-14,123.77917628397417,125.88292706280743,123.43670574778953,124.708740234375,1556800
2021-07-15,124.10207702555601,125.06099450176778,122.59519924049707,123.81831359863281,1585200
2021-07-16,124.87508543794246,125.08056775302661,121.64606056594006,121.82218933105469,1741600
2021-07-19,117.49725810026065,117.97671683268895,112.25254319745692,114.66941833496094,5454200
2021-07-20,116.44049087317794,123.43670673382762,115.71640923870376,122.92788696289062,3821600
2021-07-21,124.10208183668094,126.44067598287405,123.97487316071279,125.17842102050781,2247900
2021-07-22,124.7870211687046,124.7870211687046,121.73413243302356,122.40928649902344,1709600
2021-07-23,123.34863595009308,123.93573682161248,120.20767913477418,121.47972106933594,1364500
2021-07-26,121.33294718894977,124.50325758973251,121.17638496407272,124.29777526855469,1905400
2021-07-27,123.37799685707303,124.102085984375,122.16466941649666,123.16273498535156,1960700
2021-07-28,123.61283670515019,124.18036358389378,121.24488899558985,122.5267105102539,1642100
2021-07-29,123.26057459447111,125.5404615653285,123.0159517211679,123.2116470336914,1793000
2021-07-30,123.36821300795512,125.36432914535544,122.80068613296,123.79874420166016,2194200
2021-08-02,125.44261162768652,128.02582867929613,123.30949978571971,123.6030502319336,2285100
2021-08-03,126.21562579135534,128.1530348088997,124.30756285949145,126.7537841796875,3366800
2021-08-04,127.27240547906655,129.48379104881988,125.50132319841414,125.9318618774414,3112900
2021-08-05,127.33110585374985,131.85173188338976,126.70487188024737,131.147216796875,3351300
2021-08-06,131.66581923427643,133.12377700389953,131.13744037213556,132.29205322265625,2283400
2021-08-09,131.48970705453883,131.55819370318508,129.85562786092868,130.0023956298828,1652300
2021-08-10,129.83605108211552,130.65798043194212,128.44659482009527,129.26852416992188,1688300
2021-08-11,130.09044435551306,131.18636500867635,128.34873064760566,130.63839721679688,1415800
2021-08-12,130.89281873789562,131.39184405305247,129.40550740230785,130.97109985351562,1832800
2021-08-13,131.4798934322613,131.93978561546177,130.31548619950246,130.79495239257812,1441200
2021-08-16,129.94368706848908,130.79496998009313,127.74208097522606,128.15304565429688,1797800
2021-08-17,126.45045898221996,126.54831410957937,123.22144134240789,125.35455322265625,2164200
2021-08-18,124.75767195224762,126.87121727219346,123.37799529084441,125.24691772460938,1489400
2021-08-19,123.3290739262304,126.44067730510774,123.28993336900766,125.69702911376953,1979000
2021-08-20,124.5619748370492,126.64615164451489,123.88681329200979,126.00035858154297,1700900
2021-08-23,126.8320691503666,128.28024738545727,126.1569075961385,126.67552185058594,2111900
2021-08-24,127.60508101916643,129.84582000087408,127.4289447839858,129.70883178710938,1851600
2021-08-25,129.7479920571987,131.62669413644053,128.7988540112999,129.68927001953125,1746600
2021-08-26,129.56207068592084,129.8849746915026,127.83013644892641,128.22152709960938,1268800
2021-08-27,129.72841840214554,132.24313405571075,129.51314905522906,130.81454467773438,1691700
2021-08-30,130.92216895864306,131.12764381764566,129.09237965510084,130.54055786132812,1428200
2021-08-31,130.22743269943663,132.29205040205278,129.90452870644788,131.5581817626953,2326600
2021-09-01,131.5581822066645,133.5151652515553,131.37226642850456,132.88893127441406,1706100
2021-09-02,133.16290533783655,134.4251677404743,132.47796427042616,133.48580932617188,1859700
2021-09-03,133.24119538088325,133.2509749215748,131.36249335694708,132.83023071289062,1595800
2021-09-07,132.05721055116868,132.7812846570173,130.36440961969174,131.6853790283203,1788300
2021-09-08,131.11146173634026,132.43741553696051,129.39959555796088,130.75523376464844,1695600
2021-09-09,129.37979817027684,130.75523098472826,128.5980836623171,129.2709503173828,1598800
2021-09-10,129.89435619294858,129.93393036819944,126.54977217609515,126.5596694946289,1878400
2021-09-13,128.31112416741016,130.48806629419298,127.00496493089443,129.7459259033203,1843600
2021-09-14,130.07246360427135,130.60681311690774,127.33148765692906,128.2022705078125,1291700
2021-09-15,128.12310686677313,130.58701828495722,127.34139233508427,129.77560424804688,1560900
2021-09-16,130.4781691835009,132.3780466653761,129.77560300949384,131.27967834472656,1297600
2021-09-17,130.83440488127206,131.90308885897724,129.77561067320755,129.8943634033203,3153700
2021-09-20,126.81695593047556,128.9938980969878,125.738374617013,128.16270446777344,2525600
2021-09-21,129.3699151163974,131.21042384339307,128.9840027268121,129.01368713378906,1616300
2021-09-22,131.01250637305557,133.48630758930577,130.46828218458805,132.23951721191406,1955500
2021-09-23,133.09051210901046,135.03986877309043,132.91240565997256,133.70401000976562,2364000
2021-09-24,133.2389309911828,134.82216985100538,132.41764225268702,132.44732666015625,1362200
2021-09-27,133.23893140043177,135.80180101126612,132.60563887433452,132.74417114257812,1960700
2021-09-28,132.67490986599802,133.7040045379445,131.7942372288423,132.3087921142578,1641200
2021-09-29,132.6254331049718,133.10039872336466,131.80412926759124,132.44732666015625,1086100
2021-09-30,133.09051331143544,133.09051331143544,128.06374713063173,128.6079864501953,3053500
2021-10-01,130.18130686713587,132.75406605457388,128.78607942089718,131.7447509765625,2160400
2021-10-04,131.29948141442046,132.59575089164403,130.2110027929201,130.8640899658203,1487600
2021-10-05,130.85419046772367,130.88387487347723,129.05325599129336,130.01309204101562,1499700
2021-10-06,128.90483218630862,131.2598805706492,127.25233486030027,131.22030639648438,2199100
2021-10-07,131.62602096624178,134.77268890467857,131.55674728386742,132.6056365966797,1798500
2021-10-08,132.57594461701498,133.68421777950942,130.37920802744108,130.69586181640625,1714600
2021-10-11,130.3792210811448,132.27909870850252,129.6469855438971,131.23020935058594,1081800
2021-10-12,130.89376980745593,133.83264688409693,129.95372835743694,133.35768127441406,1324400
2021-10-13,133.5852598644766,136.11842978386304,132.81343512650363,135.7127227783203,2994100
2021-10-14,136.80120439078138,138.43390711972532,136.0689538105236,137.86988830566406,2281500
2021-10-15,138.53286885907744,140.17547649928161,137.8698919414037,138.7505645751953,2442700
2021-10-18,138.80993400901153,143.27266601159616,138.43391138878542,143.01539611816406,3335500
2021-10-19,143.48047710316305,143.49036687288188,141.1946870906515,141.34310913085938,1709400
2021-10-20,140.70981638315763,143.46068224936892,140.58118898146571,143.44090270996094,1543800
2021-10-21,142.9857046373001,143.5200390353424,141.8774465679479,142.4513702392578,1367500
2021-10-22,143.26277531558955,144.07418936474818,142.49095054140105,143.61900329589844,1217800
2021-10-25,143.4804660378933,145.36054886366387,142.2435654686011,145.29129028320312,1537200
2021-10-26,145.45950807005138,146.22144305429632,143.95543273851027,144.8361053466797,1973700
2021-10-27,144.81632950448326,144.9251773621533,142.19409115111733,142.4216766357422,1178000
2021-10-28,143.03518730762116,145.6870949262337,142.33262112869622,145.5782470703125,1627900
2021-10-29,144.91527229997013,146.19176218356301,144.15333729729988,145.04391479492188,2777200
2021-11-01,145.86522256375528,147.84426359136566,145.64752684280737,147.79478454589844,2605400
2021-11-02,155.35471659144443,158.29359364825066,152.83143632766638,157.32386779785156,5642000
2021-11-03,157.27439157642755,165.04211848608352,157.0764904950838,164.49789428710938,4226300
2021-11-04,164.69579544878636,165.9129014435845,162.79591788896727,163.97344970703125,2282800
2021-11-05,166.6649269392752,169.11894859704856,165.51709465941556,168.71324157714844,2500900
2021-11-08,168.86166509274796,169.21789307207766,164.51767075811085,165.63583374023438,1642700
2021-11-09,165.56657032126887,165.82384020481473,163.80521001461685,165.7347869873047,1383600
2021-11-10,164.94317544920403,165.93269595453359,162.06366715496273,162.25167846679688,1824700
2021-11-11,162.7761166566872,164.56714628432232,162.1923032054805,163.70626831054688,1175700
2021-11-12,164.50778450534813,164.80464367761593,162.18240527128256,163.07298278808594,1182600
2021-11-15,163.43910511261822,164.5770627883031,162.50895339299439,164.54736328125,1677300
2021-11-16,164.0130253162448,164.54735975068888,162.61779776674533,163.14224243164062,1221100
2021-11-17,162.50894063013536,166.11079449419728,161.1335077971281,165.7347869873047,1503100
2021-11-18,167.3674901225785,169.3267364071207,165.61603467941288,167.60498046875,2459400
2021-11-19,166.15038237827125,166.71440118333481,164.12186243605504,164.99264526367188,1816500
2021-11-22,166.36808548786087,168.861666261544,165.25981226733944,166.22955322265625,2039300
2021-11-23,166.13059894829217,168.92105405290943,165.4478273759333,167.25865173339844,1392500
2021-11-24,166.25924144710902,167.46645768541913,164.88380853282257,167.25865173339844,1358800
2021-11-26,158.6399364834974,161.09394313720534,156.62130617407058,158.79824829101562,2875400
2021-11-29,162.15272445183672,162.9542336654752,155.79011469013102,158.263916015625,2890700
2021-11-30,155.9979030250895,156.15622993109488,150.15973803082548,151.23831176757812,4264900
2021-12-01,154.91932397454943,157.16553969243975,146.09280310244702,146.17196655273438,3711400
2021-12-02,148.36870763834457,152.36636385397222,146.81515319067074,150.26858520507812,4506500
2021-12-03,150.40712195453233,151.18883653697074,145.8157472567178,147.62657165527344,3638700
2021-12-06,150.53576337541486,153.88033250656878,149.93215524689688,151.00083923339844,2858400
2021-12-07,154.13761372964086,157.03690157006682,153.32619966576996,154.61257934570312,2650100
2021-12-08,154.61258144602928,156.7796338033984,153.75170342418096,155.8000030517578,2681300
2021-12-09,154.94000244140625,155.5800018310547,152.1999969482422,152.24000549316406,1946600
2021-12-10,153.47999572753906,153.64999389648438,150.0399932861328,152.4199981689453,1378300
2021-12-13,151.5800018310547,152.07000732421875,147.5399932861328,151.10000610351562,2416900
2021-12-14,151.08999633789062,152.2100067138672,149.85000610351562,150.92999267578125,2000300
2021-12-15,151.44000244140625,152.19000244140625,147.2100067138672,152.0399932861328,2121800
2021-12-16,152.75,154.83999633789062,151.0399932861328,151.66000366210938,2750900
2021-12-17,151.50999450683594,152.86000061035156,148.42999267578125,150.72999572753906,4124800
2021-12-20,147.66000366210938,148.69000244140625,143.6300048828125,146.27000427246094,2665000
2021-12-21,148.1999969482422,154.88999938964844,148.07000732421875,154.47000122070312,2011200
2021-12-22,153.91000366210938,156.00999450683594,153.52999877929688,155.52999877929688,1077500
2021-12-23,156.5,157.3800048828125,155.25999450683594,155.4600067138672,2259900
2021-12-27,155.4499969482422,158.47999572753906,154.47999572753906,158.42999267578125,994400
2021-12-28,157.55999755859375,159.25,156.75,157.77000427246094,966400
2021-12-29,158.0,159.3000030517578,156.77000427246094,158.75999450683594,953000
2021-12-30,158.75999450683594,161.8699951171875,158.5399932861328,160.0399932861328,1085400
2021-12-31,159.99000549316406,161.69000244140625,159.50999450683594,159.77000427246094,1194700
2022-01-03,160.47999572753906,162.60000610351562,158.8699951171875,160.3000030517578,2128100
2022-01-04,162.22999572753906,163.8800048828125,161.8000030517578,162.97999572753906,1834100
2022-01-05,163.86000061035156,165.8300018310547,160.9600067138672,161.02999877929688,2324400
2022-01-06,161.8300018310547,164.52000427246094,160.75999450683594,163.16000366210938,1715700
2022-01-07,162.8300018310547,163.89999389648438,161.0500030517578,161.27000427246094,1457100
2022-01-10,160.3000030517578,160.99000549316406,157.08999633789062,160.8800048828125,1753600
2022-01-11,160.89999389648438,162.61000061035156,158.07000732421875,161.8300018310547,1267700
2022-01-12,162.58999633789062,163.64999389648438,161.75999450683594,161.92999267578125,931100
2022-01-13,162.42999267578125,164.24000549316406,162.25,162.99000549316406,1246800
2022-01-14,162.08999633789062,162.08999633789062,152.47999572753906,155.6999969482422,2538500
2022-01-18,154.2899932861328,154.3000030517578,150.86000061035156,153.88999938964844,2753000
2022-01-19,154.88999938964844,154.88999938964844,148.52999877929688,148.58999633789062,2198900
2022-01-20,150.49000549316406,152.75,147.19000244140625,147.42999267578125,1976000
2022-01-21,147.14999389648438,147.5399932861328,144.55999755859375,146.9600067138672,2515300
2022-01-24,142.8800048828125,146.22999572753906,137.75,146.10000610351562,3755400
2022-01-25,142.6999969482422,148.9600067138672,140.83999633789062,146.77999877929688,2614100
2022-01-26,149.11000061035156,151.8699951171875,143.75999450683594,145.5800018310547,2029400
2022-01-27,147.7100067138672,149.4600067138672,143.10000610351562,143.88999938964844,1810000
2022-01-28,143.55999755859375,146.44000244140625,139.6699981689453,146.39999389648438,2631400
2022-01-31,144.86000061035156,147.60000610351562,143.61000061035156,147.1999969482422,2108000
2022-02-01,147.1999969482422,148.66000366210938,145.0399932861328,147.36000061035156,1510600
2022-02-02,148.00999450683594,149.97999572753906,146.91000366210938,149.5500030517578,1871200
2022-02-03,147.97000122070312,149.19000244140625,145.33999633789062,145.55999755859375,1539100
2022-02-04,144.22999572753906,146.80999755859375,141.75,145.17999267578125,1933500
2022-02-07,145.5399932861328,149.8000030517578,144.88999938964844,148.9199981689453,3230700
2022-02-08,139.80999755859375,144.60000610351562,137.77000427246094,142.0399932861328,4550300
2022-02-09,143.25,144.0399932861328,141.4499969482422,143.08999633789062,2604000
2022-02-10,142.0,147.5,141.25999450683594,143.97999572753906,2722300
2022-02-11,143.85000610351562,146.38999938964844,140.5800018310547,141.8300018310547,2157100
2022-02-14,141.7899932861328,142.3000030517578,139.05999755859375,139.89999389648438,2070800
2022-02-15,142.11000061035156,142.89999389648438,140.5399932861328,141.32000732421875,1619900
2022-02-16,142.0399932861328,144.2899932861328,141.30999755859375,143.86000061035156,1712500
2022-02-17,143.0500030517578,146.77000427246094,143.02000427246094,143.6699981689453,3546800
2022-02-18,143.24000549316406,144.11000061035156,140.49000549316406,140.9499969482422,1750800
