Date,Open,High,Low,Close,Volume
1980-03-17,0.0,0.0005172310792339592,0.0004705364909398855,0.00048490380868315697,5947949.0
1980-03-24,0.0,0.0004813108936315234,0.000391514540877964,0.00043102542986162007,9686660.0
1980-03-31,0.0,0.0005028634343300544,0.00042563802122384884,0.0004902907530777156,8193603.0
1980-04-07,0.0,0.0005172310945256443,0.00047772016393508496,0.0004992710892111063,6882627.0
1980-04-14,0.0,0.0004974746814360013,0.00046694375744289523,0.0004723327874671668,3847959.0
1980-04-21,0.0,0.0004974747935985273,0.0004633528904380907,0.0004867002135142684,6287831.0
1980-04-28,0.0,0.0005100473696171993,0.00047053644412574293,0.0004723327874671668,2330625.0
1980-05-05,0.0,0.0005028638117133548,0.0004705365379339212,0.00047772019752301276,5753731.0
1980-05-12,0.0,0.0004884963228563421,0.0004651490629593533,0.00047053632442839444,7052568.0
1980-05-19,0.0,0.00047053637402914877,0.0004418017976581047,0.0004453927685972303,8885507.0
1980-05-26,0.0,0.000499271003465423,0.00043461821275292834,0.00045616916031576693,27773281.0
1980-06-02,0.0,0.00047951654122256333,0.00044898561114268035,0.00047772019752301276,15319004.0
1980-06-09,0.0,0.0005100470734760165,0.00046694348632831875,0.0005100470734760165,6603438.0
1980-06-16,0.0,0.0005387817485354886,0.0005082508359739215,0.0005190271767787635,12684911.0
1980-06-23,0.0,0.0005369855341326876,0.0005100473004742269,0.0005280055338516831,4758360.0
1980-06-30,0.0,0.0005423747934401035,0.0005136384373124884,0.0005423747934401035,3508076.0
1980-07-07,0.0,0.0005603328607810333,0.0005369855954441301,0.0005513528594747186,5559511.0
1980-07-14,0.0,0.000567516283245848,0.0005459653681825721,0.000563925364986062,11301104.0
1980-07-21,0.0,0.000610619922763938,0.0005585363754273375,0.0005890672910027206,14736347.0
1980-07-28,0.0,0.0006160075769100322,0.0005818839567629135,0.0005980475689284503,7453145.0
1980-08-04,0.0,0.0006303742411546409,0.0005908633945356069,0.0006303742411546409,8387822.0
1980-08-11,0.0,0.0006734781288782701,0.0006213945790578638,0.0006627017864957452,13862364.0
1980-08-18,0.0,0.0006680895457975566,0.0006429459255787411,0.0006680895457975566,6809795.0
1980-08-25,0.0,0.0006734783683372085,0.0006124147973546059,0.0006160074844956398,3957207.0
1980-09-01,0.0,0.0006824564487581502,0.0006196000308784976,0.0006573146092705429,5073965.0
1980-09-08,0.0,0.0006734782364219427,0.0006393546280779474,0.0006734782364219427,4976855.0
1980-09-15,0.0,0.0007471110405847,0.0006752729007774755,0.0007453146972693503,7890137.0
1980-09-22,0.0,0.0007614782771748332,0.0006824564355905595,0.000687845516949892,9188975.0
1980-09-29,0.0,0.0007111928604237306,0.0006609055903875506,0.0007040092023089528,7416729.0
1980-10-06,0.0,0.00070939685923231,0.0006896405034816852,0.0006968241650611162,1699414.0
1980-10-13,0.0,0.0007435180677244465,0.0006914362420423168,0.0007147834985516965,3811543.0
1980-10-20,0.0,0.0007183765410445632,0.0006968239012328924,0.0007183765410445631,6081474.0
1980-10-27,0.0,0.000747111047045573,0.0006896401708706384,0.0007040092023089528,8970479.0
1980-11-03,0.0,0.0007291510961302723,0.0007004165156471845,0.0007040092023089528,6603438.0
1980-11-10,0.0,0.0007830296526663004,0.0007040095322933825,0.0007830296526663005,13364678.0
1980-11-17,0.0,0.0008764182836257227,0.0007866219141314998,0.0008494801004417241,13449649.0
1980-11-24,0.0,0.0008764184349942228,0.0008387039013168552,0.00085486751049757,2367041.0
1980-12-01,0.0,0.0008656440741759741,0.0008261331870474819,0.0008638477302156389,5911534.0
1980-12-08,0.0,0.0008638472596367135,0.0007560909015518486,0.0007650709012523293,14797041.0
1980-12-15,0.0,0.0008153570455769146,0.0007668660895644689,0.0008081733831204474,3459522.0
1980-12-22,0.0,0.0008315197249848612,0.0007830288756456376,0.0007902124780230224,1662998.0
1980-12-29,0.0,0.0008189487405758664,0.0007686615011728688,0.0008117650868371129,5644482.0
1981-01-05,0.0,0.0008225401349881055,0.0007614783411133073,0.0007758456049486995,8363545.0
1981-01-12,0.0,0.0007794381913475501,0.0007435182432020671,0.000768661848269403,3593046.0
1981-01-19,0.0,0.0007650709800217634,0.0007327437158310972,0.0007435182924382389,4272812.0
1981-01-26,0.0,0.0007471111269512097,0.0007183765433948773,0.000739927520044148,6045059.0
1981-02-02,0.0,0.0007345402171940778,0.0007076002614929946,0.0007291511865332723,6227138.0
1981-02-09,0.0,0.0007255602520804082,0.0006788657124827954,0.0006896402919664979,3799405.0
1981-02-16,0.0,0.0007004167006147299,0.0006680894249328174,0.0006914366967976093,4734083.0
1981-02-23,0.0,0.0007255604141391814,0.0006896404460023059,0.0007255604141391814,2027158.0
1981-03-02,0.0,0.0007471111396753179,0.0007219675275278366,0.0007291511865332723,6142167.0
1981-03-09,0.0,0.0007327437600164501,0.0007147837576833701,0.000730947416741401,4224258.0
1981-03-16,0.0,0.0007291514477973005,0.0006680895707194405,0.0006968241650611162,7101123.0
1981-03-23,0.0,0.0007255604141391814,0.0006752731760169591,0.0007255604141391814,11871621.0
1981-03-30,0.0,0.0007399275176233254,0.00071298751049317,0.0007183765410445631,5341016.0
1981-04-06,0.0,0.0007219674380154947,0.0006968238289854162,0.0007040092023089528,9820186.0
1981-04-13,0.0,0.0007040091583286094,0.0006321709704119419,0.0006734782364219427,11920176.0
1981-04-20,0.0,0.0006878455447859599,0.0006106200432042589,0.0006267837015911937,18365812.0
1981-04-27,0.0,0.0006609054988013061,0.0006178036600376056,0.0006196000031195581,7064707.0
1981-05-04,0.0,0.0006573146092705429,0.0006106200302749399,0.0006573146092705429,8824814.0
1981-05-11,0.0,0.0006662931055220899,0.000621394903953945,0.0006609057891182601,8266436.0
1981-05-18,0.0,0.000702213197652879,0.0006609059091400096,0.0006968241650611162,6275693.0
1981-05-25,0.0,0.0007076003795139457,0.0006429458264243529,0.0006501312018372118,8557764.0
1981-06-01,0.0,0.0006555183985001761,0.0005998438076566721,0.000624987471383065,11034054.0
1981-06-08,0.0,0.0006716819480061532,0.0006196001008281051,0.0006716819480061531,6482051.0
1981-06-15,0.0,0.0007076004886392869,0.0006680895457975566,0.0006680895457975566,11434629.0
1981-06-22,0.0,0.0007165801232316011,0.0006644982770493189,0.0007040092023089528,8618457.0
1981-06-29,0.008482943288981915,0.008482943288981915,0.0006716820492880608,0.008482943288981915,2889004.0
1981-07-01,,,,,
1981-07-06,0.008482943365562795,0.008482943365562795,0.0014510298628109466,0.0014733533607795835,458008.0
1981-07-13,0.0,0.0015626473178355096,0.0014287060389723142,0.001540323719382286,1055664.0
1981-07-20,0.0,0.001562646783670003,0.0014733526282849677,0.00149567611515522,752930.0
1981-07-27,0.0,0.001674265484325588,0.001495677153523275,0.0016742654843255877,3159179.0
1981-08-03,0.0,0.0018751762934003826,0.0016742645699543478,0.0017412351444363594,1054688.0
1981-08-10,0.0,0.0016965887907972766,0.0015626475923558214,0.0015849710907787085,918945.0
1981-08-17,0.0,0.0016072943068378596,0.0015180002248811112,0.001540323719382286,785157.0
1981-08-24,0.0,0.0016072941043939449,0.0014510294546636634,0.0015180000336840749,734375.0
1981-08-31,0.0,0.0016072941043939449,0.0014733529463531222,0.0015180000336840749,541992.0
1981-09-07,0.0,0.0015626473178355096,0.0014733531319267128,0.001540323719382286,515625.0
1981-09-14,0.0,0.0016072943068378596,0.0014733531319267128,0.001540323719382286,595703.0
1981-09-21,0.0,0.0016296184818933369,0.0015180007619900544,0.0015626478707417846,1081054.0
1981-09-28,0.0,0.001651941689999436,0.0015180004915579808,0.0015849710907787085,384765.0
1981-10-05,0.0,0.0016965890906459303,0.0015403242622118744,0.0016742654843255877,369139.0
1981-10-12,0.0,0.001785883071126299,0.0015626476612474937,0.0016072946600615978,392578.0
1981-10-19,0.0,0.001696588543676058,0.0015626473647441695,0.001651941449381411,400391.0
1981-10-26,0.0,0.0017412358644080523,0.0016072946600615978,0.0016072946600615978,384765.0
1981-11-02,0.0,0.001741235182229986,0.0016296176249719855,0.0017189116915687919,413086.0
1981-11-09,0.0,0.001741235534018653,0.0016519414493814113,0.001651941449381411,318359.0
1981-11-16,0.0,0.001674265484325588,0.001584971370900474,0.0016742654843255877,655274.0
1981-11-23,0.0,0.0017189125930141874,0.0015403242622118744,0.0016742654843255877,989257.0
1981-11-30,0.0,0.0017189123195952007,0.00158497111878686,0.0016965888207778335,358399.0
1981-12-07,0.0,0.0017189116915687919,0.0016072940303587609,0.0017189116915687919,593749.0
1981-12-14,0.0,0.0017189123195952007,0.0016519417191910304,0.0016965888207778335,446289.0
1981-12-21,0.0,0.0016965888207778335,0.0016519417191910304,0.0016965888207778335,198242.0
1981-12-28,0.0,0.001696588543676058,0.0016519414493814113,0.001651941449381411,458007.0
1982-01-04,0.0,0.0016965890906459303,0.0016519419819573306,0.0016742654843255877,429688.0
1982-01-11,0.0,0.001696588543676058,0.0016519414493814113,0.001651941449381411,284180.0
1982-01-18,0.0,0.0016965888207778335,0.0016519417191910304,0.0016965888207778335,533203.0
1982-01-25,0.0,0.0016965888207778335,0.0016519417191910304,0.0016965888207778335,216796.0
1982-02-01,0.0,0.001674265188422323,0.0015626475923558214,0.0015849710907787085,739259.0
1982-02-08,0.0,0.001629618191576549,0.0015403239899808678,0.0015849710907787085,293946.0
1982-02-15,0.0,0.0016296179965138435,0.0015849709010601898,0.0016296179965138435,291016.0
1982-02-22,0.0,0.001651941762827773,0.0016072946600615978,0.0016072946600615978,237303.0
1982-03-01,0.0,0.001651941762827773,0.0016072946600615978,0.0016072946600615978,157226.0
1982-03-08,0.0,0.0016296179965138435,0.0015626474053093901,0.0016296179965138435,468750.0
1982-03-15,0.0,0.001651941689999436,0.0015849710907787085,0.0015849710907787085,230468.0
1982-03-22,0.0,0.001629618263420721,0.0015849711606545458,0.0016072946600615978,281249.0
1982-03-29,0.0,0.001629618263420721,0.0015849711606545458,0.0016072946600615978,178711.0
1982-04-05,0.0,0.0016072946600615978,0.0015626476612474937,0.0016072946600615978,133788.0
1982-04-12,0.0,0.0016742649880154429,0.0016072943968109894,0.0016296179965138435,347656.0
1982-04-19,0.0,0.0017412351444363594,0.0016296175896010256,0.0017412351444363594,255860.0
1982-04-26,0.0,0.001741235818412568,0.001629618220373663,0.0016965888207778335,191405.0
1982-05-03,0.0,0.0017858833307400346,0.0016965891122269897,0.0017858833307400346,756835.0
1982-05-10,0.0,0.0017635586346130205,0.0016519410797776867,0.0017412351444363594,813476.0
1982-05-17,0.0,0.001741235182229986,0.0016965882009075978,0.0017189116915687919,123046.0
1982-05-24,0.0,0.0017858833307400346,0.0017189126148792076,0.0017858833307400346,202148.0
1982-05-31,0.0,0.0018082068333922525,0.0017412361175314257,0.0017858833307400346,341797.0
1982-06-07,0.0,0.0018082070976048633,0.001763559877872467,0.001763559877872467,106445.0
1982-06-14,0.0,0.0018305303360444706,0.0017412361175314257,0.0017858833307400346,234376.0
1982-06-21,0.0,0.0018082070164382458,0.0017858835115262047,0.0018082070164382458,353515.0
1982-06-28,0.0,0.0018082068333922525,0.0017412361175314257,0.0017858833307400346,227538.0
1982-07-05,0.0,0.0017858835916907667,0.0017189128660442742,0.001763559877872467,99610.0
1982-07-12,0.0017635596201836436,0.0017858833307400346,0.0017412361175314257,0.0017858833307400346,79102.0
1982-07-19,0.0,0.0017858835916907667,0.0017412363719583707,0.001763559877872467,111328.0
1982-07-26,0.0,0.0018082068333922525,0.0017635596201836436,0.0017858833307400346,128907.0
1982-08-02,0.0,0.001830530521350287,0.0017858835115262047,0.0018082070164382458,84962.0
1982-08-09,0.0,0.0018082068333922525,0.0017412361175314257,0.0017858833307400346,74218.0
1982-08-16,0.0,0.0017858823326937384,0.0017189116542596983,0.0017412351444363594,393554.0
1982-08-23,0.0,0.0019421479715320464,0.0017412360407169508,0.0018751772586256266,337890.0
1982-08-30,0.0,0.0019198240479454396,0.001785882859472981,0.0019198240479454398,270507.0
1982-09-06,0.0,0.0019198244698646278,0.0018082067536233704,0.0018751772586256266,320312.0
1982-09-13,0.0,0.0019867948026590426,0.001852853596359883,0.0019644713029265404,414062.0
1982-09-20,0.0,0.0020984115479718794,0.001964470403029338,0.002031441079452634,211914.0
1982-09-27,0.0,0.002120736401552481,0.0019644716665928293,0.0020091186743229628,191405.0
1982-10-04,0.0,0.002076088845193294,0.0020091181433916456,0.002053765347227454,601563.0
1982-10-11,0.0,0.002165383025683823,0.0019867946277387,0.0021207358222454786,473632.0
1982-10-18,0.0,0.002388618097806529,0.002098412042165081,0.0022993239108473063,299806.0
1982-10-25,0.0,0.002366294559658468,0.002232353373859243,0.0022770005743950605,271485.0
1982-11-01,0.0,0.0024109407028128434,0.0022323523948023986,0.002321646548807621,294922.0
1982-11-08,0.0,0.0023886172162875434,0.002276999575757021,0.002321646548807621,196289.0
1982-11-15,0.0,0.002343970639466802,0.0022323529701679945,0.0022323529701679945,295898.0
1982-11-22,0.0,0.0023886172162875434,0.0021430584487011992,0.002321646548807621,265625.0
1982-11-29,0.0,0.0024109407028128434,0.002276999575757021,0.002321646548807621,470703.0
1982-12-06,0.0,0.002455587478005427,0.002299322877015265,0.0023886170238256454,290038.0
1982-12-13,0.0,0.002455588582097871,0.0022770004160835257,0.0022993239108473063,160156.0
1982-12-20,0.0,0.0024109417572617535,0.002343971060491543,0.002410941757261753,171875.0
1982-12-27,0.0,0.002455588749839151,0.0024109417572617535,0.002410941757261753,112304.0
1983-01-03,0.0,0.002455588749839151,0.0023886182609730543,0.002410941757261753,252929.0
1983-01-10,0.0,0.0025225593708455567,0.0023662944857097746,0.0025225593708455563,558593.0
1983-01-17,0.0,0.002500234860464488,0.0023439702336614673,0.002433264395222068,225586.0
1983-01-24,0.0,0.0025448816248158077,0.002321646361741859,0.0023886170238256454,875000.0
1983-01-31,0.0,0.0024109417572617535,0.002366294556780242,0.002410941757261753,269532.0
1983-02-07,0.0,0.002500234468675734,0.0022993228965274386,0.00245558749884367,774414.0
1983-02-14,0.0,0.0025225596695375766,0.002433265468587398,0.002477912465110421,190429.0
1983-02-21,0.0,0.002500235103070736,0.002455588121910209,0.002500235103070736,127930.0
1983-02-28,0.0,0.0027681177016347647,0.002477911691165016,0.0027681177016347647,384764.0
1983-03-07,0.0,0.002835088175501891,0.0026788235285745295,0.0027681177016347647,645507.0
1983-03-14,0.0,0.0027904420347959515,0.002678824336771783,0.0027457948308438063,405273.0
1983-03-21,0.0,0.0027457939759331492,0.0026341765205655184,0.0027011469937860966,390625.0
1983-03-28,0.0,0.002723471756699456,0.002611854041303167,0.0026565012522041798,432618.0
1983-04-04,0.0,0.002678823633889248,0.0026118529494851828,0.0026118529494851828,188476.0
1983-04-11,0.0,0.0027011469937860966,0.0026341765205655184,0.0027011469937860966,264649.0
1983-04-18,0.0,0.002723470878769068,0.002634176901559921,0.0026788238901644945,422851.0
1983-04-25,0.0,0.0026788235008846596,0.002544882346630833,0.002634176518768072,201173.0
1983-05-02,0.0,0.002723470484859623,0.0026341765205655184,0.0027011469937860966,265625.0
1983-05-09,0.0,0.002723470484859623,0.0026341765205655184,0.0027011469937860966,177734.0
1983-05-16,0.0,0.002723471756699456,0.002611854041303167,0.0026565012522041798,268555.0
1983-05-23,0.0,0.002723470878769068,0.002634176901559921,0.0026788238901644945,314454.0
1983-05-30,0.0,0.0027457943730713544,0.0026788238901644945,0.0026788238901644945,210937.0
1983-06-06,0.0,0.0026788247537026053,0.002611854041303167,0.0026565012522041798,143555.0
1983-06-13,0.0,0.0028127646842128493,0.0026788235285745295,0.0027681177016347647,316406.0
1983-06-20,0.0,0.0032145887808410624,0.002790441739549913,0.003192265285179019,424804.0
1983-06-27,0.0,0.003192265615022431,0.0028797362276532564,0.002946706721559167,307617.0
1983-07-04,0.0,0.002946706721559167,0.002902059725621893,0.002946706721559167,52735.0
1983-07-11,0.0,0.0030136770230921235,0.002902059340169889,0.002969029825180769,141602.0
1983-07-18,0.0,0.0029913530904900716,0.002902059117332101,0.002902059117332101,159180.0
1983-07-25,0.0,0.003080647050747067,0.002902058909327327,0.0030360000673681498,184569.0
1983-08-01,0.0,0.0032145887808410624,0.0029690299127503685,0.003192265285179019,221680.0
1983-08-08,0.0,0.00308064719025687,0.002857411847444734,0.0028797355480492115,341798.0
1983-08-15,0.0,0.002969029597200579,0.00285741192284903,0.002902059117332101,174804.0
1983-08-22,0.0,0.002924381476411351,0.00283508732998169,0.002857410814613104,74218.0
1983-08-29,0.0,0.002879734507148523,0.002812763845350276,0.002857410814613104,351561.0
1983-09-05,0.0,0.002924384316429496,0.00283509008328167,0.002924384316429496,136719.0
1983-09-12,0.0,0.003102970775216818,0.0029020591270355234,0.003102970775216818,293945.0
1983-09-19,0.0,0.0033931765292196116,0.003036000041517333,0.0032815588638186455,340820.0
1983-09-26,0.0,0.0034378246391904015,0.003192265736391087,0.003393177641555667,465820.0
1983-10-03,0.0,0.003415500125316244,0.0033038824564970664,0.003370853140950203,260743.0
1983-10-10,0.0,0.003437825186028375,0.003326207466282919,0.0033485309686511755,233398.0
1983-10-17,0.0,0.003393177581594553,0.00314761868313453,0.003169942181557417,208985.0
1983-10-24,0.0,0.0032145884499415753,0.0030806472818526837,0.003102970775216818,188477.0
1983-10-31,0.0,0.00310297100310663,0.0029467063301771425,0.002969029825180769,1739259.0
1983-11-07,0.0,0.0030360000673681498,0.0029243824010167854,0.0030360000673681498,256836.0
1983-11-14,0.0,0.0030359994119549707,0.0029690287434401877,0.00299135223031044,90819.0
1983-11-21,0.0,0.0030136759250847184,0.0029690287434401877,0.00299135223031044,95702.0
1983-11-28,0.0,0.0030359994119549707,0.00299135223031044,0.00299135223031044,85937.0
1983-12-05,0.0,0.0030583244254345694,0.0029690302254769705,0.003013677429407835,241211.0
1983-12-12,0.0,0.003058322938159108,0.002991352268782998,0.003058322938159108,864257.0
1983-12-19,0.0,0.0030583235590576083,0.0030360000673681498,0.0030360000673681498,210937.0
1983-12-26,0.0,0.003080646425316469,0.003035999451001748,0.003058322938159108,575194.0
1984-01-02,0.0,0.003058322938159108,0.003035999451001748,0.003058322938159108,122070.0
1984-01-09,0.0,0.0033931781812918606,0.0030360015196872346,0.0033485309686511755,648437.0
1984-01-16,0.0,0.003460147109682285,0.003326205948680087,0.003370853140950203,456054.0
1984-01-23,0.0,0.003460148138007769,0.003326206937199428,0.003393177641555667,364258.0
1984-01-30,0.0,0.003415500125316244,0.0033038824564970664,0.003370853140950203,612305.0
1984-02-06,0.0,0.0033038835500106057,0.0030136776397713494,0.003147618845105171,356445.0
1984-02-13,0.0,0.0033262058468174044,0.0031476177069182996,0.0032815588638186455,282226.0
1984-02-20,0.0,0.0032815604661864963,0.0030806485287797536,0.003125295741483569,141601.0
1984-02-27,0.0,0.0031922658442483966,0.003125295345533558,0.003147618845105171,247069.0
1984-03-05,0.0,0.0032145887808410624,0.003147618293854932,0.003192265285179019,276367.0
1984-03-12,0.0,0.0033708535921808183,0.003214588710173529,0.003303882898762822,215821.0
1984-03-19,0.0,0.00332620639393412,0.0032815594035915246,0.003303882898762822,245117.0
1984-03-26,0.0,0.0034601478837430473,0.0032815596984233056,0.0034601478837430477,577149.0
1984-04-02,0.0,0.0035717646653874767,0.0034154998183427354,0.003482470288872719,394531.0
1984-04-09,0.0,0.003504795073708988,0.0030806479799617356,0.003169942181557417,350586.0
1984-04-16,0.0,0.0033708530377202324,0.00312529421541892,0.0032815588638186455,171875.0
1984-04-23,0.0,0.003281560026248494,0.0031699423213090916,0.0032145893201231956,157227.0
1984-04-30,0.0,0.0032815594887784867,0.003102971106963872,0.003259235993027687,269531.0
1984-05-07,0.0,0.0032145884499415753,0.0030806472818526837,0.003102970775216818,147460.0
1984-05-14,0.0,0.0031476181301721942,0.0030360004497622223,0.003080647438764572,226562.0
1984-05-21,0.0,0.0030806479234479368,0.0029690302254769705,0.003013677429407835,108398.0
1984-05-28,0.0,0.0029913537174964407,0.0028127655258432167,0.002946706721559167,74218.0
1984-06-04,0.0,0.0031252936075352182,0.002946705294468277,0.003058322938159108,293946.0
1984-06-11,0.0,0.003036000204856075,0.002857411847444734,0.0028797355480492115,93750.0
1984-06-18,0.0,0.0031699405410805107,0.0028574111011848997,0.00299135223031044,340820.0
1984-06-25,0.0,0.0030136774294078346,0.0029020597314368683,0.003013677429407835,127931.0
1984-07-02,0.0,0.0029913548353622103,0.0029020608101185913,0.002924384316429496,21485.0
1984-07-09,0.0,0.0030136774294078346,0.002879736233423501,0.003013677429407835,200195.0
1984-07-16,0.0,0.0032145897510828586,0.003036001523980109,0.003125295741483569,190430.0
1984-07-23,0.0,0.00312529512111652,0.0028797362276532564,0.002946706721559167,125000.0
1984-07-30,0.0,0.0030360000673681498,0.0029243824010167854,0.0030360000673681498,98633.0
1984-08-06,0.0,0.0030360009213378438,0.0029243832235905302,0.002946706721559167,373047.0
1984-08-13,0.0,0.0029913537174964407,0.002902059725621893,0.002946706721559167,521485.0
1984-08-20,0.0,0.0031252944764850383,0.0029913531004920604,0.003102970775216818,171875.0
1984-08-27,0.0,0.003169941463213307,0.0030806472818526837,0.003102970775216818,193360.0
1984-09-03,0.0,0.003169941463213307,0.0030806472818526837,0.003102970775216818,355469.0
1984-09-10,0.0,0.003102971421461304,0.0030136774294078346,0.003013677429407835,135741.0
1984-09-17,0.0,0.0031252936075352182,0.003013675963844387,0.003058322938159108,252930.0
1984-09-24,0.0,0.0030806463856954754,0.00299135223031044,0.00299135223031044,67383.0
1984-10-01,0.0,0.0030360009213378438,0.002946706721559167,0.002946706721559167,96679.0
1984-10-08,0.0,0.002969029518850802,0.0028797355480492115,0.0028797355480492115,112304.0
1984-10-15,0.0,0.0029467061039110862,0.002835088429559537,0.002902059117332101,147460.0
1984-10-22,0.0,0.002969028445674179,0.00283508732998169,0.002857410814613104,128905.0
1984-10-29,0.0,0.002969029825180769,0.0028127651522512815,0.002969029825180769,153321.0
1984-11-05,0.0,0.0029690281131929063,0.002835087012499571,0.002835087012499571,151367.0
1984-11-12,0.0,0.0028797341846666705,0.002723469393937794,0.002835087012499571,118163.0
1984-11-19,0.0,0.0028574122234937688,0.002768118240940666,0.0027904417365789413,155273.0
1984-11-26,0.0,0.0029467061039110862,0.002790441442980552,0.002902059117332101,217773.0
1984-12-03,0.0,0.0030136774294078346,0.0029020597314368683,0.003013677429407835,110352.0
1984-12-10,0.0,0.003058322938159108,0.002991352268782998,0.003058322938159108,108399.0
1984-12-17,0.0,0.003125294635671019,0.0030583239442633975,0.003080647438764572,173828.0
1984-12-24,0.0,0.003169942746283214,0.0030806485287797536,0.003125295741483569,119140.0
1984-12-31,0.0,0.003169942746283214,0.0031252957414835687,0.003125295741483569,88867.0
1985-01-07,0.0,0.003192265679980304,0.003125295184711643,0.003169942181557417,151367.0
1985-01-14,0.0,0.0032145897510828586,0.0031252957414835687,0.003125295741483569,253905.0
1985-01-21,0.0,0.0032145891784031906,0.003125295184711643,0.003169942181557417,291993.0
1985-01-28,0.0,0.0031476192438833913,0.0030806485287797536,0.003125295741483569,145508.0
1985-02-04,0.0,0.003259236383153098,0.003125295184711643,0.003169942181557417,503905.0
1985-02-08,,,,,
1985-02-11,0.0,0.0037705929082578068,0.003568145072851941,0.0037452869582921267,298828.0
1985-02-18,0.0,0.003719983991594392,0.0035681479343538675,0.0035934539046138525,206055.0
1985-02-25,0.0,0.00371998289129156,0.0035681468789613476,0.0036440647672861814,280273.0
1985-03-04,0.0,0.003694678021334407,0.0035934539046138525,0.0035934539046138525,148437.0
1985-03-11,0.0,0.0036946749314665794,0.003593450899399989,0.0036946749314665794,492187.0
1985-03-18,0.0,0.003947737534981814,0.0036946776239213967,0.0038971255999058485,551758.0
1985-03-25,0.0,0.004175489358991254,0.003922429354989277,0.004150183405727148,916993.0
1985-04-01,0.0,0.004200795312255361,0.004124877452463042,0.004150183405727148,273437.0
1985-04-08,0.0,0.004150183405727148,0.004124877452463042,0.004150183405727148,307618.0
1985-04-15,0.0,0.004352633586511042,0.004099573461386367,0.0042767152190208435,354493.0
1985-04-22,0.0,0.004352632910013199,0.004200796669992734,0.004352632910013199,426757.0
1985-04-29,0.0,0.004403244832899666,0.0042514085928792005,0.004352632910013199,973634.0
1985-05-06,0.0,0.004605693811560806,0.004377939646871132,0.004580387845635414,362304.0
1985-05-13,0.0,0.004630999777486197,0.0044791635105727,0.004580387845635414,525390.0
1985-05-20,0.0,0.005201395811608911,0.005005644168704748,0.005005644168704748,553711.0
1985-05-27,0.0,0.005061574145312783,0.004977680277079344,0.004977680277079344,309569.0
1985-06-03,0.0,0.005033606047162784,0.004586174618452787,0.004586174618452787,433593.0
1985-06-10,0.0,0.004921749728941,0.004474318172164166,0.004753963090479374,467773.0
1985-06-17,0.0,0.004977677637111796,0.004725997207651715,0.004921748768538237,284179.0
1985-06-24,0.0,0.004977680176482831,0.00480989348516552,0.00486582238227129,313477.0
1985-07-01,0.0,0.004893784647623899,0.00480989133939147,0.00480989133939147,37109.0
1985-07-08,0.0,0.004865822524323567,0.004698035307228565,0.004698035307228565,115235.0
1985-07-15,0.0,0.004642105065991053,0.0044183890148562855,0.004530247300863266,181642.0
1985-07-22,0.0,0.004558210704655906,0.00408281452974842,0.004250601399689913,449219.0
1985-07-29,0.0,0.004530249728148172,0.004194675471647031,0.004502285271883011,219726.0
1985-08-05,0.0,0.0047819288447499275,0.004418389986389832,0.0047819288447499275,442382.0
1985-08-12,0.0,0.004753963090479374,0.004418388771797792,0.004753963090479374,185547.0
1985-08-19,0.0,0.005441325017506727,0.0051925785754469555,0.005254765041172504,329101.0
1985-08-26,0.0,0.005285857538124142,0.005099297608204172,0.00522367050871253,286133.0
1985-09-02,0.0,0.005285858853192856,0.0051925785754469555,0.005254765041172504,196289.0
1985-09-09,0.0,0.005254763733839619,0.005130390833331262,0.00522367050871253,81055.0
1985-09-16,0.0,0.005285858853192856,0.005130392109721407,0.005254765041172504,135742.0
1985-09-23,0.0,0.005285857538124142,0.00522367050871253,0.00522367050871253,79102.0
1985-09-30,0.0,0.005285858227730516,0.004632898966981345,0.00472617894411087,231445.0
1985-10-07,0.0,0.004974925645824216,0.004632899236193703,0.004788365680724382,409179.0
1985-10-14,0.0,0.005223672004249359,0.004788366148684646,0.00519257877022028,481445.0
1985-10-21,0.0,0.005254762663801794,0.004974923694642158,0.005099296569824219,323242.0
1985-10-28,0.0,0.005254765041172504,0.005099298876858633,0.005254765041172504,60546.0
1985-11-04,0.0,0.005285857538124142,0.005130390833331262,0.00522367050871253,102538.0
1985-11-11,0.0,0.005410230810340292,0.005068204731286106,0.005379137583076954,213868.0
1985-11-12,,,,,
1985-11-18,0.0,0.006079154861503419,0.005940202987017374,0.0059749409556388855,121094.0
1985-11-25,0.0,0.006044420313740784,0.005940206348896027,0.005940206348896027,78125.0
1985-12-02,0.0,0.0060791561712056396,0.005870727667526247,0.0060096802189946175,217773.0
1985-12-09,0.0,0.006079155124166353,0.005974941213799034,0.006044417154043913,111328.0
1985-12-16,0.0,0.0060791561712056396,0.005905466290678085,0.0060096802189946175,186522.0
1985-12-23,0.0,0.00611389414731115,0.0060096802189946175,0.0060096802189946175,121094.0
1985-12-30,0.0,0.00607915830202237,0.005766515760441545,0.005940206348896027,188476.0
1986-01-06,0.0,0.005940202166013332,0.00580124966368593,0.005835987627506256,1255860.0
1986-01-13,0.0,0.006044417154043913,0.005835988686263061,0.006044417154043913,1348633.0
1986-01-20,0.0,0.006113896290303956,0.005835991737004716,0.005940206348896027,94726.0
1986-01-27,0.0,0.006044414242484903,0.005835985875102778,0.005905462428927422,104491.0
1986-02-03,0.0,0.0060791561712056396,0.005905466290678085,0.0060096802189946175,165039.0
1986-02-10,0.0,0.006009678924260397,0.005835988434106655,0.0059749409556388855,117187.0
1986-02-17,0.0,0.006634863832323195,0.006519138945158158,0.006596289109438658,108398.0
1986-02-24,0.0,0.006866315497805764,0.006480567363472789,0.006789166014641523,342772.0
1986-03-03,0.0,0.007020615182646018,0.006789166014641523,0.006789166014641523,190429.0
1986-03-10,0.0,0.0069434606235356045,0.006673437601916265,0.006866311188787222,729492.0
1986-03-17,0.0,0.006904890239387884,0.0067120165314772835,0.006789166014641523,76171.0
1986-03-24,0.0,0.006827734244667403,0.006712010130286217,0.006712010130286217,103515.0
1986-03-31,0.0,0.006789161087514419,0.006017665378749371,0.006017665378749371,222656.0
1986-04-07,0.0,0.0060948154776283596,0.0058633671705978635,0.006056240759789944,249023.0
1986-04-14,0.0,0.006287688708297798,0.006094814433632305,0.0061719645746052265,169922.0
1986-04-21,0.0,0.006326263419528654,0.0061719645746052265,0.0061719645746052265,233399.0
1986-04-28,0.0,0.006634860810725932,0.006171963628409134,0.006557711400091648,321289.0
1986-05-05,0.0,0.006712013278092269,0.00655771438655412,0.006596289109438658,112304.0
1986-05-12,0.0,0.006596285242219254,0.0063262616218234405,0.006441985722631216,192382.0
1986-05-19,0.0,0.007162748315374815,0.006948295131786521,0.007076967041939497,108398.0
1986-05-26,0.0,0.0072056352597688845,0.006948291571331413,0.007162744645029306,133789.0
1986-06-02,0.0,0.007205634377896786,0.00707696254942574,0.007205634377896786,170898.0
1986-06-09,0.0,0.0072056352597688845,0.0070769634155501485,0.007162744645029306,177733.0
1986-06-16,0.0,0.007205636152265931,0.0070769642921097746,0.007119854912161827,193359.0
1986-06-23,0.0,0.007205636152265931,0.0070769642921097746,0.007119854912161827,333008.0
1986-06-30,0.0,0.007291414309293031,0.007119851121524345,0.007291414309293032,753906.0
1986-07-07,0.0,0.0075916536152362815,0.007334309858191812,0.007591653615236282,323242.0
1986-07-14,0.0,0.007634546607732773,0.0074200934103927614,0.007634546607732773,223632.0
1986-07-21,0.0,0.0077203246764838696,0.0074629809466818416,0.0077203246764838696,213866.0
1986-07-28,0.0,0.007720326339215002,0.007420091923117644,0.007462982553988695,200195.0
1986-08-04,0.0,0.008320795372128487,0.007462981300933584,0.008320795372128487,877929.0
1986-08-11,0.0,0.008921264071583614,0.008149231319625878,0.008792592212557793,278320.0
1986-08-18,0.0,0.010044846944580339,0.009713178023668185,0.009807940572500229,177735.0
1986-08-25,0.0,0.0102343748000795,0.009855323652749642,0.010186993516981602,198242.0
1986-09-01,0.0,0.010589734806278301,0.00987901468117649,0.010376518592238426,1230143.0
1986-09-03,,,,,
1986-09-08,0.0,0.010376514860410748,0.00923936271619654,0.009594722650945187,229165.0
1986-09-15,0.0,0.00966579021875177,0.008599710058301022,0.008955069817602634,323568.0
1986-09-22,0.0,0.009026142122481321,0.008670782363179709,0.008955069817602634,302083.0
1986-09-29,0.0,0.009452584199607372,0.008670791547987118,0.009452584199607372,216797.0
1986-10-06,0.0,0.010092229582369328,0.009381509487570348,0.010092229582369328,147786.0
1986-10-13,0.0,0.010234374307366425,0.009950085739918856,0.010092229582369328,111329.0
1986-10-20,0.0,0.01044758316129446,0.009807934996510063,0.01044758316129446,2740234.0
1986-10-27,0.0,0.01044758316129446,0.010092222481383568,0.01044758316129446,264973.0
1986-11-03,0.0,0.010945086701096098,0.010234367106366328,0.01044758316129446,164062.0
1986-11-07,,,,,
1986-11-10,0.0,0.011546000247134367,0.01077110126333698,0.010926080867648125,179038.0
1986-11-17,0.0,0.011623495013829359,0.01100357443298547,0.01139102503657341,279949.0
1986-11-24,0.0,0.011468510143458843,0.011236040252230736,0.011468510143458843,115236.0
1986-12-01,0.0,0.011623493000669742,0.011158553126684255,0.011546002700924873,191408.0
1986-12-08,0.0,0.011700982338172747,0.011313532763932129,0.011546002700924873,156902.0
1986-12-15,0.0,0.011700979769805692,0.010926080791414912,0.011081060394644737,173177.0
1986-12-22,0.0,0.011313532586934015,0.010848592720222424,0.011158552952110767,130209.0
1986-12-29,0.0,0.011236039997874562,0.010538631302219523,0.011081060394644737,240235.0
1987-01-05,0.0,0.011623494327068329,0.011003573782851746,0.011623494327068329,216797.0
1987-01-12,0.0,0.011778472637917616,0.011468512401180003,0.011546002700924873,164714.0
1987-01-19,0.0,0.011623493000669742,0.011391023063677,0.011546002700924873,122396.0
1987-01-26,0.0,0.011623490449311605,0.010926080791414912,0.011081060394644737,180338.0
1987-02-02,0.0,0.011158556870570269,0.010848596529835677,0.011003576219081879,220703.0
1987-02-09,0.0,0.011081066544826074,0.010616126514845281,0.011003576219081879,64453.0
1987-02-16,0.0,0.012891284219637804,0.0120431727644223,0.012297606095671654,143880.0
1987-02-23,0.0,0.012212796458522957,0.01178874123071511,0.011873551644384861,83985.0
1987-03-02,0.0,0.012127984991700175,0.01178874123071511,0.011873551644384861,140625.0
1987-03-09,0.0,0.012127979684292528,0.011703924642058291,0.011958357878029346,177734.0
1987-03-16,0.0,0.012043173524877392,0.011619118297069547,0.011873551644384861,275390.0
1987-03-23,0.0,0.011958363111207643,0.011534307883399797,0.011873551644384861,87239.0
1987-03-30,0.0,0.011788742634289993,0.01102544250146507,0.01136468630284071,586587.0
1987-04-06,0.0,0.011449498194679485,0.0101773312605359,0.010431764647364616,298177.0
1987-04-13,0.0,0.01051657646894455,0.010007709678758758,0.01051657646894455,149088.0
1987-04-20,0.0,0.010686198034193333,0.01034695422052384,0.010431764647364616,181640.0
1987-04-27,0.0,0.011025446467101574,0.010262146059732491,0.011025446467101574,95703.0
1987-05-04,0.0,0.011279877221377807,0.010855821892619133,0.010855821892619133,169922.0
1987-05-11,0.0,0.011025446330988889,0.010686201358628427,0.010771012865006924,70964.0
1987-05-18,0.0,0.012005514976824163,0.011442756280303001,0.011442756280303001,74870.0
1987-05-25,0.0,0.011630347984985889,0.011442762046513684,0.0115365544334054,50781.0
1987-06-01,0.011442760044272377,0.011724139485089614,0.011255172973935173,0.011348966509103775,134114.0
1987-06-08,0.0,0.01153655241475241,0.01106758706828654,0.011348966509103775,197266.0
1987-06-15,0.0,0.01153655241475241,0.010880001162637905,0.011348966509103775,160155.0
1987-06-22,0.0,0.012005521026619073,0.01116138255646099,0.0115365544334054,483072.0
1987-06-29,0.0,0.011724139603364582,0.01153655253113497,0.011630346067249775,87239.0
1987-07-06,0.0,0.012005521978379652,0.011630348907003908,0.011911728419363499,189454.0
1987-07-13,0.0,0.012005516365265532,0.011724136984463345,0.011817929334938526,248697.0
1987-07-20,0.0,0.01200551423807251,0.011442755576180344,0.011724134907126427,241536.0
1987-07-27,0.0,0.011724142256055923,0.011067589684078592,0.011161383241415024,219400.0
1987-08-03,0.0,0.011255171907510114,0.010880000131760287,0.0110675860196352,187500.0
1987-08-10,0.0,0.011255171149969101,0.010973792919439415,0.011255171149969101,339193.0
1987-08-12,,,,,
1987-08-17,0.0,0.012873883428965442,0.012141223967022986,0.012769218534231186,115235.0
1987-08-24,0.0,0.012873889726015088,0.011931898714144174,0.01235056109726429,313802.0
1987-08-31,0.0,0.012559894612752896,0.012245898417165463,0.0124552296474576,129557.0
1987-09-07,0.0,0.012350561718220413,0.011931899314050972,0.012141230516135693,108724.0
1987-09-14,0.0,0.012350562433562204,0.011722567491233349,0.011722567491233349,220052.0
1987-09-21,0.0,0.01203656634841788,0.011722568841096391,0.011827235110104084,212240.0
1987-09-28,0.0,0.012245893478393555,0.01151323251830111,0.012245893478393555,190104.0
1987-10-05,0.0,0.012455224624262387,0.012036561032823703,0.012245893478393555,132813.0
1987-10-12,0.0,0.012350557447702467,0.011722562758892,0.012036560103297234,106771.0
1987-10-19,0.0,0.011827231472508365,0.010466576242550063,0.01067590806633234,253256.0
1987-10-26,0.0,0.010885238470802534,0.010152578763981698,0.010780572891235352,201172.0
1987-11-02,0.0,0.01276922478008571,0.010885240156941275,0.01235056109726429,238281.0
1987-11-09,0.0,0.012350563324964935,0.011827234601820086,0.01193190086632967,98959.0
1987-11-10,,,,,
1987-11-16,0.0,0.013926893931219694,0.013107664107064088,0.013809860683977604,148438.0
1987-11-23,0.0,0.013926900150243976,0.0132247032597661,0.013224703259766102,91796.0
1987-11-30,0.0,0.01357579425959687,0.011469205470120298,0.011703270487487316,194661.0
1987-12-07,0.0,0.01275656744837761,0.01182030643726812,0.01275656744837761,175781.0
1987-12-14,0.0,0.013458766061187353,0.01228843908309103,0.013107667677104473,111978.0
1987-12-21,0.0,0.013458763071730344,0.012405469606708892,0.012639534659683704,94401.0
1987-12-28,0.012639537467173908,0.013341734235339667,0.012405472362208627,0.013107667677104473,80078.0
1988-01-04,0.013341731271877731,0.013575796324852544,0.012639534659683704,0.012639534659683704,128905.0
1988-01-11,0.012873599712658518,0.012873599712658518,0.012171403100464492,0.012639534659683704,89192.0
1988-01-18,0.01275656744837761,0.01299063397276597,0.01252250237725895,0.01275656744837761,59896.0
1988-01-25,0.012873601625707552,0.013458765071736113,0.012639536537950089,0.013341733254492283,562500.0
1988-02-01,0.013575789927936566,0.013575789927936566,0.013224691787277094,0.013458756729960442,484376.0
1988-02-08,0.013575792768500166,0.014629087410867214,0.013341727776841669,0.014629087410867214,180990.0
1988-02-09,,,,,
1988-02-15,0.016488466144778974,0.017535352755163186,0.016226744898428454,0.01740449294447899,123697.0
1988-02-22,0.01714278362964029,0.017666228161262804,0.01675020226215267,0.01701192371547222,159506.0
1988-02-29,0.017273624626527637,0.017273624626527637,0.016357599816779117,0.016619320958852768,192057.0
1988-03-07,0.016488476871756013,0.01701192132997862,0.01596503403851659,0.0162267554551363,218099.0
1988-03-14,0.015965025414167982,0.01688105068998931,0.01583416396405823,0.016357608139514923,122396.0
1988-03-21,0.016488476871756013,0.016488476871756013,0.01596503403851659,0.0162267554551363,115234.0
1988-03-28,0.016226745161239592,0.016488466411828995,0.01596502391065019,0.016488466411828995,104167.0
1988-04-04,0.016488476871756013,0.016488476871756013,0.01583417251771514,0.0162267554551363,93751.0
1988-04-11,0.0163576164913819,0.0163576164913819,0.015834172048665097,0.01609589345753193,98307.0
1988-04-18,0.01609589345753193,0.016226754974456914,0.015703310531740112,0.01609589345753193,128906.0
1988-04-25,0.015965023445717427,0.016226744688684996,0.015572440768775023,0.015834162011742592,125651.0
1988-05-02,0.015703301558993698,0.016095884260466764,0.015310720482502843,0.01557244174182415,77474.0
1988-05-09,0.015310719075819417,0.015441578880966127,0.014918136410415173,0.014918136410415173,32551.0
1988-05-16,0.016631271690130237,0.01692304787793236,0.01604771750293791,0.016631271690130234,113932.0
1988-05-23,0.016485386813010917,0.01736071740690327,0.016485386813010917,0.01706894114613533,90495.0
1988-05-30,0.017360711932623042,0.017360711932623042,0.01575594028704246,0.0167771577835083,111979.0
1988-06-06,0.016485388250602247,0.017506606158138562,0.016339499201701906,0.017360718920826912,154296.0
1988-06-13,0.017506595904246882,0.017944260983011818,0.0172148197889328,0.0172148197889328,117188.0
1988-06-20,0.017506607634316614,0.017798385756720377,0.017068944073888658,0.017652496695518494,212240.0
1988-06-27,0.017506604715145865,0.017944270014183365,0.017506604715145865,0.01779838278889656,223958.0
1988-07-04,0.017798385756720377,0.017798385756720377,0.017506607634316614,0.017652496695518494,114584.0
1988-07-11,0.017506606158138562,0.017798384255939246,0.01721482987192657,0.017360718920826912,71614.0
1988-07-18,0.0172148197889328,0.017506595904246882,0.017068932637069576,0.0172148197889328,83334.0
1988-07-25,0.017360708752383658,0.017360708752383658,0.017068932637069576,0.0172148197889328,89843.0
1988-08-01,0.0172148197889328,0.017360708752383658,0.017068932637069576,0.0172148197889328,78126.0
1988-08-08,0.01736071306542958,0.01736071306542958,0.016339493690740035,0.016631271690130234,122395.0
1988-08-11,,,,,
1988-08-15,0.018251674850220286,0.018251674850220286,0.01759983040392399,0.01759983040392399,138671.0
1988-08-22,0.0177627905037006,0.018088714750443678,0.01759983040392399,0.01759983040392399,65104.0
1988-08-29,0.017599839855124946,0.018251684651465122,0.017599839855124946,0.018088724464178085,77475.0
1988-09-05,0.01792576164007187,0.018740568619421326,0.017599839253051273,0.01792576164007187,110025.0
1988-09-12,0.01808872384538014,0.018414646232400734,0.0177627994347636,0.01792576164007187,106120.0
1988-09-19,0.01808872459852237,0.01874056939970377,0.01776280017433564,0.018577609211206436,125001.0
1988-09-26,0.018577601077262283,0.018577601077262283,0.01792575453788679,0.018414638936519623,55338.0
1988-10-03,0.018577609073231225,0.018577609073231225,0.018088724464178085,0.018088724464178085,59244.0
1988-10-10,0.018251681700348854,0.018251681700348854,0.017925759354877183,0.018251681700348854,93099.0
1988-10-17,0.018251676795776963,0.018414638936519623,0.01792575453788679,0.018414638936519623,76172.0
1988-10-24,0.018577606069416212,0.018577606069416212,0.018088721539410865,0.018251681700348854,62501.0
1988-10-31,0.018251684651465122,0.018414646862348172,0.017762800042411982,0.018088724464178085,98307.0
1988-11-07,0.0177627905037006,0.017925752627072137,0.01727390818077584,0.01759983040392399,92448.0
1988-11-14,0.01978467817886208,0.019967868190133815,0.018685529012013428,0.019051911309361458,155599.0
1988-11-21,0.019051906494716598,0.019418290974279447,0.018685524289957737,0.019235098734498024,132162.0
1988-11-28,0.019418290974279447,0.019601480939256885,0.019051906494716598,0.019235098734498024,67058.0
1988-12-05,0.019051911309361458,0.019235103595437755,0.018685529012013428,0.019051911309361458,129557.0
1988-12-12,0.019235103595437755,0.019235103595437755,0.01850233786333941,0.019051911309361458,89843.0
1988-12-19,0.018868710845708847,0.01905190190394633,0.01776956335888223,0.018868710845708847,223307.0
1988-12-26,0.018685524289957737,0.019235098734498024,0.018502333187578306,0.019235098734498024,185547.0
1989-01-02,0.01923510979577319,0.019784684556350022,0.019051917450645817,0.01960149221122265,74870.0
1989-01-09,0.01978467817886208,0.01978467817886208,0.01886872016068744,0.019051911309361458,166667.0
1989-01-16,0.01886872016068744,0.019601485892785785,0.01886872016068744,0.019051911309361458,407552.0
1989-01-23,0.01886871976359943,0.019784677762497933,0.01886871976359943,0.019418295472860336,174479.0
1989-01-30,0.019418295472860336,0.01960148548027688,0.019051910908418228,0.019418295472860336,109375.0
1989-02-06,0.019418295472860336,0.01960148548027688,0.01886871976359943,0.019418295472860336,169921.0
1989-02-07,,,,,
1989-02-13,0.021723747061918545,0.022137532010674477,0.021103068354224916,0.022137532010674477,171875.0
1989-02-20,0.02193063161225594,0.022344416387265004,0.021723737940192223,0.021723737940192223,91145.0
1989-02-27,0.021516855772575137,0.02296510711312294,0.021309963274451112,0.02296510711312294,205729.0
1989-03-06,0.02296510711312294,0.02296510711312294,0.022344428334190987,0.02296510711312294,122397.0
1989-03-13,0.022758213365911027,0.022965107148917405,0.02151685580611229,0.02151685580611229,204428.0
1989-03-20,0.02151685580611229,0.02193064337212504,0.021309963307665793,0.02151685580611229,112629.0
1989-03-27,0.0213099696280461,0.021930649876594543,0.0213099696280461,0.021930649876594543,115885.0
1989-04-03,0.02151686218785541,0.022137541151843597,0.02151686218785541,0.021930649876594543,82683.0
1989-04-10,0.022137522715201283,0.022344416387265004,0.021723737940192223,0.021723737940192223,129557.0
1989-04-17,0.02193062941127325,0.02234441414475441,0.021723735759973613,0.02234441414475441,183594.0
1989-04-24,0.02234442576961217,0.02234442576961217,0.021723747061918545,0.022137532010674477,80078.0
1989-05-01,0.02193064082085624,0.02234442576961217,0.021723747061918545,0.022137532010674477,142578.0
1989-05-08,0.022137532010674477,0.02255131695943041,0.02151685330298085,0.022137532010674477,126953.0
1989-05-09,,,,,
1989-05-15,0.024768052622675896,0.02546903256153954,0.024768052622675896,0.024768052622675896,98959.0
1989-05-22,0.024534374475479123,0.025235356852051086,0.024534374475479123,0.024534374475479126,172525.0
1989-05-29,0.02453439070871127,0.024768052622675896,0.024300728794746644,0.024768052622675896,132161.0
1989-06-05,0.024768054428961808,0.025469034418946556,0.023833409606456597,0.02523537538945675,339845.0
1989-06-12,0.025001710810508546,0.025235372716766437,0.024300727993249893,0.024300727993249893,156902.0
1989-06-19,0.024534382068359145,0.025235364661870617,0.02430072023668396,0.025001702830195427,158855.0
1989-06-26,0.02523537538945675,0.02570269634995169,0.025001713458451615,0.02523537538945675,229817.0
1989-07-03,0.025235373549090032,0.025235373549090032,0.02453439070871127,0.024768052622675896,143229.0
1989-07-10,0.024768043900034335,0.025235364661870617,0.02430072023668396,0.025001702830195427,266927.0
1989-07-17,0.02476804540008843,0.025936348826193414,0.024534383554261727,0.025702686980366707,751302.0
1989-07-24,0.025936348826193414,0.025936348826193414,0.025469025134540003,0.025702686980366707,168619.0
1989-07-31,0.025469025134540003,0.025936348826193414,0.025469025134540003,0.025702686980366707,126301.0
1989-08-07,0.025702690213825513,0.025936352089047432,0.025469028338603598,0.025936352089047432,256509.0
1989-08-09,,,,,
1989-08-14,0.0289260397084406,0.029977897182106975,0.02866307452367631,0.029977897182106972,224610.0
1989-08-21,0.029977897182106975,0.030240859101480486,0.029451966812578396,0.029977897182106972,157552.0
1989-08-28,0.02971494187067888,0.030503834421705033,0.029451976598539542,0.030240869149565697,121093.0
1989-09-04,0.029977900437639298,0.029977900437639298,0.02918900806306528,0.029451970010995865,102214.0
1989-09-11,0.02945197116687701,0.02997790161416127,0.02918900920862614,0.029714936390519142,113932.0
1989-09-18,0.02971493639051914,0.02997790161416127,0.02945197116687701,0.029714936390519142,175130.0
1989-09-25,0.029451974544298754,0.029714939798096574,0.028400120059890746,0.02866308204829693,143880.0
1989-10-02,0.02866308204829693,0.02892604730209475,0.028137154806092926,0.02866308204829693,162109.0
1989-10-09,0.02840011568849126,0.029977900437639298,0.02840011568849126,0.029451970010995865,2229166.0
1989-10-16,0.028926042849743563,0.029977900437639298,0.028926042849743563,0.029451970010995865,143230.0
1989-10-23,0.029714935224317583,0.029714935224317583,0.02918900806306528,0.029451970010995865,44922.0
1989-10-30,0.029451970010995865,0.029977900437639298,0.029451970010995865,0.029451970010995865,92448.0
1989-11-06,0.02945197116687701,0.02997790161416127,0.02918900920862614,0.029714936390519142,74871.0
1989-11-09,,,,,
1989-11-13,0.03307148176931069,0.03336676419880811,0.03248092057700854,0.032776203006505966,163411.0
1989-11-20,0.033071505565259576,0.03336678820722179,0.03248094394803047,0.03248094394803047,154297.0
1989-11-27,0.03277622658999269,0.033071505565259576,0.031890382330801374,0.03248094394803047,164062.0
1989-12-04,0.03277620932231014,0.03307148814201355,0.03218564434951651,0.03307148814201355,224610.0
1989-12-11,0.03248094394803047,0.03336678820722179,0.03218566130606826,0.03248094394803047,368489.0
1989-12-18,0.03277621266976031,0.03336677403617484,0.03129980742037708,0.03218564763665199,155598.0
1989-12-25,0.03248092057700854,0.03307148176931069,0.032185638147511124,0.032776203006505966,478516.0
1990-01-01,0.032480926835913325,0.03307148814201355,0.032480926835913325,0.03307148814201355,141926.0
1990-01-08,0.03307148176931069,0.033662046628305534,0.032185638147511124,0.032776203006505966,283855.0
1990-01-15,0.03277621266976031,0.03307149151962069,0.03218564763665199,0.03218564763665199,152343.0
1990-01-22,0.032185626253670996,0.03277619089442925,0.031890347599983215,0.031890347599983215,73567.0
1990-01-29,0.03218566130606826,0.03336678820722179,0.031890382330801374,0.03248094394803047,155599.0
1990-02-05,0.0324809149091387,0.03366204075433104,0.031890353819888556,0.03336675837635994,315755.0
1990-02-07,,,,,
1990-02-12,0.0373873243241051,0.040057847194027066,0.0373873243241051,0.03939021751284599,256511.0
1990-02-19,0.03905640278313934,0.04005784518201193,0.03872258588671684,0.03872258588671684,91146.0
1990-02-26,0.03872259219951856,0.03939022195600733,0.0380549624430298,0.039056409150362015,128907.0
1990-03-05,0.039056409570648154,0.03939022237988563,0.03705351613443058,0.037721145898103714,182942.0
1990-03-12,0.03738732330558209,0.037721140209677456,0.03638587673849352,0.037053510546684265,126953.0
1990-03-19,0.037053510546684265,0.03738732330558209,0.03638587673849352,0.037053510546684265,150389.0
1990-03-26,0.03738732894366806,0.039056409570648154,0.03705351613443058,0.037721145898103714,310547.0
1990-04-02,0.03738732894366806,0.03838877566177684,0.03738732894366806,0.037721145898103714,106771.0
1990-04-09,0.03738732330558209,0.037721140209677456,0.03638587673849352,0.037053510546684265,72265.0
1990-04-16,0.036719684009950994,0.037387313497805615,0.034716791401190675,0.03505060821771622,199869.0
1990-04-23,0.034716807305812836,0.035384441244723425,0.03404917751210061,0.034716807305812836,200522.0
1990-04-30,0.034716816001673444,0.03538445010781288,0.034383001021203424,0.03538445010781288,63151.0
1990-05-07,0.035050624938658355,0.03638588455135477,0.034716807962885024,0.03571825474500656,110026.0
1990-05-10,,,,,
1990-05-14,0.04100462150733719,0.04176396504044533,0.04024527797422905,0.04176396504044533,220702.0
1990-05-21,0.041384290916574674,0.042902982697424125,0.04100462150733719,0.04176396504044533,210937.0
1990-05-28,0.042143624275922775,0.042523293551031655,0.04100460702133312,0.042143624275922775,175782.0
1990-06-04,0.04252331331372261,0.042902987479916395,0.04062495191202107,0.04252331331372261,121094.0
1990-06-11,0.042523293249149004,0.042523293249149004,0.04100460673023197,0.04138427600264549,308593.0
1990-06-18,0.0413842635738147,0.04176393744683321,0.04062492054240775,0.041004594415426254,89193.0
1990-06-25,0.04062493274318698,0.04138427600264549,0.04062493274318698,0.04138427600264549,154947.0
1990-07-02,0.041004619439282255,0.04138428882937124,0.04024527594447136,0.04024527594447136,125652.0
1990-07-09,0.041004620470086135,0.04138428986971952,0.040245276956186314,0.0406249463558197,158203.0
1990-07-16,0.0406249463558197,0.041004620470086135,0.03986560284191988,0.0406249463558197,95704.0
1990-07-23,0.040624914932050976,0.041004588752636004,0.0394858981849253,0.03986557200551033,96355.0
1990-07-30,0.0394859240553417,0.04024527219402202,0.03796723484992981,0.03796723484992981,328126.0
1990-08-06,0.03796723484992981,0.03910625234331779,0.03796723484992981,0.03796723484992981,65756.0
1990-08-09,,,,,
1990-08-13,0.04440534756287873,0.04440534756287873,0.04266396164894104,0.04266396164894104,106772.0
1990-08-20,0.042663952606508744,0.043534644027444926,0.0383104873928683,0.04048721864819527,223959.0
1990-08-27,0.040051891350592964,0.042228626309606464,0.039616545439985364,0.040922585874795914,354817.0
1990-09-03,0.04092259843717541,0.04179329052567482,0.04048724968993712,0.04179329052567482,274089.0
1990-09-10,0.04179326159134451,0.04222861003718216,0.040051875916954055,0.041357915848493576,90494.0
1990-09-17,0.04135792618391446,0.04135792618391446,0.038745845668071745,0.03961654007434845,110676.0
1990-09-24,0.03831051027064571,0.03961655088496102,0.03613377771544562,0.03787516430020332,231772.0
1990-10-01,0.03874583310333639,0.041357912772117957,0.03787514168240021,0.04048721864819527,143880.0
1990-10-08,0.041357912772117957,0.042663952606508744,0.04048721864819527,0.04048721864819527,53386.0
1990-10-15,0.040922567061649866,0.04179325848258605,0.04048721864819527,0.04048721864819527,51432.0
1990-10-22,0.041357944481425116,0.04266398531716281,0.04092259843717541,0.04179329052567482,75521.0
1990-10-29,0.042663966350080865,0.04309931220078925,0.04179327194567672,0.04222862049937248,58593.0
1990-11-05,0.04397002615290051,0.04440537219715021,0.041357944481425116,0.04179329052567482,134115.0
1990-11-06,,,,,
1990-11-12,0.04856336252925371,0.04856336252925371,0.04656074688549146,0.04706140235066414,56640.0
1990-11-19,0.047562070605926356,0.04806272312998772,0.045058804877154274,0.04806272312998772,114583.0
1990-11-26,0.04706140235066413,0.047562054707372584,0.04656074688549146,0.04706140235066414,152344.0
1990-12-03,0.04706139555475308,0.047562047839164734,0.04706139555475308,0.047562047839164734,137369.0
1990-12-10,0.04706139555475308,0.04806270012357638,0.04706139555475308,0.047562047839164734,197917.0
1990-12-17,0.047061393811271446,0.04906400598319112,0.047061393811271446,0.04856335371732712,171876.0
1990-12-24,0.04906400780086345,0.04906400780086345,0.047562047839164734,0.047562047839164734,154948.0
1990-12-31,0.04756204379439491,0.0500653081120344,0.04756204379439491,0.049564655870199203,61849.0
1991-01-07,0.050065331161022186,0.050065331161022186,0.04856337374404813,0.050065331161022186,115234.0
1991-01-14,0.049564655870199203,0.0500653081120344,0.04906400362836401,0.049564655870199203,125651.0
1991-01-21,0.04906403128657571,0.04956468381063707,0.04806272312998772,0.04806272312998772,248699.0
1991-01-28,0.048563351386528814,0.049564655870199203,0.047061391552559714,0.049564655870199203,227213.0
1991-02-04,0.048563351085659734,0.05156726762652397,0.04806269573846278,0.05156726762652397,207682.0
1991-02-05,,,,,
1991-02-11,0.0583299603458701,0.06006253044324823,0.05775243339433431,0.05948500707745552,162761.0
1991-02-18,0.058329987461324596,0.059485034729848785,0.05717493660705566,0.05775246024131775,129558.0
1991-02-25,0.05890751020776168,0.06006255745887757,0.05717493574534316,0.060062557458877563,208334.0
1991-03-04,0.06006255745887757,0.06295017917241198,0.06006255745887757,0.060062557458877563,134765.0
1991-03-11,0.061217575099960425,0.06352766821421267,0.06006252137134924,0.06064004823565483,192708.0
1991-03-18,0.06006256637475347,0.061217620968818665,0.05948504266346609,0.061217620968818665,316406.0
1991-03-25,0.06006256637475347,0.06179514109436082,0.06006256637475347,0.061217620968818665,128906.0
1991-04-01,0.061217620968818665,0.06179514109436082,0.05948504266346609,0.061217620968818665,240884.0
1991-04-08,0.061217575099960425,0.061795094792780954,0.05948499809278618,0.06064004823565483,64454.0
1991-04-15,0.061217574601110804,0.06410519455613801,0.06006252088191191,0.06237262114882469,155599.0
1991-04-22,0.061217575099960425,0.06295014134990708,0.06006252137134924,0.06064004823565483,54036.0
1991-04-29,0.06121759354356891,0.06526026129722595,0.06006253946696356,0.06526026129722595,165365.0
1991-05-06,0.06410522425874529,0.06641531842453542,0.061217602965763465,0.06179512292146683,194661.0
1991-05-09,,,,,
1991-05-13,0.07108382992606606,0.07304026642934416,0.06847525332042949,0.07173597812652588,280599.0
1991-05-20,0.07238811001268286,0.07238811001268286,0.06977952589684855,0.07108381390571594,127604.0
1991-05-27,0.07043167395033201,0.07238811001268286,0.07043167395033201,0.07108381390571594,94401.0
1991-06-03,0.07108381390571594,0.07108381390571594,0.06977952589684855,0.07108381390571594,69661.0
1991-06-10,0.06977952589684855,0.07108381390571594,0.06847523788798116,0.07108381390571594,136720.0
1991-06-17,0.07108379693517876,0.07108379693517876,0.0704316571354866,0.0704316571354866,74870.0
1991-06-24,0.0704316571354866,0.0704316571354866,0.06782307364242521,0.0704316571354866,134114.0
1991-07-01,0.06912738279133311,0.07043167074076416,0.068475234767568,0.06977952271699905,33854.0
1991-07-08,0.06847521662712097,0.06977950423102029,0.06847521662712097,0.06847521662712097,74218.0
1991-07-15,0.06847522154021495,0.07108379693517876,0.06847522154021495,0.0704316571354866,89193.0
1991-07-22,0.06977950923769685,0.07238809273075825,0.06977950923769685,0.0704316571354866,63151.0
1991-07-29,0.07108382992606606,0.07173597812652588,0.06782310511996967,0.07173597812652588,190105.0
1991-08-05,0.07043167933885837,0.07956171229564188,0.07043167933885837,0.07695312798023224,505208.0
1991-08-12,0.0749967023730278,0.07630099876421532,0.07369241407994158,0.0749967023730278,128905.0
1991-08-19,0.08285119684557803,0.08431758721238897,0.08211799710988998,0.08211799710988998,138671.0
1991-08-26,0.08285116766340073,0.08505075699115136,0.08285116766340073,0.08431755751371384,304688.0
1991-09-02,0.08505075424909592,0.08651714405213229,0.08358436444605954,0.08505075424909592,272136.0
1991-09-09,0.08505075424909592,0.08725034350593129,0.0843175547952969,0.08505075424909592,330078.0
1991-09-16,0.08358439083550567,0.08578398078680038,0.08211799146493284,0.08578398078680038,110026.0
1991-09-23,0.0857839277897782,0.08725031714985608,0.0850507285574598,0.08651711791753769,61197.0
1991-09-30,0.08578395359064801,0.08871673319288327,0.08358436433669075,0.08798353374004364,385416.0
1991-10-07,0.08871673792600632,0.0916495267892703,0.0879835384340498,0.08871673792600632,337890.0
1991-10-14,0.08944993554234884,0.09238271523955528,0.08871673606576627,0.09164952486753464,299479.0
1991-10-21,0.09164951744811631,0.09458229690790176,0.08944992830099661,0.09458229690790176,333333.0
1991-10-28,0.09458229690790176,0.09604868663779449,0.09384910659523599,0.09458229690790176,458984.0
1991-11-04,0.09384911419272042,0.09531550404132363,0.08944993554234884,0.09164952486753464,279297.0
1991-11-06,,,,,
1991-11-11,0.1013233320050576,0.10540894834901089,0.1013233320050576,0.1029575765132904,125000.0
1991-11-18,0.10132334381341934,0.10459184335754296,0.09887197169201256,0.10132334381341934,162761.0
1991-11-25,0.0996891064024852,0.10050622373819351,0.09805485143757957,0.10050622373819351,32552.0
1991-12-02,0.10132325756356614,0.10295750087113177,0.09805476080169975,0.09968901425600052,119791.0
1991-12-09,0.10050615784117643,0.10377465548124769,0.10050615784117643,0.102140411734581,192708.0
1991-12-16,0.1029575226632834,0.1029575226632834,0.09805478155612946,0.09805478155612946,190103.0
1991-12-23,0.09723772699332264,0.10214047123613619,0.09723772699332264,0.10132334381341934,92447.0
1991-12-30,0.1005062163907025,0.10377471593482611,0.1005062163907025,0.10132334381341934,119791.0
1992-01-06,0.10295754714239018,0.1045918013311587,0.10050617600597711,0.10377467423677444,80078.0
1992-01-13,0.10295750087113177,0.10459175432543252,0.09805476080169975,0.09968901425600052,197266.0
1992-01-20,0.09887188752885014,0.10050613083641576,0.09642051749413412,0.09968901425600052,375650.0
1992-01-27,0.10132325756356614,0.10214038429071652,0.09887188752885014,0.09968901425600052,154297.0
1992-02-03,0.10132335122064633,0.10214047870309914,0.09887197892003238,0.10050622373819351,83333.0
1992-02-10,0.09887188752885014,0.10050613083641576,0.09642051749413412,0.09968901425600052,597656.0
1992-02-11,,,,,
1992-02-17,0.11204075068235397,0.11387748112194947,0.11020400883881562,0.11204075068235397,55338.0
1992-02-24,0.11295924394151441,0.11295924394151441,0.10928577871301898,0.1111225113272667,181640.0
1992-03-02,0.11020400883881562,0.11387748112194947,0.10928564932098929,0.11204075068235397,189452.0
1992-03-09,0.11295924394151441,0.11387761595061645,0.1111225113272667,0.1111225113272667,123048.0
1992-03-16,0.11204083810497012,0.11204083810497012,0.10836736295551705,0.10928573459386826,293620.0
1992-03-23,0.10928571170019533,0.10928571170019533,0.10653060876624507,0.10744898021221161,164062.0
1992-03-30,0.10653060876624507,0.10836734025422878,0.10561223732027854,0.10744898021221161,250650.0
1992-04-06,0.10561225728411491,0.10744900052324671,0.10102042199418844,0.10469389706850052,244140.0
1992-04-13,0.10561220577271258,0.10744894811598983,0.1046938460050199,0.1065305769443512,87239.0
1992-04-20,0.10653060406354947,0.10744897546897535,0.10285712984579483,0.1037755012512207,282552.0
1992-04-27,0.10193879361375434,0.10653062890368081,0.10193879361375434,0.10469389706850052,255208.0
1992-05-04,0.10653060876624507,0.10744898021221161,0.10377550583229482,0.10744898021221161,240886.0
1992-05-07,,,,,
1992-05-11,0.12167185872730035,0.12375171591798349,0.11855206648453816,0.11959198862314224,258464.0
1992-05-18,0.11855206648453816,0.1206319236752213,0.11751213143245912,0.11959198862314224,192708.0
1992-05-25,0.11959199603941956,0.11959199603941956,0.11855207383632661,0.1185520738363266,217449.0
1992-06-01,0.11959199603941956,0.11959199603941956,0.1175121387197579,0.1185520738363266,329427.0
1992-06-08,0.11751210689544678,0.11855204173038314,0.1164721720605104,0.11751210689544678,226563.0
1992-06-15,0.11647220360318919,0.11855207383632661,0.11647220360318919,0.1185520738363266,431641.0
1992-06-22,0.11751213143245912,0.1206319236752213,0.11751213143245912,0.11959198862314224,229818.0
1992-06-29,0.11855204656867525,0.1206319034099579,0.11855204656867525,0.12063190340995789,150391.0
1992-07-06,0.12063189836161925,0.12895133829206137,0.12063189836161925,0.1268714815378189,291668.0
1992-07-13,0.1258315946688483,0.132071180223473,0.1258315946688483,0.13103124499320984,285807.0
1992-07-20,0.1310312468864781,0.13207118213176727,0.12999132455466628,0.13207118213176727,243490.0
1992-07-27,0.1320711840102443,0.13519097687700798,0.1310312487501639,0.1331111192703247,394531.0
1992-08-03,0.1310312487501639,0.13519097687700798,0.1310312487501639,0.1331111192703247,309244.0
1992-08-10,0.13311111737705647,0.1362308972859693,0.1310312468864781,0.13207118213176727,1756510.0
1992-08-12,,,,,
1992-08-17,0.14732038535673364,0.14732038535673364,0.14384037500618538,0.1450003832578659,216796.0
1992-08-24,0.14384041130953631,0.14616041399394095,0.14036040008068085,0.14036040008068085,236329.0
1992-08-31,0.14036037681163296,0.1450003958157134,0.14036037681163296,0.14384038746356964,462890.0
1992-09-07,0.14384037500618538,0.1450003832578659,0.14268036675450485,0.1450003832578659,220052.0
1992-09-14,0.1450003832578659,0.1461603771050531,0.14384037500618538,0.1450003832578659,384764.0
1992-09-21,0.1450003832578659,0.1450003832578659,0.14384037500618538,0.1450003832578659,136719.0
1992-09-28,0.1450004044842565,0.14848041534423828,0.1426803876412717,0.14848041534423828,322267.0
1992-10-05,0.14848046334891446,0.1531204697260367,0.1450004513638227,0.15080046653747559,204427.0
1992-10-12,0.15196040272712708,0.1531204110793627,0.1496404004271504,0.15196040272712708,211589.0
1992-10-19,0.15080046653747559,0.1531204697260367,0.14848046334891446,0.15080046653747559,169921.0
1992-10-26,0.15080040877938602,0.15428041943159831,0.1496404004271504,0.15196040272712708,192708.0
1992-11-02,0.15080046653747559,0.1531204697260367,0.15080046653747559,0.15080046653747559,180338.0
1992-11-09,0.15080044043787738,0.15312044322490692,0.1450004262680547,0.15312044322490692,201173.0
1992-11-10,,,,,
1992-11-16,0.1672175979648414,0.1698101144962568,0.1672175979648414,0.16851386427879333,203125.0
1992-11-23,0.1659213447300918,0.1672175949239829,0.16462507843971252,0.16462507843971252,141276.0
1992-11-30,0.16592131555080414,0.16721756551673386,0.16462504948838905,0.16592131555080414,452474.0
1992-12-07,0.16592131555080414,0.16721756551673386,0.16203253346004426,0.16592131555080414,209635.0
1992-12-14,0.16462505150298626,0.16721756756305695,0.16462505150298626,0.16721756756305695,197917.0
1992-12-21,0.1659213447300918,0.1672175949239829,0.16462507843971252,0.16462507843971252,91797.0
1992-12-28,0.16592131555080414,0.16851383157914895,0.16592131555080414,0.16592131555080414,100912.0
1993-01-04,0.1672175979648414,0.1698101144962568,0.16592134774737796,0.16851386427879333,384115.0
1993-01-11,0.16851386427879333,0.1698101144962568,0.1672175979648414,0.16851386427879333,199219.0
1993-01-18,0.1698101144962568,0.1698101144962568,0.1672175979648414,0.16851386427879333,182942.0
1993-01-25,0.16851383364133507,0.16851383364133507,0.16592131758126438,0.16721756756305695,361328.0
1993-02-01,0.1672175979648414,0.16851386427879333,0.16592134774737796,0.16851386427879333,405599.0
1993-02-08,0.16851383364133507,0.16981008362312763,0.16592131758126438,0.16721756756305695,443359.0
1993-02-09,,,,,
1993-02-15,0.18669062852859497,0.18669062852859497,0.18090178158172665,0.18669062852859497,223308.0
1993-02-22,0.18669069740743263,0.1997156347998535,0.18524349412226362,0.19826841354370117,570963.0
1993-03-01,0.19826844391246332,0.2040573118527697,0.19682124040562626,0.2026100903749466,643229.0
1993-03-08,0.19971559413253387,0.20550444203641563,0.19826837317107363,0.20116281509399414,236979.0
1993-03-15,0.19971564609305972,0.21129336288400682,0.19971564609305972,0.2083989381790161,268880.0
1993-03-22,0.20550456031295578,0.20839900390175065,0.2026101346951509,0.2069517821073532,229167.0
1993-03-29,0.20550449550304112,0.21129336288400682,0.20405729213603793,0.2083989381790161,223307.0
1993-04-05,0.20405735648954834,0.2069517821073532,0.20405735648954834,0.2069517821073532,196614.0
1993-04-12,0.20405724419475918,0.2069516682197329,0.20405724419475918,0.20550444722175598,1141276.0
1993-04-19,0.20405724419475918,0.2083988892177098,0.20405724419475918,0.20550444722175598,553385.0
1993-04-26,0.20550456031295578,0.2069517821073532,0.2026101346951509,0.2069517821073532,236979.0
1993-05-03,0.20550456031295578,0.20839900390175065,0.20405735648954834,0.2069517821073532,264322.0
1993-05-10,0.20261002319678226,0.2069516682197329,0.19971559917180853,0.20550444722175598,298827.0
1993-05-17,0.22793975472450256,0.22954497156418993,0.22633455781772102,0.22793975472450256,231119.0
1993-05-24,0.22793975472450256,0.22954497156418993,0.22633455781772102,0.22793975472450256,228515.0
1993-05-31,0.2295450669031268,0.231150284409523,0.22793984939673057,0.231150284409523,301432.0
1993-06-07,0.23115022542826974,0.23436063968896542,0.2295450083314674,0.23275542259216309,146484.0
1993-06-14,0.23275545664920175,0.23596589131256085,0.22954504191875458,0.22954504191875458,243491.0
1993-06-21,0.2295450083314674,0.23436063968896542,0.2295450083314674,0.23275542259216309,280599.0
1993-06-28,0.2343607641303614,0.23757118009573083,0.23115034816499194,0.23596598207950592,226563.0
1993-07-05,0.23757105623371205,0.24078149045818248,0.23596585905438608,0.23917627334594727,122396.0
1993-07-12,0.2407815307378769,0.24399194556649972,0.2375710959763415,0.2407815307378769,409505.0
1993-07-19,0.2407813892240488,0.2439918021658239,0.23757095634937286,0.23757095634937286,250651.0
1993-07-26,0.2391763239601629,0.2472023713539833,0.2391763239601629,0.24559715390205383,270182.0
1993-08-02,0.24559716397390227,0.2488075990094199,0.24399196638905768,0.24720238149166107,257812.0
1993-08-09,0.2488075643777847,0.25201797903352907,0.24559712978912887,0.24880756437778473,352213.0
1993-08-11,,,,,
1993-08-16,0.2754231095314026,0.2807197098996739,0.2736575906911393,0.2754231095314026,3311198.0
1993-08-23,0.275422890755432,0.2807194869164714,0.2683607771565284,0.2789539694786072,453774.0
1993-08-30,0.2771884026078372,0.2913126503276263,0.2754228634214682,0.28071945905685425,311848.0
1993-09-06,0.2789540697540074,0.2913127839565277,0.2789540697540074,0.2913127839565277,330078.0
1993-09-13,0.28954722359299023,0.29307830333709717,0.2877817056446664,0.29307830333709717,619141.0
1993-09-20,0.28954711114125725,0.2913126503276263,0.2771884026078372,0.28071945905685425,246094.0
1993-09-27,0.28071945905685425,0.28248499824322326,0.2771884026078372,0.28071945905685425,214844.0
1993-10-04,0.2789539417942063,0.28071945905685425,0.2754228634214682,0.28071945905685425,176432.0
1993-10-11,0.2807197098996739,0.28425079142768184,0.2736575906911393,0.2754231095314026,825521.0
1993-10-18,0.2754229698341776,0.2789540495711874,0.2736574518894023,0.2771885097026825,334636.0
1993-10-25,0.2736573733175678,0.2789539694786072,0.2736573733175678,0.2789539694786072,253906.0
1993-11-01,0.2754228464487373,0.28248498083529355,0.26306413867691364,0.2683607339859009,311848.0
1993-11-08,0.2718918717300241,0.2771884686269218,0.26482975714997814,0.2736574113368988,257812.0
1993-11-09,,,,,
1993-11-15,0.29943837140048174,0.30138278518954326,0.2761055025113858,0.28582754731178284,358073.0
1993-11-22,0.2819385924692585,0.2838830053806305,0.27610537788004214,0.2838830053806305,126953.0
1993-11-29,0.2838830053806305,0.2858274182920025,0.2780497907914141,0.2838830053806305,231770.0
1993-12-06,0.2858274321612137,0.2897162340277545,0.2819386061497721,0.2877718210220337,222005.0
1993-12-13,0.2877719369559338,0.2877719369559338,0.27804991630044734,0.28582754731178284,187500.0
1993-12-20,0.2858274182920025,0.2877718070584748,0.2819385924692585,0.2838830053806305,59896.0
1993-12-27,0.28582754731178284,0.2877719369559338,0.27804991630044734,0.28582754731178284,253907.0
1994-01-03,0.28582763894058316,0.28582763894058316,0.2780500054359436,0.2780500054359436,245442.0
1994-01-10,0.2799941599369049,0.28193854839945,0.27027214518949216,0.2799941599369049,360025.0
1994-01-17,0.27999435337400597,0.29554959254534935,0.27999435337400597,0.29360517859458923,337890.0
1994-01-24,0.28971609129478576,0.29554930329322815,0.2838828792963434,0.29554930329322815,201823.0
1994-01-31,0.29749383776083604,0.29943825076655683,0.2838830191554929,0.2877718210220337,377604.0
1994-02-07,0.2838831335227213,0.2955495679672693,0.2838831335227213,0.28582754731178284,292317.0
1994-02-09,,,,,
1994-02-14,0.31735292821726435,0.3323628787640342,0.31520866858689905,0.32807430624961853,378906.0
1994-02-21,0.3280743062496185,0.3323628787640342,0.32164150073168,0.32807430624961853,387370.0
1994-02-28,0.3259300466192532,0.3323628787640342,0.32164150073168,0.32807430624961853,780599.0
1994-03-07,0.3302186677486773,0.3366515013592092,0.3173530005276135,0.319497287273407,423177.0
1994-03-14,0.3194972062804428,0.3237857520580292,0.3173529200782287,0.3237857520580292,154948.0
1994-03-21,0.319497287273407,0.3259301208839389,0.3173530005276135,0.319497287273407,196615.0
1994-03-28,0.32164147567475093,0.32164147567475093,0.3044872402071446,0.30877581238746643,218750.0
1994-04-04,0.30663160443711746,0.3130644377200571,0.2937659378712382,0.30448731780052185,208333.0
1994-04-11,0.30448731780052185,0.30663160443711746,0.2980545111444295,0.30448731780052185,130859.0
1994-04-18,0.3044873675142673,0.3152087758208858,0.3044873675142673,0.3066316545009613,177083.0
1994-04-25,0.3044873675142673,0.3130644888341918,0.30234310715442486,0.3066316545009613,120442.0
1994-05-02,0.30877594148765536,0.3130644888341918,0.3066316545009613,0.3066316545009613,102214.0
1994-05-09,0.3109201510834615,0.3130644377200571,0.2980545111444295,0.30448731780052185,279947.0
1994-05-10,,,,,
1994-05-16,0.33984956652498105,0.3469792803936727,0.3374729853982897,0.34222614765167236,205078.0
1994-05-23,0.3422261425440874,0.34935585630637106,0.3303432961107419,0.3398495614528656,330729.0
1994-05-30,0.3374726690375981,0.3446023762226105,0.33271954075137466,0.3446023762226105,263021.0
1994-06-06,0.3469792752151492,0.351732407886211,0.33984956145286555,0.3398495614528656,173828.0
1994-06-13,0.34222598022663137,0.34222598022663137,0.32796655946529374,0.3350962698459625,285807.0
1994-06-20,0.33509618697059923,0.33984931621172076,0.3303430577294777,0.33747273683547974,572266.0
1994-06-27,0.33509642878180373,0.3469792752151492,0.33271984769058194,0.3398495614528656,156250.0
1994-07-04,0.33509611965016367,0.3493555340201885,0.33271954075137466,0.3446023762226105,248697.0
1994-07-11,0.34697899922169917,0.35173212811203525,0.34222587033136315,0.3493555784225464,129558.0
1994-07-18,0.3493557514153482,0.3541088826593237,0.34697917103767395,0.34697917103767395,304037.0
1994-07-25,0.344602572583,0.3564854443366522,0.3422260218413667,0.3517322838306427,171875.0
1994-08-01,0.35648556560277206,0.3659918308258057,0.3517324034798738,0.36599183082580566,356770.0
1994-08-08,0.3612386726039145,0.36836838577141234,0.34935582716187785,0.3541089594364166,598307.0
1994-08-09,,,,,
1994-08-15,0.3936040528344659,0.3936040528344659,0.3831079304218292,0.3831079304218292,338541.0
1994-08-22,0.3883559860487699,0.406724192631516,0.3883559860487699,0.401476114988327,241537.0
1994-08-29,0.40410025202414057,0.4067242914834926,0.39098011989581155,0.3936041593551636,249349.0
1994-09-05,0.3962280699293457,0.406724192631516,0.3909800248703644,0.401476114988327,194661.0
1994-09-12,0.4041003109814375,0.4067243508236308,0.3936042167811047,0.39622822403907776,293619.0
1994-09-19,0.39622796318680426,0.3988520013014913,0.38573187589645386,0.38573187589645386,343750.0
1994-09-26,0.3883560299873352,0.3883560299873352,0.38048394521611245,0.3883560299873352,147786.0
1994-10-03,0.39360404500074514,0.39360404500074514,0.3621157109737396,0.3621157109737396,724609.0
1994-10-10,0.36473982344159095,0.375235915184021,0.3621157842138771,0.375235915184021,190755.0
1994-10-17,0.3778599544117348,0.3778599544117348,0.36736383008509216,0.375235915184021,347005.0
1994-10-24,0.36998778485097616,0.37261179089546204,0.36998778485097616,0.37261179089546204,261068.0
1994-10-31,0.37261182188120867,0.37261182188120867,0.36736377677161347,0.369987815618515,278645.0
1994-11-07,0.36998778485097616,0.37261179089546204,0.3621157015491081,0.37261179089546204,246745.0
1994-11-08,,,,,
1994-11-14,0.4156182506071031,0.41854515300533673,0.4126913845539093,0.4126913845539093,240885.0
1994-11-21,0.41561843185659053,0.4185453355312348,0.40976466085235763,0.41854533553123474,172526.0
1994-11-28,0.41561841450798936,0.4243990888203466,0.41561841450798936,0.4214722216129303,189452.0
1994-12-05,0.4214720757141649,0.42732584444768346,0.4126914044413663,0.41561827063560486,203126.0
1994-12-12,0.41561841450798936,0.42732599237281704,0.4097646437481026,0.4214722216129303,225260.0
1994-12-19,0.421472239205879,0.4302529138847561,0.4185453355312348,0.41854533553123474,233073.0
1994-12-26,0.42147197398592634,0.42439883947372437,0.4126913048324668,0.42439883947372437,163412.0
1995-01-02,0.4214720757141649,0.4214720757141649,0.4097645019020863,0.41561827063560486,309245.0
1995-01-09,0.4126914044413663,0.4185451731748849,0.4097645019020863,0.41561827063560486,171874.0
1995-01-16,0.4185453180604598,0.4243990888203466,0.41561841450798936,0.4214722216129303,306641.0
1995-01-23,0.4185451731748849,0.4214720757141649,0.41561827063560486,0.41561827063560486,151041.0
1995-01-30,0.4185451731748849,0.4185451731748849,0.41561827063560486,0.41561827063560486,143880.0
1995-02-06,0.41561827063560486,0.4185451731748849,0.4068376357078478,0.41561827063560486,276693.0
1995-02-07,,,,,
1995-02-13,0.4632120456638034,0.4697361886501312,0.4599500146776678,0.4697361886501312,224610.0
1995-02-20,0.46973621734328647,0.47299824852867856,0.46321207395844083,0.46647414565086365,146484.0
1995-02-27,0.4697361886501312,0.47299821963626687,0.4632120456638034,0.4697361886501312,323568.0
1995-03-06,0.46647411715696735,0.47626029112943075,0.4632120456638034,0.4697361886501312,320964.0
1995-03-13,0.47299824852867856,0.47299824852867856,0.46647414565086365,0.46647414565086365,186848.0
1995-03-20,0.46647411715696735,0.47299821963626687,0.4632120456638034,0.4697361886501312,197265.0
1995-03-27,0.46647414565086365,0.46973621734328647,0.46321207395844083,0.46647414565086365,80078.0
1995-04-03,0.46973621734328647,0.47299824852867856,0.46321207395844083,0.46647414565086365,257163.0
1995-04-10,0.4697360525964609,0.47952222373447184,0.46647398204811835,0.47299808263778687,203776.0
1995-04-17,0.47299824852867856,0.4762603202211014,0.46647414565086365,0.46647414565086365,263672.0
1995-04-24,0.46647411715696735,0.47299821963626687,0.46647411715696735,0.4697361886501312,233724.0
1995-05-01,0.4697360525964609,0.47626015318612935,0.46647398204811835,0.47299808263778687,202473.0
1995-05-08,0.47299808263778687,0.47626015318612935,0.46647398204811835,0.47299808263778687,164062.0
1995-05-09,,,,,
1995-05-15,0.5218900442123413,0.5291385045473901,0.5182657915425962,0.5218900442123413,135417.0
1995-05-22,0.5218896822536737,0.5255138874053955,0.5182654320975418,0.5255138874053955,227865.0
1995-05-29,0.5218897867056188,0.5291382434641916,0.5110170790655502,0.514641284942627,513022.0
1995-06-05,0.5182657915425962,0.525514251877645,0.5146415388728511,0.5218900442123413,245442.0
1995-06-12,0.5218896822536737,0.5255138874053955,0.5218896822536737,0.5255138874053955,204427.0
1995-06-19,0.5255140751936681,0.5327625780961268,0.5255140751936681,0.5291383266448975,238281.0
1995-06-26,0.5291380359522163,0.5436349887885134,0.5291380359522163,0.5363864898681641,220051.0
1995-07-03,0.5327622854123909,0.5363864898681641,0.5291380359522163,0.5363864898681641,164714.0
1995-07-10,0.540011217552184,0.540011217552184,0.5218900442123413,0.5218900442123413,503255.0
1995-07-17,0.5218896822536737,0.5291381375615275,0.5182654320975418,0.5255138874053955,129557.0
1995-07-24,0.5291382486996417,0.5291382486996417,0.5110170841217041,0.5110170841217041,277344.0
1995-07-31,0.5146415388728511,0.5291385045473901,0.5146415388728511,0.5218900442123413,141276.0
1995-08-07,0.5218897918693506,0.5218897918693506,0.5110170841217041,0.5110170841217041,218098.0
1995-08-11,,,,,
1995-08-14,0.5749520762996583,0.5911479328037333,0.5709031498825035,0.5870989561080933,259115.0
1995-08-21,0.5911479328037333,0.5951969094993734,0.5830500296909384,0.5870989561080933,138672.0
1995-08-28,0.5830504060057263,0.5870993350361575,0.5749524473878285,0.5790014266967773,173827.0
1995-09-04,0.5830503702163696,0.5870992989982656,0.579001391155959,0.5830503702163696,219401.0
1995-09-11,0.5830503702163696,0.5870992989982656,0.5749524120955484,0.5830503702163696,350259.0
1995-09-18,0.5830504060057263,0.5870993350361575,0.5790014266967773,0.5790014266967773,161458.0
1995-09-25,0.5790010529952984,0.5870989561080933,0.5749520762996583,0.5870989561080933,255859.0
1995-10-02,0.5830501733337888,0.5951970561347842,0.5830501733337888,0.5911480784416199,238933.0
1995-10-09,0.5870991079132324,0.6073439463476183,0.5870991079132324,0.6032949686050415,201172.0
1995-10-16,0.6032946959880653,0.627588450908661,0.5992457200751408,0.6275884509086609,350261.0
1995-10-23,0.623539720188503,0.6275886976935955,0.6194907426834105,0.6194907426834106,236979.0
1995-10-30,0.6235398650169373,0.6275888434624783,0.6194908865713962,0.6235398650169373,315755.0
1995-11-06,0.6194908865713962,0.6397357285205947,0.6194908865713962,0.6235398650169373,222657.0
1995-11-10,,,,,
1995-11-13,0.6948719966345887,0.70832113672232,0.6948719966345887,0.6993550062179565,2152995.0
1995-11-20,0.6993549645428744,0.7128041038291615,0.6993549645428744,0.7083210945129395,158854.0
1995-11-27,0.7128041038291615,0.717287168814194,0.6903888902416199,0.7083210945129395,236328.0
1995-12-04,0.7128040194511414,0.7172870839054922,0.7083210106655946,0.7128040194511414,156250.0
1995-12-11,0.7083209858909681,0.7307361960411073,0.7038379215934195,0.7307361960411072,227865.0
1995-12-18,0.7262533015825618,0.744185507297516,0.7172872265594923,0.7441855072975159,201173.0
1995-12-25,0.744185507297516,0.7710837880355396,0.744185507297516,0.7441855072975159,239584.0
1996-01-01,0.7397022014371187,0.7666004734291589,0.7397022014371187,0.7576344013214111,223958.0
1996-01-08,0.7576345015942841,0.7576345015942841,0.7352192348550605,0.748668372631073,249999.0
1996-01-15,0.7441853638182717,0.7531514371126785,0.7352192348550605,0.748668372631073,351562.0
1996-01-22,0.7486683524179957,0.7531514167785643,0.7441853437262299,0.7531514167785645,360676.0
1996-01-29,0.74866801607487,0.7666002097922076,0.74866801607487,0.7621171474456787,123697.0
1996-02-05,0.762117556362792,0.7666006211147266,0.7352192791888003,0.7397023439407349,194009.0
1996-02-09,,,,,
1996-02-12,0.8127811948143868,0.862040638923645,0.8127811948143868,0.862040638923645,253255.0
1996-02-19,0.8571150346481293,0.8571150346481293,0.8374112133277538,0.8521890640258789,207682.0
1996-02-26,0.8571147805039061,0.8866704731365594,0.8571147805039061,0.8817445039749146,215494.0
1996-03-04,0.886670419471884,0.886670419471884,0.8669666051864624,0.8669666051864624,355468.0
1996-03-11,0.8718925740499689,0.8768184817448711,0.862040636322956,0.8669666051864624,461589.0
1996-03-18,0.8669667713843695,0.8965224678940396,0.8620408015765525,0.8866705894470215,342448.0
1996-03-25,0.881744605515567,0.9113003015518188,0.881744605515567,0.9113003015518188,295573.0
1996-04-01,0.9063739776611328,0.9704112532716423,0.9014480710256112,0.9063739776611328,259765.0
1996-04-08,0.8965222718742162,0.9260779619216919,0.8965222718742162,0.9260779619216919,240885.0
1996-04-15,0.9211518743486552,0.9408556855610892,0.9211518743486552,0.931003749370575,175131.0
1996-04-22,0.9310035716693548,0.9359295388243896,0.9112998253863814,0.9162257313728333,163411.0
1996-04-29,0.9162262101121176,0.9211521798410311,0.9063743318229053,0.9113003015518188,114584.0
1996-05-06,0.9063743318229053,0.9211521798410311,0.8866705752444807,0.9113003015518188,282551.0
1996-05-10,,,,,
1996-05-13,0.9923232132233564,1.019142746925354,0.9655036795213586,1.019142746925354,7547526.0
1996-05-20,1.0245065689086914,1.0459621668944865,1.0191426361087148,1.0245065689086914,323567.0
1996-05-27,1.0298702563745916,1.056689782506016,1.0298702563745916,1.0513259172439575,335937.0
1996-06-03,1.0513261843830741,1.0513261843830741,1.0245066514368797,1.0352344512939453,319662.0
1996-06-10,1.0405985609563413,1.067418098449707,1.0352346268148391,1.067418098449707,1768880.0
1996-06-17,1.067417344303906,1.0781451384004959,1.003050446510315,1.003050446510315,321615.0
1996-06-24,1.0030512611071267,1.0620542764663696,0.9923234582982862,1.0620542764663696,377604.0
1996-07-01,1.0620540303199544,1.0620540303199544,1.045962296532646,1.0566900968551636,154947.0
1996-07-08,1.0620542764663696,1.0727820792752103,1.0459625389495688,1.0620542764663696,185981.0
1996-07-11,,,,,
1996-07-15,1.0700995693365674,1.0700995693365674,1.029870247194506,1.0459619760513306,202691.0
1996-07-22,1.0459622430660633,1.0459622430660633,0.9976870441718283,1.0298705101013184,228298.0
1996-07-29,1.029870247194506,1.0540078404797428,1.021824382766094,1.0459619760513306,184897.0
1996-08-05,1.0459619058277219,1.0942370891571045,1.0459619058277219,1.0942370891571045,306424.0
1996-08-12,1.0942374298064594,1.1103291625924714,1.0540080978414295,1.0700998306274414,213109.0
1996-08-13,,,,,
1996-08-19,1.1530500019355117,1.1700066258040067,1.1191367541985215,1.1360933780670166,450521.0
1996-08-26,1.144572113136351,1.1615287432735164,1.119137167930603,1.119137167930603,243923.0
1996-09-02,1.127615066132769,1.1530500019355117,1.1191367541985215,1.1360933780670166,179688.0
1996-09-09,1.1445721452750508,1.1445721452750508,1.0937022534351675,1.110658884048462,270833.0
1996-09-16,1.1021811126116003,1.110659432101863,1.0767461541408128,1.093702793121338,299044.0
1996-09-23,1.0937020768523056,1.1276153326034546,1.076745448976731,1.1276153326034546,231770.0
1996-09-30,1.127615155939475,1.1530500937679333,1.1106585307205026,1.1445717811584473,145399.0
1996-10-07,1.1445716343095824,1.1615282573530152,1.1445716343095824,1.1530499458312988,229601.0
1996-10-14,1.1530500019355117,1.1530500019355117,1.1191367541985215,1.1360933780670166,191406.0
1996-10-21,1.136093468548961,1.1530500937679333,1.127615155939475,1.1445717811584473,116753.0
1996-10-28,1.1530500937679333,1.1530500937679333,1.136093468548961,1.1445717811584473,168837.0
1996-11-04,1.1445715276997934,1.1869630813598633,1.1445715276997934,1.1869630813598633,116320.0
1996-11-11,1.1954419030262062,1.2039202173818693,1.1700069599592173,1.1784852743148804,313369.0
1996-11-12,,,,,
1996-11-18,1.2395177723675064,1.3108569502264562,1.221682977902769,1.2930221557617188,286459.0
1996-11-25,1.2841048508059216,1.3376092380449924,1.2841048508059216,1.328691840171814,166667.0
1996-12-02,1.3376092249860976,1.4000308618450066,1.3108570316277401,1.3465266227722168,306859.0
1996-12-09,1.346526089283291,1.3911130605486848,1.3376086950302124,1.3376086950302124,187935.0
1996-12-16,1.3465270053046845,1.4089486598968506,1.3376096049852368,1.4089486598968506,322482.0
1996-12-23,1.4089480091463282,1.4178654053471,1.3911133643886837,1.4000306129455566,76389.0
1996-12-30,1.4089482759131087,1.4446178674697876,1.3911136277786962,1.4446178674697876,184895.0
1997-01-06,1.4446180540242615,1.4446180540242615,1.4178658569020384,1.4357006549835205,274305.0
1997-01-13,1.4357008608551933,1.444618261174641,1.4089486598968506,1.4089486598968506,297310.0
1997-01-20,1.4178658569020384,1.4357006549835205,1.4089484578612974,1.4357006549835205,540798.0
1997-01-27,1.4356999885292174,1.471369568134304,1.4356999885292174,1.4624521732330322,363716.0
1997-02-03,1.4624526632481272,1.4624526632481272,1.435700469580618,1.4446178674697876,212673.0
1997-02-10,1.4178658569020384,1.4446180540242615,1.4089484578612974,1.4357006549835205,221354.0
1997-02-17,1.5102368109217899,1.5195592641830444,1.5009143576605353,1.5195592641830444,308160.0
1997-02-24,1.5102371482220793,1.5288820589087913,1.4915922375353672,1.5009146928787231,253038.0
1997-03-03,1.5102381013005255,1.5195605625270843,1.4822707176208496,1.4822707176208496,264323.0
1997-03-10,1.4822699345663504,1.510237303471407,1.444980263710022,1.444980263710022,485242.0
1997-03-17,1.4356582271306337,1.4356582271306337,1.3517560958862305,1.3517560958862305,455294.0
1997-03-24,1.3517562846602214,1.3517562846602214,1.2305643003826239,1.23988676071167,222656.0
1997-03-31,1.23988673975836,1.3237888813018799,1.1373397550470747,1.3237888813018799,740451.0
1997-04-07,1.3237888275193899,1.4729480298529525,1.3237888275193899,1.45430326461792,477430.0
1997-04-14,1.4449810270651102,1.4915931788474082,1.4356585658385514,1.4822707176208496,242187.0
1997-04-21,1.4822702281477216,1.4915926862958315,1.454303008053836,1.4636253118515015,263020.0
1997-04-28,1.4729480830145738,1.5009154634022286,1.4729480830145738,1.4915930032730103,249133.0
1997-05-05,1.4915926862958315,1.5009151444439417,1.454303008053836,1.4636253118515015,736110.0
1997-05-09,,,,,
1997-05-12,1.5309779027195243,1.5504808141658006,1.4627178741108464,1.4724693298339844,230034.0
1997-05-19,1.4627172946929932,1.4822201984136953,1.4529658428326422,1.4627172946929932,269965.0
1997-05-26,1.4529658428326422,1.4724687465533444,1.4529658428326422,1.4627172946929932,199219.0
1997-06-02,1.472469550164824,1.4919724645293901,1.4627180929825407,1.482221007347107,257378.0
1997-06-09,1.4919724645293901,1.5017239217116733,1.4334637214356911,1.482221007347107,318142.0
1997-06-16,1.4724687465533444,1.4919716502740465,1.4529658428326422,1.4627172946929932,335936.0
1997-06-23,1.4627175708063709,1.482220478208586,1.4529661171052632,1.4773447513580322,234809.0
1997-06-30,1.4822205009969733,1.5065991356245514,1.472469047145942,1.5017234086990356,206597.0
1997-07-07,1.5114751527265369,1.5309779027195243,1.4627178741108464,1.4724693298339844,286892.0
1997-07-14,1.4773452787559656,1.5114753788939566,1.4675938215736823,1.482221007347107,224392.0
1997-07-21,1.4724697182650182,1.4968483640038428,1.4627182599694881,1.487096905708313,278212.0
1997-07-28,1.4870964129016884,1.5163507780937182,1.4822206853696833,1.4968478679656982,191407.0
1997-08-04,1.5163508970743962,1.7747643150938266,1.5163508970743962,1.7308827638626099,665799.0
1997-08-11,1.7162555636186336,1.7503856586925612,1.691876924280114,1.7406342029571533,243923.0
1997-08-15,,,,,
1997-08-18,1.8054927268131205,1.9529837369918823,1.8004068299104043,1.9529837369918823,293838.0
1997-08-25,1.952984815486669,1.952984815486669,1.8868681192398071,1.8868681192398071,202691.0
1997-09-01,1.8868671057624604,1.9326401785784215,1.7546337842941284,1.7546337842941284,210503.0
1997-09-08,1.7495491037014834,1.9122979201994366,1.7292055016392394,1.8665248155593872,272135.0
1997-09-15,1.8563520261899977,1.8665238218055655,1.739376376610966,1.759719967842102,439236.0
1997-09-22,1.7698925155794107,1.86652461499144,1.7088617159507606,1.7902361154556274,412327.0
1997-09-29,1.80040760204103,1.8410947947120437,1.7597204093700165,1.7953217029571533,440104.0
1997-10-06,1.7851489350480176,1.861437379864213,1.7851489350480176,1.8054925203323364,191407.0
1997-10-13,1.790235354688806,1.800407150304374,1.7444622744187501,1.759719967842102,226129.0
1997-10-20,1.7546339993424533,1.774977589753973,1.7342904089309334,1.7393763065338135,268663.0
1997-10-27,1.7342905862774163,1.8512662431054459,1.6376585219412179,1.8360085487365723,444878.0
1997-11-03,1.8360091436374402,1.947898938596872,1.8360091436374402,1.9428130388259888,330728.0
1997-11-06,,,,,
1997-11-10,2.010702325281606,2.0212849727876185,1.878419231456448,1.9313324689865112,259983.0
1997-11-17,1.9313322802162785,2.074198007583618,1.9313322802162785,2.074198007583618,262154.0
1997-11-24,2.068907267737409,2.113883440316714,2.047741968825917,2.1059465408325195,171874.0
1997-12-01,2.111237674378715,2.148276768904546,2.031867810647904,2.1376941204071045,394966.0
1997-12-08,2.153568243327559,2.1906075156514553,2.0477419261887952,2.0583245754241943,290365.0
1997-12-15,2.0689072415592062,2.291142702102661,2.0636159168982853,2.291142702102661,491320.0
1997-12-22,2.2911428489227657,2.381095373922725,2.2911428489227657,2.3705127239227295,173612.0
1997-12-29,2.349346259910645,2.5609991550445557,2.349346259910645,2.5609991550445557,602431.0
1998-01-05,2.5398351992584116,2.5398351992584116,2.3599301439222087,2.3916780948638916,821180.0
1998-01-12,2.381094194180732,2.5680541931439684,2.3387636151539497,2.5609991550445557,289606.0
1998-01-13,,,,,
1998-01-19,2.532779328189489,2.836148500442505,2.4622284027205827,2.836148500442505,371745.0
1998-01-26,2.8290928136981126,2.906698761407768,2.59627462013883,2.603329658508301,583008.0
1998-02-02,2.6174401473026676,2.63860543954139,2.24352010122869,2.5327789783477783,929363.0
1998-02-09,2.5398342746031703,2.5398342746031703,2.384622184911176,2.4198975563049316,1303386.0
1998-02-11,,,,,
1998-02-16,2.481487965269299,2.5683039042850786,2.4742533635762167,2.5176613330841064,877279.0
1998-02-23,2.517660834304184,2.539364814758301,2.4597834932016536,2.539364814758301,347981.0
1998-03-02,2.5465990185140748,2.582772373530318,2.459783110214798,2.467017889022827,381185.0
1998-03-09,2.4670190442124804,2.474253646733502,2.31509113354801,2.3295605182647705,556314.0
1998-03-16,2.351264589366859,2.4814885273895615,2.2644488103597955,2.452549934387207,548828.0
1998-03-23,2.459783531793865,2.5031914933831367,2.3657330082419974,2.481487512588501,296549.0
1998-03-30,2.539364065519587,2.611710585795932,2.4525481693181295,2.5321292877197266,614909.0
1998-04-06,2.5321304237916973,2.5321304237916973,2.394671919691783,2.4091413021087646,290039.0
1998-04-13,2.416376143908744,2.54660005959476,2.329560379792774,2.4236109256744385,435546.0
1998-04-20,2.4308452196864208,2.4380798208605134,2.2572133541107178,2.2572133541107178,383139.0
1998-04-27,2.2572139989273103,2.4959578822956843,2.2572139989273103,2.4742538928985596,417969.0
1998-05-04,2.4887227164849746,2.5610692715633774,2.481487935204848,2.5104265213012695,339192.0
1998-05-11,2.495956543096038,2.510425741814216,2.380202054977417,2.380202054977417,239258.0
1998-05-18,2.4322928553307506,2.4322928553307506,2.2839823782577184,2.3803842067718506,430339.0
1998-05-25,2.358137357489843,2.3655530094446866,2.2691510073644547,2.335890769958496,254557.0
1998-06-01,2.335891475317568,2.335891475317568,2.2394896282938777,2.291398286819458,404297.0
1998-06-08,2.29881357798386,2.432292938232422,2.291397924960827,2.432292938232422,452149.0
1998-06-15,2.4545394082818306,2.49161711907408,2.4248773501479963,2.4397084712982178,1523437.0
1998-06-22,2.432292720715855,2.49161701876174,2.3729686068365714,2.476785898208618,368164.0
1998-06-29,2.491617927368304,2.6102663825604457,2.461955859611936,2.580604314804077,501953.0
1998-07-06,2.588019609451294,2.602850734402778,2.5064488826347717,2.588019609451294,283202.0
1998-07-13,2.595435256598927,2.6028509116630207,2.565773188842559,2.580604314804077,236655.0
1998-07-20,2.5806045520497674,2.5806045520497674,2.4397094870456146,2.4916181564331055,429363.0
1998-07-27,2.469370629522337,2.588019051033425,2.4322929172272274,2.5361104011535645,360027.0
1998-08-03,2.5435259034849254,2.639927735723427,2.499032721810752,2.6250967979431152,522462.0
1998-08-10,2.6325131756197577,2.8549791607895094,2.461956043100736,2.8475635051727295,686197.0
1998-08-13,,,,,
1998-08-17,2.9164448770079496,3.0987227525540453,2.7645467731339344,2.8556857109069824,682618.0
1998-08-24,2.8632800266176854,3.1291017532348637,2.8632800266176854,3.1291017532348633,676758.0
1998-08-31,3.14429065926819,3.356947823589089,3.0759364898986856,3.1898601055145264,985351.0
1998-09-07,3.174670361569727,3.258214219178667,3.1063160047473666,3.227834463119507,361979.0
1998-09-14,3.2202397695123777,3.2961885929107666,3.0987211239347614,3.2961885929107666,583984.0
1998-09-21,3.2961888597333586,3.425302171756586,3.220240030187002,3.303783893585205,617839.0
1998-09-28,3.3189729143574356,3.3645423537876495,3.1291003129387014,3.1518850326538086,434245.0
1998-10-05,3.1594800642065826,3.288593357854631,2.7949247157107813,2.8025195598602295,431314.0
1998-10-12,2.817710330516871,2.9620135468561593,2.817710330516871,2.924039125442505,373373.0
1998-10-19,2.92403809105247,3.0987208204522845,2.92403809105247,2.992392063140869,508463.0
1998-10-26,2.9923930393272316,2.999988074298099,2.870874554630304,2.9847981929779053,483725.0
1998-11-02,2.9772026633584447,3.258214177249671,2.9772026633584447,3.2430241107940674,381510.0
1998-11-06,,,,,
1998-11-09,3.3039603233337402,3.44356432949012,3.249669748083974,3.3039603233337402,304036.0
1998-11-16,3.2962048244582265,3.2962048244582265,3.1410893712896457,3.1643567085266113,370442.0
1998-11-23,3.1643559499067457,3.1798675685515767,3.1410886182478697,3.1566002368927,263672.0
1998-11-30,3.1565994317644934,3.2651803493499756,3.1100647803159567,3.2651803493499756,496094.0
1998-12-07,3.2496690122425007,3.4978537274669796,3.2419134927011783,3.4590749740600586,369793.0
1998-12-14,3.459073927251303,3.4745853468732117,3.28844715571035,3.4435625076293945,441081.0
1998-12-21,3.459075561500372,3.5211216545351607,3.4358082284581384,3.505610227584839,192058.0
1998-12-28,3.5056109392592205,3.7305284092501587,3.5056109392592205,3.6684823036193848,277995.0
1999-01-04,3.668480535057824,3.6917478616064656,3.474586018741347,3.567655324935913,284831.0
1999-01-11,3.552144888735493,3.552144888735493,3.350494797727389,3.3737621307373047,262694.0
1999-01-18,3.3970293893986727,3.4513195750779286,3.2651813003059886,3.2729368209838867,148438.0
1999-01-25,3.2574256775814265,3.265181584167083,3.0635312874249903,3.1488447189331055,326497.0
1999-02-01,3.1488451633705132,3.1488451633705132,3.0247527592696333,3.07904314994812,412110.0
1999-02-08,3.048017457506646,3.048017457506646,2.947192478527243,2.9549481868743896,377278.0
1999-02-15,3.0303094399811337,3.038242124286183,2.990645624432079,3.014443874359131,638346.0
1999-02-22,3.0065104625867893,3.0065104625867893,2.728864411959467,2.7367970943450928,816732.0
1999-03-01,2.736797743294879,2.863721676620391,2.6812685594046997,2.7923269271850586,1154948.0
1999-03-08,2.8161267915877386,2.863723318500164,2.673337210850463,2.6892027854919434,1402995.0
1999-03-15,2.6892005734432414,2.8240571574251403,2.506747501700236,2.784393548965454,1530598.0
1999-03-22,2.816126585006714,2.950983270024635,2.6812698999887927,2.816126585006714,1152994.0
1999-03-29,2.8002609197983177,2.8795885875758973,2.6733369271709826,2.8716557025909424,702799.0
1999-04-05,2.824059018038767,3.1572346518771948,2.824059018038767,3.149301767349243,1128581.0
1999-04-12,3.1334357805603763,3.2682924270629883,3.0065118200249934,3.2682924270629883,1271810.0
1999-04-19,3.2524265283744196,3.2603592130568924,3.0620405198997704,3.1096370220184326,805012.0
1999-04-26,3.117570248440719,3.117570248440719,2.863722324371338,2.863722324371338,662435.0
1999-05-03,2.86372165483485,2.958914653357786,2.7764613405181917,2.800259590148926,793945.0
1999-05-10,2.7764610262845606,2.9509814381541473,2.7764610262845606,2.8954522609710693,569010.0
1999-05-17,2.9781061156012667,3.214076217640351,2.9130108105135157,3.0676119327545166,708333.0
1999-05-24,3.0838868408403384,3.108297563151252,2.7746844929569017,2.8641903400421143,557944.0
1999-05-31,2.9455584958527634,3.035064519155011,2.9130109428711046,2.95369553565979,622721.0
1999-06-07,2.9374225069748556,3.0187915139838326,2.847916457807436,2.8641903400421143,458985.0
1999-06-14,2.880464289627329,3.059476190065588,2.815368961248775,3.026928424835205,765951.0
1999-06-21,3.0269286078167927,3.0676132157731004,2.978107361184337,3.010654926300049,503254.0
1999-06-28,3.043201208114624,3.0838857989144643,2.9781061053334454,3.043201208114624,691080.0
1999-07-05,3.010654339393287,3.010654339393287,2.8479161413749945,2.9211483001708984,529623.0
1999-07-12,2.937422367957161,3.2059400985870217,2.937422367957161,3.197803258895874,781901.0
1999-07-19,3.1815289224282535,3.197802801565355,2.88860051253561,2.945558786392212,893229.0
1999-07-26,2.9455596841978267,2.986244293400151,2.7828216515529896,2.978107452392578,859048.0
1999-08-02,2.9618323733846674,3.01065380389823,2.9048741051462272,2.95369553565979,570639.0
1999-08-09,2.9211480401088825,2.9618326365119607,2.8316422109371437,2.8479158878326416,569336.0
1999-08-13,,,,,
1999-08-16,2.9417454816484687,3.2760347975323647,2.8247443352438544,3.2593202590942383,910157.0
1999-08-23,3.2760343121383353,3.384678277003685,3.2426054477691646,3.242605447769165,1034179.0
1999-08-30,3.2593184645516002,3.2843901546275656,3.025316093027252,3.2509613037109375,660807.0
1999-09-06,3.2676772257154045,3.2927489280700684,3.209176656072547,3.2927489280700684,371420.0
1999-09-13,3.301106270335542,3.30946343519256,3.0921754884774932,3.1088898181915283,489257.0
1999-09-20,3.0921755298077147,3.1673906371884315,3.042032124887237,3.050389289855957,527343.0
1999-09-27,3.0420315650565337,3.1506755198722614,3.0420315650565337,3.058746099472046,549479.0
1999-10-04,3.0671030327377937,3.092174728702583,2.9417445529138457,3.075460195541382,532878.0
1999-10-11,3.0503892547798737,3.0671037920791937,2.8414584725317136,2.9417452812194824,473958.0
1999-10-18,2.9501024460921044,2.983531520690745,2.8498158449584117,2.9417452812194824,383138.0
1999-10-25,2.9250300197526444,3.092174728702583,2.8414577690546876,3.075460195541382,792644.0
1999-11-01,3.0921750937848382,3.234247915990002,3.0754605586502106,3.217533588409424,491211.0
1999-11-08,3.2008176207471104,3.209174780797148,3.0336731744226184,3.0420303344726562,412110.0
1999-11-09,,,,,
1999-11-15,3.1362053600432676,3.1619117572667137,3.0076723098754883,3.0076723098754883,485352.0
1999-11-22,3.01624040682156,3.0933602189700737,2.947689604562921,3.084791421890259,363607.0
1999-11-29,3.1019289826106107,3.230462001472528,3.050515775065844,3.093360185623169,636068.0
1999-12-06,3.0419471833033307,3.110498202257833,2.8362943392498963,2.9476897716522217,1171550.0
1999-12-13,2.947690702388502,3.059085957153918,2.862001848436515,2.8791396617889404,770183.0
1999-12-20,2.8705709624380558,2.964828407164842,2.776313304901123,2.776313304901123,445314.0
1999-12-27,2.7848809661729224,2.879138585148868,2.767743372039158,2.836294174194336,542969.0
2000-01-03,2.802020035741831,2.8362954522643493,2.673486957769693,2.810588836669922,805012.0
2000-01-10,2.7420391027901783,2.973398523071891,2.7334702984272234,2.8962788581848145,1210610.0
2000-01-17,2.887708061570974,2.956259092663362,2.853432652429835,2.9305524826049805,596029.0
2000-01-24,2.9134143015134293,3.0162407286840365,2.793450278354443,2.8191568851470947,995442.0
2000-01-31,2.8105874692194224,2.870569684963048,2.6135036540905148,2.630641460418701,771810.0
2000-02-07,2.6477807586433766,2.7249006175568034,2.4678346339889035,2.4849722385406494,914713.0
2000-02-11,,,,,
2000-02-14,2.5569326606155163,2.6011703396164663,2.468457522344099,2.5480852127075195,636719.0
2000-02-21,2.539236723971669,2.59232183371481,2.406524169344228,2.5215418338775635,655925.0
2000-02-28,2.539236995705765,2.6365597805599026,2.4861518802817693,2.5923221111297607,930014.0
2000-03-06,2.6100176521726572,2.618865099621838,2.3357445839433373,2.3888297080993652,1516926.0
2000-03-13,2.362286827439045,2.716187534174712,2.353439381183047,2.671949863433838,2087565.0
2000-03-20,2.680797415990888,2.680797415990888,2.4773046059207853,2.6365599632263184,920898.0
2000-03-27,2.6542555226851756,2.7250355469077068,2.539237598795208,2.5657801628112793,1652019.0
2000-04-03,2.5834738703823117,3.1851048469543457,2.56577876410771,3.1851048469543457,1661458.0
2000-04-10,3.211648103337344,3.317818105160297,3.1762578829992765,3.3001232147216797,1046223.0
2000-04-17,3.2824283163571786,3.415141101862419,3.220495756364876,3.353208541870117,876302.0
2000-04-24,3.3532084694040702,3.406293582458946,3.273580799821756,3.3974459171295166,1079101.0
2000-05-01,3.415142655795271,3.530160382324181,3.282429809904017,3.4505326747894287,972331.0
2000-05-08,3.423989166622236,3.4328368337423045,3.1408686528504,3.388599157333374,601237.0
2000-05-11,,,,,
2000-05-15,3.443485281982664,3.4889137131538766,3.198170941332074,3.2163424491882324,562175.0
2000-05-22,3.2072549135684993,3.4071404933929443,3.1436550076348135,3.4071404933929443,577473.0
2000-05-29,3.3889695690480437,3.625197944313958,3.3707980687791164,3.5525121688842773,694987.0
2000-06-05,3.5434258990246046,3.56159739604968,3.298111930239017,3.398054599761963,393555.0
2000-06-12,3.4071415256206956,3.46165581169265,3.2072558852388884,3.2254273891448975,640949.0
2000-06-19,3.2072554197274785,3.2345125588072663,2.93468425457564,3.1254842281341553,1010743.0
2000-06-26,3.1073135368942353,3.198170615629884,2.977842092514038,2.977842092514038,989258.0
2000-07-03,3.016455309983553,3.152740763388667,2.9074267667426517,3.070969581604004,477213.0
2000-07-10,3.0618839354082117,3.2163411244529696,3.0618839354082117,3.1618268489837646,504882.0
2000-07-17,3.1981694687347417,3.2981123774557117,2.9801123774497302,3.09822678565979,444987.0
2000-07-24,3.0618835290402395,3.2163406975857054,2.980112126688993,2.998283624649048,1013671.0
2000-07-31,3.0255414103994323,3.4616554245558597,3.0073699085256465,3.3798840045928955,644857.0
2000-08-07,3.4071421894078098,3.4343993377540856,3.261770806776376,3.4162280559539795,608073.0
2000-08-11,,,,,
2000-08-14,3.4876746091094755,3.4876746091094755,3.3384692992927687,3.3757705688476562,325847.0
2000-08-21,3.3571197271562605,3.3757702443422932,3.2545409562445458,3.291842222213745,260742.0
2000-08-28,3.282517446471463,3.5716028213500977,3.207914903559203,3.5716028213500977,527994.0
2000-09-04,3.571601382589779,3.6275533830332236,3.385094868843014,3.566938638687134,650391.0
2000-09-11,3.534299060542459,3.534299060542459,3.4317203467920288,3.4900035858154297,1941406.0
2000-09-18,3.478348184401355,3.506324185095074,3.2731909231797727,3.422396183013916,870117.0
2000-09-25,3.4410484003329733,3.5343019365716475,3.347795095691492,3.4596991539001465,741537.0
2000-10-02,3.4690240149744724,3.4876747663915793,3.263866675774968,3.2731921672821045,610027.0
2000-10-09,3.310492242291717,3.3384682435098254,3.226564238637392,3.2825162410736084,499999.0
2000-10-16,3.3104936146311403,3.4223976658925293,3.189264302963695,3.198589563369751,626626.0
2000-10-23,3.21723898209705,3.319817498832059,3.1612869796608334,3.2825162410736084,366211.0
2000-10-30,3.31049380416471,3.5436271804409794,3.2918430506876195,3.4410483837127686,929037.0
2000-11-06,3.459697121983571,3.5809263699780014,3.4223958683538367,3.5436251163482666,591471.0
2000-11-13,3.5249756154484997,3.618229129768056,3.4783490898858602,3.599578380584717,446290.0
2000-11-20,3.66903449082271,3.7265128590578205,3.6498749554393295,3.6786141395568848,278971.0
2000-11-27,3.688194026206091,3.688194026206091,3.5349182189691084,3.6786141395568848,430989.0
2000-12-04,3.6881970631487686,3.783994343117199,3.400804985328251,3.628323554992676,759635.0
2000-12-11,3.6043725973394616,3.8318910598754883,3.5205501060536055,3.8318910598754883,802603.0
2000-12-18,3.8558403212553314,4.251004219055176,3.7959668447968027,4.251004219055176,786458.0
2000-12-25,4.2390278890939666,4.777887310066756,4.2150784123111675,4.694064617156982,886197.0
2001-01-01,4.526421596476482,4.526421596476482,4.071384630648231,4.107308864593506,902605.0
2001-01-08,4.1192824002897135,4.1192824002897135,3.7480682372363456,3.8558402061462402,690886.0
2001-01-15,3.9995368447172255,4.1192833457124625,3.855841091105971,4.059410095214844,1162499.0
2001-01-22,4.107310832104787,4.382728187629726,3.9276907659112936,4.1192851066589355,761719.0
2001-01-29,4.138443920132532,4.23424094892208,4.015823380684029,4.0618062019348145,573958.0
2001-02-05,4.109702447140493,4.343447810618935,4.100122559218957,4.218911170959473,483333.0
2001-02-12,4.197838135842936,4.567615933289425,4.197838135842936,4.406676292419434,910157.0
2001-02-19,4.518237555587984,4.527996333429543,4.235237845338078,4.414796352386475,490105.0
2001-02-26,4.391374249219061,4.570932690108967,4.381615474973131,4.561173915863037,495312.0
2001-03-05,4.639243982028659,4.7309749350768335,4.588499116986606,4.617774963378906,986719.0
2001-03-12,4.606062873842473,4.684131604662773,4.410890804434074,4.490911483764648,910416.0
2001-03-19,4.510430384620373,4.62558182165634,4.098617067831775,4.246947765350342,614063.0
2001-03-26,4.24695049471514,4.635343577727981,4.153268016264236,4.598260879516602,1127603.0
2001-04-02,4.647051763000465,4.7192656615051884,4.3523417740470105,4.547513961791992,854687.0
2001-04-09,4.557273127156748,4.684134841823231,4.479204342383863,4.526045322418213,522657.0
2001-04-16,4.5279981804983915,4.557274041249798,4.049825869011379,4.15717077255249,1047135.0
2001-04-23,4.205961805861112,4.662665123523286,4.176685958379121,4.627533912658691,2008854.0
2001-04-30,4.6080166010591,4.678278534390189,4.449927129885281,4.518237113952637,710155.0
2001-05-07,4.508479006481502,4.7309750570258045,4.410892687753216,4.672423362731934,607031.0
2001-05-11,,,,,
2001-05-14,4.7449549873597086,4.957386074611315,4.7449549873597086,4.852163314819336,703646.0
2001-05-21,4.864077361653163,4.868048005655338,4.596056672718538,4.814444065093994,764322.0
2001-05-28,4.84422209291981,4.854148452195208,4.435242482214076,4.467008113861084,614062.0
2001-06-04,4.468994951906606,4.729074345468379,4.435244232312356,4.582159042358398,570053.0
2001-06-11,4.586128386338223,4.764808277645756,4.467008130090704,4.649659156799316,792447.0
2001-06-18,4.709220062599458,4.864076125455776,4.367741806814827,4.506715297698975,1294010.0
2001-06-25,4.486862010278156,5.062609672546387,4.397521804781655,5.062609672546387,1136199.0
2001-07-02,5.042755002876239,5.042755002876239,4.826353299966636,4.973268032073975,545051.0
2001-07-09,4.953416446889271,4.963343301133242,4.629806323625253,4.8442230224609375,796614.0
2001-07-16,4.846208098411198,5.0129765871975325,4.832310601079711,4.933563232421875,574479.0
2001-07-23,4.953416350204191,5.122169910674798,4.887900000987693,5.0427565574646,690365.0
2001-07-30,5.044740548583287,5.1618757247924805,5.038784831883798,5.1618757247924805,644270.0
2001-08-06,5.181730092067733,5.221437015535931,5.1122430992643455,5.215480804443359,957030.0
2001-08-13,5.330627907240397,5.729680548209969,5.310774701466458,5.6284284591674805,1289843.0
2001-08-15,,,,,
2001-08-20,5.710195218368602,5.8612586368679365,5.571216773303902,5.780691146850586,1050000.0
2001-08-27,5.780689474694771,5.851185883011113,5.5591301918029785,5.5591301918029785,764061.0
2001-09-03,5.569202876620853,5.669911489081957,5.315416432883562,5.418139457702637,831249.0
2001-09-10,5.377854267861422,5.377854267861422,5.246932506561279,5.246932506561279,175521.0
2001-09-17,5.238875726942161,5.639697147269806,4.80985604347892,5.152266025543213,2069009.0
2001-09-24,5.353686430931604,5.508778193611963,5.250963393347463,5.2892327308654785,1392187.0
2001-10-01,5.2993014625153645,5.5248895849278,5.236862196627981,5.440293788909912,702083.0
2001-10-08,5.448351426349436,6.203667921573023,5.347642326880594,5.599414825439453,1311458.0
2001-10-15,5.601428879694607,5.796804347544529,5.4584221248906335,5.690052509307861,920052.0
2001-10-22,5.690054682748113,5.881401899624236,5.488636901980987,5.814933776855469,689583.0
2001-10-29,5.784716517938055,5.831042976125324,5.609483242034912,5.609483242034912,808853.0
2001-11-05,5.65983567807399,5.951891709710071,5.647750714747412,5.88139533996582,1433334.0
2001-11-12,5.88341361759619,5.970022828474956,5.804860554004028,5.849172115325928,1100782.0
2001-11-14,,,,,
2001-11-19,5.936157196532787,6.056761261491,5.885054063126118,6.050628662109375,604948.0
2001-11-26,6.0506305713361925,6.212116990909251,6.0506305713361925,6.126263618469238,1975781.0
2001-12-03,6.132394241821376,6.150280313005202,5.97397366633855,6.127283573150635,925834.0
2001-12-10,6.127285175133421,6.127285175133421,5.572814285140514,5.657135009765625,854584.0
2001-12-17,5.695463528945834,6.101735233804838,5.667357122055427,6.094069480895996,1446875.0
2001-12-24,6.030190568377484,6.122176559757759,5.894766663123339,5.940759658813477,744376.0
2001-12-31,5.9407574410521145,5.943312521914538,5.7440096149929545,5.830885410308838,1220208.0
2002-01-07,5.805334964236456,5.851327953673152,5.698018496549864,5.761897563934326,916667.0
2002-01-14,5.761896090906049,5.764451171721709,5.391397188661624,5.572813510894775,1249375.0
2002-01-21,5.636692185405086,5.80277748902546,5.59580937577096,5.78744649887085,712709.0
2002-01-28,5.787450253423292,5.999529172757139,5.751678089077518,5.825778007507324,893334.0
2002-02-04,5.828333089579763,5.8998779259371315,5.631585170346364,5.825778007507324,582709.0
2002-02-08,,,,,
2002-02-11,5.949314190463295,6.101927175521569,5.913101131403747,6.034673690795898,864999.0
2002-02-18,6.0346730126667785,6.0579532008196155,5.8199807421702126,6.013979911804199,555834.0
2002-02-25,6.037257226136832,6.164003372192383,5.933790743229886,6.164003372192383,706042.0
2002-03-04,6.267472409130496,6.365765795880004,6.127792820097523,6.207979679107666,775833.0
2002-03-11,6.20797991456793,6.20797991456793,5.9803537376841565,6.101926803588867,806874.0
2002-03-18,6.153657304647989,6.298509986879247,6.130377638719127,6.241603851318359,646458.0
2002-03-25,6.207978013219844,6.298510627622578,6.078644752502441,6.078644752502441,965834.0
2002-04-01,6.0631257701724,6.195045624656123,5.92085962320404,5.951899528503418,595417.0
2002-04-08,5.923449361010433,6.31920862197876,5.9027562510628435,6.31920862197876,834792.0
2002-04-15,6.267470383912997,6.337310412823361,6.182110919603245,6.27264404296875,771876.0
2002-04-22,6.290752140929518,6.298511860573316,6.091579322409581,6.156245708465576,741875.0
2002-04-29,6.1562493505023745,6.414915561676025,6.083823201955275,6.414915561676025,1028542.0
2002-05-06,6.414911505633696,6.4666445095892815,6.1665922643705136,6.182112216949463,1181251.0
2002-05-10,,,,,
2002-05-13,6.147685686459179,6.147685686459179,5.637558634917391,5.7500481605529785,3071042.0
2002-05-20,5.752664644719416,5.886082829185753,5.585238576058666,5.702960014343262,1324584.0
2002-05-27,5.702960416889686,5.702960416889686,5.415196418762207,5.415196418762207,1393542.0
2002-06-03,5.480596002134903,5.480596002134903,4.837051343241212,5.271313190460205,3009167.0
2002-06-10,5.362873673346082,5.375953944312032,4.946924071234731,5.179750919342041,1963749.0
2002-06-17,5.310554104271246,5.650638614308836,5.198064064742786,5.218992710113525,2093124.0
2002-06-24,5.232071322735911,5.360257025963378,4.857978012657669,5.2843918800354,4176458.0
2002-07-01,5.2320744163320425,5.234690367779829,4.8213565252727895,4.844900608062744,1369792.0
2002-07-08,4.834434811794055,5.114350337375732,4.538822544468715,4.766417503356934,3168126.0
2002-07-15,4.76903354585283,4.76903354585283,4.190889791406875,4.258906841278076,2943959.0
2002-07-22,4.27983582882583,4.8762921363291,4.2013547015385715,4.800426959991455,2888333.0
2002-07-29,4.813504974502478,5.284391517139291,4.813504974502478,5.054180145263672,2315000.0
2002-08-05,5.02802370212955,5.166673293989596,4.970470688312995,5.114352703094482,1665416.0
2002-08-12,5.088190917821701,5.245152636531722,5.017557650630456,5.14312744140625,1669583.0
2002-08-14,,,,,
2002-08-19,5.216761002223374,5.325554213359318,5.107967791087431,5.235335350036621,1118542.0
2002-08-26,5.240647522372149,5.306985299922583,4.999179699133696,5.004487037658691,1586667.0
2002-09-02,5.070819085439018,5.070819085439018,4.672795464509448,5.012442111968994,2406250.0
2002-09-09,5.015097659181012,5.174307175625017,4.903651524871495,4.975295543670654,2189793.0
2002-09-16,4.922226901617009,5.161041225820743,4.752403206449443,5.044287204742432,16456667.0
2002-09-23,5.041631795353046,5.373318312721493,4.959373648703518,5.293713569641113,5293333.0
2002-09-30,5.200842165731563,5.61478690012608,5.176961002347902,5.394546985626221,4318750.0
2002-10-07,5.368011640217033,5.439656181423196,5.121237169843033,5.248604774475098,2778541.0
2002-10-14,5.251260314466983,5.426390842075266,5.219418400356386,5.38128137588501,2047709.0
2002-10-21,5.33882209019516,5.479456672689544,5.1769592284101895,5.429040431976318,2024583.0
2002-10-28,5.402507782158541,5.731540428184892,5.291061121717068,5.720926284790039,1703958.0
2002-11-04,5.800529852372188,5.803183255876283,5.516606715014168,5.60947847366333,1752917.0
2002-11-11,5.5962127462227755,5.678470909818315,5.498033103529989,5.505993843078613,1246250.0
2002-11-13,,,,,
2002-11-18,5.597149088770178,5.637512891515381,5.357655517273043,5.454529285430908,1636458.0
2002-11-25,5.535255925203549,5.583692796153423,5.31190804227229,5.379181385040283,1431250.0
2002-12-02,5.446456598200423,5.661731454782662,5.4060922618556155,5.537948131561279,1385000.0
2002-12-09,5.6052212960607894,5.667112955520901,5.470674582202193,5.527184009552002,1088334.0
2002-12-16,5.594456816601945,5.758603904002361,5.502964769515381,5.57023811340332,1083541.0
2002-12-23,5.556781956005666,5.618673588078361,5.470672161397195,5.489508628845215,960000.0
2002-12-30,5.49489161650446,5.570237496689277,5.408781275377593,5.5567827224731445,1238333.0
2003-01-06,5.637512751678551,5.637512751678551,5.411473964917025,5.441074371337891,1168334.0
2003-01-13,5.494894597827028,5.615986562190248,5.492203213810796,5.529876708984375,1524374.0
2003-01-20,5.543329673744521,5.554093603396135,5.403401261479127,5.408782958984375,836875.0
2003-01-27,5.408782958984375,5.476056316364447,5.30383664978533,5.408782958984375,1348333.0
2003-02-03,5.408781661048076,5.532564951093657,5.38187264533803,5.500273704528809,1797917.0
2003-02-10,5.481439457442557,5.624058742109689,5.322674008300087,5.583694934844971,9054792.0
2003-02-12,,,,,
2003-02-17,5.677690505981445,5.745931911920985,5.631286198088902,5.677690505981445,2320833.0
2003-02-24,5.677690761161093,5.718635389631249,5.549396651908121,5.713176250457764,1671667.0
2003-03-03,5.718637911988987,5.732286308277198,5.579425462985682,5.672233581542969,1068125.0
2003-03-10,5.631288841542532,5.707719534087035,5.582154941121368,5.696800708770752,1202082.0
2003-03-17,5.677690647561556,5.928819179534912,5.674961078029427,5.928819179534912,1576250.0
2003-03-24,5.9260915653396316,6.046196460723877,5.732285556597439,6.046196460723877,1227500.0
2003-03-31,6.046197843721807,6.136276400280752,5.937011205093425,6.133546829223633,1209792.0
2003-04-07,6.130819487602381,6.201790530234885,5.874231579904485,5.964310169219971,1436667.0
2003-04-14,5.909712105118996,6.062572891688535,5.909712105118996,6.007979869842529,692708.0
2003-04-21,6.0052519439676555,6.1308159828186035,5.937009970061534,6.1308159828186035,1423542.0
2003-04-28,6.169033286682501,6.321894712745464,6.087143973031829,6.125359058380127,1241876.0
2003-05-05,6.125355250351764,6.319161212754218,6.0461950150558055,6.275486469268799,1295834.0
2003-05-12,6.2727566612800745,6.332808821165672,6.182677607949887,6.302783012390137,1963751.0
2003-05-13,,,,,
2003-05-19,6.358466676472724,6.493929621352084,6.303175824286648,6.4911651611328125,1288750.0
2003-05-26,6.49669354558231,6.590688480884079,6.319762613477238,6.502223014831543,1725834.0
2003-06-02,6.565807782204302,6.695741806607194,6.3584666746168725,6.640450954437256,1559375.0
2003-06-09,6.626628573914722,6.770385458869372,6.507752931224132,6.634922504425049,1160000.0
2003-06-16,6.64874237875118,6.8284382820129395,6.612803307952173,6.8284382820129395,2149583.0
2003-06-23,6.828439009241477,6.8588491644690786,6.74273801222437,6.745502471923828,2192499.0
2003-06-30,6.773148505475162,6.786971353929082,6.540926189396374,6.709563732147217,1930416.0
2003-07-07,6.773152055461538,6.773152055461538,6.554752473367729,6.6598052978515625,1467083.0
2003-07-14,6.690215109466651,6.828442560460768,6.549222648068317,6.6266303062438965,1398125.0
2003-07-21,6.634918669928701,6.936254018493692,6.388873596233198,6.474574565887451,1926666.0
2003-07-28,6.455224990844727,6.68744729982731,6.375052911675321,6.455224990844727,1673958.0
2003-08-04,6.510515843829065,6.557513307502619,6.330819917673379,6.369524002075195,2013542.0
2003-08-11,6.413757262681844,6.607276061208255,6.361230872893296,6.568572521209717,2077708.0
2003-08-13,,,,,
2003-08-18,6.76029562751571,6.76029562751571,6.536352189542336,6.55034875869751,5526042.0
2003-08-25,6.555944567448019,6.623127627849551,6.396385077079169,6.620328426361084,2765625.0
2003-09-01,6.642721604766181,6.746295381425909,6.623126641096705,6.6875104904174805,1794167.0
2003-09-08,6.732303480328644,6.813483148444003,6.695912728869662,6.726705074310303,1620417.0
2003-09-15,6.754697319132693,6.872267723083496,6.707109205790971,6.872267723083496,1886875.0
2003-09-22,6.858266986426902,6.858266986426902,6.704305929404589,6.774288177490234,1607292.0
2003-09-29,6.760294858067699,6.967442500711547,6.737900683670177,6.922654151916504,1550417.0
2003-10-06,6.964643276656087,7.037424760347762,6.900259399773574,6.953445911407471,1194791.0
2003-10-13,6.9898375365486904,7.006632750953034,6.799485099262346,6.807883262634277,1291459.0
2003-10-20,6.821878339135605,6.872265639840227,6.653920670120198,6.698709011077881,1271042.0
2003-10-27,6.704308808426686,6.810681826702928,6.611931800842285,6.611931800842285,1367292.0
2003-11-03,6.718303997185223,6.802282268788924,6.547546583904862,6.639923572540283,1865834.0
2003-11-10,6.6623174644198775,6.852669280740817,6.642722498115165,6.785486221313477,1495833.0
2003-11-12,,,,,
2003-11-17,6.849783429265663,7.156109261247952,6.846947172891525,7.133418083190918,2115208.0
2003-11-24,7.190142546224244,7.734721018497824,7.161778866932139,7.680830478668213,1844792.0
2003-12-01,7.6836694317742555,7.927595919563795,7.303598700762278,7.5305070877075195,3101875.0
2003-12-02,,,,,
2003-12-08,7.5553252699103,7.693597414028497,7.519870657239499,7.619143009185791,1590334.0
2003-12-15,7.6226850607610706,7.860229459350556,7.367414208408061,7.8070478439331055,2173167.0
2003-12-22,7.807050334476733,7.867322888746299,7.679414867582968,7.785777568817139,790667.0
2003-12-29,7.863777658531125,7.941777240834419,7.771596795062454,7.84250545501709,963834.0
2004-01-05,7.799959755693581,7.9240500488684935,7.700687408447266,7.700687408447266,1339167.0
2004-01-12,7.753870034895727,7.888597010365956,7.693598033797988,7.8105974197387695,1204667.0
2004-01-19,7.870867710903349,8.101321252932562,7.729050406669313,7.817686080932617,1527166.0
2004-01-26,7.941779538729055,7.973688980296739,7.714871648513727,7.729053497314453,1192000.0
2004-02-02,7.7645047002026155,7.902776256291323,7.339052241190073,7.445415496826172,1886501.0
2004-02-09,7.534054485134711,7.775144224150766,7.452509699828682,7.729053497314453,1453667.0
2004-02-11,,,,,
2004-02-16,7.865260483990829,7.990503510687294,7.779379535148486,7.800849914550781,1183667.0
2004-02-23,7.872415720035765,7.872415720035765,7.6219297161865915,7.732859134674072,1275834.0
2004-03-01,7.732856131526269,7.818737030029296,7.629083545058674,7.818737030029297,1579667.0
2004-03-08,7.818741096794849,7.818741096794849,7.571833740653669,7.686341285705566,1098667.0
2004-03-15,7.650557834011188,7.729281983933812,7.450168778517165,7.471639156341553,1609833.0
2004-03-22,7.443010171308926,7.460902432850529,7.1567408118431945,7.328502655029297,1604501.0
2004-03-29,7.375022825713209,7.858102598102959,7.335660753332807,7.790113925933838,1953501.0
2004-04-05,7.818742383316505,7.818742383316505,7.586148574226761,7.61477518081665,955667.0
2004-04-12,7.58614543735533,7.675604470203626,7.2855619267010665,7.324923992156982,1530834.0
2004-04-19,7.335656707512113,7.55393732544284,7.285559190170215,7.43942928314209,1012000.0
2004-04-26,7.528892918410073,7.550363296205859,7.299877261555416,7.317769527435303,1228500.0
2004-05-03,7.407227324170606,7.443010712321492,7.113801152513201,7.174633026123047,1459500.0
2004-05-10,7.178209009569079,7.192522586958948,6.84899900466801,6.949193477630615,1647834.0
2004-05-12,,,,,
2004-05-17,6.987790834426509,7.023941067027333,6.861265882206305,6.897416114807129,1370667.0
2004-05-24,6.9227167881847755,7.284216596405706,6.9227167881847755,7.179381847381592,1449167.0
2004-05-31,7.266142325079857,7.302291963869006,7.020322597878675,7.110697269439697,1249167.0
2004-06-07,7.139621175259804,7.302295784091076,7.063705974746244,7.2336106300354,1124166.0
2004-06-14,7.374591545032308,7.52642128646119,7.2516819732424995,7.25529670715332,1685167.0
2004-06-21,7.266142705557873,7.287832260131837,7.0673173834538385,7.287832260131836,1774166.0
2004-06-28,7.284220149448187,7.31313975749214,7.11793024848901,7.280604839324951,1463667.0
2004-07-05,7.25529908791394,7.269759177478424,7.063704337655315,7.128774166107178,856001.0
2004-07-12,7.12877537361061,7.183000431368147,6.995020384365596,7.0094804763793945,1417167.0
2004-07-19,7.049243986457917,7.197459037110399,6.922719069347131,6.940794467926025,1222833.0
2004-07-26,6.9769438928565695,7.085393982509641,6.832344156377991,7.0311689376831055,1243165.0
2004-08-02,7.03478368448754,7.360133379411484,6.911874080648319,7.157693862915039,1654000.0
2004-08-09,7.193841700458809,7.313136539440468,7.107081765327772,7.229991912841797,1067167.0
2004-08-12,,,,,
2004-08-16,7.3313948193503675,7.411718845367432,7.262023858580869,7.411718845367432,966667.0
2004-08-23,7.375207971076057,7.703806325914697,7.342348193624756,7.605226993560791,1113999.0
2004-08-30,7.627132422608264,8.006845793995938,7.517599462640916,7.9265217781066895,1377833.0
2004-09-06,7.94477571625862,8.050657249905356,7.864451714136901,7.992239952087402,854500.0
2004-09-13,8.003196530136679,8.112728931183371,7.948430039450517,8.032404899597168,1100333.0
2004-09-20,8.032407957913037,8.079872229224552,7.92652634511268,8.003199577331543,990666.0
2004-09-27,8.021448460139492,8.207653985902496,7.900962463431034,8.123679161071777,942334.0
2004-10-04,8.214961546072313,8.214961546072313,7.908269824771312,7.959384918212891,991834.0
2004-10-11,7.9046175451146885,8.043359492602534,7.6709476603005555,7.882711410522461,861166.0
2004-10-18,7.882710199656089,7.973987293971127,7.656342007594743,7.681899547576904,993500.0
2004-10-25,7.6526914979098875,7.981289863586425,7.583320531932676,7.981289863586426,1154166.0
2004-11-01,7.995891230177423,8.397511234283636,7.849847117508918,8.361000061035156,1514833.0
2004-11-08,8.360999707946863,8.580065577535677,8.251467353477842,8.558158874511719,2183666.0
2004-11-10,,,,,
2004-11-15,8.710524299390462,8.80636536560352,8.478292648936304,8.507781982421875,1770167.0
2004-11-22,8.507782413998278,8.806365812326238,8.434058197682582,8.74001407623291,1146500.0
2004-11-29,8.736328604071698,8.810052824395793,8.478293539983351,8.581507682800293,1211500.0
2004-12-06,8.736328000904692,8.843228083698714,8.511468822191345,8.636799812316895,1586000.0
2004-12-13,8.717896212674502,8.883776130769235,8.6478585328214,8.810051918029785,1211833.0
2004-12-20,8.79162440808765,8.8874655115429,8.677351218987114,8.843231201171875,874500.0
2004-12-27,8.861658003461672,9.082831210423729,8.728954548010769,9.064399719238281,1135500.0
2005-01-03,9.097577690178552,9.130754147633146,8.721584088712355,8.776877403259277,1408667.0
2005-01-10,8.82111676711804,8.942761894588491,8.599943967874053,8.869037628173828,1248166.0
2005-01-17,8.846916945923759,9.045972802781689,8.817427601657965,8.861661911010742,721334.0
2005-01-24,8.84691650466005,8.90220982802425,8.596253868408322,8.706840515136719,1211333.0
2005-01-31,8.754762029647827,9.248714857965084,8.717899615933916,9.21553897857666,1524999.0
2005-02-07,9.252399245645659,9.252399245645659,8.876405056630775,9.009108543395996,1280834.0
2005-02-10,,,,,
2005-02-14,9.092980611972358,9.42769152935879,8.895873157117794,9.282649993896484,1490499.0
2005-02-21,9.133891639212134,9.145048455394678,8.925626735584594,9.01860237121582,1274166.0
2005-02-28,9.026037079400503,9.48347523909445,9.000004123936424,9.457442283630371,1614334.0
2005-03-07,9.334715033145411,9.606202583393811,9.249177503487548,9.312400817871094,1128500.0
2005-03-14,9.327272602239924,9.572727082180931,8.959090882328416,9.048346519470215,1748999.0
2005-03-21,9.00000280060175,9.256614168331543,8.821490287780762,8.821490287780762,1242833.0
2005-03-28,8.79917613497094,9.167357973465778,8.747110231348863,9.00000286102295,1211334.0
2005-04-04,9.0148814934888,9.609923213294318,8.940501352403214,9.546700477600098,1386667.0
2005-04-11,9.546699616780463,10.041328190188226,9.453724005466418,9.754963874816895,3040334.0
2005-04-18,9.758680767233251,10.019010876922772,9.427688690422455,9.929755210876465,2046000.0
2005-04-25,9.929755210876465,10.167771108494103,9.66942451006633,9.929755210876465,2339333.0
2005-05-02,9.892569430813756,10.297941810816145,9.86653646692168,10.208684921264648,2043333.0
2005-05-09,10.264468149998644,10.413228420898156,9.539261681583332,9.643393516540527,3272334.0
2005-05-16,9.669426239919662,10.297938892313574,9.487194362079048,10.041327476501465,2767000.0
2005-05-23,10.219698895502562,10.40346515276233,10.1634435781608,10.309706687927246,1611667.0
2005-05-30,10.365961061483997,10.740996078882251,10.20844714103101,10.497223854064941,1982167.0
2005-06-06,10.707243341736016,10.928513937705054,10.46347109581213,10.808503150939941,2148166.0
2005-06-13,10.804748002589424,11.33729795814075,10.688487936379673,11.31104564666748,2349501.0
2005-06-20,11.311047513219618,11.61857515217037,10.692240371656002,10.86850643157959,2958833.0
2005-06-27,10.87600719820361,11.359802116678575,10.76724725736394,11.356051445007324,1939000.0
2005-07-04,11.322292954493353,11.326043624169703,10.804744650656525,11.258536338806152,1664999.0
2005-07-11,11.254793533016578,11.344801313185508,11.093527755567003,11.168535232543945,1756000.0
2005-07-18,11.24729432575654,11.543572425842285,11.11228203375447,11.543572425842285,1775666.0
2005-07-25,11.543574377565392,12.166132487282061,11.509820702756176,12.027369499206543,1983501.0
2005-08-01,12.06861897475326,13.009955357943893,11.821096089454839,12.143625259399414,3828334.0
2005-08-08,12.301142571231686,13.302485115520422,12.229885753493583,13.25748062133789,2791333.0
2005-08-15,13.313732116696094,13.44499488897284,12.481155770593539,12.616168022155762,2963500.0
2005-08-16,,,,,
2005-08-22,12.850405155398505,12.956076159898794,12.563583000528997,12.61264419555664,2342999.0
2005-08-29,12.612641203654546,13.7108695673054,11.96351690202833,13.208930015563965,3951500.0
2005-09-05,13.224022855633926,14.669457060297743,13.224022855633926,14.175065040588379,2901500.0
2005-09-12,14.246778738061002,14.280745106209945,13.635393709110499,13.775031089782715,4058333.0
2005-09-19,13.79012588585587,13.952406697625351,13.235350720329672,13.646714210510254,2655334.0
2005-09-26,13.948635803337025,14.409061760648996,13.586333450033061,14.348677635192871,2690334.0
2005-10-03,14.435481570897737,14.703433466397785,13.239129013049979,13.722198486328125,3296333.0
2005-10-10,13.85051079397268,13.85051079397268,11.676696894717164,12.171089172363281,6257166.0
2005-10-17,12.189960567681592,12.246570390108865,11.510643898270798,11.67292594909668,3471667.0
2005-10-24,11.869168440791336,12.661703239321822,11.737078507892244,12.423943519592285,3966166.0
2005-10-31,12.548491337574793,12.967402393828829,12.427723062163448,12.680580139160156,2998167.0
2005-11-07,12.70321842647657,13.031555542120651,12.412621981413466,12.801342010498047,3531833.0
2005-11-14,12.907015262016758,13.548592317666326,12.51452089389473,13.303282737731934,3768500.0
2005-11-15,,,,,
2005-11-21,13.408566407437823,13.807631574239785,13.370560603803302,13.777226448059082,2164499.0
2005-11-28,14.001453725674883,14.569011688232422,13.876033567094293,14.569011688232422,3519500.0
2005-12-02,,,,,
2005-12-05,14.579146420436034,14.695698517962825,14.062263257846872,14.188949584960938,4025125.0
2005-12-12,14.366314802081087,14.472731483389316,14.031860994332805,14.067333221435547,3519500.0
2005-12-19,14.08760407877685,14.138278865786823,13.616328438765883,13.854499816894531,2325375.0
2005-12-26,14.00652156399423,14.00652156399423,13.302141793553965,13.834227561950684,1977750.0
2006-01-02,13.834229139810713,14.244695730532488,13.596057778965578,14.214290618896484,2652375.0
2006-01-09,14.19908990337009,14.513274084025486,13.986255302515495,14.351114273071289,2468875.0
2006-01-16,14.18895392399238,14.624757342244164,13.955849657654705,14.163617134094238,1895000.0
2006-01-23,14.1889556475591,14.523409530480752,14.0065261470398,14.346048355102539,2040500.0
2006-01-30,14.330843758120304,14.543677138308096,13.965984808966626,13.976119041442871,2559875.0
2006-02-06,13.996389126500608,14.340977174733625,13.753149438175402,13.895039558410645,2267500.0
2006-02-13,13.839295518374895,14.259896318445618,13.692338292085058,14.123074531555176,2085625.0
2006-02-20,14.21260674549636,14.742206337514359,14.207514815295806,14.701468467712402,1825625.0
2006-02-27,14.747295884847228,15.169957589767352,14.609804078858096,14.981541633605957,2584750.0
2006-03-06,14.99681777599044,15.139402717280781,13.494590640897716,14.03946590423584,5819750.0
2006-03-13,14.059841546017369,14.197334623852948,13.652457886324292,14.110764503479004,3967000.0
2006-03-20,14.232977533642508,14.258438399887387,13.82559274683511,14.212607383728027,2543125.0
2006-03-27,14.17696147165816,14.283900509583082,13.764485967672767,14.166777610778809,2704250.0
2006-04-03,14.166778459469935,14.166778459469935,13.530240980622207,13.576070785522461,2982750.0
2006-04-10,13.576070857012317,13.637178882666294,12.883518494029113,13.107579231262207,2859375.0
2006-04-17,13.09230538302558,13.453858017568221,12.924259501622883,13.061751365661621,4501625.0
2006-04-24,12.908979439981179,12.93444030569696,11.966903126521508,12.1705961227417,5675625.0
2006-05-01,12.236795305766172,12.31827104222499,11.528964828965805,11.829410552978516,5474875.0
2006-05-08,11.7784883452912,11.946534186891629,11.427119657026775,11.478042602539062,4276125.0
2006-05-15,11.253982401581936,11.849780770008703,10.948444714486216,11.467859268188477,7727625.0
2006-05-16,,,,,
2006-05-22,11.425482116678667,11.809747451311432,10.964364448046846,11.773882865905762,4403625.0
2006-05-29,11.768756423544312,12.101786403436074,11.635544431587606,12.024932861328125,6513000.0
2006-06-05,11.97369666354402,11.994191754245199,10.88750816129327,11.225661277770996,5055500.0
2006-06-12,11.256401573237463,11.256401573237463,10.313671470342088,10.908000946044922,5391250.0
2006-06-19,11.27689477478073,11.425477440323272,10.99510014851352,11.358871459960938,5763625.0
2006-06-26,11.42547668431868,11.702146909642913,11.266646485558644,11.676529884338379,4187750.0
2006-07-03,11.66628318896644,11.876348675144236,11.471589629251639,11.538195610046387,2232375.0
2006-07-10,11.579186877992731,11.727769589871647,11.271775128857827,11.328133583068848,3149875.0
2006-07-17,11.271773054953464,11.579184747527394,10.826025001330331,11.051461219787598,3986750.0
2006-07-24,11.133434778464052,11.399857437366226,10.979727753940498,11.251276016235352,3503625.0
2006-07-31,11.200039306230165,11.963445062508132,11.015592122100223,11.942951202392578,5260125.0
2006-08-07,11.835354583704607,12.009555423301162,11.20516084183343,11.45621395111084,6540875.0
2006-08-14,11.599683364216274,11.691907642666393,11.379371438868963,11.65604305267334,3121875.0
2006-08-16,,,,,
2006-08-21,11.73062009813588,11.756401040420352,11.395459242906487,11.555304527282715,3069500.0
2006-08-28,11.596552808968946,12.339061215000147,11.503738489864237,12.22562313079834,4628750.0
2006-09-04,12.26687440647158,12.277187519463236,11.447020648519713,11.467645645141602,4014875.0
2006-09-11,11.390299753155482,11.488268778560897,11.15310925706847,11.35936164855957,3528875.0
2006-09-18,11.400615314699628,11.524366543663163,11.163424742058575,11.307802200317383,2866250.0
2006-09-25,11.312958717346191,11.56561836010602,11.086081247833667,11.312958717346191,4274750.0
2006-10-02,11.287174982527464,11.395458374078864,11.10670471221099,11.276863098144531,3143250.0
2006-10-09,11.24077097138501,11.983279636809291,11.194363795620454,11.807965278625488,5556125.0
2006-10-16,12.11219111618931,12.32360081752946,12.019377970515562,12.122504234313965,5508375.0
2006-10-23,12.122501967137385,12.859854738330855,12.060625728685759,12.689696311950684,3869875.0
2006-10-30,12.63297617391739,12.81860364415333,11.82343411679506,11.967811584472656,6641000.0
2006-11-06,12.024531095674028,12.261721692672015,11.751246437745271,12.251408576965332,3174500.0
2006-11-13,12.215316517854173,12.720635912419096,12.215316517854173,12.504070281982422,4047750.0
2006-11-15,,,,,
2006-11-20,12.52691132755775,12.646215256741229,12.319426448405169,12.615092277526855,2499250.0
2006-11-27,12.609906458622412,12.609906458622412,12.189748681587238,12.412795066833496,4664125.0
2006-12-04,12.42317223675555,12.884826588325218,12.3453660044537,12.506166458129883,3385125.0
2006-12-11,12.48541658218489,12.558036052642668,12.215685707104448,12.309053421020508,3949625.0
2006-12-18,12.288307418653787,12.360926902355612,11.686600828381266,11.920022010803223,5037125.0
2006-12-25,11.857777819402829,12.111947287371823,11.800719821710691,11.81628131866455,3393000.0
2007-01-01,11.805903580008227,12.065259735594724,11.56210891742769,11.707347869873047,3581500.0
2007-01-08,11.6762246051459,11.795528557538635,11.411681703774708,11.499862670898438,5308000.0
2007-01-15,11.536173538372442,11.98745439557084,11.46355405676849,11.530986785888672,4426875.0
2007-01-22,11.489487613435792,11.743657003847462,11.437616384986939,11.56729507446289,4286750.0
2007-01-29,11.520608434514088,11.925204682464894,11.473923966664207,11.831835746765137,5270750.0
2007-02-05,11.883710579034922,12.018576036027987,11.733284864734454,11.878523826599121,3915625.0
2007-02-12,11.930392060153833,12.231245886494673,11.852585846356785,11.977076530456543,4295625.0
2007-02-13,,,,,
2007-02-19,12.01528339779173,12.354551031521554,11.994405676737243,12.307575225830078,4152625.0
2007-02-26,12.380644366109214,12.542449458422436,11.326306684932787,11.331525802612305,9657125.0
2007-03-05,11.19060116680273,11.540306986605948,10.699967950977712,11.321087837219238,7075000.0
2007-03-12,11.341964576654197,11.712548041761947,11.1645008979201,11.37328052520752,6586125.0
2007-03-19,11.420260961351158,12.05182046196189,11.394164119534315,11.785625457763672,5809250.0
2007-03-26,11.806503063934334,11.952648347887314,11.550747572591515,11.71777057647705,4412375.0
2007-04-02,11.743864272702874,12.030936858918952,11.696888487083957,11.827376365661621,3547750.0
2007-04-09,11.80127477589695,12.004835208501907,11.743860773530526,11.96829891204834,3609875.0
2007-04-16,11.99962355579996,12.239720434176819,11.801282115216884,11.884794235229492,5546625.0
2007-04-23,11.863913878148082,12.083132988880186,11.74386546565488,11.869132995605469,4583750.0
2007-04-30,11.895228500768695,12.265811893067097,11.169719065159951,11.566400527954102,12573000.0
2007-05-07,11.550744696664545,11.816938359483672,11.456793113722647,11.60293960571289,6079500.0
2007-05-14,11.540304949020602,11.801279488200276,11.420256536555476,11.613377571105957,5649000.0
2007-05-16,,,,,
2007-05-21,11.678875596249526,11.957319177416098,11.558041518428054,11.768187522888184,5990875.0
2007-05-28,11.78919725256244,12.130685002263524,11.684124291511106,11.957314491271973,6315500.0
2007-06-04,11.952062014319973,12.104416941184661,11.521262344315259,11.558037757873535,8573125.0
2007-06-11,11.552783002186091,12.020359328989139,11.45821783386126,11.915285110473633,7368125.0
2007-06-18,11.894273795742636,11.978332440412853,11.40568425445143,11.416192054748535,9560000.0
2007-06-25,11.494993452134375,11.862748839521542,11.410934827360736,11.81546688079834,8335875.0
2007-07-02,11.820717599662826,11.994088084375695,11.631586047924396,11.831225395202637,3565875.0
2007-07-09,11.868000888345675,12.015102511579032,11.600063999501602,11.994088172912598,5427000.0
2007-07-16,11.889016963013926,12.030865335435067,11.589559148728348,11.80495834350586,5904000.0
2007-07-23,11.873257053890045,12.051880854945463,11.242819224822481,11.374159812927246,8559500.0
2007-07-30,11.473976889636484,12.104414574638414,11.32687401159503,12.030863761901855,10609500.0
2007-08-06,12.057132054841496,13.985221677598492,11.783941903233345,12.561482429504395,22198000.0
2007-08-13,12.60876867004194,12.981777330208569,11.77869147233068,12.49318790435791,11202875.0
2007-08-15,,,,,
2007-08-20,12.613834107016958,12.825386679393738,12.169573957216283,12.455169677734375,5486250.0
2007-08-27,12.391705008264312,12.75134518450501,12.111397687427063,12.672012329101562,6834750.0
2007-09-03,12.613830518508745,12.999913979354776,12.50805426241264,12.587387084960938,6146625.0
2007-09-10,12.619120930024977,13.232624824640999,12.539789356000492,13.137425422668457,5188625.0
2007-09-17,13.058088919514214,13.274929818344802,12.550361489221412,12.624405860900879,5772125.0
2007-09-24,12.677296509201966,12.857115888582733,11.76233052621825,11.995038032531738,8009250.0
2007-10-01,12.005616190181373,12.899425915705878,11.682998993428248,12.6296968460083,8887750.0
2007-10-08,12.629698338723559,12.661431470897938,12.07437230852961,12.248903274536133,7009250.0
2007-10-15,12.20659180121503,12.359966486653233,11.741175527635644,11.995038032531738,6464750.0
2007-10-22,11.846954585220503,12.211883125706576,11.783488313500245,12.153706550598145,6023000.0
2007-10-29,12.217167178041814,12.375831539463523,11.931571579673191,12.04792594909668,5120500.0
2007-11-05,11.931574447838216,12.301791380149929,11.709443784070164,11.735888481140137,8379500.0
2007-11-12,11.735889656734752,12.069085055287033,11.56135867363819,11.683001518249512,7643750.0
2007-11-14,,,,,
2007-11-19,11.701047214166556,11.818217858674497,11.530617416663796,11.631810188293457,5097125.0
2007-11-26,11.605179217728592,11.946038790436326,11.354861342007672,11.791586875915527,5607375.0
2007-12-03,11.89810553163288,12.164401287170204,11.754305950622557,12.009950637817383,4651750.0
2007-12-10,12.068535572807939,12.302875588569883,11.45072915321856,11.4560546875,5184875.0
2007-12-17,11.424095168252615,11.69571764364892,11.14182162781202,11.605175971984863,6251875.0
2007-12-24,11.546593425566048,11.674415118159573,11.338882381477719,11.434749603271484,3056000.0
2007-12-31,11.397464323705515,11.717019077785686,11.20573121729787,11.40811538696289,3985625.0
2008-01-07,11.461377671780472,11.647785297939581,10.891504996908045,10.944764137268066,6158625.0
2008-01-14,11.035303635717128,11.26964357994973,10.481408240868916,10.651837348937988,8128875.0
2008-01-21,10.385541220158737,10.412170786983802,9.565349546108399,10.071311950683594,10419125.0
2008-01-28,10.055334751526209,10.82226734286929,10.055334751526209,10.779659271240234,8000000.0
2008-02-04,10.75835597835666,11.01400060130412,10.47075625371502,10.587926864624023,6273125.0
2008-02-11,10.577275134308941,10.950089754595927,10.454779618457847,10.635860443115234,4473875.0
2008-02-13,,,,,
2008-02-18,10.809643036815656,10.809643036815656,10.305121547051247,10.541280746459961,3898375.0
2008-02-25,10.519816837820912,10.933094826307665,10.11190507387743,10.219250679016113,7062750.0
2008-03-03,10.197778744261555,10.358796151843666,9.763031487859335,9.84354019165039,6929000.0
2008-03-10,9.838170851409773,10.305121758050525,9.720091569200806,9.98845386505127,6316625.0
2008-03-17,9.8059684187787,10.390998646943299,9.746928453793554,10.026025772094727,5140500.0
2008-03-24,10.063597800201583,10.305123917068947,9.811336677390171,9.838172912597656,5624125.0
2008-03-31,9.870376152854309,10.616424477709202,9.84353991900061,10.380265235900879,5884875.0
2008-04-07,10.46077202759025,10.52517884911482,10.085064182406905,10.187042236328125,4497000.0
2008-04-14,10.20851248834473,10.267552456792625,9.881110190272333,10.16557502746582,6641250.0
2008-04-21,10.111900534905434,10.111900534905434,9.526870352662957,9.682520866394043,9763375.0
2008-04-28,9.661052383930755,10.439304384040282,9.661052383930755,10.24608325958252,8989500.0
2008-05-05,10.45540943827973,10.45540943827973,9.097494847403725,9.156534194946289,12481625.0
2008-05-12,9.178003297708067,9.269246388328941,9.02772022148321,9.086759567260742,8973375.0
2008-05-14,,,,,
2008-05-19,9.159273983574742,9.435514651015573,9.018445281409774,9.029278755187988,5157625.0
2008-05-26,9.045530693497374,9.278440126341827,8.953450655516232,9.251357078552246,6079250.0
2008-06-02,9.224277364454164,9.847173439830508,9.218861269874292,9.592598915100098,9209125.0
2008-06-09,9.565511331220657,9.72800570324573,9.208023454487403,9.4246826171875,7105125.0
2008-06-16,9.375937682758911,9.408436828490972,8.920952870987541,8.975117683410645,7638625.0
2008-06-23,8.996779267378415,9.137607963941635,8.54721078571084,8.563460350036621,6698875.0
2008-06-30,8.547213430438019,8.834287649066235,8.31430465822097,8.35222053527832,6160375.0
2008-07-07,8.379304356148339,8.650128405639173,8.130145972338587,8.17889404296875,9683750.0
2008-07-14,8.270973508222994,8.368470288313164,7.832238320664945,8.308889389038086,7217875.0
2008-07-21,8.35222144333086,8.80720620622676,8.211392687880728,8.363054275512695,7705625.0
2008-07-28,8.363050707770093,8.693456145382791,8.33596831602135,8.46054744720459,6206625.0
2008-08-04,8.509295068053328,9.560092848408146,8.433464633231393,9.45718002319336,6731000.0
2008-08-11,9.403019432635828,9.749674595364315,9.354271363135869,9.652177810668945,4889250.0
2008-08-14,,,,,
2008-08-18,9.750011867775093,9.864781683972097,9.602449651722026,9.853851318359375,4404125.0
2008-08-25,9.799205198788338,10.01781525896358,9.607921396135,9.995954513549805,4022750.0
2008-09-01,10.110716628165068,10.18176496880301,9.1324363818913,9.372907638549805,5684125.0
2008-09-08,9.454886998706993,9.73907972946551,8.990340324311106,9.389304161071777,6915000.0
2008-09-15,9.280001627366875,10.460497003667445,8.717080836389538,10.143511772155762,10112000.0
2008-09-22,10.159909004306659,10.241887752227095,9.580592258398575,9.739084243774414,6972250.0
2008-09-29,9.629776884550937,10.028740808383342,8.913829067716811,9.547798156738281,7740000.0
2008-10-06,9.351046787195914,9.788267219276474,6.667608168806996,8.077643394470215,12328125.0
2008-10-13,8.214276931656043,9.837457005253205,8.159624443410895,9.006738662719727,8271125.0
2008-10-20,8.831854886156739,9.48768504625066,7.651359034365244,8.017531394958496,6668125.0
2008-10-27,8.137762018430141,10.088857423951842,7.87542997803805,9.837455749511719,8447000.0
2008-11-03,9.831994323993982,10.176305206465617,9.329190799618035,9.728154182434082,6614375.0
2008-11-10,9.831993420700595,11.296681077176824,9.700827041019119,10.79934310913086,9945500.0
2008-11-13,,,,,
2008-11-17,10.662123251667506,11.583268585733276,10.154665705640976,11.346087455749512,10914000.0
2008-11-24,11.417791383198175,12.13485139979103,11.086841213268738,11.963859558105469,7565375.0
2008-12-01,11.748740697857738,11.941794270447517,10.452517465800597,11.301957130432129,9002750.0
2008-12-08,11.52258964688501,11.583263434290085,10.060892130796772,10.579380989074707,7886000.0
2008-12-15,10.617992669808922,11.379178719805333,10.424938436959511,10.904816627502441,7002375.0
2008-12-22,10.866207701122196,11.147514949342117,10.584899795362741,11.103388786315918,2959750.0
2008-12-29,10.932393614288923,11.583262171916779,10.480094690445288,11.57223129272461,6219750.0
2009-01-05,11.522592650194857,11.610846291746151,10.617994468142932,10.684185028076172,4635500.0
2009-01-12,10.656605882715809,11.125451957744401,10.507677779910388,11.042715072631836,6375375.0
2009-01-19,11.031681718709365,11.169578266224809,10.48561359988083,10.84414291381836,5435125.0
2009-01-26,10.904818637997712,11.605331024202611,10.86069181656012,11.439854621887207,5421125.0
2009-02-02,11.33505234437346,11.859057338063398,11.263346356339717,11.688065528869629,5684625.0
2009-02-09,11.62188095183981,11.721165497691032,11.009622088005987,11.434341430664062,8242125.0
2009-02-12,,,,,
2009-02-16,11.178008724168771,11.461630500039286,10.165870387930488,10.449491500854492,5741250.0
2009-02-23,10.488424031618834,10.783167500676194,9.915620148229818,10.232608795166016,11383375.0
2009-03-02,10.104695255740216,10.655253638631466,9.798829045503066,10.043521881103516,12590500.0
2009-03-09,9.987911618778245,10.099135472590598,9.226027689806466,9.854442596435547,10770625.0
2009-03-16,9.904494618056471,10.755357971682619,9.793270754253815,10.49398136138916,7667125.0
2009-03-23,10.744236251885155,11.0890301142205,10.566277530599057,10.794286727905273,7711500.0
2009-03-30,10.605204554724855,11.328160286682978,10.605204554724855,10.827652931213379,6480500.0
2009-04-06,10.727555649065913,10.938881194651463,10.488424128086123,10.588525772094727,3145000.0
2009-04-13,10.532912686605355,10.833216923332921,10.316025704127291,10.77204418182373,4567000.0
2009-04-20,10.64413659711986,10.744238230541344,10.010159364468242,10.17143440246582,4486500.0
2009-04-27,10.043525290595348,10.57740014682592,10.010157863475971,10.093576431274414,4201875.0
2009-05-04,10.21036434173584,10.5329144717641,9.754345786751628,10.21036434173584,7687875.0
2009-05-11,10.104699309244161,10.388320468412541,9.109244522565607,9.15373420715332,6249000.0
2009-05-14,,,,,
2009-05-18,9.288040385142002,9.546353493857632,9.052188994827734,9.19257640838623,9009625.0
2009-05-25,9.231888404815992,9.580049169133575,9.153271026150597,9.259965896606445,4671500.0
2009-06-01,9.37788817085946,9.473352150085761,9.125190819914568,9.24873161315918,7183500.0
2009-06-08,9.254350674847505,9.636204719543457,9.15327156457207,9.636204719543457,5142000.0
2009-06-15,9.518276632529787,9.636201665965457,9.265578602207558,9.372273445129395,3925125.0
2009-06-22,9.293657867147056,9.697974257581867,9.265580377223538,9.563201904296875,5244875.0
2009-06-29,9.568818057558019,10.107906153689104,9.563202291577827,9.810284614562988,4571000.0
2009-07-06,9.759745003181674,9.860824100790378,9.417199358346673,9.563201904296875,3554500.0
2009-07-13,9.619359786044264,9.956289743321873,9.490203168537118,9.686745643615723,3742500.0
2009-07-20,9.714820061764074,10.130367279052734,9.596894346315377,10.130367279052734,4189375.0
2009-07-27,10.102289400647397,10.29883180584417,9.967517064003273,10.141597747802734,3685625.0
2009-08-03,10.164060788009404,10.19775404389723,9.815900044655937,9.855208396911621,4374250.0
2009-08-10,9.799053266299957,9.99559569398169,9.265580293172244,9.42281436920166,6939125.0
2009-08-13,,,,,
2009-08-17,9.5387555358036,9.952744061658088,9.368622644424537,9.90737533569336,5381125.0
2009-08-24,9.890360658502582,9.9243873674446,9.669189078515169,9.759925842285156,3498625.0
2009-08-31,9.731568329680123,9.74291101418831,9.374290668799436,9.504725456237793,3684250.0
2009-09-07,9.572780180239265,9.657846275527556,9.476372074121583,9.527411460876465,2543625.0
2009-09-14,9.510398424425595,9.867676146387833,9.49905573797822,9.816636085510254,3232000.0
2009-09-21,9.737241703423763,9.827979142149365,9.516069450047071,9.527411460876465,3047500.0
2009-09-28,9.59546303635967,10.015122764866966,9.48204159774339,9.510396957397461,7683375.0
2009-10-05,9.550098272787091,9.6521777449405,9.391308057886828,9.419663429260254,5769750.0
2009-10-12,9.40264729254504,9.64083288252922,9.357278576545903,9.442344665527344,6566500.0
2009-10-19,9.436671133096382,9.521737196247386,8.982984786912718,9.011340141296387,9983875.0
2009-10-26,9.034028343987567,9.136107118633754,8.72778999191329,8.761816024780273,9286000.0
2009-11-02,8.76748816882977,9.266542780854088,8.73346145681061,9.164463996887207,8688500.0
2009-11-09,9.23251500076619,9.255199020463525,8.88090796314127,8.982987403869629,9585250.0
2009-11-12,,,,,
2009-11-16,9.153903467222229,9.42920940014705,9.090813122522547,9.108019828796387,13719125.0
2009-11-23,9.205521359249248,9.480826541850083,9.050661723973189,9.228463172912598,6405125.0
2009-11-30,9.211259232241254,9.784812266779669,9.17684650142965,9.641424179077148,14694625.0
2009-12-07,9.641424117820117,9.802018911772263,9.578333086140525,9.761870384216309,5772500.0
2009-12-14,9.796278943580877,10.031435579281228,9.75039532232738,9.916725158691406,8107375.0
2009-12-21,9.882313459961411,10.260858160363549,9.8708418697392,10.146147727966309,4397875.0
2009-12-28,10.151884274888204,10.209239499197206,10.031438030348017,10.042909622192383,3940750.0
2010-01-04,10.019964606126777,10.209236935564105,9.750395256311448,10.134675025939941,7178375.0
2010-01-11,10.186295299043381,10.255121415361012,9.997022966373862,10.088790893554688,4028750.0
2010-01-18,10.117470006440243,10.220708847457864,9.779073824425272,9.830693244934082,3030125.0
2010-01-25,9.8995215137396,9.8995215137396,9.515241622924805,9.515241622924805,4077250.0
2010-02-01,9.549652956158246,9.922462567453964,9.492297736532466,9.704512596130371,6105625.0
2010-02-08,9.73892673861048,9.802017762895286,9.434943893496119,9.515241622924805,4684000.0
2010-02-11,,,,,
2010-02-15,9.717586057711388,10.175634543347652,9.665403642561122,10.077067375183105,3717625.0
2010-02-22,10.117648059019492,10.187224803641639,9.868330757203985,9.926311492919922,4519125.0
2010-03-01,9.920515333945163,9.943708048064874,9.60741887721687,9.711784362792969,5445625.0
2010-03-08,9.671200302165095,9.810354546782989,9.653805935189709,9.787161827087402,3566250.0
2010-03-15,9.804555496174034,10.227815861435008,9.769766764699522,10.164036750793457,5145375.0
2010-03-22,10.140842102357135,10.169832476005622,9.868332728298363,9.972698211669922,3990125.0
2010-03-29,10.024882299421547,10.291594058468169,9.955305529161384,10.222017288208008,4084875.0
2010-04-05,10.21621855828557,10.47133429472023,10.204622545535159,10.390161514282227,4336875.0
2010-04-12,10.407553171013037,10.517716998756919,10.291591683609992,10.482928276062012,4055500.0
2010-04-19,10.436543934649972,10.767034739103208,10.390159890895493,10.709053993225098,4237375.0
2010-04-26,10.772834579706817,10.80762261733276,10.564103589210731,10.62788200378418,4385125.0
2010-05-03,10.633680726396157,10.859806089181738,9.740775979385248,10.082862854003906,8034375.0
2010-05-10,10.349575745801827,10.540912399604075,10.129248710853334,10.419153213500977,4996125.0
2010-05-13,,,,,
2010-05-17,10.530693518177259,10.6302611630881,9.67558697554493,9.904006004333496,5979000.0
2010-05-24,9.898150842292823,10.337417457716496,9.687302587611,10.220279693603516,6123875.0
2010-05-31,10.185141014896667,10.366704880777975,9.892296520376071,9.91572380065918,4454000.0
2010-06-07,9.956718484675955,10.02114382799905,9.751726724804842,9.986002922058105,3924500.0
2010-06-14,10.027000947126933,10.431126599998699,10.027000947126933,10.407698631286621,4310375.0
2010-06-21,10.513123432038824,10.513123432038824,9.95671908805951,10.226136207580566,4924875.0
2010-06-28,10.185136565179395,10.600975845003894,10.021143580254407,10.284704208374023,6759000.0
2010-07-05,10.343276034415988,11.005104631464114,10.325705227765884,10.987534523010254,5343875.0
2010-07-12,10.952390212251583,11.12809683908544,10.823538825545967,10.829395294189453,4655875.0
2010-07-19,10.835255546452867,11.50879850597536,10.835255546452867,11.420945167541504,6337500.0
2010-07-26,11.485372148248294,11.76064584115014,11.221812095815304,11.41508960723877,5112375.0
2010-08-02,11.502940279267257,11.772357438291513,11.409229780946768,11.59079360961914,4802000.0
2010-08-09,11.666929598538246,11.713784832824198,11.14566625167552,11.233519554138184,4109375.0
2010-08-13,,,,,
2010-08-16,11.268518344250246,11.611421651238066,11.18574819165003,11.32763957977295,3974250.0
2010-08-23,11.374935933301687,11.771048748110868,11.173923323366449,11.759223937988281,3922125.0
2010-08-30,11.75331290173501,12.096216204707588,11.575948492463038,11.989798545837402,5326500.0
2010-09-06,11.930676383081355,11.99571073071322,11.723752757602188,11.948412895202637,3289875.0
2010-09-13,12.019361094180875,12.202636539476966,11.901118598590804,12.108043670654297,3712500.0
2010-09-20,12.10804257463977,12.32679103072422,12.025271707569715,12.208548545837402,3258500.0
2010-09-27,12.202631086181182,12.40955606577092,11.859728566036114,12.143509864807129,6104000.0
2010-10-04,12.072570097990658,12.24402213176636,11.989800636706413,12.084393501281738,3670125.0
2010-10-11,12.078482236696038,12.303143822095993,11.942503226996518,12.232197761535645,3015500.0
2010-10-18,12.226285328768247,12.634222333479647,12.226285328768247,12.49824333190918,3843000.0
2010-10-25,12.533706873859964,12.80566470175287,12.33860675426552,12.728808403015137,3497000.0
2010-11-01,12.75837082612421,12.983032297786757,12.46276473937955,12.965295791625977,5015250.0
2010-11-08,12.923913050474711,12.988945976603429,12.569184282747575,12.61056900024414,3991500.0
2010-11-15,12.610571016200698,12.782023022924658,12.178985853815126,12.445032119750977,4601500.0
2010-11-22,12.559108402056909,13.018514633178711,12.505411126476833,13.018514633178711,3242875.0
2010-11-29,12.923054216014917,13.102045147522865,12.714233833392596,12.875324249267578,5807750.0
2010-12-06,12.869363419025504,12.99465569786136,12.708272939812911,12.881295204162598,4350875.0
2010-12-13,12.929020815657648,13.424225238898964,12.887256741436559,13.251201629638672,8093625.0
2010-12-20,13.203475735373178,13.680781213575877,13.203475735373178,13.49582576751709,3659250.0
2010-12-27,13.49582589261176,13.704646330019761,13.364566315896344,13.412296295166016,2757250.0
2011-01-03,13.454065263363937,13.621121656230523,13.352636542000184,13.597256660461426,3936625.0
2011-01-10,13.513722664977122,13.925398999645111,13.412293987138762,13.919431686401367,3026125.0
2011-01-17,13.859771809887773,14.00893049428122,13.746411323547363,13.746411323547363,2909500.0
2011-01-24,13.776240649411461,14.193882883895135,13.728510677320545,13.829937934875488,3308250.0
2011-01-31,13.758341261891962,14.074556232101122,13.662879897256353,13.9671630859375,3858000.0
2011-02-07,13.996994554516087,14.056657732127674,13.650948693361824,13.979095458984375,4952625.0
2011-02-14,14.002961713118747,14.062626318613697,13.78220807822089,13.889602661132812,3826500.0
2011-02-15,,,,,
2011-02-21,13.903100825213624,14.101630552420842,13.199221919112226,13.42783260345459,4629250.0
2011-02-28,13.475954577496465,13.74667733711221,13.373681949339376,13.584242820739746,3809750.0
2011-03-07,13.548148920883168,13.716597633234288,13.319538314876942,13.451891899108887,3070500.0
2011-03-14,13.385714804988696,13.481971829748439,12.970607192527734,13.23531436920166,4225875.0
2011-03-21,13.331570534738738,13.662452332747936,13.32555348497131,13.524083137512207,3141750.0
2011-03-28,13.53611731433257,13.909112765013647,13.445875901128035,13.885048866271973,4539375.0
2011-04-04,13.939190723219394,13.945207772986821,13.46392268020704,13.524083137512207,2720125.0
2011-04-11,13.548148889149122,13.572212785951704,13.042799884602463,13.343602180480957,3256500.0
2011-04-18,13.241326108964923,13.241326108964923,12.850282508577095,13.127020835876465,3672875.0
2011-04-25,13.151091638812776,13.57823053579646,13.0307692672106,13.56619930267334,3292125.0
2011-05-02,13.584240586408827,13.818866748239467,13.319534919756327,13.572209358215332,3378375.0
2011-05-09,13.6865209010342,14.005371543617633,13.590263859706202,13.734648704528809,3150375.0
2011-05-13,,,,,
2011-05-16,13.819732998355802,13.819732998355802,13.45573543836436,13.716599464416504,2840625.0
2011-05-23,13.577065157060224,13.655931112841126,13.279801281146959,13.564932823181152,2791375.0
2011-05-30,13.716596703385264,13.813662603418331,13.08567052275787,13.164536476135254,4036250.0
2011-06-06,13.146334726785629,13.164534670945638,12.909736899096998,12.958269119262695,5031750.0
2011-06-13,12.96433961126237,13.231269774248165,12.915805933924705,13.055337905883789,3746250.0
2011-06-20,13.025002839576485,13.15240100337703,12.758071287244627,13.00073528289795,3402125.0
2011-06-27,13.03713556382262,13.577063404315597,13.006803286648983,13.57099723815918,4352375.0
2011-07-04,13.558863363231527,13.79546119835133,13.455731307346582,13.643796920776367,2350625.0
2011-07-11,13.528532155779002,13.7590623966186,13.346534140466167,13.437532424926758,3555750.0
2011-07-18,13.425397168698735,13.625595086593965,13.164533258907719,13.4921293258667,2232375.0
2011-07-25,13.364732268482399,13.479996650025667,12.66100496933869,12.830870628356934,3426750.0
2011-08-01,12.946136254978656,13.237332456779738,12.648872441112788,12.727738380432129,6783125.0
2011-08-08,12.436542212967462,13.492131824558415,11.696416396213833,13.03713607788086,10445875.0
2011-08-15,13.091737542231215,13.546733345475596,12.661007853977729,12.679207801818848,3714875.0
2011-08-22,13.082282694398543,13.406737821323732,12.690486832756559,13.235326766967773,3093375.0
2011-08-29,13.376129721669955,13.761802815394297,13.143502178264251,13.174110412597656,4001750.0
2011-09-05,12.868023240456886,13.49856816803123,12.788439772549857,12.929241180419922,2925625.0
2011-09-12,12.800681636066207,13.53529678315237,12.702732657877942,13.425105094909668,4217500.0
2011-09-19,13.272060275809608,13.510810649663402,12.494591221943457,12.849656105041504,4285250.0
2011-09-26,12.959853456963327,13.51693638352559,12.74558989471562,13.20472526550293,5770875.0
2011-10-03,13.106769430978174,13.278179023954355,12.341544697647993,12.868019104003906,4956875.0
2011-10-10,12.978213349468913,13.327156877859128,12.745585790092742,13.119014739990234,4769500.0
2011-10-17,13.11901733151819,13.498569171319733,12.86802419687979,13.43735122680664,4305875.0
2011-10-24,13.498568552716952,13.737318963242007,13.155747787243996,13.63936996459961,4522625.0
2011-10-31,13.529177679854412,13.73119702488126,13.161870045178468,13.712831497192383,5016000.0
2011-11-07,13.651612940303275,13.786292984076765,13.31491356064492,13.731196403503418,3054375.0
2011-11-14,13.639369258644258,13.688344485205993,13.155747106320273,13.278182983398438,2424375.0
2011-11-15,,,,,
2011-11-21,13.255016317206637,13.285914498601324,12.933682302572512,12.952220916748047,2430500.0
2011-11-28,13.242658163375609,13.675223909230668,13.038734858986365,13.514556884765625,3935875.0
2011-12-05,13.65050277770919,13.749373407672405,13.063450677445253,13.372425079345703,3144875.0
2011-12-12,13.211765171501149,13.483662496131947,13.051098101803465,13.32917594909668,3535250.0
2011-12-19,13.292094782573596,13.656685106445424,13.156145423736461,13.607248306274414,2306125.0
2011-12-26,13.582529551778366,13.854428247611432,13.576350504743287,13.625785827636719,1679000.0
2012-01-02,13.786453663418335,13.854429078104534,13.131427492630143,13.255017280578613,3522625.0
2012-01-09,13.230303540584991,13.298277502119753,13.014020610891587,13.13761043548584,4298500.0
2012-01-16,13.18086307353739,13.458940838455513,13.174684026012349,13.434223175048828,2467625.0
2012-01-23,13.465118818273469,13.66286305645999,13.242656918640234,13.625785827636719,2454250.0
2012-01-30,13.526924940827659,13.885336485989809,13.446592842747476,13.75556755065918,2784125.0
2012-02-06,13.761736190102987,13.947120874579975,13.594890121404347,13.63814640045166,2221125.0
2012-02-13,13.71848134921317,13.88532743540288,13.51455802757982,13.681404113769531,2314000.0
2012-02-15,,,,,
2012-02-20,13.821947170876483,14.189950358831199,13.747098560750821,14.065203666687012,2273000.0
2012-02-27,14.021539663945443,14.108863529890831,13.541265093185608,13.73462200164795,5415875.0
2012-03-05,13.740865695062592,13.9155105203545,13.566219382672376,13.859374046325684,2684125.0
2012-03-12,13.896794659824625,14.027779730993537,13.659776533348825,13.747098922729492,3648500.0
2012-03-19,13.747098036522459,13.834420420273887,13.460180358112497,13.796996116638184,2282250.0
2012-03-26,13.903031349182129,14.002827503742065,13.759572518130057,13.903031349182129,2659750.0
2012-04-02,13.903031563744117,14.058964172973784,13.796995545466729,13.865607261657715,2200750.0
2012-04-09,13.722149140192037,13.765810332525064,13.42275619506836,13.42275619506836,2543750.0
2012-04-16,13.4601793930643,13.865606841553635,13.453942505271451,13.772046089172363,2679625.0
2012-04-23,13.678486609714493,14.102624714941326,13.491366594979533,14.071438789367676,2792500.0
2012-04-30,14.090152816803576,14.333409314497764,13.884320624462013,14.046491622924805,3268750.0
2012-05-07,14.002827247189158,14.345881355271295,13.853131530994174,14.271034240722656,3505000.0
2012-05-14,14.183715616795599,14.239852088770713,13.87184880654206,13.884324073791504,3172375.0
2012-05-15,,,,,
2012-05-21,14.055521082156522,14.584254603667896,13.75968207011188,14.489838600158691,3722250.0
2012-05-28,14.540194916587378,14.678673435065448,14.382834396272505,14.577961921691895,2854500.0
2012-06-04,14.615723490739397,15.465474786679366,14.565367002424088,15.14445686340332,6448750.0
2012-06-11,15.213698635367939,15.25775962987567,14.949331167606475,15.062630653381348,4147500.0
2012-06-18,15.056334657882777,15.440297060231407,15.031157164461934,15.295524597167969,3685500.0
2012-06-25,15.251467301654097,15.843145293535994,15.188522802502508,15.710962295532227,4207750.0
2012-07-02,15.48435947932778,16.321521342732463,15.459181983581063,16.283754348754883,3593875.0
2012-07-09,16.271170629396515,16.919499194092477,16.157869617673683,16.900615692138672,5466500.0
2012-07-16,16.913199868173507,16.95096686018932,16.447409467836703,16.781015396118164,10132625.0
2012-07-23,16.617365114173783,16.88802662412074,16.340408103496443,16.81878662109375,4688125.0
2012-07-30,16.76842852002626,16.919494997471578,15.610248691277087,16.252283096313477,6415750.0
2012-08-06,16.3404056619392,16.365583158952802,15.969032703664553,16.164161682128906,4860250.0
2012-08-13,16.120101477378604,16.195633972121986,15.83685049512423,15.937561988830566,3867750.0
2012-08-15,,,,,
2012-08-20,16.047920962369226,16.085994587320403,15.730643275941667,15.895627975463867,2757875.0
2012-08-27,15.921003924948492,16.09867875764412,15.81312970325489,15.863893508911133,2639875.0
2012-09-03,15.914659784790848,16.396923577874524,15.863895971255205,16.009843826293945,3604750.0
2012-09-10,16.02888228509371,16.27001269356581,15.660839303916248,15.692567825317383,3699625.0
2012-09-17,15.673536709984907,15.762374181548212,15.267419960724558,15.400677680969238,4717875.0
2012-09-24,15.387977065373558,15.819475483674823,15.3816319676173,15.711601257324219,3198250.0
2012-10-01,15.736985186343425,16.016189191232783,15.324523521132635,15.83851432800293,3569250.0
2012-10-08,15.794094979585827,15.971769835699172,15.495852665125746,15.730639457702637,4111250.0
2012-10-15,15.787755019641597,16.428657119698794,15.667190536299826,16.01619529724121,8397500.0
2012-10-22,16.02888233058388,16.136756580435375,15.673531059538213,16.022537231445312,3802750.0
2012-10-29,16.003498953662262,16.39692380926191,15.927351719385221,16.04157257080078,2486875.0
2012-11-05,16.066954518512055,16.460379375105497,15.787749000723657,15.83851432800293,3038250.0
2012-11-12,15.863899046984741,16.231942061621734,15.32452623732337,15.610076904296875,2614875.0
2012-11-14,,,,,
2012-11-19,15.84366819521458,16.06772062675913,15.70283663365613,15.958895683288574,1616750.0
2012-11-26,15.920491149688159,16.387799203766527,15.920491149688159,16.349390029907227,3427750.0
2012-12-03,16.432603275702316,16.451807855477078,15.792455703984219,15.990900993347168,4173875.0
2012-12-10,15.92048459311828,16.19574819077047,15.702834732527842,15.734841346740723,3618125.0
2012-12-17,15.779653844342306,16.080524609116278,15.702837043188575,15.907683372497559,3810375.0
2012-12-24,15.907684634549643,16.195751858869244,15.837268846347456,16.06772232055664,3097625.0
2012-12-31,16.080521925158326,17.066348822165498,15.92688529602922,16.816692352294922,4181250.0
2013-01-07,16.823101552193084,17.085561710890623,16.49022406215105,17.079160690307617,3982125.0
2013-01-14,16.995938701129457,17.226392195198855,16.938324946053953,17.200786590576172,4825625.0
2013-01-21,17.194378256935302,17.412028092994444,17.053545202068346,17.136764526367188,2504375.0
2013-01-28,17.175178994310443,17.68089611345386,17.11116422706061,17.58487319946289,3698375.0
2013-02-04,17.482449822927215,18.37225557388422,17.482449822927215,18.295438766479492,3973375.0
2013-02-11,18.29544191331723,18.404266887199654,17.956163425117357,18.193017959594727,3036125.0
2013-02-13,,,,,
2013-02-18,18.33260128567785,18.706736570752213,18.319699485593627,18.66158103942871,2638250.0
2013-02-25,18.60996948518203,18.932498979096238,18.442253840758255,18.758333206176758,4903000.0
2013-03-04,18.900248891651447,19.564659876484445,18.88089696607941,19.280834197998047,4346500.0
2013-03-11,19.280843655307,19.584021408074996,19.25504004992613,19.513065338134766,3965375.0
2013-03-18,19.40984789008427,19.790433233298213,19.300187993181353,19.706575393676758,3015125.0
2013-03-25,19.80978636154469,20.293579963210362,19.66787273098094,20.28067970275879,3534500.0
2013-04-01,20.27422867701465,20.493550029006816,19.983952814405825,20.364538192749023,4528250.0
2013-04-08,20.396792485885122,21.196667183509657,20.319386298914804,21.164413452148438,4288125.0
2013-04-15,21.022495918878167,21.46758714645691,20.687064581350622,21.319223403930664,4766875.0
2013-04-22,21.28697828081407,21.29342995079449,20.248431663558115,20.261333465576172,6363750.0
2013-04-29,20.325832442688913,20.816077682433026,20.061357126413778,20.596757888793945,6163375.0
2013-05-06,20.564508410309937,20.88058790637886,20.31293483968717,20.545156478881836,3675875.0
2013-05-13,20.558055138513804,21.26762021002191,20.454845365978702,21.11280632019043,3701250.0
2013-05-15,,,,,
2013-05-20,21.158631454548264,21.418407244115826,20.71052042398089,20.98328399658203,3405375.0
2013-05-27,21.11317251865375,21.28852153663613,20.190973281860348,20.19097328186035,3152375.0
2013-06-03,20.28189421559104,20.580634926192005,19.65194178586818,20.12602996826172,4305125.0
2013-06-10,20.164999501197524,20.444257030044522,19.81430450397752,20.353336334228516,2668500.0
2013-06-17,20.457251556258992,20.684553353485345,19.09343457939141,19.50907325744629,4454000.0
2013-06-24,19.288256792777307,20.43775925149124,19.164863558556263,20.320859909057617,6915875.0
2013-07-01,20.39879618340154,20.46373975716472,19.77533756559964,20.16499900817871,2978000.0
2013-07-08,20.229941080486093,21.444387213261212,20.22344718810483,21.243061065673828,3700375.0
2013-07-15,21.210586641943078,21.834045113138213,21.13265375240247,21.580764770507812,6761625.0
2013-07-22,21.652212224540012,22.197738019238464,21.47686315459466,22.19124412536621,3806250.0
2013-07-29,22.119800308213073,22.827687231787234,21.963936050398324,22.502967834472656,3947875.0
2013-08-05,22.425041898561133,22.587400088073963,20.749494915758767,21.2041015625,6447875.0
2013-08-12,21.132656813825864,21.34047685045602,20.22344686322832,20.24942398071289,4804500.0
2013-08-14,,,,,
2013-08-19,20.35989356225456,20.700097739996373,19.94118180798997,20.69355583190918,2466750.0
2013-08-26,20.726261413802334,20.850566993315553,19.85612547685996,19.86920928955078,3663125.0
2013-09-02,20.15052724468853,20.722986043159118,19.831586760874057,19.954256057739258,4528500.0
2013-09-03,,,,,
2013-09-09,19.962439328194314,20.32227070961194,19.635320599553356,19.668031692504883,3466400.0
2013-09-16,19.929726781483208,20.5594297032494,19.65167549246436,19.856124877929688,4470400.0
2013-09-23,19.856121244176993,20.25684177917651,19.733450387487053,19.954256057739258,2383100.0
2013-09-30,19.83159190339478,20.46947459625752,19.75798999422504,19.946083068847656,4186500.0
2013-10-07,19.76617115441677,20.25685010333734,19.5044761309459,20.240493774414062,2699400.0
2013-10-14,20.16688386097849,20.657562615419465,19.774341481355616,20.420400619506836,3383200.0
2013-10-21,20.4449366642694,20.71480976584476,20.20777465024793,20.56760597229004,2604000.0
2013-10-28,20.616668250757673,20.862008365543364,20.39586417522239,20.543067932128906,2414000.0
2013-11-04,20.567603903551063,21.0828171291712,19.888832136962808,20.3795108795166,3114400.0
2013-11-11,20.453117592278723,20.68210147542423,20.330448267667773,20.51854133605957,2733700.0
2013-11-14,,,,,
2013-11-18,20.651784084470528,20.692922468234258,19.944192584567396,20.22393798828125,2821400.0
2013-11-25,20.24861949776123,20.322669834993896,19.722039147514653,19.804317474365234,2447800.0
2013-12-02,19.83723404255481,19.87837243087544,18.940403367070598,19.41761589050293,4351000.0
2013-12-09,19.41761024790039,19.41761024790039,18.6688804988716,18.96508026123047,3868800.0
2013-12-16,19.04736337161436,19.64799260579187,18.973313020076983,19.516347885131836,4884000.0
2013-12-23,19.63976034458743,19.83722736686626,19.45874773050221,19.62330436706543,1766500.0
2013-12-30,19.639761158622836,19.73849388919036,18.891029843622068,19.07204246520996,3146500.0
2014-01-06,19.129633081271923,19.15431704375428,18.635964816921856,18.956850051879883,3842300.0
2014-01-13,18.989766075864104,19.40938414679641,18.430275314621035,19.360017776489258,6726800.0
2014-01-20,19.442288494617067,19.60684510360199,19.220139112613985,19.30241584777832,3710700.0
2014-01-27,19.49989043952751,19.804318220212537,19.195461089513866,19.705585479736328,4374800.0
2014-02-03,19.71381416032128,19.787864508831852,19.072046565668032,19.664447784423828,5201300.0
2014-02-10,19.631534050845215,20.256847126716256,19.508115778102464,20.191024780273438,2939100.0
2014-02-13,,,,,
2014-02-17,20.326924357223806,20.699516281998893,20.211007571403897,20.633277893066406,2019000.0
2014-02-24,20.62500490401757,20.931358543938295,20.302092845674117,20.856840133666992,3313100.0
2014-03-03,20.641559555630455,20.889953139369936,20.21100920318399,20.310367584228516,3282800.0
2014-03-10,20.318650090628616,21.163189327206968,20.128213301708318,21.01415252685547,3761700.0
2014-03-17,21.072113646615513,21.105232060007513,20.467686414917793,20.649843215942383,3414900.0
2014-03-24,20.740910344937088,20.898227077967125,20.260681730803636,20.38488006591797,2478300.0
2014-03-31,20.509081744351274,21.204585639236868,20.401443371983273,20.87339210510254,3020000.0
2014-04-07,20.782310883097775,21.088662783973447,20.227563884467465,20.29380226135254,3246800.0
2014-04-14,20.451123693122153,21.113507614019714,20.360045311780798,21.005870819091797,3137900.0
2014-04-21,20.98103182680405,21.245985407752976,20.724358242665765,21.096948623657227,2085600.0
2014-04-28,21.138346028325525,21.461257968298042,20.591878939488467,20.79059410095215,2472000.0
2014-05-05,20.75748003352659,21.279108862872057,20.583604809910213,20.649843215942383,2265600.0
2014-05-12,20.7243528031087,20.947906341327926,20.219284184961104,20.55047607421875,2561700.0
2014-05-14,,,,,
2014-05-19,20.618178259125155,20.70981511540156,20.201649405405455,20.601516723632812,1990100.0
2014-05-26,20.72647835847445,21.159668816584716,20.57652928198865,21.143007278442383,1757800.0
2014-06-02,21.21798423414623,21.21798423414623,20.659835375138293,20.843109130859375,2291500.0
2014-06-09,20.85143756953091,21.00971740950042,20.55986701805978,20.90142059326172,2096700.0
2014-06-16,20.826441526663434,21.57619310383704,20.801449224816135,21.226308822631836,4192500.0
2014-06-23,21.242977212533603,21.576200066708534,21.01805119011606,21.534547805786133,4586500.0
2014-06-30,21.534543424092885,21.901089283569156,20.96806389279271,21.07636070251465,3152100.0
2014-07-07,21.009720318019937,21.084695658461342,20.55986986430342,20.626514434814453,3877700.0
2014-07-14,20.751471408298006,20.893091309712368,20.343273242793497,20.859769821166992,5090700.0
2014-07-21,20.809789474271962,20.859774100742513,20.251640523474386,20.284963607788086,2719500.0
2014-07-28,20.301621474417058,20.61818277342448,19.660166517900212,19.801786422729492,3970300.0
2014-08-04,19.876765415461172,20.14334373500575,19.2603026542813,20.06003761291504,4535200.0
2014-08-11,20.09335864005058,20.39325842436671,19.81011880730116,20.318283081054688,2251800.0
2014-08-13,,,,,
2014-08-18,20.58458130193809,20.693626868121857,20.383263702969483,20.44198226928711,2037900.0
2014-08-25,20.53425639181659,20.978830337524414,20.433599166320548,20.978830337524414,2492100.0
2014-09-01,21.121423569591894,21.121423569591894,20.66846138029136,20.836225509643555,3146000.0
2014-09-08,20.836229326413303,20.878169566475286,20.374880286061064,20.416820526123047,1950000.0
2014-09-15,20.416817872704797,20.76073291625338,20.072902829156213,20.098066329956055,3680200.0
2014-09-22,20.04773743842022,20.114842772778015,19.510894763557864,19.787704467773438,2854200.0
2014-09-29,19.64510489942314,20.0225733948957,19.636716532866267,19.89674949645996,3097600.0
2014-10-06,19.930304179485827,20.517475475059236,19.703823068375012,19.980632781982422,3347600.0
2014-10-13,20.03935346553234,20.45037392858524,19.510899041583674,20.11484718322754,5329100.0
2014-10-20,20.106453986413598,21.331128312783648,20.08967885311224,21.272411346435547,3008300.0
2014-10-27,21.19692153244286,22.161561470501756,21.12981618718444,21.977022171020508,3217500.0
2014-11-03,21.96024483159745,22.362876892089844,21.876362752348804,22.362876892089844,3093500.0
2014-11-10,22.404812924173633,22.429978023197545,21.708594517018277,21.909912109375,2793800.0
2014-11-12,,,,,
2014-11-17,22.021297140344014,22.443322763409405,21.93689169375094,22.18166732788086,2111300.0
2014-11-24,22.198548178029736,22.70497927161408,22.063500101060587,22.43488311767578,1602800.0
2014-12-01,22.367359826569974,22.502407908051595,21.818726794313378,21.936893463134766,3747500.0
2014-12-08,22.215428480675797,22.4939653267519,21.835606386881103,21.869367599487305,2601400.0
2014-12-15,21.911564792593843,22.34203102731979,21.405135443410032,21.97064971923828,3894300.0
2014-12-22,22.004410820296762,22.899104490834937,21.936886800065572,22.662771224975586,1602700.0
2014-12-29,22.688096233845815,23.819125004845787,22.308274148298032,22.654335021972656,2820400.0
2015-01-05,22.586813833535377,22.780945253485196,22.114145538470556,22.44332504272461,2259400.0
2015-01-12,22.519287694594166,22.975074534207238,22.1394639866666,22.958194732666016,2490000.0
2015-01-19,22.958191924409928,23.329573271289345,22.671214404612318,23.169204711914062,1613200.0
2015-01-26,23.10168460391653,23.743162170055246,22.806266329307867,22.831586837768555,3497800.0
2015-02-02,22.84002936345877,23.4224252529529,22.40956297643269,22.477087020874023,2832900.0
2015-02-09,22.46020081554766,22.63745077797352,21.700553519723243,21.818721771240234,2131500.0
2015-02-11,,,,,
2015-02-16,21.91213487771346,22.379255017852028,21.62337017142435,22.22637939453125,2609300.0
2015-02-23,22.23487402034032,22.820896738823848,22.081998387698903,22.4556941986084,2561800.0
2015-03-02,22.701990638573847,22.701990638573847,21.67432927086688,21.784738540649414,2999300.0
2015-03-09,21.750768508566495,22.20939377767341,21.589399608359567,21.74227523803711,2982600.0
2015-03-16,21.844192595297834,23.067196088418214,21.818714402059914,22.939800262451172,3789200.0
2015-03-23,22.854862539858182,23.0841759320127,22.15843071472997,22.328292846679688,3264700.0
2015-03-30,22.413225282940477,22.744456322440353,22.107475672535557,22.693496704101562,2767700.0
2015-04-06,22.70199275934765,23.31349529503966,22.455694386858404,22.880348205566406,2665400.0
2015-04-13,22.812402142183814,23.007742497015794,22.396241621918684,22.642539978027344,2218600.0
2015-04-20,22.7444599516944,23.296509612382074,22.591584312135325,23.22007179260254,1860600.0
2015-04-27,23.38143877979112,23.38143877979112,22.506651369791996,22.68500518798828,2801900.0
2015-05-04,22.72746900880863,23.09267149483526,22.11596818890331,22.49815559387207,3168000.0
2015-05-11,22.43870653564449,22.66801997314462,21.988572930913747,22.51514434814453,2489700.0
2015-05-13,,,,,
2015-05-18,22.579774680648505,22.97291153343818,22.511402983202046,22.699424743652344,2515200.0
2015-05-25,22.61396619838515,22.84472135472222,22.366119335368175,22.49431610107422,1903300.0
2015-06-01,22.53704540160152,23.058379039332824,21.89606005790547,21.964431762695312,3685100.0
2015-06-08,22.101174943789285,22.19518501808466,21.69094308918124,21.708036422729492,2963300.0
2015-06-15,21.656756506492066,21.725128205695196,21.16106127974191,21.468734741210938,5298600.0
2015-06-22,21.605477506728672,21.63966254027391,21.01577059955727,21.17815399169922,2719000.0
2015-06-29,21.049960912010857,21.5883895888366,20.853392437028234,21.41745948791504,3849700.0
2015-07-06,21.349090353681337,21.990075864437177,21.33199701550134,21.716588973999023,3164900.0
2015-07-13,21.793501225351893,22.143906408762476,21.682397818706338,21.81059455871582,1958200.0
2015-07-20,21.827687371516653,21.904604109599983,21.075597022540116,21.280712127685547,2676600.0
2015-07-27,21.263616435903472,21.981520039328633,21.246524734953173,21.742219924926758,3621300.0
2015-08-03,21.750768463616296,22.084080297443332,21.520013364762235,21.998615264892578,3383500.0
2015-08-10,22.04989706043501,22.64815075118975,22.01571202016597,22.613964080810547,3239000.0
2015-08-12,,,,,
2015-08-17,22.777854791354276,23.319980715803663,22.63156702585407,22.717618942260742,3900400.0
2015-08-24,21.857101733639716,22.295965003492586,21.16868972679425,22.06362533569336,5295700.0
2015-08-31,21.99478278007238,22.02059884422763,21.099847226303655,21.17729377746582,3778700.0
2015-09-07,21.383815945588328,21.667786067208546,21.039609986246163,21.53010368347168,2868900.0
2015-09-14,21.555921176541894,22.58854084303049,21.512896040981417,22.356201171875,4539800.0
2015-09-21,22.373410808154304,22.932745750097435,22.1582818580759,22.683197021484375,4346000.0
2015-09-28,22.683197350017558,22.984376571446564,22.35620042203227,22.975772857666016,3896000.0
2015-10-05,23.06181697155668,23.406024517854153,22.906925545286686,23.345787048339844,4120600.0
2015-10-12,23.345793060871955,24.249335640648532,23.345793060871955,24.24073028564453,3046100.0
2015-10-19,24.171891884723454,24.77425367429566,24.171891884723454,24.541913986206055,3757200.0
2015-10-26,24.57632687666867,24.739825312209955,24.180490459498927,24.610748291015625,4166900.0
2015-11-02,24.63656801910036,25.35079610766607,24.137468892648457,24.343994140625,4302900.0
2015-11-09,24.3784128486729,25.0840355507571,24.146073185897766,24.38701820373535,3085700.0
2015-11-10,,,,,
2015-11-16,24.54022905823722,25.43212929268779,24.41034109149192,25.37151336669922,2545800.0
2015-11-23,25.328223412671843,25.570682214280694,24.869284069074343,25.406156539916992,2210100.0
2015-11-30,25.466766972528394,25.79581827144753,25.12905790666184,25.587995529174805,3517200.0
2015-12-07,25.579336825062786,26.029615012516025,25.02514561866509,25.120397567749023,2764800.0
2015-12-14,25.094419721807956,26.921515710966382,24.96453174924178,26.419281005859375,5351900.0
2015-12-21,25.891070061839457,26.168164865323213,25.033807394205837,25.830455780029297,4080300.0
2015-12-28,25.735205892554525,26.51453715457442,25.648614998210487,25.804479598999023,3373700.0
2016-01-04,25.795821132798952,25.92570912241557,24.973194445868057,25.310903549194336,4089400.0
2016-01-11,25.466766151999682,25.839112880119902,24.548889284932148,25.103078842163086,4181800.0
2016-01-18,25.19833165962783,25.89106863002792,24.635482664725853,25.795818328857422,3341000.0
2016-01-25,25.80447806969488,27.30252456665039,25.492747234977113,27.30252456665039,5668200.0
2016-02-01,27.25922514390542,28.003918619202846,27.09470114715173,27.32849884033203,5067100.0
2016-02-08,27.32850641161524,27.934651010374846,27.0340927073319,27.33716583251953,4404900.0
2016-02-10,,,,,
2016-02-15,27.594462184739026,27.637999642393854,26.941390354831285,27.193910598754883,3779900.0
2016-02-22,27.289703849123566,27.58576330756662,26.68887710571289,26.68887710571289,4072000.0
2016-02-29,26.61921497874248,27.507393314845764,26.514724386758573,27.48126983642578,4251400.0
2016-03-07,27.40289765869272,27.829571121473375,27.24616179018277,27.620588302612305,3398700.0
2016-03-14,27.629298755526726,27.995020799377624,27.167795609465674,27.42902374267578,4312800.0
2016-03-21,27.43772998689528,27.585759696740524,27.185208033280748,27.38548469543457,2956800.0
2016-03-28,27.35065456379743,28.247539025769274,27.35065456379743,27.803451538085938,3646300.0
2016-04-04,27.81215778787762,27.91665003019547,27.167793665986444,27.53351402282715,3064300.0
2016-04-11,27.638006945248556,27.82086796958124,27.02847407278491,27.79474449157715,3600300.0
2016-04-18,27.777329285700553,28.177880983956577,26.39281648535893,26.845613479614258,4110600.0
2016-04-25,26.88915054245741,27.62059131876805,26.80207560405928,27.56834602355957,4212300.0
2016-05-02,27.629298988661503,28.648093034982168,27.559638041827814,28.291080474853516,4404100.0
2016-05-09,28.325910066634837,28.674216481443978,28.17788199944345,28.456525802612305,3077300.0
2016-05-11,,,,,
2016-05-16,28.532570459073217,28.74269211507468,26.99168889100215,27.66582489013672,3241200.0
2016-05-23,27.66582831803939,28.31369877297612,27.464463515130426,28.296188354492188,3606000.0
2016-05-30,28.234904273512875,29.35554436664964,28.156109058228513,29.206710815429688,2992600.0
2016-06-06,29.206707184832432,29.802047995249055,28.82148469587432,29.600683212280273,2350900.0
2016-06-13,29.679481282080847,30.03843651067086,29.513133976787614,29.618196487426758,3357800.0
2016-06-20,29.58317252682673,30.003412505697224,29.014095676818712,29.837068557739258,5315100.0
2016-06-27,29.793294164836784,31.369198435842826,29.66197103543351,30.896427154541016,4460100.0
2016-07-04,30.861406462654763,31.334177746180863,29.705745551660424,30.30108642578125,3789900.0
2016-07-11,30.274828893590268,30.274828893590268,29.600692662462418,29.79330062866211,3363300.0
2016-07-18,29.79329126323553,30.30983687069816,29.66196814662196,30.257308959960938,2319200.0
2016-07-25,30.283574334850034,30.51995996355949,29.767028703174702,30.327348709106445,4014000.0
2016-08-01,30.25731312834928,30.502452318282547,28.97032570165768,28.99658966064453,2948600.0
2016-08-08,28.97032486582439,29.11915841548383,28.392494406387904,28.523820877075195,3157000.0
2016-08-15,28.593860458984683,28.628881297997673,27.193058626289858,27.543258666992188,3273800.0
2016-08-16,,,,,
2016-08-22,27.725947242300425,28.025401703231342,27.162269047556826,27.188692092895508,2506400.0
2016-08-29,27.303189323378835,27.567413064228298,26.63382060934748,27.285573959350586,4310600.0
2016-09-05,27.36484262094789,27.831639708862397,26.325559616088867,26.325559616088867,3147700.0
2016-09-12,26.334365481694746,26.66024298849135,26.008489654791674,26.484092712402344,4371900.0
2016-09-19,26.572169199834875,28.131093678739248,26.545746153111647,27.769987106323242,4192800.0
2016-09-26,27.796401466565,27.919707306964963,26.792349462682598,26.84519386291504,3669100.0
2016-10-03,26.827583046225335,26.889236816813213,25.471232011268164,25.638574600219727,5069100.0
2016-10-10,25.63857461312286,26.38720906323842,25.55930715936346,26.034910202026367,3167700.0
2016-10-17,26.052528702516643,26.47528738688313,25.77949726218333,26.01729965209961,3159600.0
2016-10-24,26.30794152387455,26.466474740860868,26.04371613577728,26.2727108001709,3751800.0
2016-10-31,26.37840796942077,27.109428872405136,25.541696548461918,25.541696548461914,6768600.0
2016-11-07,25.735458107003794,26.41363452688119,24.68736910889542,25.647384643554688,4709100.0
2016-11-14,25.4183890338329,26.219869617792174,25.162971295262313,26.026103973388672,4851500.0
2016-11-21,26.34892768633812,27.42168102989457,26.136150540980356,27.129112243652344,3088300.0
2016-11-28,27.270965260408524,27.740849207286104,26.003166549269178,26.366661071777344,4386000.0
2016-12-05,26.242539218171157,26.79221307207407,25.923372663645342,26.68582534790039,3752500.0
2016-12-12,26.48191546167748,27.46600956913013,26.16274889115096,26.694692611694336,4366300.0
2016-12-19,26.78334942102227,27.049322136047852,26.57057226360332,26.79221534729004,2091700.0
2016-12-26,26.65922929649179,26.818812584081435,26.340062721312503,26.632633209228516,2093700.0
2017-01-02,26.59717098014935,27.173442679852066,26.31346809358817,26.863142013549805,2679000.0
2017-01-09,26.93406909628641,26.93406909628641,26.286871642237678,26.845413208007812,2596200.0
2017-01-16,26.934066439275817,27.226635238340606,26.189347243385676,26.286869049072266,2859100.0
2017-01-23,26.348931465376133,26.934069121782677,26.074094491246434,26.703561782836914,2796800.0
2017-01-30,26.632636236928644,26.969533011582335,26.180484101023097,26.64150047302246,3465800.0
2017-02-06,26.58830167444851,26.934064312126477,26.41985247283513,26.91633415222168,1955800.0
2017-02-13,26.809940905875845,26.863134759992064,26.207071589218238,26.801074981689453,1970600.0
2017-02-20,26.87288599691715,27.818611229698643,26.81043098289397,27.69370460510254,2018000.0
2017-02-27,27.68478050609272,28.68403853750362,27.586638621280265,28.237939834594727,3930100.0
2017-03-06,28.10411138075227,28.148720400666626,27.104853338455396,27.53310775756836,2044500.0
2017-03-13,27.773998523629416,28.73756797737794,27.684780484841134,28.612661361694336,4181400.0
2017-03-20,28.684039156106568,28.75541290804123,28.095189536257642,28.416379928588867,2577500.0
2017-03-27,28.64835149075116,28.835711424427682,28.202254465740275,28.684040069580078,3249000.0
2017-04-03,28.7108037304947,29.049838409816317,28.47883308193913,28.87139892578125,2785900.0
2017-04-10,28.924930807123573,29.326418828910217,28.746494711618716,29.174747467041016,2454000.0
2017-04-17,29.174747073957448,29.656532693610124,28.987387134131513,29.629764556884766,3321700.0
2017-04-24,29.71005543882113,30.058010506479693,29.237193772869702,29.522695541381836,5649500.0
2017-05-01,29.54054381034803,29.576232387086385,28.15764209278679,28.69295883178711,3558600.0
2017-05-08,28.7286463724873,28.817864407665724,27.881061424492742,28.33608055114746,2959800.0
2017-05-15,28.237943036928755,28.425304683570804,27.81861242088257,28.26470947265625,2777900.0
2017-05-22,28.346229247500467,29.522085652358502,28.274421261983278,29.243831634521484,2448300.0
2017-05-29,29.15406484352418,30.033712953242553,29.046353738517148,29.80931282043457,2424900.0
2017-06-05,29.70159796659805,29.872140813340067,29.1181563253075,29.611839294433594,2314800.0
2017-06-12,29.611842910463526,30.886434016028716,29.611842910463526,30.832576751708984,3370400.0
2017-06-19,30.850529271653482,30.868481693150713,29.899074900820178,30.087570190429688,2515000.0
2017-06-26,30.096546293891898,30.437635472377647,29.48617762673823,29.890098571777344,4111100.0
2017-07-03,29.997805460506495,30.051662720289936,29.216894026053495,29.43231964111328,2229100.0
2017-07-10,29.441301454646986,29.64774919900423,28.992501117155186,29.243831634521484,2773900.0
2017-07-17,29.288706047986363,30.231185913085938,29.15406459979745,30.231185913085938,2120200.0
2017-07-24,30.23118501888185,30.23118501888185,29.692626090204698,29.988832473754883,2654600.0
2017-07-31,29.97985988068242,30.410707735820598,29.737507320153245,30.258113861083984,2679700.0
2017-08-07,30.267090672292785,30.796675116793935,29.997807776658032,30.15937614440918,2264100.0
2017-08-14,30.141430359017942,30.51842097455963,29.91703020479324,30.123477935791016,1731500.0
2017-08-21,30.344245789225493,30.895138922936255,30.281028883232093,30.705488204956055,1660400.0
2017-08-28,30.75063669709271,30.877070484621495,30.082342835851318,30.281023025512695,1845000.0
2017-09-04,30.317144941899834,30.849975454391853,30.055244439390098,30.831912994384766,1617100.0
2017-09-11,30.831916150872473,31.301529823948464,30.244901643324244,30.71451187133789,2324700.0
2017-09-18,30.696453821939134,30.732575301727696,30.19974471789384,30.479707717895508,2515900.0
2017-09-25,30.443582184345573,30.687420254620854,29.639821570324678,29.973968505859375,2413400.0
2017-10-02,29.96494164955539,31.066727817563738,29.910754258566183,30.93126106262207,1829800.0
2017-10-09,31.048660260221137,31.744049494385276,30.93125598820326,31.436994552612305,1611600.0
2017-10-16,31.43699768086217,32.75552643759598,31.238314038455375,32.52975082397461,2229300.0
2017-10-23,32.511694210773705,32.55684865260938,31.012544004412774,32.168514251708984,2563300.0
2017-10-30,32.114324403005774,32.69230942052979,31.7892069693829,32.538780212402344,3836100.0
2017-11-06,32.52072142974633,33.07161453849041,32.448475016912255,32.493629455566406,2450700.0
2017-11-13,32.45749852299786,33.685718319560614,32.31300227899414,32.84583282470703,2669900.0
2017-11-16,,,,,
2017-11-20,33.10262620496983,33.42048267736037,32.76660601067473,33.211605072021484,1273600.0
2017-11-27,33.23883865929489,34.691904783604706,33.17526738444615,34.28322982788086,2283100.0
2017-12-04,34.364971706191774,34.68282814413788,33.86548153325846,34.67374801635742,3705700.0
2017-12-11,34.283236775682596,34.89170580522501,33.801910321604254,34.637420654296875,4079800.0
2017-12-18,34.73731605746883,35.018848493606335,34.08343605837529,34.982521057128906,2695800.0
2017-12-25,35.15506926592255,35.91792806845499,35.15506926592255,35.627315521240234,2142800.0
2018-01-01,35.55467024756223,35.76354783536762,33.919970057128,34.246910095214844,3076400.0
2018-01-08,34.23783000515314,34.35589245556543,31.84027434236,31.89476203918457,4125200.0
2018-01-15,31.785779125191272,32.69394424305388,31.504246691478865,32.439659118652344,3180400.0
2018-01-22,32.60313912772612,33.34783447588022,32.385177908189675,33.320587158203125,4234000.0
2018-01-29,33.17527727191987,33.3115034525532,32.003746668851115,32.067317962646484,5066000.0
2018-02-05,31.949251445301982,32.276191465791186,29.96945106733982,30.605167388916016,4598500.0
2018-02-12,30.677818701592752,31.81302517769521,30.332718427207773,31.6677188873291,2627500.0
2018-02-15,,,,,
2018-02-19,31.684761269506165,31.977123260498043,30.944718019366178,31.977123260498047,1860200.0
2018-02-26,31.748712906470665,32.27862115451045,29.57426770852292,29.69304084777832,4522500.0
2018-03-05,29.574270842591893,30.90817639080893,29.574270842591893,30.707176208496094,4003200.0
2018-03-12,30.688896455577037,31.364985612595724,30.551850272934445,30.981258392333984,4410800.0
2018-03-19,31.02694547089097,31.163991680828097,29.75699740169586,29.775270462036133,2528100.0
2018-03-26,29.93058089324456,31.209667006427953,29.83008430719423,31.118305206298828,2750000.0
2018-04-02,31.063494953536892,31.20054117830637,30.28690897379058,30.7802677154541,2506500.0
2018-04-09,30.835081522170398,31.04521647431615,30.30517326310138,30.524446487426758,2160200.0
2018-04-16,30.725440865253525,31.73957280193335,30.68889475387809,31.227937698364258,2557600.0
2018-04-23,31.237079527119956,32.10503069923794,30.77112870031924,31.986257553100586,1984100.0
2018-04-30,32.03193571803515,32.52529429602116,31.611662394613496,32.406524658203125,3021100.0
2018-05-07,32.41566288961513,32.45220900601141,31.12744191109708,31.71216583251953,2357400.0
2018-05-14,31.75784695436744,31.821804401116644,30.049356081200806,30.460491180419922,2104300.0
2018-05-17,,,,,
2018-05-21,30.666886696636855,32.02740760318481,30.56576630717363,32.0090217590332,1820300.0
2018-05-28,31.97224473228576,32.95586443634265,31.60453843087363,31.907896041870117,2338500.0
2018-06-04,31.95385945208766,32.10094267658238,30.59333874882637,31.00701141357422,2754200.0
2018-06-11,31.03459302959935,31.03459302959935,30.253213940984203,30.80477523803711,4130100.0
2018-06-18,30.83235326793517,31.687275664052116,30.795581582636586,31.595346450805664,2843400.0
2018-06-25,31.705654902577564,32.66169397401624,31.668883224938334,32.33995056152344,3220500.0
2018-07-02,32.266413870807355,33.83837010053704,32.20206517501771,33.74644088745117,1878900.0
2018-07-09,33.73724861482827,33.75563445684342,32.28479865629844,33.43388748168945,2533900.0
2018-07-16,33.47066216049017,33.84756318867182,33.102952300768074,33.48904800415039,1837900.0
2018-07-23,33.54420703020412,34.16930820880681,33.15811130961343,33.847564697265625,2150000.0
2018-07-30,33.80160144500299,34.123344952789715,33.130533909661224,33.94868469238281,3090800.0
2018-08-06,34.00383192578543,34.693285096564416,34.00383192578543,34.261226654052734,1959800.0
2018-08-13,34.25203777542625,34.83117951873575,34.058991696570004,34.66571044921875,1767800.0
2018-08-16,,,,,
2018-08-20,35.14675473693774,35.35943224106269,34.610447214469986,34.887847900390625,1951400.0
2018-08-27,34.90633471618673,35.05428195402265,34.1018718309127,34.3792724609375,2449400.0
2018-09-03,34.49948014178581,35.04503623395009,34.333039060966854,34.57345199584961,1765000.0
2018-09-10,34.68441772252534,35.22997391192577,34.41626573549266,35.156002044677734,1944600.0
2018-09-17,35.05428734192168,35.18374075400776,33.889203105806104,34.40701675415039,2687400.0
2018-09-24,34.39776961421873,34.41626346164411,33.44535587218583,34.12036895751953,2260800.0
2018-10-01,34.074130930836745,34.41626180068358,33.46384810461503,34.249820709228516,1822900.0
2018-10-08,34.26831657772496,35.35018020867647,33.26042480992891,33.61179733276367,2554600.0
2018-10-15,33.62104391842773,35.045038350392154,33.482341833588656,34.878597259521484,2009400.0
2018-10-22,34.88784229586207,35.18373678362251,30.49565430445129,30.708328247070312,7816300.0
2018-10-29,31.105940442232807,31.23539385351002,29.700439711875706,30.440176010131836,5439600.0
2018-11-05,30.42167971417538,31.0042199505099,29.709682564648528,30.634353637695312,4586200.0
2018-11-12,30.62510743995342,31.050458848893435,29.672697286080492,30.578874588012695,4009200.0
2018-11-15,,,,,
2018-11-19,31.41877515987476,31.91216515933362,30.822982658368943,31.725982666015625,2651000.0
2018-11-26,31.744609404758712,32.098362660491674,31.22329255547298,31.92148780822754,3616600.0
2018-12-03,31.80976756929084,33.010664013130594,31.25121290067904,32.945499420166016,4061500.0
2018-12-10,32.9734252050524,33.47612652406071,32.386943884079926,33.30855941772461,2841000.0
2018-12-17,33.41096350618798,33.41096350618798,31.521183169433332,31.53049087524414,5496100.0
2018-12-24,31.43739640514669,31.67012808991869,29.938603787022394,31.48394203186035,3074100.0
2018-12-31,31.511874014088704,31.902865157096603,30.441310214242414,31.13950538635254,3528500.0
2019-01-07,31.04640399791866,31.753910277986463,30.78574565852712,31.567724227905273,2422100.0
2019-01-14,31.4932509981647,32.02387891676853,31.055714326219867,31.725982666015625,3888900.0
2019-01-21,31.72599155993752,32.34971090005103,31.390857296089607,31.83770179748535,2086700.0
2019-01-28,31.80045611291748,32.72207511374962,31.48394089104825,32.293846130371094,6343300.0
2019-02-04,32.21937964281463,33.55991306150494,31.84700747313189,33.54129409790039,2565100.0
2019-02-11,33.57852464460841,33.77401839268077,33.05720443187868,33.15960693359375,3074700.0
2019-02-14,,,,,
2019-02-18,33.26033546871744,34.06585251055434,32.61405028476747,34.047119140625,3116800.0
2019-02-25,33.99092017201635,34.084583441937056,33.36336482986856,33.71929168701172,2772900.0
2019-03-04,33.831687249234434,34.0939508281135,32.96997375969857,33.316532135009766,3259500.0
2019-03-11,33.30717463585439,33.784863120198985,33.11047601474742,33.68183135986328,3722300.0
2019-03-18,33.69120638323337,34.91821212719512,33.50387619829252,34.768348693847656,4402700.0
2019-03-25,34.749603214671204,35.24602856781212,34.02838814934309,34.13141632080078,5631900.0
2019-04-01,34.16888089253368,34.44050937021244,33.65372577581422,34.4311408996582,2924500.0
2019-04-08,34.30937997434932,34.59973825223022,33.897253015254336,34.44987487792969,2155800.0
2019-04-15,33.27906199988105,34.843264123804275,32.58594532005399,34.79643249511719,34971200.0
2019-04-22,34.59974252282445,36.2669767873549,34.48734587148227,36.19204330444336,18939600.0
2019-04-29,36.12647382023545,36.60416578208596,35.35842358061765,35.676883697509766,9364100.0
2019-05-06,35.83611305078258,36.20140838623047,34.78706939943488,36.20140838623047,5844400.0
2019-05-13,36.12647123284904,36.94135304861327,36.070271131649136,36.8195915222168,5261800.0
2019-05-16,,,,,
2019-05-20,37.056101415282285,37.66836685426634,36.91480828529102,37.33868408203125,5016200.0
2019-05-27,37.53648826852351,37.53648826852351,36.48151139582042,37.24448776245117,4734000.0
2019-06-03,37.31984348426781,39.10011817655907,37.00900363942706,38.469017028808594,5678000.0
2019-06-10,38.29006002289439,39.222583422730914,37.97921649412589,39.16606903076172,4018000.0
2019-06-17,39.10953950028004,39.571090333537896,38.600888563306,39.51457595825195,4478600.0
2019-06-24,39.55225468955846,39.69354422131262,37.91326953128278,38.96824645996094,5709200.0
2019-07-01,38.845790793377816,39.35443806675629,38.111071677194815,39.19430923461914,2864100.0
2019-07-08,39.17546779956248,39.41095389992214,38.13933039527307,38.619720458984375,3738900.0
2019-07-15,39.00591751984491,39.59934349885642,38.54436318211757,38.619720458984375,5320600.0
2019-07-22,38.798695598698075,39.128378354596634,38.0639799829109,39.10953903198242,3648000.0
2019-07-29,39.288500339481345,39.86308700246219,38.96823909748707,39.467472076416016,6312700.0
2019-08-05,39.44863856892506,40.68258362377568,38.16759341221608,40.54129409790039,9075600.0
2019-08-12,40.663742032859425,41.88827274818934,40.513031057728014,41.70930099487305,6419900.0
2019-08-15,,,,,
2019-08-19,41.851304846798634,42.239606026577675,40.88528648453645,41.04629135131836,3715600.0
2019-08-26,41.112586165057046,42.33431558175923,41.00840718355085,41.946014404296875,4860600.0
2019-09-02,42.144903099235854,43.09197957337599,42.002840182990816,42.16384506225586,4387200.0
2019-09-09,42.03125137427627,42.14489952996135,40.26968870351372,41.26411819458008,5179200.0
2019-09-16,41.24517452680182,42.173308920919695,40.88528450041012,42.069129943847656,5008000.0
2019-09-23,42.14489932170632,42.98779673009089,42.00283641819466,42.30590057373047,4119600.0
2019-09-30,42.37219845414766,43.14880078981889,42.0501923432979,43.13932800292969,4455000.0
2019-10-07,43.11091995239258,43.30033596282299,42.50479160926318,43.11091995239258,4817300.0
2019-10-14,43.18669176445285,44.2474201638064,42.381678094924865,44.114830017089844,5586300.0
2019-10-21,44.11481936699797,44.41788351855954,42.92150110901584,43.28139114379883,6728400.0
2019-10-28,43.12038576952115,43.423449917487346,42.0217773299413,42.35325622558594,8460600.0
2019-11-04,42.27748760964723,42.864673934000784,40.96105206357269,41.283058166503906,11939800.0
2019-11-11,41.26412130596051,41.595596623706484,40.70534604689586,41.377769470214844,6752000.0
2019-11-14,,,,,
2019-11-18,41.64865409616407,42.10570334476434,41.00116675257088,41.33443069458008,6865600.0
2019-11-25,41.382040019698636,42.57227359342884,41.17256138068925,42.15331268310547,15576200.0
2019-12-02,42.12474679514045,43.40067728771747,41.639129479620635,43.124542236328125,6735700.0
2019-12-09,43.19119437549857,43.53398220900323,42.515142610700174,42.86745071411133,4264200.0
2019-12-16,42.810317878783195,44.448080345634,42.74366509302107,44.32429504394531,7656600.0
2019-12-23,44.38142418652863,44.57186225950463,43.781545527960695,44.49568557739258,3654200.0
2019-12-30,44.40046964448225,45.067001103072755,43.543500107393854,44.00054931640625,4925900.0
2020-01-06,43.981500326530885,44.70516421907442,43.7529775632147,44.58137893676758,4639900.0
2020-01-13,44.66707740206493,48.285386091079666,44.6480332324228,48.15208053588867,7013500.0
2020-01-20,47.94260139973038,50.0659810482219,47.78073139576964,49.38040542602539,6326000.0
2020-01-27,49.332795641753634,50.046935687123124,49.085225058601914,49.45657730102539,7142400.0
2020-02-03,49.51371169318653,51.31334409471252,49.304229442916466,50.67538070678711,5441900.0
2020-02-10,50.77060162772829,51.61804732764168,50.056461503220895,51.1514778137207,4603400.0
2020-02-13,,,,,
2020-02-17,51.635813016744656,52.14270164456612,50.67941717656192,50.74636459350586,4159200.0
2020-02-24,50.23947114306318,50.602902575379005,40.30251917956127,41.13458251953125,12471600.0
2020-03-02,41.31629971301886,46.60516737373581,41.12501982138683,44.63499069213867,8253200.0
2020-03-09,42.664817974588004,43.209963298338636,32.421819651449695,36.75429153442383,11471600.0
2020-03-16,30.604668438119536,39.21223143634066,29.07443465137748,33.397342681884766,11062000.0
2020-03-23,32.8043752058348,40.866792090599354,29.772600447282844,38.65751647949219,6605900.0
2020-03-30,39.19310475351416,41.79450284925671,36.03699891580354,36.82124328613281,6772200.0
2020-04-06,38.274960881590815,42.98999253247696,38.045424281147056,42.664817810058594,3841000.0
2020-04-13,42.062290444472126,42.540488385380215,40.111241969960545,41.46932601928711,3578000.0
2020-04-20,40.752024549607995,41.918828562386324,39.13571335518023,41.775367736816406,4266100.0
2020-04-27,41.40237135817934,42.865655633955114,38.42798010221252,38.628822326660156,5325000.0
2020-05-04,38.32278450155486,40.80941245231534,37.653306623008284,38.542755126953125,4743300.0
2020-05-11,38.25583187319482,38.68621071144035,35.740509905991345,37.404640197753906,8570800.0
2020-05-14,,,,,
2020-05-18,38.72874096484789,40.04696043702387,38.3631021342044,39.4792594909668,4319000.0
2020-05-25,40.22015863412076,42.24079085253968,39.49850505693969,42.1060791015625,5235400.0
2020-06-01,42.19268091141471,44.78101428908093,41.33631918814231,43.94389343261719,5446700.0
2020-06-08,44.14595452331643,45.00231615510602,41.60573459559727,42.308143615722656,5463800.0
2020-06-15,41.480649622498916,44.1074682928261,40.42222213745117,40.42222213745117,10988700.0
2020-06-22,40.41260263241933,41.288208875967605,38.526682057164585,39.585105895996094,7180500.0
2020-06-29,40.01809837352219,42.27927821891715,39.594729576617794,41.79817581176758,3965800.0
2020-07-06,42.33701476309037,42.87585081782611,40.316385981241915,41.64422607421875,2828400.0
2020-07-13,41.76931042193001,43.116398616612365,40.87445965998759,43.02017593383789,3745300.0
2020-07-20,42.90470763007973,44.66554031872649,42.48133888435233,43.972755432128906,2909000.0
2020-07-27,43.876537528766306,44.41537353959004,42.77000420812831,43.635986328125,6934300.0
2020-08-03,43.60712488935611,45.65662231250747,42.77962810486681,45.48342514038086,4956100.0
2020-08-10,45.90679024946214,46.32053860820679,43.14526349384555,43.635986328125,7411200.0
2020-08-13,,,,,
2020-08-17,43.933048817104144,43.99109865790452,41.63045680077263,41.79492950439453,7782000.0
2020-08-24,41.833632493458744,42.268993414485635,40.692011374293166,41.233795166015625,4623400.0
2020-08-31,41.58208316512602,41.775578940980196,39.521359979935255,40.2372932434082,5933900.0
2020-09-07,40.15022166930384,40.18892156389174,37.82827966278081,38.07014846801758,6454600.0
2020-09-14,39.221449551886,39.49234145491445,37.644463779344605,37.91535568237305,7528100.0
2020-09-21,37.59609055758588,38.747384830114434,37.03495311493517,38.282997131347656,6102100.0
2020-09-28,38.6216071388857,40.66298034463903,38.27331917669251,40.305015563964844,4898500.0
2020-10-05,40.27599047736355,40.6823282582652,39.502011115676076,40.28566360473633,3927900.0
2020-10-12,40.19859256827972,41.26281746946681,39.72453180181333,40.488834381103516,4453500.0
2020-10-19,40.36306317077342,43.14938885797589,40.140544336140046,43.052642822265625,10016100.0
2020-10-26,42.810780348161494,42.91720321749312,39.71485877129934,39.859981536865234,5718400.0
2020-11-02,40.40176410783054,42.23029539839922,39.7051844496676,41.65948486328125,3722500.0
2020-11-09,43.381590228831726,45.25849087963443,42.34639200965509,43.25581741333008,5477000.0
2020-11-12,,,,,
2020-11-16,43.7924982624957,44.56095924358916,41.43847934676226,42.53767013549805,3558300.0
2020-11-23,42.72248811729558,45.251599490700066,42.537669938554934,44.54150390625,5693300.0
2020-11-30,44.36641566067288,47.381890754069246,43.98704984622419,46.263248443603516,6521100.0
2020-12-07,46.136793519983996,46.87607004139455,45.60179033480286,46.29243087768555,4488900.0
2020-12-14,46.545331117423615,47.47915879225034,44.356679114208966,44.648502349853516,6373300.0
2020-12-21,43.957864096536454,44.92087273915379,42.917038635200434,44.23023223876953,2715900.0
2020-12-28,44.444229410176476,46.127059325818124,44.26913693704041,46.000606536865234,2751100.0
2021-01-04,46.03951672265335,47.55697987303614,44.599866676909656,47.39161682128906,4496200.0
2021-01-11,47.05115691707725,47.50834322418596,43.802224215966866,44.89168930053711,7424800.0
2021-01-18,45.43641883640484,45.815784624487236,44.13295470951152,44.22050094604492,3796100.0
2021-01-25,44.103777348022746,46.46752221027288,43.99677597151713,45.037601470947266,7996200.0
2021-02-01,45.46559944917039,46.953881630582444,45.18350563248717,46.81769943237305,3710100.0
2021-02-08,47.002521867182104,47.18734005143346,45.01814297134746,45.38778305053711,4099600.0
2021-02-11,,,,,
2021-02-15,45.467707880074684,45.7219342829302,44.265014119235396,44.558353424072266,5190800.0
2021-02-22,44.255235592415644,44.79302868863211,41.077384929373935,41.126277923583984,4935200.0
2021-03-01,42.094298568041175,42.42675079080203,40.19736749111849,41.683624267578125,6295500.0
2021-03-08,41.64450760513588,42.65164054347899,40.69604028727164,42.534305572509766,5820400.0
2021-03-15,42.808090236555465,43.43388174837174,40.86226998762747,41.50761795043945,8054300.0
2021-03-22,41.253388605986494,43.24810188553472,40.989382107515844,43.21876907348633,6293000.0
2021-03-29,43.15032398854426,44.18678981617447,42.88631748622002,43.72722625732422,3842800.0
2021-04-05,43.98144611579292,44.929913364676466,43.903224050839576,44.44101333618164,3900100.0
2021-04-12,44.38234786366828,46.40639385989554,44.372571503450025,46.191280364990234,6233700.0
2021-04-19,46.16194485959672,47.41353160625972,45.91749481853127,46.90507507324219,4153400.0
2021-04-26,47.10063046105013,47.10063046105013,45.50681893511859,46.08372116088867,4450500.0
2021-05-03,46.0543861787366,46.50417708846137,44.294346631589576,45.60459899902344,3656500.0
2021-05-10,45.83927239282796,46.034833170180214,43.9227812507898,45.350372314453125,3494100.0
2021-05-13,,,,,
2021-05-17,45.6322656439356,46.507350511526745,44.865338007308914,46.24187469482422,3394200.0
2021-05-24,46.291038294334356,47.55941770961969,46.06488931834567,46.99897003173828,3822900.0
2021-05-31,47.20545054719238,47.34310758885541,46.09438969883654,46.55651092529297,3030800.0
2021-06-07,46.55650878875614,48.11003300215082,46.379524922653694,48.04120635986328,3056900.0
2021-06-14,48.14936603230552,48.532829844771584,45.78958353144701,45.84857940673828,4590900.0
2021-06-21,45.858412691122815,46.89081618530411,45.02265837458822,46.035396575927734,3543200.0
2021-06-28,46.19271211627289,46.72366373561152,44.90466365101159,46.42869186401367,3055900.0
2021-07-05,46.39919558669705,47.53975632767893,45.976401163242706,47.136627197265625,2581200.0
2021-07-12,46.92031175740193,47.72656993715727,46.055057704455685,47.45125961303711,3293900.0
2021-07-19,47.2152884514939,47.86422811989131,46.153385130059334,47.83473205566406,3744700.0
2021-07-26,47.62824340511555,49.132606287509006,47.411932705305496,48.29684829711914,3111100.0
2021-08-02,48.51316372744211,50.558305276048486,48.03137346435606,49.66355514526367,3541100.0
2021-08-09,49.67339240345829,49.722553759354525,47.51025898708467,48.444339752197266,4533000.0
2021-08-12,,,,,
2021-08-16,48.78939005385402,49.095869859049095,47.949047432145086,48.57189178466797,4715900.0
2021-08-23,48.72018272563683,48.73007123856026,47.197679843982684,48.15665817260742,4533800.0
2021-08-30,48.3741644060794,50.14383123695397,48.27530189642641,48.86848449707031,5937300.0
2021-09-06,48.680641581768846,50.064735498709844,47.93916148546956,47.95893096923828,3671800.0
2021-09-13,48.36427609192833,48.433484374606685,45.724608605395424,45.91244888305664,7766100.0
2021-09-20,45.73449286448368,47.36575066279124,45.73449286448368,46.6341552734375,4639500.0
2021-09-27,46.49574752627192,46.96040962837837,45.289609043501514,45.724609375,3350500.0
2021-10-04,45.6949497446288,46.84177218797246,45.24017240138335,45.83335876464844,3206700.0
2021-10-11,45.823471212552775,47.19768424203657,45.40824414378089,46.940635681152344,3073500.0
2021-10-18,46.54517945059876,47.50415781876393,45.872903855868614,46.386993408203125,4168800.0
2021-10-25,46.426542554462124,47.25700046737063,45.93222245800142,46.53529357910156,4535100.0
2021-11-01,45.48733225731081,47.19768305874242,45.41812774758385,47.088932037353516,4166400.0
2021-11-08,47.27677247904657,47.27677247904657,46.13983477857607,46.59461212158203,2466500.0
2021-11-10,,,,,
2021-11-15,47.039573768270074,48.33214210974824,46.51260070984956,48.2923698425293,4084100.0
2021-11-22,48.40174201145152,49.00825581555938,46.452946419121986,46.969974517822266,2759100.0
2021-11-29,47.33785871334238,48.51111405911036,46.9003713548506,48.202884674072266,5670200.0
2021-12-06,48.55088605367412,51.06642317928319,48.48128268921196,50.15167999267578,6220500.0
2021-12-13,49.982654636138285,51.712706585620204,49.853396660590974,51.235450744628906,8440700.0
2021-12-20,50.648822761093946,52.43853689528531,50.62893662705935,51.9215087890625,3829500.0
2021-12-27,51.991107201660114,53.62173222719057,51.68287782033974,53.38310241699219,3019400.0
2022-01-03,53.353276544548876,53.353276544548876,51.40448091506146,51.881736755371094,4663900.0
2022-01-10,51.6729354377982,51.832020709901094,48.94859588603249,49.127567291259766,5502600.0
2022-01-17,48.81933790378751,49.19716684726285,47.72562713249141,47.85488510131836,3798300.0
2022-01-24,47.72562616672492,48.76962348054363,46.05522894745819,47.377628326416016,6606600.0
2022-01-31,47.01968776940864,48.65031280113646,46.48277353909079,46.99980163574219,5918000.0
2022-02-07,46.95008949672175,47.28814619261827,45.22003374880608,45.51831817626953,4725300.0
2022-02-10,,,,,
2022-02-14,45.779998779296875,46.2599983215332,44.77000045776367,45.52000045776367,5129100.0
2022-02-18,45.540000915527344,46.0099983215332,45.279998779296875,45.52000045776367,1350741.0
